"id","date","de_luna","de_sol","es_anular","es_hibrido","es_parcial","es_penumbral","es_total","year"
1,"0001-01-07 22:10:07",1,0,0,0,0,0,1,0
2,"0001-07-03 07:38:38",1,0,0,0,0,0,1,0
3,"0001-12-27 13:33:23",1,0,0,0,1,0,0,0
4,"0001-06-18 09:51:04",0,1,0,0,1,0,0,0
5,"0001-07-17 16:49:50",0,1,0,0,1,0,0,0
6,"0001-12-12 14:25:12",0,1,1,0,0,0,0,0
7,"0001-06-22 08:14:30",1,0,0,0,1,0,0,1
8,"0001-11-17 15:37:17",1,0,0,0,0,1,0,1
9,"0001-12-17 04:27:46",1,0,0,0,0,1,0,1
10,"0001-06-08 02:49:58",0,1,0,0,0,0,1,1
11,"0001-12-01 16:11:25",0,1,1,0,0,0,0,1
12,"0002-05-13 03:30:33",1,0,0,0,1,0,0,2
13,"0002-11-06 21:44:10",1,0,0,0,1,0,0,2
14,"0002-05-28 15:51:36",0,1,0,0,0,0,0,2
15,"0002-11-21 01:12:17",0,1,0,0,0,0,0,2
16,"0003-05-02 18:28:06",1,0,0,0,0,0,1,3
17,"0003-10-26 21:38:48",1,0,0,0,0,0,1,3
18,"0003-05-17 21:47:29",0,1,0,0,1,0,0,3
19,"0003-10-12 05:28:05",0,1,0,0,1,0,0,3
20,"0003-11-10 15:42:42",0,1,0,0,1,0,0,3
21,"0004-04-21 11:37:31",1,0,0,0,1,0,0,4
22,"0004-10-14 22:03:20",1,0,0,0,1,0,0,4
23,"0004-04-06 07:45:27",0,1,1,0,0,0,0,4
24,"0004-09-30 19:58:39",0,1,0,0,0,0,0,4
25,"0005-03-12 15:13:14",1,0,0,0,0,1,0,5
26,"0005-04-11 02:19:00",1,0,0,0,0,1,0,5
27,"0005-09-04 18:04:53",1,0,0,0,0,1,0,5
28,"0005-10-04 05:10:36",1,0,0,0,0,1,0,5
29,"0005-03-26 13:29:54",0,1,0,0,0,0,0,5
30,"0005-09-20 04:48:50",0,1,1,0,0,0,0,5
31,"0006-03-01 19:23:57",1,0,0,0,1,0,0,6
32,"0006-08-25 09:59:39",1,0,0,0,1,0,0,6
33,"0006-03-16 02:11:42",0,1,0,0,0,0,1,6
34,"0006-09-09 06:42:59",0,1,1,0,0,0,0,6
35,"0007-02-18 19:10:09",1,0,0,0,0,0,1,7
36,"0007-08-15 02:05:06",1,0,0,0,0,0,1,7
37,"0007-02-04 09:30:41",0,1,0,0,1,0,0,7
38,"0007-03-05 18:35:38",0,1,0,0,1,0,0,7
39,"0007-07-30 16:09:58",0,1,0,0,1,0,0,7
40,"0007-08-29 06:42:54",0,1,0,0,1,0,0,7
41,"0008-02-07 22:02:18",1,0,0,0,1,0,0,8
42,"0008-08-03 13:47:42",1,0,0,0,1,0,0,8
43,"0008-12-28 21:01:52",1,0,0,0,0,1,0,8
44,"0008-01-24 22:24:17",0,1,1,0,0,0,0,8
45,"0008-07-19 01:35:11",0,1,0,0,0,0,1,8
46,"0009-01-27 08:00:54",1,0,0,0,0,1,0,9
47,"0009-06-24 03:22:34",1,0,0,0,0,1,0,9
48,"0009-12-18 12:43:01",1,0,0,0,1,0,0,9
49,"0009-01-13 04:16:00",0,1,1,0,0,0,0,9
50,"0009-07-08 17:00:19",0,1,0,0,0,0,1,9
51,"0010-06-13 04:35:45",1,0,0,0,1,0,0,10
52,"0010-12-08 02:36:17",1,0,0,0,0,0,1,10
53,"0010-01-02 04:01:44",0,1,1,0,0,0,0,10
54,"0010-06-28 10:08:27",0,1,0,0,0,0,1,10
55,"0010-11-22 12:38:21",0,1,0,0,1,0,0,10
56,"0010-12-22 04:37:05",0,1,0,0,1,0,0,10
57,"0011-06-02 11:43:42",1,0,0,0,0,0,1,11
58,"0011-11-27 10:26:13",1,0,0,0,1,0,0,11
59,"0011-05-19 13:54:32",0,1,1,0,0,0,0,11
60,"0011-11-11 23:36:38",0,1,0,0,0,0,1,11
61,"0012-04-22 18:46:04",1,0,0,0,0,1,0,12
62,"0012-05-22 01:40:42",1,0,0,0,0,1,0,12
63,"0012-11-15 11:19:02",1,0,0,0,0,1,0,12
64,"0012-05-07 17:53:37",0,1,1,0,0,0,0,12
65,"0012-10-31 14:56:24",0,1,0,0,0,0,1,12
66,"0013-04-12 11:39:37",1,0,0,0,1,0,0,13
67,"0013-10-05 18:07:16",1,0,0,0,1,0,0,13
68,"0013-04-26 18:24:08",0,1,1,0,0,0,0,13
69,"0013-10-21 05:58:36",0,1,0,0,0,0,1,13
70,"0014-04-02 00:49:25",1,0,0,0,0,0,1,14
71,"0014-09-25 03:26:48",1,0,0,0,0,0,1,14
72,"0014-03-17 11:46:31",0,1,0,0,1,0,0,14
73,"0014-04-15 22:49:57",0,1,0,0,1,0,0,14
74,"0014-09-11 01:00:51",0,1,0,0,1,0,0,14
75,"0014-10-10 16:12:03",0,1,0,0,1,0,0,14
76,"0015-03-22 06:51:11",1,0,0,0,1,0,0,15
77,"0015-09-14 18:25:19",1,0,0,0,1,0,0,15
78,"0015-03-07 01:52:21",0,1,0,0,0,0,1,15
79,"0015-08-31 01:42:46",0,1,1,0,0,0,0,15
80,"0016-02-09 14:25:24",1,0,0,0,0,1,0,16
81,"0016-03-10 07:16:35",1,0,0,0,0,1,0,16
82,"0016-08-05 01:20:41",1,0,0,0,0,1,0,16
83,"0016-09-03 10:38:04",1,0,0,0,0,1,0,16
84,"0016-02-24 18:24:26",0,1,0,0,0,0,1,16
85,"0016-08-19 02:42:01",0,1,1,0,0,0,0,16
86,"0017-01-28 19:05:18",1,0,0,0,1,0,0,17
87,"0017-07-25 11:16:39",1,0,0,0,1,0,0,17
88,"0017-02-13 08:39:15",0,1,0,0,0,0,0,17
89,"0017-08-08 10:16:26",0,1,0,0,0,0,0,17
90,"0018-01-18 06:47:06",1,0,0,0,0,0,1,18
91,"0018-07-14 14:13:02",1,0,0,0,0,0,1,18
92,"0018-01-03 23:21:40",0,1,0,0,1,0,0,18
93,"0018-02-02 16:29:05",0,1,0,0,1,0,0,18
94,"0018-06-29 17:23:25",0,1,0,0,1,0,0,18
95,"0018-07-29 00:32:07",0,1,0,0,1,0,0,18
96,"0018-12-23 22:28:12",0,1,1,0,0,0,0,18
97,"0019-01-07 22:22:08",1,0,0,0,1,0,0,19
98,"0019-07-03 14:49:28",1,0,0,0,1,0,0,19
99,"0019-11-29 00:14:21",1,0,0,0,0,1,0,19
100,"0019-12-28 13:11:48",1,0,0,0,0,1,0,19
101,"0019-06-19 10:13:11",0,1,0,0,0,0,1,19
102,"0019-12-13 00:35:24",0,1,1,0,0,0,0,19
103,"0020-05-23 10:41:24",1,0,0,0,0,1,0,20
104,"0020-11-17 05:56:43",1,0,0,0,1,0,0,20
105,"0020-06-07 22:49:41",0,1,0,0,0,0,0,20
106,"0020-12-01 09:59:03",0,1,0,0,0,0,0,20
107,"0021-05-13 01:56:58",1,0,0,0,0,0,1,21
108,"0021-11-06 05:37:07",1,0,0,0,0,0,1,21
109,"0021-05-28 04:17:05",0,1,0,0,1,0,0,21
110,"0021-10-22 14:11:10",0,1,0,0,1,0,0,21
111,"0021-11-21 00:38:06",0,1,0,0,1,0,0,21
112,"0022-05-02 19:09:58",1,0,0,0,0,0,1,22
113,"0022-10-26 06:10:21",1,0,0,0,1,0,0,22
114,"0022-04-17 14:32:08",0,1,1,0,0,0,0,22
115,"0022-10-12 04:22:19",0,1,0,0,0,0,0,22
116,"0023-03-23 22:39:05",1,0,0,0,0,1,0,23
117,"0023-04-22 09:38:55",1,0,0,0,0,1,0,23
118,"0023-09-16 02:16:56",1,0,0,0,0,1,0,23
119,"0023-10-15 13:34:58",1,0,0,0,0,1,0,23
120,"0023-04-06 20:50:42",0,1,0,0,0,0,0,23
121,"0023-10-01 12:40:41",0,1,1,0,0,0,0,23
122,"0024-03-12 02:35:35",1,0,0,0,1,0,0,24
123,"0024-09-04 18:09:22",1,0,0,0,1,0,0,24
124,"0024-03-26 10:02:04",0,1,0,0,0,0,1,24
125,"0024-09-19 14:06:58",0,1,1,0,0,0,0,24
126,"0025-03-01 02:29:42",1,0,0,0,0,0,1,25
127,"0025-08-25 09:57:50",1,0,0,0,0,0,1,25
128,"0025-02-14 17:53:54",0,1,0,0,1,0,0,25
129,"0025-03-16 02:39:34",0,1,0,0,1,0,0,25
130,"0025-08-09 23:20:59",0,1,0,0,1,0,0,25
131,"0025-09-08 14:05:44",0,1,0,0,1,0,0,25
132,"0026-02-18 05:51:57",1,0,0,0,1,0,0,26
133,"0026-08-14 21:09:00",1,0,0,0,1,0,0,26
134,"0026-02-04 06:37:02",0,1,1,0,0,0,0,26
135,"0026-07-30 09:06:02",0,1,0,0,0,0,1,26
136,"0027-01-09 05:48:05",1,0,0,0,0,1,0,27
137,"0027-02-07 16:22:20",1,0,0,0,0,1,0,27
138,"0027-07-05 09:50:59",1,0,0,0,0,1,0,27
139,"0027-08-04 01:14:52",1,0,0,0,0,1,0,27
140,"0027-12-29 21:34:51",1,0,0,0,1,0,0,27
141,"0027-01-24 12:12:31",0,1,1,0,0,0,0,27
142,"0027-07-20 00:39:29",0,1,0,0,0,0,1,27
143,"0028-06-23 11:13:51",1,0,0,0,1,0,0,28
144,"0028-12-18 11:18:15",1,0,0,0,0,0,1,28
145,"0028-01-13 11:54:57",0,1,1,0,0,0,0,28
146,"0028-07-08 17:39:21",0,1,0,0,0,0,1,28
147,"0028-12-02 21:10:07",0,1,0,0,1,0,0,28
148,"0029-06-12 18:47:53",1,0,0,0,0,0,1,29
149,"0029-12-07 18:46:18",1,0,0,0,1,0,0,29
150,"0029-01-01 12:50:45",0,1,0,0,1,0,0,29
151,"0029-05-29 20:44:15",0,1,0,0,1,0,0,29
152,"0029-11-22 08:26:11",0,1,0,0,0,0,1,29
153,"0030-05-04 02:20:55",1,0,0,0,0,1,0,30
154,"0030-06-02 09:05:51",1,0,0,0,1,0,0,30
155,"0030-11-26 19:22:24",1,0,0,0,0,1,0,30
156,"0030-05-19 00:21:48",0,1,1,0,0,0,0,30
157,"0030-11-11 23:48:24",0,1,0,0,0,0,1,30
158,"0031-04-23 19:13:50",1,0,0,0,1,0,0,31
159,"0031-10-17 02:15:01",1,0,0,0,1,0,0,31
160,"0031-05-08 00:57:52",0,1,1,0,0,0,0,31
161,"0031-11-01 14:37:50",0,1,0,0,0,0,1,31
162,"0032-04-12 08:07:49",1,0,0,0,0,0,1,32
163,"0032-10-05 11:49:35",1,0,0,0,0,0,1,32
164,"0032-03-27 19:21:20",0,1,0,0,1,0,0,32
165,"0032-04-26 05:53:28",0,1,0,0,1,0,0,32
166,"0032-09-21 08:37:38",0,1,0,0,1,0,0,32
167,"0032-10-21 00:23:33",0,1,0,0,1,0,0,32
168,"0033-04-01 13:49:15",1,0,0,0,1,0,0,33
169,"0033-09-25 02:51:14",1,0,0,0,1,0,0,33
170,"0033-03-17 09:51:37",0,1,0,0,0,0,1,33
171,"0033-09-10 08:58:57",0,1,1,0,0,0,0,33
172,"0034-02-19 21:55:31",1,0,0,0,0,1,0,34
173,"0034-03-21 14:14:14",1,0,0,0,0,1,0,34
174,"0034-08-16 09:01:41",1,0,0,0,0,1,0,34
175,"0034-09-14 18:50:24",1,0,0,0,0,1,0,34
176,"0034-03-07 02:32:17",0,1,0,0,0,0,1,34
177,"0034-08-30 10:03:57",0,1,1,0,0,0,0,34
178,"0035-02-09 03:09:26",1,0,0,0,1,0,0,35
179,"0035-08-05 18:23:21",1,0,0,0,1,0,0,35
180,"0035-02-24 16:41:35",0,1,0,0,0,0,0,35
181,"0035-08-19 17:55:42",0,1,0,0,0,0,1,35
182,"0036-01-29 15:19:00",1,0,0,0,0,0,1,36
183,"0036-07-24 20:51:43",1,0,0,0,0,0,1,36
184,"0036-01-15 07:18:36",0,1,0,0,1,0,0,36
185,"0036-02-14 00:15:22",0,1,0,0,1,0,0,36
186,"0036-07-10 00:58:28",0,1,0,0,1,0,0,36
187,"0036-08-08 08:20:28",0,1,0,0,1,0,0,36
188,"0037-01-18 07:06:31",1,0,0,0,1,0,0,37
189,"0037-07-13 21:28:08",1,0,0,0,1,0,0,37
190,"0037-12-09 08:52:08",1,0,0,0,0,1,0,37
191,"0037-01-03 06:29:02",0,1,1,0,0,0,0,37
192,"0037-06-29 17:35:28",0,1,0,0,0,0,1,37
193,"0037-12-23 08:59:44",0,1,1,0,0,0,0,37
194,"0038-01-07 21:52:11",1,0,0,0,0,1,0,38
195,"0038-06-03 17:52:39",1,0,0,0,0,1,0,38
196,"0038-07-03 03:21:54",1,0,0,0,0,1,0,38
197,"0038-11-28 14:10:19",1,0,0,0,1,0,0,38
198,"0038-06-19 05:46:32",0,1,0,0,0,0,0,38
199,"0038-12-12 18:46:04",0,1,0,0,0,0,1,38
200,"0039-05-24 09:25:50",1,0,0,0,0,0,1,39
201,"0039-11-17 13:39:07",1,0,0,0,0,0,1,39
202,"0039-06-08 10:46:41",0,1,0,0,1,0,0,39
203,"0039-11-02 22:58:49",0,1,0,0,1,0,0,39
204,"0039-12-02 09:34:47",0,1,0,0,1,0,0,39
205,"0040-05-13 02:39:19",1,0,0,0,0,0,1,40
206,"0040-11-05 14:22:49",1,0,0,0,1,0,0,40
207,"0040-04-27 21:15:56",0,1,0,0,0,0,0,40
208,"0040-10-22 12:50:34",0,1,1,0,0,0,0,40
209,"0041-04-03 05:56:22",1,0,0,0,0,1,0,41
210,"0041-05-02 16:52:51",1,0,0,0,0,1,0,41
211,"0041-09-26 10:37:28",1,0,0,0,0,1,0,41
212,"0041-10-25 22:06:03",1,0,0,0,0,1,0,41
213,"0041-04-17 04:07:30",0,1,0,0,0,0,0,41
214,"0041-10-11 20:38:50",0,1,1,0,0,0,0,41
215,"0042-03-23 09:36:04",1,0,0,0,1,0,0,42
216,"0042-09-16 02:28:03",1,0,0,0,1,0,0,42
217,"0042-04-06 17:45:25",0,1,0,0,0,0,1,42
218,"0042-09-30 21:40:28",0,1,1,0,0,0,0,42
219,"0043-03-12 09:39:54",1,0,0,0,0,0,1,43
220,"0043-09-05 17:57:53",1,0,0,0,0,0,1,43
221,"0043-02-26 02:07:29",0,1,0,0,1,0,0,43
222,"0043-03-27 10:35:28",0,1,0,0,1,0,0,43
223,"0043-08-21 06:42:17",0,1,0,0,1,0,0,43
224,"0043-09-19 21:38:34",0,1,0,0,1,0,0,43
225,"0044-02-29 13:34:01",1,0,0,0,1,0,0,44
226,"0044-08-25 04:37:13",1,0,0,0,1,0,0,44
227,"0044-02-15 14:40:02",0,1,1,0,0,0,0,44
228,"0044-08-09 16:45:24",0,1,0,0,0,0,1,44
229,"0045-01-19 14:28:18",1,0,0,0,0,1,0,45
230,"0045-02-18 00:35:19",1,0,0,0,0,1,0,45
231,"0045-07-15 16:23:00",1,0,0,0,0,1,0,45
232,"0045-08-14 08:10:38",1,0,0,0,0,1,0,45
233,"0045-02-03 19:58:56",0,1,1,0,0,0,0,45
234,"0045-07-30 08:24:02",0,1,0,0,0,0,1,45
235,"0046-01-09 06:22:04",1,0,0,0,1,0,0,46
236,"0046-07-04 17:56:43",1,0,0,0,1,0,0,46
237,"0046-12-29 19:56:28",1,0,0,0,0,0,1,46
238,"0046-01-23 19:40:51",0,1,1,0,0,0,0,46
239,"0046-07-20 01:14:10",0,1,0,0,0,0,1,46
240,"0046-12-14 05:42:40",0,1,0,0,1,0,0,46
241,"0047-06-24 01:56:12",1,0,0,0,0,0,1,47
242,"0047-12-19 03:05:19",1,0,0,0,1,0,0,47
243,"0047-01-12 21:00:02",0,1,0,0,1,0,0,47
244,"0047-06-10 03:32:05",0,1,0,0,1,0,0,47
245,"0047-07-09 14:34:26",0,1,0,0,1,0,0,47
246,"0047-12-03 17:18:33",0,1,0,0,0,0,1,47
247,"0048-06-12 16:30:49",1,0,0,0,1,0,0,48
248,"0048-12-07 03:28:01",1,0,0,0,0,1,0,48
249,"0048-05-29 06:46:07",0,1,1,0,0,0,0,48
250,"0048-11-22 08:44:16",0,1,0,0,0,0,1,48
251,"0049-05-04 02:42:08",1,0,0,0,1,0,0,49
252,"0049-10-27 10:30:50",1,0,0,0,1,0,0,49
253,"0049-05-18 07:28:36",0,1,1,0,0,0,0,49
254,"0049-11-11 23:21:10",0,1,0,0,0,0,0,49
255,"0050-04-23 15:18:05",1,0,0,0,0,0,1,50
256,"0050-10-16 20:20:38",1,0,0,0,0,0,1,50
257,"0050-05-07 12:54:13",0,1,0,0,1,0,0,50
258,"0050-11-01 08:40:06",0,1,0,0,1,0,0,50
259,"0051-04-12 20:40:25",1,0,0,0,1,0,0,51
260,"0051-10-06 11:23:24",1,0,0,0,1,0,0,51
261,"0051-03-28 17:45:36",0,1,0,0,0,0,1,51
262,"0051-09-21 16:23:00",0,1,1,0,0,0,0,51
263,"0052-03-02 05:19:46",1,0,0,0,0,1,0,52
264,"0052-03-31 21:06:33",1,0,0,0,0,1,0,52
265,"0052-08-26 16:48:39",1,0,0,0,0,1,0,52
266,"0052-09-25 03:09:06",1,0,0,0,0,1,0,52
267,"0052-03-17 10:34:00",0,1,0,0,0,0,1,52
268,"0052-09-09 17:35:23",0,1,1,0,0,0,0,52
269,"0053-02-19 11:06:35",1,0,0,0,1,0,0,53
270,"0053-08-16 01:36:04",1,0,0,0,1,0,0,53
271,"0053-03-07 00:34:10",0,1,0,0,0,0,0,53
272,"0053-08-30 01:44:38",0,1,0,0,0,0,1,53
273,"0054-02-08 23:43:19",1,0,0,0,0,0,1,54
274,"0054-08-05 03:38:29",1,0,0,0,0,0,1,54
275,"0054-01-25 15:06:51",0,1,0,0,1,0,0,54
276,"0054-02-24 07:50:27",0,1,0,0,1,0,0,54
277,"0054-07-21 08:39:30",0,1,0,0,1,0,0,54
278,"0054-08-19 16:17:41",0,1,0,0,1,0,0,54
279,"0055-01-29 15:42:41",1,0,0,0,1,0,0,55
280,"0055-07-25 04:16:26",1,0,0,0,1,0,0,55
281,"0055-12-20 17:26:45",1,0,0,0,0,1,0,55
282,"0055-01-14 14:22:52",0,1,1,0,0,0,0,55
283,"0055-07-11 01:02:14",0,1,0,0,0,0,1,55
284,"0056-01-19 06:25:35",1,0,0,0,0,1,0,56
285,"0056-06-14 01:05:38",1,0,0,0,0,1,0,56
286,"0056-07-13 10:30:39",1,0,0,0,0,1,0,56
287,"0056-12-08 22:23:34",1,0,0,0,1,0,0,56
288,"0056-01-03 17:20:46",0,1,1,0,0,0,0,56
289,"0056-06-29 12:43:21",0,1,1,0,0,0,0,56
290,"0056-12-23 03:32:04",0,1,0,0,0,0,1,56
291,"0057-06-03 16:53:00",1,0,0,0,0,0,1,57
292,"0057-11-27 21:44:03",1,0,0,0,0,0,1,57
293,"0057-06-18 17:14:48",0,1,1,0,0,0,0,57
294,"0057-11-13 07:50:55",0,1,0,0,1,0,0,57
295,"0057-12-12 18:31:14",0,1,0,0,1,0,0,57
296,"0058-05-24 10:04:18",1,0,0,0,0,0,1,58
297,"0058-11-16 22:41:46",1,0,0,0,1,0,0,58
298,"0058-05-09 03:55:04",0,1,0,0,1,0,0,58
299,"0058-11-02 21:24:52",0,1,1,0,0,0,0,58
300,"0059-05-14 00:00:59",1,0,0,0,0,1,0,59
301,"0059-10-07 19:06:06",1,0,0,0,0,1,0,59
302,"0059-11-06 06:43:18",1,0,0,0,0,1,0,59
303,"0059-04-28 11:20:26",0,1,0,0,0,0,1,59
304,"0059-10-23 04:42:46",0,1,1,0,0,0,0,59
305,"0060-04-02 16:28:33",1,0,0,0,1,0,0,60
306,"0060-09-26 10:54:08",1,0,0,0,1,0,0,60
307,"0060-04-17 01:24:15",0,1,0,0,0,0,1,60
308,"0060-10-11 05:21:59",0,1,1,0,0,0,0,60
309,"0061-03-22 16:42:07",1,0,0,0,0,0,1,61
310,"0061-09-16 02:05:10",1,0,0,0,0,0,1,61
311,"0061-03-08 10:12:32",0,1,0,0,1,0,0,61
312,"0061-04-06 18:23:43",0,1,0,0,1,0,0,61
313,"0061-09-30 05:21:55",0,1,0,0,1,0,0,61
314,"0062-03-11 21:09:26",1,0,0,0,1,0,0,62
315,"0062-09-05 12:12:28",1,0,0,0,1,0,0,62
316,"0062-02-25 22:33:49",0,1,1,0,0,0,0,62
317,"0062-08-21 00:33:36",0,1,0,0,0,0,1,62
318,"0063-01-30 23:02:36",1,0,0,0,0,1,0,63
319,"0063-03-01 08:41:53",1,0,0,0,0,1,0,63
320,"0063-07-26 23:02:43",1,0,0,0,0,1,0,63
321,"0063-08-25 15:14:54",1,0,0,0,0,1,0,63
322,"0063-02-15 03:36:23",0,1,1,0,0,0,0,63
323,"0063-08-10 16:16:13",0,1,0,0,0,0,1,63
324,"0064-01-20 15:04:20",1,0,0,0,1,0,0,64
325,"0064-07-15 00:45:33",1,0,0,0,1,0,0,64
326,"0064-02-04 03:20:37",0,1,1,0,0,0,0,64
327,"0064-07-30 08:52:57",0,1,0,0,0,0,1,64
328,"0064-12-24 14:14:02",0,1,0,0,1,0,0,64
329,"0065-01-09 04:29:33",1,0,0,0,0,0,1,65
330,"0065-07-04 09:09:09",1,0,0,0,0,0,1,65
331,"0065-12-29 11:18:38",1,0,0,0,1,0,0,65
332,"0065-01-23 05:04:30",0,1,0,0,1,0,0,65
333,"0065-06-20 10:19:00",0,1,0,0,1,0,0,65
334,"0065-07-19 21:45:53",0,1,0,0,1,0,0,65
335,"0065-12-14 02:09:36",0,1,0,0,0,0,1,65
336,"0066-06-23 23:59:04",1,0,0,0,1,0,0,66
337,"0066-12-18 11:31:04",1,0,0,0,0,1,0,66
338,"0066-06-09 13:10:13",0,1,1,0,0,0,0,66
339,"0066-12-03 17:40:22",0,1,0,0,0,0,1,66
340,"0067-05-15 10:06:18",1,0,0,0,1,0,0,67
341,"0067-06-13 17:14:42",1,0,0,0,0,1,0,67
342,"0067-11-07 18:51:51",1,0,0,0,1,0,0,67
343,"0067-05-29 13:59:39",0,1,1,0,0,0,0,67
344,"0067-11-23 08:05:24",0,1,0,0,0,0,0,67
345,"0068-05-03 22:21:35",1,0,0,0,0,0,1,68
346,"0068-10-27 04:58:41",1,0,0,0,0,0,1,68
347,"0068-05-17 19:53:53",0,1,0,0,1,0,0,68
348,"0068-11-11 17:00:15",0,1,0,0,1,0,0,68
349,"0069-04-23 03:21:07",1,0,0,0,1,0,0,69
350,"0069-10-16 20:03:54",1,0,0,0,1,0,0,69
351,"0069-04-08 01:30:52",0,1,0,0,0,0,1,69
352,"0069-10-01 23:57:39",0,1,1,0,0,0,0,69
353,"0070-04-12 03:49:41",1,0,0,0,0,1,0,70
354,"0070-09-07 00:43:19",1,0,0,0,0,1,0,70
355,"0070-10-06 11:35:36",1,0,0,0,0,1,0,70
356,"0070-03-28 18:25:45",0,1,0,0,0,0,1,70
357,"0070-09-21 01:18:00",0,1,1,0,0,0,0,70
358,"0071-03-02 18:56:06",1,0,0,0,1,0,0,71
359,"0071-08-27 08:56:08",1,0,0,0,1,0,0,71
360,"0071-03-18 08:16:43",0,1,0,0,0,0,0,71
361,"0071-09-10 09:43:39",0,1,0,0,0,0,1,71
362,"0072-02-20 08:01:36",1,0,0,0,0,0,1,72
363,"0072-08-15 10:31:05",1,0,0,0,0,0,1,72
364,"0072-02-05 22:48:04",0,1,0,0,1,0,0,72
365,"0072-03-06 15:16:23",0,1,0,0,1,0,0,72
366,"0072-07-31 16:24:18",0,1,0,0,1,0,0,72
367,"0072-08-30 00:21:35",0,1,0,0,1,0,0,72
368,"0073-02-09 00:13:14",1,0,0,0,1,0,0,73
369,"0073-08-04 11:11:36",1,0,0,0,1,0,0,73
370,"0073-12-31 01:57:42",1,0,0,0,0,1,0,73
371,"0073-01-24 22:12:42",0,1,1,0,0,0,0,73
372,"0073-07-21 08:31:04",0,1,0,0,0,0,1,73
373,"0074-01-29 14:51:47",1,0,0,0,0,1,0,74
374,"0074-06-25 08:22:18",1,0,0,0,0,1,0,74
375,"0074-07-24 17:47:01",1,0,0,0,0,1,0,74
376,"0074-12-20 06:34:51",1,0,0,0,1,0,0,74
377,"0074-01-14 01:38:05",0,1,1,0,0,0,0,74
378,"0074-07-10 19:42:26",0,1,1,0,0,0,0,74
379,"0075-06-15 00:22:07",1,0,0,0,1,0,0,75
380,"0075-12-09 05:48:46",1,0,0,0,0,0,1,75
381,"0075-01-03 12:15:37",0,1,0,0,0,0,1,75
382,"0075-06-29 23:45:24",0,1,1,0,0,0,0,75
383,"0075-11-24 16:44:06",0,1,0,0,1,0,0,75
384,"0075-12-24 03:25:33",0,1,0,0,1,0,0,75
385,"0076-06-03 17:28:53",1,0,0,0,0,0,1,76
386,"0076-11-27 07:03:05",1,0,0,0,1,0,0,76
387,"0076-05-19 10:34:42",0,1,0,0,1,0,0,76
388,"0076-11-13 06:01:34",0,1,1,0,0,0,0,76
389,"0077-05-24 07:04:32",1,0,0,0,0,1,0,77
390,"0077-10-18 03:42:29",1,0,0,0,0,1,0,77
391,"0077-11-16 15:24:59",1,0,0,0,0,1,0,77
392,"0077-05-08 18:30:35",0,1,0,0,0,0,1,77
393,"0077-11-02 12:51:40",0,1,1,0,0,0,0,77
394,"0078-04-13 23:12:14",1,0,0,0,1,0,0,78
395,"0078-10-07 19:27:53",1,0,0,0,1,0,0,78
396,"0078-04-28 08:58:38",0,1,0,0,0,0,1,78
397,"0078-10-22 13:10:40",0,1,1,0,0,0,0,78
398,"0079-04-02 23:36:56",1,0,0,0,0,0,1,79
399,"0079-09-27 10:20:32",1,0,0,0,0,0,1,79
400,"0079-03-19 18:08:19",0,1,0,0,1,0,0,79
401,"0079-04-18 02:05:54",0,1,0,0,1,0,0,79
402,"0079-10-11 13:15:04",0,1,0,0,1,0,0,79
403,"0080-03-22 04:37:16",1,0,0,0,1,0,0,80
404,"0080-09-15 19:55:06",1,0,0,0,1,0,0,80
405,"0080-03-08 06:16:50",0,1,1,0,0,0,0,80
406,"0080-08-31 08:30:40",0,1,0,0,0,0,1,80
407,"0081-02-10 07:29:40",1,0,0,0,0,1,0,81
408,"0081-03-11 16:40:18",1,0,0,0,0,1,0,81
409,"0081-08-06 05:49:19",1,0,0,0,0,1,0,81
410,"0081-09-04 22:27:57",1,0,0,0,0,1,0,81
411,"0081-02-25 11:03:10",0,1,1,0,0,0,0,81
412,"0081-08-21 00:15:42",0,1,0,0,0,0,1,81
413,"0082-01-30 23:38:23",1,0,0,0,1,0,0,82
414,"0082-07-26 07:42:22",1,0,0,0,1,0,0,82
415,"0082-02-14 10:50:11",0,1,1,0,0,0,0,82
416,"0082-08-10 16:38:04",0,1,0,0,0,0,1,82
417,"0083-01-20 12:56:20",1,0,0,0,0,0,1,83
418,"0083-07-15 16:27:42",1,0,0,0,0,0,1,83
419,"0083-01-04 22:43:08",0,1,0,0,1,0,0,83
420,"0083-02-03 13:02:54",0,1,0,0,1,0,0,83
421,"0083-07-01 17:06:21",0,1,0,0,1,0,0,83
422,"0083-07-31 05:01:05",0,1,0,0,1,0,0,83
423,"0083-12-25 11:00:04",0,1,0,0,0,0,1,83
424,"0084-01-09 19:27:41",1,0,0,0,1,0,0,84
425,"0084-07-04 07:29:55",1,0,0,0,1,0,0,84
426,"0084-12-28 19:32:15",1,0,0,0,0,1,0,84
427,"0084-06-19 19:34:15",0,1,1,0,0,0,0,84
428,"0084-12-14 02:36:53",0,1,0,0,0,0,1,84
429,"0085-05-25 17:25:57",1,0,0,0,0,1,0,85
430,"0085-06-24 00:41:39",1,0,0,0,0,1,0,85
431,"0085-11-18 03:18:53",1,0,0,0,1,0,0,85
432,"0085-06-08 20:30:21",0,1,1,0,0,0,0,85
433,"0085-12-03 16:51:20",0,1,0,0,0,0,0,85
434,"0086-05-15 05:20:00",1,0,0,0,0,0,1,86
435,"0086-11-07 13:41:49",1,0,0,0,0,0,1,86
436,"0086-05-29 02:54:22",0,1,0,0,0,0,0,86
437,"0086-11-23 01:21:45",0,1,0,0,1,0,0,86
438,"0087-05-04 09:57:48",1,0,0,0,1,0,0,87
439,"0087-10-28 04:49:45",1,0,0,0,1,0,0,87
440,"0087-04-19 09:12:46",0,1,0,0,0,0,1,87
441,"0087-10-13 07:40:12",0,1,1,0,0,0,0,87
442,"0088-04-22 10:28:32",1,0,0,0,0,1,0,88
443,"0088-09-17 08:44:19",1,0,0,0,0,1,0,88
444,"0088-10-16 20:07:42",1,0,0,0,0,1,0,88
445,"0088-04-08 02:11:32",0,1,0,0,0,0,1,88
446,"0088-10-01 09:09:42",0,1,1,0,0,0,0,88
447,"0089-03-13 02:39:07",1,0,0,0,1,0,0,89
448,"0089-09-06 16:23:51",1,0,0,0,1,0,0,89
449,"0089-03-28 15:50:17",0,1,0,0,0,0,0,89
450,"0089-09-20 17:52:24",0,1,0,0,0,0,1,89
451,"0090-03-02 16:10:45",1,0,0,0,0,0,1,90
452,"0090-08-26 17:34:05",1,0,0,0,0,0,1,90
453,"0090-02-16 06:17:43",0,1,0,0,1,0,0,90
454,"0090-03-17 22:30:21",0,1,0,0,1,0,0,90
455,"0090-08-12 00:17:21",0,1,0,0,1,0,0,90
456,"0090-09-10 08:35:18",0,1,0,0,1,0,0,90
457,"0091-02-20 08:34:49",1,0,0,0,1,0,0,91
458,"0091-08-15 18:16:51",1,0,0,0,1,0,0,91
459,"0091-02-05 05:54:00",0,1,1,0,0,0,0,91
460,"0091-08-01 16:05:24",0,1,0,0,0,0,1,91
461,"0092-01-11 10:22:11",1,0,0,0,0,1,0,92
462,"0092-02-09 23:09:03",1,0,0,0,0,1,0,92
463,"0092-07-05 15:43:32",1,0,0,0,0,1,0,92
464,"0092-08-04 01:11:42",1,0,0,0,0,1,0,92
465,"0092-12-30 14:41:29",1,0,0,0,1,0,0,92
466,"0092-01-25 09:49:32",0,1,1,0,0,0,0,92
467,"0092-07-21 02:44:42",0,1,1,0,0,0,0,92
468,"0093-06-25 07:51:50",1,0,0,0,1,0,0,93
469,"0093-12-19 13:53:23",1,0,0,0,0,0,1,93
470,"0093-01-13 20:54:09",0,1,0,0,0,0,1,93
471,"0093-07-10 06:17:56",0,1,1,0,0,0,0,93
472,"0093-12-05 01:39:15",0,1,0,0,1,0,0,93
473,"0094-06-15 00:52:15",1,0,0,0,0,0,1,94
474,"0094-12-08 15:26:25",1,0,0,0,1,0,0,94
475,"0094-01-03 12:16:50",0,1,0,0,1,0,0,94
476,"0094-05-30 17:13:30",0,1,0,0,1,0,0,94
477,"0094-06-29 06:49:36",0,1,0,0,1,0,0,94
478,"0094-11-24 14:40:33",0,1,1,0,0,0,0,94
479,"0095-06-04 14:05:23",1,0,0,0,1,0,0,95
480,"0095-10-29 12:26:07",1,0,0,0,0,1,0,95
481,"0095-11-28 00:10:50",1,0,0,0,0,1,0,95
482,"0095-05-20 01:39:55",0,1,0,0,0,0,1,95
483,"0095-11-13 21:05:07",0,1,1,0,0,0,0,95
484,"0096-04-24 05:48:40",1,0,0,0,0,0,0,96
485,"0096-10-18 04:08:22",1,0,0,0,1,0,0,96
486,"0096-05-08 16:29:11",0,1,0,0,0,0,1,96
487,"0096-11-01 21:06:15",0,1,1,0,0,0,0,96
488,"0097-04-13 06:25:39",1,0,0,0,0,0,1,97
489,"0097-10-07 18:42:27",1,0,0,0,0,0,1,97
490,"0097-03-30 01:56:06",0,1,0,0,1,0,0,97
491,"0097-04-28 09:42:06",0,1,0,0,1,0,0,97
492,"0097-10-21 21:16:45",0,1,0,0,1,0,0,97
493,"0098-04-02 11:59:15",1,0,0,0,1,0,0,98
494,"0098-09-27 03:45:07",1,0,0,0,1,0,0,98
495,"0098-03-19 13:49:58",0,1,1,0,0,0,0,98
496,"0098-09-11 16:37:12",0,1,0,0,0,0,1,98
497,"0099-02-21 15:50:25",1,0,0,0,0,1,0,99
498,"0099-03-23 00:33:23",1,0,0,0,0,1,0,99
499,"0099-09-16 05:48:16",1,0,0,0,0,1,0,99
500,"0099-03-08 18:21:14",0,1,1,0,0,0,0,99
501,"0099-09-01 08:22:00",0,1,0,0,0,0,1,99
502,"0100-02-11 08:05:52",1,0,0,0,1,0,0,100
503,"0100-08-06 14:47:35",1,0,0,0,1,0,0,100
504,"0100-02-25 18:12:57",0,1,1,0,0,0,0,100
505,"0100-08-22 00:29:05",0,1,0,0,0,0,1,100
506,"0101-01-31 21:14:22",1,0,0,0,0,0,1,101
507,"0101-07-26 23:53:25",1,0,0,0,0,0,1,101
508,"0101-01-16 07:07:17",0,1,0,0,1,0,0,101
509,"0101-02-14 20:53:38",0,1,0,0,1,0,0,101
510,"0101-07-12 23:55:53",0,1,0,0,1,0,0,101
511,"0101-08-11 12:21:48",0,1,0,0,1,0,0,101
512,"0102-01-21 03:28:13",1,0,0,0,1,0,0,102
513,"0102-07-16 15:06:45",1,0,0,0,1,0,0,102
514,"0102-01-05 19:46:22",0,1,0,0,0,0,1,102
515,"0102-07-02 02:02:05",0,1,1,0,0,0,0,102
516,"0102-12-26 11:29:34",0,1,0,0,0,0,1,102
517,"0103-01-10 03:26:53",1,0,0,0,0,1,0,103
518,"0103-06-07 00:44:49",1,0,0,0,0,1,0,103
519,"0103-07-06 08:12:21",1,0,0,0,0,1,0,103
520,"0103-11-30 11:48:42",1,0,0,0,1,0,0,103
521,"0103-06-21 03:05:32",0,1,1,0,0,0,0,103
522,"0103-12-16 01:35:40",0,1,0,0,0,0,0,103
523,"0104-05-26 12:12:57",1,0,0,0,0,0,1,104
524,"0104-11-18 22:29:48",1,0,0,0,0,0,1,104
525,"0104-06-09 09:55:21",0,1,0,0,0,0,1,104
526,"0104-12-04 09:44:20",0,1,0,0,1,0,0,104
527,"0105-05-15 16:27:33",1,0,0,0,0,0,1,105
528,"0105-11-08 13:41:22",1,0,0,0,1,0,0,105
529,"0105-04-30 16:48:24",0,1,0,0,0,0,1,105
530,"0105-10-24 15:31:42",0,1,1,0,0,0,0,105
531,"0106-05-04 17:01:25",1,0,0,0,0,1,0,106
532,"0106-09-29 16:53:43",1,0,0,0,0,1,0,106
533,"0106-10-29 04:46:33",1,0,0,0,0,1,0,106
534,"0106-04-20 09:48:53",0,1,0,0,0,0,1,106
535,"0106-10-13 17:12:06",0,1,1,0,0,0,0,106
536,"0107-03-25 10:15:46",1,0,0,0,1,0,0,107
537,"0107-09-18 23:58:22",1,0,0,0,1,0,0,107
538,"0107-04-09 23:15:12",0,1,0,0,0,0,0,107
539,"0107-10-03 02:09:34",0,1,0,0,0,0,1,107
540,"0108-03-14 00:14:14",1,0,0,0,0,0,1,108
541,"0108-09-07 00:45:08",1,0,0,0,0,0,1,108
542,"0108-02-28 13:39:44",0,1,0,0,1,0,0,108
543,"0108-03-29 05:36:12",0,1,0,0,1,0,0,108
544,"0108-08-23 08:16:22",0,1,0,0,1,0,0,108
545,"0108-09-21 16:56:38",0,1,0,0,1,0,0,108
546,"0109-03-03 16:48:33",1,0,0,0,1,0,0,109
547,"0109-08-27 01:31:30",1,0,0,0,1,0,0,109
548,"0109-02-16 13:28:19",0,1,1,0,0,0,0,109
549,"0109-08-12 23:44:31",0,1,0,0,0,0,1,109
550,"0110-01-22 18:40:21",1,0,0,0,0,1,0,110
551,"0110-02-21 07:17:53",1,0,0,0,0,1,0,110
552,"0110-07-17 23:11:12",1,0,0,0,0,1,0,110
553,"0110-08-16 08:45:39",1,0,0,0,0,1,0,110
554,"0110-02-05 17:55:30",0,1,1,0,0,0,0,110
555,"0110-08-02 09:52:03",0,1,1,0,0,0,0,110
556,"0111-01-11 22:42:31",1,0,0,0,1,0,0,111
557,"0111-07-07 15:26:28",1,0,0,0,1,0,0,111
558,"0111-12-31 21:55:05",1,0,0,0,0,0,1,111
559,"0111-01-26 05:27:41",0,1,0,0,0,0,1,111
560,"0111-07-22 12:56:36",0,1,1,0,0,0,0,111
561,"0111-12-17 10:33:05",0,1,0,0,1,0,0,111
562,"0112-06-26 08:16:08",1,0,0,0,0,0,1,112
563,"0112-12-19 23:49:20",1,0,0,0,1,0,0,112
564,"0112-01-15 21:03:38",0,1,0,0,1,0,0,112
565,"0112-06-10 23:54:03",0,1,0,0,1,0,0,112
566,"0112-07-10 13:25:26",0,1,0,0,1,0,0,112
567,"0112-12-05 23:19:26",0,1,1,0,0,0,0,112
568,"0113-06-15 21:04:52",1,0,0,0,1,0,0,113
569,"0113-11-09 21:14:19",1,0,0,0,0,1,0,113
570,"0113-12-09 08:56:36",1,0,0,0,0,1,0,113
571,"0113-05-31 08:49:33",0,1,0,0,0,0,1,113
572,"0113-11-25 05:19:33",0,1,1,0,0,0,0,113
573,"0114-05-06 12:19:08",1,0,0,0,0,1,0,114
574,"0114-10-30 12:54:39",1,0,0,0,1,0,0,114
575,"0114-05-20 23:57:53",0,1,0,0,0,0,1,114
576,"0114-11-14 05:06:18",0,1,1,0,0,0,0,114
577,"0115-04-25 13:09:34",1,0,0,0,0,0,1,115
578,"0115-10-20 03:10:06",1,0,0,0,0,0,1,115
579,"0115-05-10 17:14:12",0,1,0,0,0,0,0,115
580,"0115-11-03 05:24:56",0,1,0,0,1,0,0,115
581,"0116-04-13 19:15:51",1,0,0,0,0,0,1,116
582,"0116-10-08 11:42:40",1,0,0,0,1,0,0,116
583,"0116-03-30 21:13:15",0,1,1,0,0,0,0,116
584,"0116-09-23 00:53:09",0,1,0,0,0,0,1,116
585,"0117-03-05 00:01:37",1,0,0,0,0,1,0,117
586,"0117-04-03 08:17:42",1,0,0,0,0,1,0,117
587,"0117-09-27 13:18:47",1,0,0,0,0,1,0,117
588,"0117-03-20 01:26:53",0,1,1,0,0,0,0,117
589,"0117-09-12 16:37:17",0,1,0,0,0,0,1,117
590,"0118-02-22 16:24:04",1,0,0,0,1,0,0,118
591,"0118-08-17 22:02:50",1,0,0,0,1,0,0,118
592,"0118-03-09 01:25:43",0,1,1,0,0,0,0,118
593,"0118-09-02 08:27:39",0,1,0,0,0,0,1,118
594,"0119-02-12 05:23:54",1,0,0,0,0,0,1,119
595,"0119-08-07 07:27:25",1,0,0,0,0,0,1,119
596,"0119-01-27 15:26:21",0,1,0,0,1,0,0,119
597,"0119-02-26 04:37:29",0,1,0,0,1,0,0,119
598,"0119-07-24 06:49:25",0,1,0,0,1,0,0,119
599,"0119-08-22 19:48:58",0,1,0,0,1,0,0,119
600,"0120-02-01 11:22:11",1,0,0,0,1,0,0,120
601,"0120-07-26 22:47:26",1,0,0,0,1,0,0,120
602,"0120-01-17 04:29:42",0,1,0,0,0,0,1,120
603,"0120-07-12 08:31:49",0,1,1,0,0,0,0,120
604,"0121-01-20 11:17:32",1,0,0,0,0,1,0,121
605,"0121-06-17 08:02:06",1,0,0,0,0,1,0,121
606,"0121-07-16 15:45:29",1,0,0,0,0,1,0,121
607,"0121-12-10 20:20:06",1,0,0,0,1,0,0,121
608,"0121-01-05 20:20:25",0,1,0,0,0,0,1,121
609,"0121-07-01 09:43:59",0,1,1,0,0,0,0,121
610,"0121-12-26 10:17:19",0,1,0,0,0,0,0,121
611,"0122-06-06 19:04:02",1,0,0,0,1,0,0,122
612,"0122-11-30 07:20:13",1,0,0,0,0,0,1,122
613,"0122-06-20 17:00:23",0,1,0,0,0,0,1,122
614,"0122-12-15 18:05:25",0,1,0,0,1,0,0,122
615,"0123-05-26 22:55:42",1,0,0,0,0,0,1,123
616,"0123-11-19 22:35:09",1,0,0,0,1,0,0,123
617,"0123-05-12 00:22:24",0,1,0,0,1,0,0,123
618,"0123-06-10 07:06:59",0,1,0,0,1,0,0,123
619,"0123-11-04 23:28:06",0,1,1,0,0,0,0,123
620,"0124-05-14 23:33:03",1,0,0,0,0,1,0,124
621,"0124-11-08 13:28:50",1,0,0,0,0,1,0,124
622,"0124-04-30 17:21:58",0,1,0,0,0,0,1,124
623,"0124-10-24 01:22:00",0,1,1,0,0,0,0,124
624,"0125-04-04 17:45:29",1,0,0,0,1,0,0,125
625,"0125-09-29 07:41:23",1,0,0,0,1,0,0,125
626,"0125-04-20 06:31:00",0,1,0,0,0,0,0,125
627,"0125-10-13 10:36:01",0,1,0,0,0,0,1,125
628,"0126-03-25 08:09:28",1,0,0,0,0,0,1,126
629,"0126-09-18 08:06:24",1,0,0,0,0,0,1,126
630,"0126-04-09 12:31:45",0,1,0,0,1,0,0,126
631,"0126-09-03 16:24:03",0,1,0,0,1,0,0,126
632,"0126-10-03 01:26:20",0,1,0,0,1,0,0,126
633,"0127-03-15 00:53:06",1,0,0,0,1,0,0,127
634,"0127-09-07 08:57:43",1,0,0,0,1,0,0,127
635,"0127-02-27 20:53:14",0,1,1,0,0,0,0,127
636,"0127-08-24 07:31:10",0,1,0,0,0,0,1,127
637,"0128-02-03 02:49:39",1,0,0,0,0,1,0,128
638,"0128-03-03 15:16:24",1,0,0,0,0,1,0,128
639,"0128-07-28 06:44:29",1,0,0,0,0,1,0,128
640,"0128-08-26 16:28:38",1,0,0,0,0,1,0,128
641,"0128-02-17 01:54:05",0,1,1,0,0,0,0,128
642,"0128-08-12 17:03:59",0,1,1,0,0,0,0,128
643,"0129-01-22 06:36:29",1,0,0,0,1,0,0,129
644,"0129-07-17 23:04:16",1,0,0,0,1,0,0,129
645,"0129-02-05 13:54:37",0,1,0,0,0,0,1,129
646,"0129-08-01 19:40:18",0,1,1,0,0,0,0,129
647,"0129-12-27 19:24:21",0,1,0,0,1,0,0,129
648,"0130-01-11 05:52:00",1,0,0,0,0,0,1,130
649,"0130-07-07 15:41:55",1,0,0,0,0,0,1,130
650,"0130-12-31 08:11:23",1,0,0,0,1,0,0,130
651,"0130-01-26 05:43:42",0,1,0,0,1,0,0,130
652,"0130-06-22 06:37:31",0,1,0,0,1,0,0,130
653,"0130-07-21 20:08:12",0,1,0,0,1,0,0,130
654,"0130-12-17 07:57:47",0,1,1,0,0,0,0,130
655,"0131-06-27 04:03:25",1,0,0,0,1,0,0,131
656,"0131-11-21 06:06:24",1,0,0,0,0,1,0,131
657,"0131-12-20 17:42:58",1,0,0,0,0,1,0,131
658,"0131-06-11 16:00:13",0,1,0,0,0,0,1,131
659,"0131-12-06 13:34:53",0,1,1,0,0,0,0,131
660,"0132-05-16 18:45:33",1,0,0,0,0,1,0,132
661,"0132-11-09 21:45:39",1,0,0,0,1,0,0,132
662,"0132-05-31 07:25:24",0,1,0,0,0,0,1,132
663,"0132-11-24 13:10:16",0,1,1,0,0,0,0,132
664,"0133-05-05 19:49:00",1,0,0,0,0,0,1,133
665,"0133-10-30 11:43:25",1,0,0,0,0,0,1,133
666,"0133-05-21 00:41:51",0,1,0,0,0,0,1,133
667,"0133-11-13 13:39:41",0,1,0,0,1,0,0,133
668,"0134-04-25 02:29:08",1,0,0,0,0,0,1,134
669,"0134-10-19 19:45:26",1,0,0,0,1,0,0,134
670,"0134-04-11 04:28:09",0,1,1,0,0,0,0,134
671,"0134-10-04 09:16:58",0,1,0,0,0,0,1,134
672,"0135-03-16 08:06:51",1,0,0,0,0,1,0,135
673,"0135-04-14 15:58:38",1,0,0,0,0,1,0,135
674,"0135-10-08 20:56:53",1,0,0,0,0,1,0,135
675,"0135-03-31 08:25:13",0,1,1,0,0,0,0,135
676,"0135-09-24 01:00:04",0,1,0,0,0,0,1,135
677,"0136-03-05 00:34:30",1,0,0,0,1,0,0,136
678,"0136-08-28 05:27:26",1,0,0,0,1,0,0,136
679,"0136-03-19 08:31:21",0,1,1,0,0,0,0,136
680,"0136-09-12 16:32:44",0,1,0,0,0,0,1,136
681,"0137-02-22 13:23:37",1,0,0,0,0,0,1,137
682,"0137-08-17 15:10:30",1,0,0,0,0,0,1,137
683,"0137-02-06 23:39:03",0,1,0,0,1,0,0,137
684,"0137-03-08 12:13:53",0,1,0,0,1,0,0,137
685,"0137-08-03 13:48:17",0,1,0,0,1,0,0,137
686,"0137-09-02 03:23:23",0,1,0,0,1,0,0,137
687,"0138-02-11 19:04:39",1,0,0,0,1,0,0,138
688,"0138-08-07 06:36:35",1,0,0,0,1,0,0,138
689,"0138-01-27 13:05:27",0,1,0,0,0,0,1,138
690,"0138-07-23 15:09:07",0,1,1,0,0,0,0,138
691,"0139-01-31 18:59:43",1,0,0,0,0,1,0,139
692,"0139-06-28 15:20:21",1,0,0,0,0,1,0,139
693,"0139-07-27 23:23:24",1,0,0,0,0,1,0,139
694,"0139-12-22 04:50:37",1,0,0,0,1,0,0,139
695,"0139-01-17 05:05:04",0,1,0,0,0,0,1,139
696,"0139-07-12 16:28:41",0,1,1,0,0,0,0,139
697,"0140-06-17 01:53:09",1,0,0,0,1,0,0,140
698,"0140-12-10 16:11:46",1,0,0,0,0,0,1,140
699,"0140-01-06 18:54:07",0,1,0,0,0,0,0,140
700,"0140-07-01 00:09:14",0,1,0,0,0,0,1,140
701,"0140-12-26 02:23:21",0,1,0,0,1,0,0,140
702,"0141-06-06 05:19:58",1,0,0,0,0,0,1,141
703,"0141-11-30 07:32:09",1,0,0,0,1,0,0,141
704,"0141-05-22 07:51:54",0,1,0,0,1,0,0,141
705,"0141-06-20 14:32:38",0,1,0,0,1,0,0,141
706,"0141-11-15 07:31:23",0,1,1,0,0,0,0,141
707,"0142-05-26 06:02:34",1,0,0,0,1,0,0,142
708,"0142-11-19 22:14:28",1,0,0,0,0,1,0,142
709,"0142-05-12 00:49:14",0,1,0,0,0,0,1,142
710,"0142-11-04 09:39:28",0,1,1,0,0,0,0,142
711,"0143-04-16 01:10:52",1,0,0,0,1,0,0,143
712,"0143-10-10 15:31:54",1,0,0,0,1,0,0,143
713,"0143-05-01 13:40:25",0,1,0,0,0,0,0,143
714,"0143-10-24 19:10:12",0,1,0,0,0,0,1,143
715,"0144-04-04 15:58:34",1,0,0,0,0,0,1,144
716,"0144-09-28 15:36:12",1,0,0,0,0,0,1,144
717,"0144-04-19 19:19:09",0,1,0,0,1,0,0,144
718,"0144-09-14 00:38:17",0,1,0,0,1,0,0,144
719,"0144-10-13 10:03:13",0,1,0,0,1,0,0,144
720,"0145-03-25 08:50:20",1,0,0,0,1,0,0,145
721,"0145-09-17 16:33:51",1,0,0,0,1,0,0,145
722,"0145-03-10 04:11:26",0,1,1,0,0,0,0,145
723,"0145-09-03 15:24:03",0,1,0,0,0,0,1,145
724,"0146-02-13 10:49:47",1,0,0,0,0,1,0,146
725,"0146-03-14 23:05:37",1,0,0,0,0,1,0,146
726,"0146-08-08 14:26:16",1,0,0,0,0,1,0,146
727,"0146-09-07 00:21:49",1,0,0,0,0,1,0,146
728,"0146-02-27 09:45:44",0,1,1,0,0,0,0,146
729,"0146-08-24 00:23:08",0,1,1,0,0,0,0,146
730,"0147-02-02 14:22:50",1,0,0,0,1,0,0,147
731,"0147-07-29 06:47:34",1,0,0,0,1,0,0,147
732,"0147-02-16 22:15:36",0,1,0,0,0,0,1,147
733,"0147-08-13 02:30:47",0,1,1,0,0,0,0,147
734,"0148-01-22 13:43:26",1,0,0,0,0,0,1,148
735,"0148-07-17 23:11:02",1,0,0,0,0,0,1,148
736,"0148-01-08 04:11:24",0,1,0,0,1,0,0,148
737,"0148-02-06 14:17:38",0,1,0,0,1,0,0,148
738,"0148-07-02 13:26:06",0,1,0,0,1,0,0,148
739,"0148-08-01 02:58:38",0,1,0,0,1,0,0,148
740,"0148-12-27 16:31:41",0,1,1,0,0,0,0,148
741,"0149-01-10 16:28:33",1,0,0,0,1,0,0,149
742,"0149-07-07 11:03:42",1,0,0,0,1,0,0,149
743,"0149-12-01 15:00:14",1,0,0,0,0,1,0,149
744,"0149-12-31 02:26:07",1,0,0,0,0,1,0,149
745,"0149-06-21 23:13:52",0,1,0,0,0,0,1,149
746,"0149-12-16 21:47:53",0,1,1,0,0,0,0,149
747,"0150-05-28 01:09:52",1,0,0,0,0,1,0,150
748,"0150-06-26 15:49:45",1,0,0,0,0,1,0,150
749,"0150-11-21 06:38:45",1,0,0,0,1,0,0,150
750,"0150-06-11 14:54:09",0,1,0,0,0,0,1,150
751,"0150-12-05 21:14:11",0,1,1,0,0,0,0,150
752,"0151-05-17 02:27:03",1,0,0,0,1,0,0,151
753,"0151-11-10 20:21:00",1,0,0,0,0,0,1,151
754,"0151-06-01 08:08:13",0,1,0,0,0,0,1,151
755,"0151-11-24 21:58:31",0,1,0,0,1,0,0,151
756,"0152-05-05 09:37:52",1,0,0,0,0,0,1,152
757,"0152-10-30 03:54:53",1,0,0,0,1,0,0,152
758,"0152-04-21 11:33:18",0,1,0,0,0,0,0,152
759,"0152-10-14 17:49:42",0,1,0,0,0,0,1,152
760,"0153-03-26 16:03:18",1,0,0,0,0,1,0,153
761,"0153-04-24 23:32:56",1,0,0,0,1,0,0,153
762,"0153-10-19 04:43:56",1,0,0,0,0,1,0,153
763,"0153-04-10 15:12:54",0,1,1,0,0,0,0,153
764,"0153-10-04 09:31:27",0,1,0,0,0,0,1,153
765,"0154-03-16 08:34:57",1,0,0,0,1,0,0,154
766,"0154-09-08 13:03:29",1,0,0,0,0,0,0,154
767,"0154-03-30 15:27:51",0,1,1,0,0,0,0,154
768,"0154-09-24 00:46:08",0,1,0,0,0,0,1,154
769,"0155-03-05 21:14:25",1,0,0,0,0,0,1,155
770,"0155-08-28 23:01:42",1,0,0,0,0,0,1,155
771,"0155-02-18 07:45:59",0,1,0,0,1,0,0,155
772,"0155-03-19 19:44:16",0,1,0,0,1,0,0,155
773,"0155-09-13 11:04:00",0,1,0,0,1,0,0,155
774,"0156-02-23 02:39:23",1,0,0,0,1,0,0,156
775,"0156-08-17 14:31:38",1,0,0,0,1,0,0,156
776,"0156-02-07 21:36:43",0,1,0,0,0,0,1,156
777,"0156-08-02 21:51:33",0,1,1,0,0,0,0,156
778,"0157-02-11 02:34:18",1,0,0,0,0,1,0,157
779,"0157-07-08 22:39:49",1,0,0,0,0,1,0,157
780,"0157-08-07 07:06:21",1,0,0,0,0,1,0,157
781,"0157-01-27 13:44:04",0,1,0,0,0,0,1,157
782,"0157-07-22 23:19:53",0,1,1,0,0,0,0,157
783,"0158-01-01 13:19:50",1,0,0,0,1,0,0,158
784,"0158-06-28 08:43:27",1,0,0,0,1,0,0,158
785,"0158-12-22 01:01:40",1,0,0,0,0,0,1,158
786,"0158-01-17 03:25:35",0,1,1,0,0,0,0,158
787,"0158-07-12 07:24:36",0,1,0,0,0,0,1,158
788,"0159-06-17 11:46:01",1,0,0,0,0,0,1,159
789,"0159-12-11 16:28:45",1,0,0,0,1,0,0,159
790,"0159-01-06 10:35:42",0,1,0,0,1,0,0,159
791,"0159-06-02 15:22:15",0,1,0,0,1,0,0,159
792,"0159-07-01 22:02:55",0,1,0,0,1,0,0,159
793,"0159-11-26 15:37:03",0,1,1,0,0,0,0,159
794,"0160-06-05 12:32:11",1,0,0,0,1,0,0,160
795,"0160-11-30 07:01:08",1,0,0,0,0,1,0,160
796,"0160-05-22 08:12:46",0,1,0,0,0,0,1,160
797,"0160-11-14 18:02:11",0,1,1,0,0,0,0,160
798,"0161-04-26 08:31:29",1,0,0,0,0,1,0,161
799,"0161-10-20 23:28:45",1,0,0,0,1,0,0,161
800,"0161-05-11 20:43:05",0,1,0,0,0,0,0,161
801,"0161-11-04 03:50:15",0,1,0,0,0,0,1,161
802,"0162-04-15 23:41:03",1,0,0,0,0,0,1,162
803,"0162-10-09 23:15:45",1,0,0,0,0,0,1,162
804,"0162-05-01 01:58:59",0,1,0,0,1,0,0,162
805,"0162-10-24 18:47:01",0,1,0,0,1,0,0,162
806,"0163-04-05 16:39:32",1,0,0,0,0,0,1,163
807,"0163-09-29 00:20:01",1,0,0,0,0,0,1,163
808,"0163-03-21 11:21:27",0,1,1,0,0,0,0,163
809,"0163-09-14 23:23:49",0,1,0,0,0,0,0,163
810,"0164-02-24 18:39:44",1,0,0,0,0,1,0,164
811,"0164-03-25 06:44:53",1,0,0,0,0,1,0,164
812,"0164-08-18 22:15:51",1,0,0,0,0,1,0,164
813,"0164-09-17 08:24:53",1,0,0,0,0,1,0,164
814,"0164-03-09 17:30:05",0,1,0,0,0,0,0,164
815,"0164-09-03 07:49:04",0,1,1,0,0,0,0,164
816,"0165-02-12 21:58:31",1,0,0,0,1,0,0,165
817,"0165-08-08 14:36:50",1,0,0,0,1,0,0,165
818,"0165-02-27 06:27:37",0,1,0,0,0,0,1,165
819,"0165-08-23 09:29:32",0,1,1,0,0,0,0,165
820,"0166-02-01 21:27:54",1,0,0,0,0,0,1,166
821,"0166-07-29 06:44:20",1,0,0,0,0,0,1,166
822,"0166-01-18 12:53:07",0,1,0,0,1,0,0,166
823,"0166-02-16 22:43:29",0,1,0,0,1,0,0,166
824,"0166-07-13 20:20:39",0,1,0,0,1,0,0,166
825,"0166-08-12 09:58:02",0,1,0,0,1,0,0,166
826,"0167-01-22 00:41:45",1,0,0,0,1,0,0,167
827,"0167-07-18 18:06:25",1,0,0,0,1,0,0,167
828,"0167-12-12 23:55:31",1,0,0,0,0,1,0,167
829,"0167-01-08 01:01:08",0,1,1,0,0,0,0,167
830,"0167-07-03 06:31:48",0,1,0,0,0,0,1,167
831,"0167-12-28 05:58:58",0,1,1,0,0,0,0,167
832,"0168-01-11 11:07:12",1,0,0,0,0,1,0,168
833,"0168-06-07 07:31:48",1,0,0,0,0,1,0,168
834,"0168-07-06 22:21:34",1,0,0,0,0,1,0,168
835,"0168-12-01 15:34:28",1,0,0,0,1,0,0,168
836,"0168-06-21 22:22:55",0,1,0,0,0,0,1,168
837,"0168-12-16 05:19:24",0,1,1,0,0,0,0,168
838,"0169-05-27 09:04:08",1,0,0,0,1,0,0,169
839,"0169-11-21 05:00:47",1,0,0,0,0,0,1,169
840,"0169-06-11 15:33:04",0,1,0,0,0,0,1,169
841,"0169-12-05 06:19:31",0,1,0,0,1,0,0,169
842,"0170-05-16 16:46:17",1,0,0,0,0,0,1,170
843,"0170-11-10 12:07:51",1,0,0,0,1,0,0,170
844,"0170-05-02 18:32:23",0,1,0,0,1,0,0,170
845,"0170-10-26 02:29:00",0,1,0,0,0,0,1,170
846,"0171-05-06 07:05:21",1,0,0,0,1,0,0,171
847,"0171-10-30 12:35:58",1,0,0,0,0,1,0,171
848,"0171-04-21 21:55:02",0,1,1,0,0,0,0,171
849,"0171-10-15 18:08:19",0,1,0,0,0,0,1,171
850,"0172-03-26 16:28:06",1,0,0,0,1,0,0,172
851,"0172-09-18 20:49:35",1,0,0,0,0,1,0,172
852,"0172-04-09 22:19:08",0,1,1,0,0,0,0,172
853,"0172-10-04 09:06:08",0,1,0,0,0,0,1,172
854,"0173-03-16 04:53:26",1,0,0,0,0,0,1,173
855,"0173-09-08 07:03:19",1,0,0,0,0,0,1,173
856,"0173-03-30 03:06:40",0,1,0,0,1,0,0,173
857,"0173-09-23 18:52:57",0,1,0,0,1,0,0,173
858,"0174-03-05 10:01:57",1,0,0,0,1,0,0,174
859,"0174-08-28 22:35:31",1,0,0,0,0,0,1,174
860,"0174-02-18 05:58:57",0,1,0,0,0,0,1,174
861,"0174-08-14 04:43:24",0,1,1,0,0,0,0,174
862,"0175-02-22 09:59:15",1,0,0,0,0,1,0,175
863,"0175-07-20 06:03:03",1,0,0,0,0,1,0,175
864,"0175-08-18 14:56:13",1,0,0,0,0,1,0,175
865,"0175-02-07 22:14:34",0,1,0,0,0,0,1,175
866,"0175-08-03 06:20:12",0,1,1,0,0,0,0,175
867,"0176-01-12 21:44:59",1,0,0,0,1,0,0,176
868,"0176-07-08 15:33:19",1,0,0,0,1,0,0,176
869,"0176-01-28 11:49:06",0,1,1,0,0,0,0,176
870,"0176-07-22 14:45:03",0,1,0,0,0,0,1,176
871,"0177-01-01 09:49:52",1,0,0,0,0,0,1,177
872,"0177-06-27 18:11:58",1,0,0,0,0,0,1,177
873,"0177-12-22 01:24:08",1,0,0,0,1,0,0,177
874,"0177-01-16 18:42:02",0,1,0,0,1,0,0,177
875,"0177-06-12 22:50:57",0,1,0,0,1,0,0,177
876,"0177-07-12 05:36:21",0,1,0,0,1,0,0,177
877,"0177-12-06 23:45:00",0,1,1,0,0,0,0,177
878,"0178-06-16 19:03:29",1,0,0,0,1,0,0,178
879,"0178-12-11 15:48:19",1,0,0,0,0,1,0,178
880,"0178-06-02 15:33:13",0,1,0,0,0,0,1,178
881,"0178-11-26 02:29:40",0,1,1,0,0,0,0,178
882,"0179-05-07 15:49:24",1,0,0,0,0,1,0,179
883,"0179-06-06 01:12:10",1,0,0,0,0,1,0,179
884,"0179-11-01 07:30:57",1,0,0,0,1,0,0,179
885,"0179-05-23 03:40:57",0,1,0,0,0,0,0,179
886,"0179-11-15 12:35:14",0,1,0,0,0,0,1,179
887,"0180-04-26 07:19:14",1,0,0,0,0,0,1,180
888,"0180-10-20 07:03:06",1,0,0,0,0,0,1,180
889,"0180-05-11 08:33:25",0,1,0,0,1,0,0,180
890,"0180-11-04 03:36:12",0,1,0,0,1,0,0,180
891,"0181-04-16 00:21:12",1,0,0,0,0,0,1,181
892,"0181-10-09 08:15:58",1,0,0,0,0,0,1,181
893,"0181-03-31 18:24:07",0,1,0,0,1,0,0,181
894,"0181-09-25 07:30:47",0,1,1,0,0,0,0,181
895,"0182-04-05 14:15:58",1,0,0,0,0,1,0,182
896,"0182-09-28 16:36:31",1,0,0,0,0,1,0,182
897,"0182-03-21 01:08:19",0,1,0,0,0,0,0,182
898,"0182-09-14 15:22:02",0,1,1,0,0,0,0,182
899,"0183-02-24 05:25:30",1,0,0,0,1,0,0,183
900,"0183-08-19 22:33:20",1,0,0,0,1,0,0,183
901,"0183-03-10 14:33:34",0,1,0,0,0,0,1,183
902,"0183-09-03 16:37:01",0,1,1,0,0,0,0,183
903,"0184-02-13 05:04:38",1,0,0,0,0,0,1,184
904,"0184-08-08 14:22:18",1,0,0,0,0,0,1,184
905,"0184-01-29 21:27:51",0,1,0,0,1,0,0,184
906,"0184-02-28 07:01:18",0,1,0,0,1,0,0,184
907,"0184-08-22 17:06:29",0,1,0,0,1,0,0,184
908,"0185-02-01 08:48:17",1,0,0,0,1,0,0,185
909,"0185-07-29 01:13:49",1,0,0,0,1,0,0,185
910,"0185-12-23 08:48:01",1,0,0,0,0,1,0,185
911,"0185-01-18 09:23:35",0,1,1,0,0,0,0,185
912,"0185-07-13 13:55:31",0,1,0,0,0,0,1,185
913,"0186-01-21 19:41:18",1,0,0,0,0,1,0,186
914,"0186-06-18 13:55:38",1,0,0,0,0,1,0,186
915,"0186-07-18 04:59:05",1,0,0,0,0,1,0,186
916,"0186-12-13 00:29:29",1,0,0,0,1,0,0,186
917,"0186-01-07 14:02:59",0,1,1,0,0,0,0,186
918,"0186-07-03 05:55:51",0,1,0,0,0,0,1,186
919,"0186-12-27 13:21:33",0,1,1,0,0,0,0,186
920,"0187-06-07 15:41:58",1,0,0,0,1,0,0,187
921,"0187-12-02 13:41:45",1,0,0,0,0,0,1,187
922,"0187-06-22 22:58:01",0,1,0,0,0,0,1,187
923,"0187-12-16 14:41:11",0,1,0,0,1,0,0,187
924,"0188-05-26 23:53:09",1,0,0,0,0,0,1,188
925,"0188-11-20 20:24:24",1,0,0,0,1,0,0,188
926,"0188-05-13 01:24:19",0,1,0,0,1,0,0,188
927,"0188-06-11 12:22:43",0,1,0,0,1,0,0,188
928,"0188-11-05 11:14:55",0,1,0,0,0,0,1,188
929,"0189-05-16 14:32:56",1,0,0,0,1,0,0,189
930,"0189-11-09 20:35:17",1,0,0,0,0,1,0,189
931,"0189-05-02 04:27:59",0,1,1,0,0,0,0,189
932,"0189-10-26 02:52:59",0,1,0,0,0,0,1,189
933,"0190-04-07 00:12:32",1,0,0,0,1,0,0,190
934,"0190-09-30 04:45:40",1,0,0,0,0,1,0,190
935,"0190-04-21 05:03:52",0,1,1,0,0,0,0,190
936,"0190-10-15 17:32:35",0,1,0,0,0,0,1,190
937,"0191-03-27 12:23:52",1,0,0,0,0,0,1,191
938,"0191-09-19 15:13:37",1,0,0,0,0,0,1,191
939,"0191-04-10 10:24:31",0,1,0,0,1,0,0,191
940,"0191-10-05 02:48:37",0,1,0,0,1,0,0,191
941,"0192-03-15 17:15:29",1,0,0,0,1,0,0,192
942,"0192-09-08 06:46:06",1,0,0,0,0,0,1,192
943,"0192-02-29 14:15:00",0,1,0,0,0,0,1,192
944,"0192-08-24 11:42:04",0,1,0,0,1,0,0,192
945,"0193-03-04 17:16:26",1,0,0,0,0,1,0,193
946,"0193-07-30 13:29:57",1,0,0,0,0,1,0,193
947,"0193-08-28 22:52:22",1,0,0,0,0,1,0,193
948,"0193-02-18 06:38:15",0,1,0,0,0,0,1,193
949,"0193-08-13 13:29:04",0,1,1,0,0,0,0,193
950,"0194-01-23 06:05:06",1,0,0,0,1,0,0,194
951,"0194-07-19 22:27:43",1,0,0,0,1,0,0,194
952,"0194-02-07 20:04:14",0,1,1,0,0,0,0,194
953,"0194-08-02 22:14:27",0,1,0,0,0,0,1,194
954,"0195-01-12 18:34:10",1,0,0,0,0,0,1,195
955,"0195-07-09 00:41:27",1,0,0,0,0,0,1,195
956,"0195-01-28 02:40:51",0,1,0,0,1,0,0,195
957,"0195-06-24 06:21:47",0,1,0,0,1,0,0,195
958,"0195-07-23 13:15:07",0,1,0,0,1,0,0,195
959,"0195-12-18 07:51:54",0,1,0,0,0,0,0,195
960,"0196-01-02 10:16:10",1,0,0,0,1,0,0,196
961,"0196-06-27 01:38:35",1,0,0,0,1,0,0,196
962,"0196-12-22 00:32:16",1,0,0,0,0,1,0,196
963,"0196-06-12 22:52:54",0,1,0,0,0,0,1,196
964,"0196-12-06 10:58:16",0,1,1,0,0,0,0,196
965,"0197-05-17 23:04:51",1,0,0,0,0,1,0,197
966,"0197-06-16 08:13:03",1,0,0,0,0,1,0,197
967,"0197-11-11 15:37:28",1,0,0,0,0,0,0,197
968,"0197-06-02 10:34:54",0,1,1,0,0,0,0,197
969,"0197-11-25 21:23:17",0,1,0,0,0,0,1,197
970,"0198-05-07 14:53:24",1,0,0,0,0,0,1,198
971,"0198-10-31 14:56:46",1,0,0,0,0,0,1,198
972,"0198-05-22 15:03:48",0,1,1,0,0,0,0,198
973,"0198-11-15 12:28:35",0,1,0,0,1,0,0,198
974,"0199-04-27 07:56:54",1,0,0,0,0,0,1,199
975,"0199-10-20 16:21:10",1,0,0,0,0,0,1,199
976,"0199-04-12 01:20:44",0,1,0,0,1,0,0,199
977,"0199-10-06 15:45:09",0,1,1,0,0,0,0,199
978,"0200-04-16 21:36:47",1,0,0,0,0,1,0,200
979,"0200-10-10 00:57:55",1,0,0,0,0,1,0,200
980,"0200-04-01 08:38:45",0,1,0,0,0,0,0,200
981,"0200-09-25 23:02:58",0,1,1,0,0,0,0,200
982,"0201-03-07 12:41:25",1,0,0,0,1,0,0,201
983,"0201-08-31 06:37:27",1,0,0,0,1,0,0,201
984,"0201-03-21 22:30:59",0,1,0,0,0,0,1,201
985,"0201-09-14 23:54:04",0,1,1,0,0,0,0,201
986,"0202-02-24 12:32:46",1,0,0,0,0,0,1,202
987,"0202-08-20 22:07:01",1,0,0,0,0,0,1,202
988,"0202-02-10 05:54:29",0,1,0,0,1,0,0,202
989,"0202-03-11 15:10:21",0,1,0,0,1,0,0,202
990,"0202-09-04 00:26:03",0,1,0,0,1,0,0,202
991,"0203-02-13 16:49:42",1,0,0,0,1,0,0,203
992,"0203-08-10 08:24:41",1,0,0,0,1,0,0,203
993,"0203-01-30 17:39:33",0,1,1,0,0,0,0,203
994,"0203-07-25 21:24:24",0,1,0,0,0,0,1,203
995,"0204-01-04 17:39:10",1,0,0,0,0,1,0,204
996,"0204-02-03 04:11:26",1,0,0,0,0,1,0,204
997,"0204-06-29 20:20:54",1,0,0,0,0,1,0,204
998,"0204-07-29 11:40:20",1,0,0,0,0,1,0,204
999,"0204-12-24 09:23:07",1,0,0,0,1,0,0,204
1000,"0204-01-19 22:02:17",0,1,1,0,0,0,0,204
1001,"0204-07-14 13:31:38",0,1,0,0,0,0,1,204
1002,"0205-06-18 22:22:05",1,0,0,0,1,0,0,205
1003,"0205-12-13 22:21:48",1,0,0,0,0,0,1,205
1004,"0205-01-07 21:20:26",0,1,1,0,0,0,0,205
1005,"0205-07-04 06:24:14",0,1,0,0,0,0,1,205
1006,"0205-12-27 23:01:38",0,1,0,0,1,0,0,205
1007,"0206-06-08 07:02:21",1,0,0,0,0,0,1,206
1008,"0206-12-03 04:40:10",1,0,0,0,1,0,0,206
1009,"0206-05-25 08:12:47",0,1,0,0,1,0,0,206
1010,"0206-06-23 19:24:49",0,1,0,0,1,0,0,206
1011,"0206-11-17 20:03:37",0,1,0,0,0,0,1,206
1012,"0207-05-28 22:01:05",1,0,0,0,1,0,0,207
1013,"0207-11-22 04:37:09",1,0,0,0,0,1,0,207
1014,"0207-05-14 10:58:11",0,1,1,0,0,0,0,207
1015,"0207-11-07 11:41:33",0,1,0,0,0,0,1,207
1016,"0208-04-18 07:48:56",1,0,0,0,1,0,0,208
1017,"0208-05-17 15:16:51",1,0,0,0,0,1,0,208
1018,"0208-10-11 12:50:57",1,0,0,0,0,1,0,208
1019,"0208-05-02 11:43:40",0,1,1,0,0,0,0,208
1020,"0208-10-27 02:04:26",0,1,0,0,0,0,0,208
1021,"0209-04-07 19:43:32",1,0,0,0,0,0,1,209
1022,"0209-09-30 23:33:21",1,0,0,0,0,0,1,209
1023,"0209-04-21 17:36:34",0,1,0,0,1,0,0,209
1024,"0209-10-16 10:51:01",0,1,0,0,1,0,0,209
1025,"0210-03-28 00:17:24",1,0,0,0,1,0,0,210
1026,"0210-09-20 15:06:02",1,0,0,0,0,0,1,210
1027,"0210-03-12 22:21:34",0,1,0,0,0,0,1,210
1028,"0210-09-05 18:51:56",0,1,0,0,1,0,0,210
1029,"0211-03-17 00:24:15",1,0,0,0,0,1,0,211
1030,"0211-09-10 06:55:18",1,0,0,0,0,1,0,211
1031,"0211-03-02 14:52:35",0,1,0,0,0,0,1,211
1032,"0211-08-25 20:47:21",0,1,1,0,0,0,0,211
1033,"0212-02-04 14:19:22",1,0,0,0,1,0,0,212
1034,"0212-07-31 05:25:04",1,0,0,0,1,0,0,212
1035,"0212-02-20 04:09:57",0,1,1,0,0,0,0,212
1036,"0212-08-14 05:51:21",0,1,0,0,0,0,1,212
1037,"0213-01-24 03:12:40",1,0,0,0,0,0,1,213
1038,"0213-07-20 07:14:46",1,0,0,0,0,0,1,213
1039,"0213-02-08 10:29:33",0,1,0,0,1,0,0,213
1040,"0213-07-05 13:53:52",0,1,0,0,1,0,0,213
1041,"0213-08-03 20:59:46",0,1,0,0,1,0,0,213
1042,"0213-12-29 15:57:49",0,1,0,0,0,0,0,213
1043,"0214-01-13 19:04:09",1,0,0,0,1,0,0,214
1044,"0214-07-09 08:18:21",1,0,0,0,1,0,0,214
1045,"0214-06-25 06:12:06",0,1,0,0,0,0,1,214
1046,"0214-12-18 19:27:35",0,1,1,0,0,0,0,214
1047,"0215-01-03 09:13:00",1,0,0,0,0,1,0,215
1048,"0215-05-30 06:20:24",1,0,0,0,0,1,0,215
1049,"0215-06-28 15:17:37",1,0,0,0,0,1,0,215
1050,"0215-11-23 23:47:10",1,0,0,0,0,0,0,215
1051,"0215-06-14 17:26:58",0,1,1,0,0,0,0,215
1052,"0215-12-08 06:13:38",0,1,0,0,0,0,1,215
1053,"0216-05-18 22:23:48",1,0,0,0,1,0,0,216
1054,"0216-11-11 22:56:42",1,0,0,0,0,0,1,216
1055,"0216-06-02 21:30:06",0,1,1,0,0,0,0,216
1056,"0216-11-26 21:24:22",0,1,0,0,1,0,0,216
1057,"0217-05-08 15:27:16",1,0,0,0,0,0,1,217
1058,"0217-11-01 00:33:19",1,0,0,0,0,0,1,217
1059,"0217-04-23 08:12:25",0,1,0,0,1,0,0,217
1060,"0217-10-18 00:05:14",0,1,1,0,0,0,0,217
1061,"0218-04-28 04:51:22",1,0,0,0,0,1,0,218
1062,"0218-10-21 09:26:44",1,0,0,0,0,1,0,218
1063,"0218-04-12 16:04:43",0,1,0,0,0,0,1,218
1064,"0218-10-07 06:51:02",0,1,1,0,0,0,0,218
1065,"0219-03-18 19:49:04",1,0,0,0,0,0,0,219
1066,"0219-09-11 14:48:22",1,0,0,0,1,0,0,219
1067,"0219-04-02 06:23:07",0,1,0,0,0,0,1,219
1068,"0219-09-26 07:19:11",0,1,1,0,0,0,0,219
1069,"0220-03-06 19:53:15",1,0,0,0,0,0,1,220
1070,"0220-08-31 05:58:12",1,0,0,0,0,0,1,220
1071,"0220-02-21 14:13:01",0,1,0,0,1,0,0,220
1072,"0220-03-21 23:11:46",0,1,0,0,1,0,0,220
1073,"0220-09-14 07:55:43",0,1,0,0,1,0,0,220
1074,"0221-02-24 00:41:44",1,0,0,0,1,0,0,221
1075,"0221-08-20 15:42:59",1,0,0,0,1,0,0,221
1076,"0221-02-10 01:44:34",0,1,1,0,0,0,0,221
1077,"0221-08-05 05:01:38",0,1,0,0,0,0,1,221
1078,"0222-01-15 02:24:45",1,0,0,0,0,1,0,222
1079,"0222-02-13 12:33:14",1,0,0,0,0,1,0,222
1080,"0222-08-09 18:29:04",1,0,0,0,0,1,0,222
1081,"0222-01-30 05:52:09",0,1,1,0,0,0,0,222
1082,"0222-07-25 21:13:11",0,1,0,0,0,0,1,222
1083,"0223-01-04 18:12:09",1,0,0,0,1,0,0,223
1084,"0223-06-30 05:06:12",1,0,0,0,1,0,0,223
1085,"0223-12-25 06:59:37",1,0,0,0,0,0,1,223
1086,"0223-01-19 05:12:46",0,1,1,0,0,0,0,223
1087,"0223-07-15 13:53:06",0,1,0,0,0,0,1,223
1088,"0224-06-18 14:11:35",1,0,0,0,0,0,1,224
1089,"0224-12-13 12:56:46",1,0,0,0,1,0,0,224
1090,"0224-01-08 07:19:16",0,1,0,0,1,0,0,224
1091,"0224-06-04 14:55:27",0,1,0,0,1,0,0,224
1092,"0224-07-04 02:25:23",0,1,0,0,1,0,0,224
1093,"0224-11-28 04:56:40",0,1,0,0,0,0,1,224
1094,"0225-06-08 05:27:23",1,0,0,0,1,0,0,225
1095,"0225-12-02 12:41:44",1,0,0,0,0,1,0,225
1096,"0225-05-24 17:22:43",0,1,1,0,0,0,0,225
1097,"0225-11-17 20:34:26",0,1,0,0,0,0,1,225
1098,"0226-04-29 15:18:43",1,0,0,0,0,1,0,226
1099,"0226-05-28 22:43:56",1,0,0,0,0,1,0,226
1100,"0226-10-22 21:05:25",1,0,0,0,0,1,0,226
1101,"0226-05-13 18:20:28",0,1,1,0,0,0,0,226
1102,"0226-11-07 10:41:34",0,1,0,0,0,0,0,226
1103,"0227-04-19 02:55:46",1,0,0,0,0,0,1,227
1104,"0227-10-12 08:00:35",1,0,0,0,0,0,1,227
1105,"0227-05-03 00:45:48",0,1,0,0,0,0,0,227
1106,"0227-10-27 18:58:45",0,1,0,0,1,0,0,227
1107,"0228-04-07 07:11:42",1,0,0,0,0,0,1,228
1108,"0228-09-30 23:32:57",1,0,0,0,0,0,1,228
1109,"0228-03-23 06:22:26",0,1,0,0,0,0,1,228
1110,"0228-09-16 02:10:13",0,1,0,0,1,0,0,228
1111,"0229-03-27 07:23:55",1,0,0,0,0,1,0,229
1112,"0229-09-20 15:05:45",1,0,0,0,0,1,0,229
1113,"0229-03-12 22:58:25",0,1,0,0,0,0,1,229
1114,"0229-09-05 04:16:04",0,1,1,0,0,0,0,229
1115,"0230-02-14 22:27:23",1,0,0,0,1,0,0,230
1116,"0230-08-11 12:28:30",1,0,0,0,1,0,0,230
1117,"0230-03-02 12:06:38",0,1,1,0,0,0,0,230
1118,"0230-08-25 13:37:22",0,1,0,0,0,0,1,230
1119,"0231-02-04 11:45:06",1,0,0,0,0,0,1,231
1120,"0231-07-31 13:54:53",1,0,0,0,0,0,1,231
1121,"0231-02-19 18:09:12",0,1,0,0,1,0,0,231
1122,"0231-07-16 21:30:40",0,1,0,0,1,0,0,231
1123,"0231-08-15 04:51:44",0,1,0,0,1,0,0,231
1124,"0232-01-25 03:45:44",1,0,0,0,0,0,1,232
1125,"0232-07-19 15:04:13",1,0,0,0,1,0,0,232
1126,"0232-01-09 23:59:16",0,1,0,0,0,0,0,232
1127,"0232-07-05 13:32:13",0,1,0,0,0,0,1,232
1128,"0232-12-29 03:55:00",0,1,1,0,0,0,0,232
1129,"0233-01-13 17:47:37",1,0,0,0,0,1,0,233
1130,"0233-06-09 13:36:45",1,0,0,0,0,1,0,233
1131,"0233-07-08 22:27:56",1,0,0,0,0,1,0,233
1132,"0233-12-04 07:56:39",1,0,0,0,0,0,0,233
1133,"0233-06-25 00:18:40",0,1,1,0,0,0,0,233
1134,"0233-12-18 15:02:29",0,1,0,0,0,0,1,233
1135,"0234-05-30 05:53:18",1,0,0,0,1,0,0,234
1136,"0234-11-23 07:00:45",1,0,0,0,0,0,1,234
1137,"0234-06-14 03:56:26",0,1,1,0,0,0,0,234
1138,"0234-12-08 06:20:59",0,1,0,0,1,0,0,234
1139,"0235-05-19 22:52:58",1,0,0,0,0,0,1,235
1140,"0235-11-12 08:52:13",1,0,0,0,0,0,1,235
1141,"0235-05-04 14:59:48",0,1,0,0,1,0,0,235
1142,"0235-06-03 04:34:51",0,1,0,0,1,0,0,235
1143,"0235-10-29 08:31:10",0,1,0,0,0,0,0,235
1144,"0236-05-08 11:57:59",1,0,0,0,1,0,0,236
1145,"0236-10-31 18:03:33",1,0,0,0,0,1,0,236
1146,"0236-04-22 23:25:01",0,1,0,0,0,0,1,236
1147,"0236-10-17 14:46:50",0,1,1,0,0,0,0,236
1148,"0237-03-29 02:45:00",1,0,0,0,0,1,0,237
1149,"0237-09-21 23:08:05",1,0,0,0,1,0,0,237
1150,"0237-04-12 14:07:00",0,1,0,0,0,0,1,237
1151,"0237-10-06 14:54:32",0,1,1,0,0,0,0,237
1152,"0238-03-18 03:05:26",1,0,0,0,0,0,1,238
1153,"0238-09-11 13:55:54",1,0,0,0,0,0,1,238
1154,"0238-04-02 07:05:06",0,1,0,0,1,0,0,238
1155,"0238-09-25 15:35:11",0,1,0,0,1,0,0,238
1156,"0239-03-07 08:28:17",1,0,0,0,0,0,1,239
1157,"0239-08-31 23:06:47",1,0,0,0,0,0,1,239
1158,"0239-02-21 09:41:32",0,1,1,0,0,0,0,239
1159,"0239-08-16 12:45:49",0,1,0,0,0,0,1,239
1160,"0240-01-26 11:05:57",1,0,0,0,0,1,0,240
1161,"0240-02-24 20:48:43",1,0,0,0,0,1,0,240
1162,"0240-08-20 01:23:28",1,0,0,0,0,1,0,240
1163,"0240-02-10 13:34:15",0,1,1,0,0,0,0,240
1164,"0240-08-05 04:58:53",0,1,0,0,0,0,1,240
1165,"0241-01-15 02:57:10",1,0,0,0,1,0,0,241
1166,"0241-07-10 11:55:52",1,0,0,0,1,0,0,241
1167,"0241-01-29 12:59:34",0,1,1,0,0,0,0,241
1168,"0241-07-25 21:25:45",0,1,0,0,0,0,1,241
1169,"0242-01-04 15:32:15",1,0,0,0,0,0,1,242
1170,"0242-06-29 21:26:17",1,0,0,0,0,0,1,242
1171,"0242-12-24 21:09:45",1,0,0,0,1,0,0,242
1172,"0242-01-18 15:31:59",0,1,0,0,1,0,0,242
1173,"0242-06-15 21:38:07",0,1,0,0,1,0,0,242
1174,"0242-07-15 09:29:35",0,1,0,0,1,0,0,242
1175,"0242-12-09 13:49:58",0,1,0,0,0,0,1,242
1176,"0243-06-19 12:55:24",1,0,0,0,1,0,0,243
1177,"0243-12-13 20:45:50",1,0,0,0,0,1,0,243
1178,"0243-06-04 23:46:19",0,1,1,0,0,0,0,243
1179,"0243-11-29 05:28:41",0,1,0,0,0,0,1,243
1180,"0244-05-09 22:42:50",1,0,0,0,0,1,0,244
1181,"0244-06-08 06:09:25",1,0,0,0,0,1,0,244
1182,"0244-11-02 05:26:45",1,0,0,0,0,1,0,244
1183,"0244-05-24 00:55:48",0,1,1,0,0,0,0,244
1184,"0244-11-17 19:21:15",0,1,0,0,0,0,0,244
1185,"0245-04-29 09:58:23",1,0,0,0,0,0,1,245
1186,"0245-10-22 16:36:01",1,0,0,0,0,0,1,245
1187,"0245-05-13 07:51:30",0,1,0,0,0,0,1,245
1188,"0245-11-07 03:11:22",0,1,0,0,1,0,0,245
1189,"0246-04-18 13:56:39",1,0,0,0,0,0,1,246
1190,"0246-10-12 08:07:09",1,0,0,0,0,0,1,246
1191,"0246-04-03 14:15:10",0,1,0,0,0,0,1,246
1192,"0246-09-27 09:38:21",0,1,0,0,1,0,0,246
1193,"0247-04-07 14:15:55",1,0,0,0,0,1,0,247
1194,"0247-10-01 23:23:34",1,0,0,0,0,1,0,247
1195,"0247-03-24 06:55:18",0,1,0,0,0,0,1,247
1196,"0247-09-16 11:55:15",0,1,1,0,0,0,0,247
1197,"0248-02-26 06:27:14",1,0,0,0,1,0,0,248
1198,"0248-08-21 19:37:21",1,0,0,0,0,0,0,248
1199,"0248-03-12 19:51:52",0,1,1,0,0,0,0,248
1200,"0248-09-04 21:32:15",0,1,0,0,0,0,1,248
1201,"0249-02-14 20:10:22",1,0,0,0,0,0,1,249
1202,"0249-08-10 20:42:03",1,0,0,0,0,0,1,249
1203,"0249-03-02 01:38:00",0,1,0,0,1,0,0,249
1204,"0249-07-27 05:11:30",0,1,0,0,1,0,0,249
1205,"0249-08-25 12:51:16",0,1,0,0,1,0,0,249
1206,"0250-02-04 12:20:27",1,0,0,0,0,0,1,250
1207,"0250-07-30 21:58:10",1,0,0,0,1,0,0,250
1208,"0250-01-20 07:55:56",0,1,0,0,1,0,0,250
1209,"0250-07-16 20:55:03",0,1,0,0,0,0,1,250
1210,"0251-01-25 02:16:55",1,0,0,0,0,1,0,251
1211,"0251-06-20 20:54:35",1,0,0,0,0,1,0,251
1212,"0251-07-20 05:43:05",1,0,0,0,0,1,0,251
1213,"0251-12-15 16:06:42",1,0,0,0,0,0,0,251
1214,"0251-01-09 12:20:46",0,1,1,0,0,0,0,251
1215,"0251-07-06 07:10:04",0,1,1,0,0,0,0,251
1216,"0251-12-29 23:51:11",0,1,0,0,0,0,1,251
1217,"0252-06-09 13:21:53",1,0,0,0,1,0,0,252
1218,"0252-12-03 15:07:08",1,0,0,0,0,0,1,252
1219,"0252-06-24 10:22:31",0,1,1,0,0,0,0,252
1220,"0252-12-18 15:16:56",0,1,0,0,1,0,0,252
1221,"0253-05-30 06:15:37",1,0,0,0,0,0,1,253
1222,"0253-11-22 17:15:27",1,0,0,0,0,0,1,253
1223,"0253-05-14 21:44:47",0,1,0,0,1,0,0,253
1224,"0253-06-13 11:03:54",0,1,0,0,1,0,0,253
1225,"0253-11-08 17:01:11",0,1,0,0,1,0,0,253
1226,"0254-05-19 19:00:50",1,0,0,0,1,0,0,254
1227,"0254-11-12 02:44:07",1,0,0,0,1,0,0,254
1228,"0254-05-04 06:43:22",0,1,0,0,0,0,1,254
1229,"0254-10-28 22:46:44",0,1,1,0,0,0,0,254
1230,"0255-04-09 09:34:04",1,0,0,0,0,1,0,255
1231,"0255-10-03 07:34:30",1,0,0,0,1,0,0,255
1232,"0255-04-23 21:47:17",0,1,0,0,0,0,1,255
1233,"0255-10-17 22:37:06",0,1,1,0,0,0,0,255
1234,"0256-03-28 10:09:12",1,0,0,0,0,0,1,256
1235,"0256-09-21 22:00:54",1,0,0,0,0,0,1,256
1236,"0256-04-12 14:50:16",0,1,0,0,0,0,1,256
1237,"0256-10-05 23:24:40",0,1,0,0,1,0,0,256
1238,"0257-03-17 16:06:02",1,0,0,0,0,0,1,257
1239,"0257-09-11 06:38:58",1,0,0,0,0,0,1,257
1240,"0257-03-03 17:26:47",0,1,1,0,0,0,0,257
1241,"0257-08-26 20:39:34",0,1,0,0,1,0,0,257
1242,"0258-02-05 19:38:42",1,0,0,0,0,1,0,258
1243,"0258-03-07 04:55:11",1,0,0,0,0,1,0,258
1244,"0258-08-31 08:28:00",1,0,0,0,0,1,0,258
1245,"0258-02-20 21:04:50",0,1,1,0,0,0,0,258
1246,"0258-08-16 12:52:46",0,1,0,0,0,0,1,258
1247,"0259-01-26 11:35:32",1,0,0,0,1,0,0,259
1248,"0259-07-21 18:51:14",1,0,0,0,1,0,0,259
1249,"0259-02-09 20:38:29",0,1,1,0,0,0,0,259
1250,"0259-08-06 05:02:15",0,1,0,0,0,0,1,259
1251,"0260-01-15 23:59:56",1,0,0,0,0,0,1,260
1252,"0260-07-10 04:44:23",1,0,0,0,0,0,1,260
1253,"0260-01-29 23:39:52",0,1,0,0,1,0,0,260
1254,"0260-06-26 04:18:50",0,1,0,0,1,0,0,260
1255,"0260-07-25 16:35:48",0,1,0,0,1,0,0,260
1256,"0260-12-19 22:43:25",0,1,0,0,0,0,1,260
1257,"0261-01-04 05:18:50",1,0,0,0,1,0,0,261
1258,"0261-06-29 20:24:51",1,0,0,0,1,0,0,261
1259,"0261-12-24 04:49:34",1,0,0,0,0,1,0,261
1260,"0261-06-15 06:08:21",0,1,1,0,0,0,0,261
1261,"0261-12-09 14:24:32",0,1,0,0,0,0,1,261
1262,"0262-05-21 06:02:39",1,0,0,0,0,1,0,262
1263,"0262-06-19 13:34:37",1,0,0,0,0,1,0,262
1264,"0262-11-13 13:53:43",1,0,0,0,0,1,0,262
1265,"0262-06-04 07:31:23",0,1,1,0,0,0,0,262
1266,"0262-11-29 04:02:33",0,1,1,0,0,0,0,262
1267,"0263-05-10 16:55:51",1,0,0,0,1,0,0,263
1268,"0263-11-03 01:17:40",1,0,0,0,0,0,1,263
1269,"0263-05-24 14:57:18",0,1,0,0,0,0,1,263
1270,"0263-11-18 11:27:26",0,1,0,0,1,0,0,263
1271,"0264-04-28 20:34:14",1,0,0,0,0,0,1,264
1272,"0264-10-22 16:47:57",1,0,0,0,0,0,1,264
1273,"0264-04-13 22:01:41",0,1,0,0,1,0,0,264
1274,"0264-05-13 05:06:47",0,1,0,0,1,0,0,264
1275,"0264-10-07 17:15:25",0,1,0,0,1,0,0,264
1276,"0265-04-17 21:01:57",1,0,0,0,0,0,0,265
1277,"0265-10-12 07:47:42",1,0,0,0,1,0,0,265
1278,"0265-04-03 14:44:28",0,1,0,0,0,0,1,265
1279,"0265-09-26 19:44:22",0,1,1,0,0,0,0,265
1280,"0266-03-08 14:20:26",1,0,0,0,1,0,0,266
1281,"0266-09-02 02:54:35",1,0,0,0,0,1,0,266
1282,"0266-03-24 03:28:14",0,1,1,0,0,0,0,266
1283,"0266-09-16 05:37:12",0,1,0,0,0,0,1,266
1284,"0267-02-26 04:28:47",1,0,0,0,0,0,1,267
1285,"0267-08-22 03:36:58",1,0,0,0,0,0,1,267
1286,"0267-03-13 08:57:26",0,1,0,0,1,0,0,267
1287,"0267-09-05 20:58:09",0,1,0,0,0,0,1,267
1288,"0268-02-15 20:47:18",1,0,0,0,0,0,1,268
1289,"0268-08-10 05:01:03",1,0,0,0,0,0,1,268
1290,"0268-01-31 15:46:07",0,1,0,0,1,0,0,268
1291,"0268-07-27 04:21:45",0,1,0,0,0,0,1,268
1292,"0269-02-04 10:36:14",1,0,0,0,0,1,0,269
1293,"0269-07-01 04:16:15",1,0,0,0,0,1,0,269
1294,"0269-07-30 13:06:50",1,0,0,0,0,1,0,269
1295,"0269-12-26 00:13:05",1,0,0,0,0,0,0,269
1296,"0269-01-19 20:40:23",0,1,1,0,0,0,0,269
1297,"0269-07-16 14:04:37",0,1,1,0,0,0,0,269
1298,"0270-06-20 20:51:28",1,0,0,0,1,0,0,270
1299,"0270-12-14 23:13:19",1,0,0,0,0,0,1,270
1300,"0270-01-09 08:35:22",0,1,0,0,0,0,1,270
1301,"0270-07-05 16:51:08",0,1,1,0,0,0,0,270
1302,"0270-12-30 00:09:58",0,1,0,0,1,0,0,270
1303,"0271-06-10 13:36:07",1,0,0,0,0,0,1,271
1304,"0271-12-04 01:42:22",1,0,0,0,0,0,1,271
1305,"0271-05-26 04:28:35",0,1,0,0,1,0,0,271
1306,"0271-06-24 17:35:11",0,1,0,0,1,0,0,271
1307,"0271-11-20 01:34:50",0,1,0,0,1,0,0,271
1308,"0272-05-30 01:56:44",1,0,0,0,1,0,0,272
1309,"0272-11-22 11:30:23",1,0,0,0,1,0,0,272
1310,"0272-05-14 13:56:47",0,1,0,0,0,0,1,272
1311,"0272-11-08 06:52:56",0,1,1,0,0,0,0,272
1312,"0273-04-19 16:13:42",1,0,0,0,0,1,0,273
1313,"0273-10-13 16:08:29",1,0,0,0,0,1,0,273
1314,"0273-05-04 05:21:41",0,1,0,0,0,0,1,273
1315,"0273-10-28 06:27:33",0,1,1,0,0,0,0,273
1316,"0274-04-08 17:06:41",1,0,0,0,0,0,1,274
1317,"0274-10-03 06:13:13",1,0,0,0,0,0,1,274
1318,"0274-04-23 22:29:21",0,1,0,0,0,0,1,274
1319,"0274-10-17 07:23:42",0,1,0,0,0,0,0,274
1320,"0275-03-28 23:38:43",1,0,0,0,0,0,1,275
1321,"0275-09-22 14:16:59",1,0,0,0,0,0,1,275
1322,"0275-03-15 01:03:30",0,1,1,0,0,0,0,275
1323,"0275-09-07 04:40:28",0,1,0,0,1,0,0,275
1324,"0276-03-17 12:55:55",1,0,0,0,0,1,0,276
1325,"0276-09-10 15:40:09",1,0,0,0,0,1,0,276
1326,"0276-03-03 04:27:28",0,1,1,0,0,0,0,276
1327,"0276-08-26 20:52:45",0,1,0,0,0,0,1,276
1328,"0277-02-05 20:06:31",1,0,0,0,1,0,0,277
1329,"0277-08-01 01:55:09",1,0,0,0,0,1,0,277
1330,"0277-02-20 04:09:15",0,1,1,0,0,0,0,277
1331,"0277-08-16 12:45:03",0,1,0,0,0,0,1,277
1332,"0278-01-26 08:20:08",1,0,0,0,0,0,1,278
1333,"0278-07-21 12:09:20",1,0,0,0,0,0,1,278
1334,"0278-02-09 07:41:26",0,1,0,0,1,0,0,278
1335,"0278-08-05 23:46:58",0,1,0,0,1,0,0,278
1336,"0278-12-31 07:33:39",0,1,0,0,0,0,1,278
1337,"0279-01-15 13:21:04",1,0,0,0,1,0,0,279
1338,"0279-07-11 03:58:35",1,0,0,0,1,0,0,279
1339,"0279-06-26 12:33:05",0,1,1,0,0,0,0,279
1340,"0279-12-20 23:18:21",0,1,0,0,0,0,1,279
1341,"0280-01-04 12:48:57",1,0,0,0,0,1,0,280
1342,"0280-05-31 13:18:03",1,0,0,0,0,1,0,280
1343,"0280-06-29 21:00:05",1,0,0,0,0,1,0,280
1344,"0280-11-23 22:25:06",1,0,0,0,0,1,0,280
1345,"0280-06-14 14:07:47",0,1,1,0,0,0,0,280
1346,"0280-12-09 12:43:38",0,1,1,0,0,0,0,280
1347,"0281-05-20 23:47:01",1,0,0,0,1,0,0,281
1348,"0281-11-13 10:04:06",1,0,0,0,0,0,1,281
1349,"0281-06-03 22:03:09",0,1,0,0,0,0,1,281
1350,"0281-11-28 19:44:17",0,1,0,0,1,0,0,281
1351,"0282-05-10 03:05:56",1,0,0,0,0,0,1,282
1352,"0282-11-03 01:34:59",1,0,0,0,0,0,1,282
1353,"0282-04-25 05:42:21",0,1,0,0,1,0,0,282
1354,"0282-05-24 12:33:53",0,1,0,0,1,0,0,282
1355,"0282-10-19 01:02:08",0,1,0,0,1,0,0,282
1356,"0283-04-29 03:42:00",1,0,0,0,1,0,0,283
1357,"0283-10-23 16:18:31",1,0,0,0,1,0,0,283
1358,"0283-04-14 22:25:19",0,1,0,0,0,0,1,283
1359,"0283-10-08 03:43:32",0,1,1,0,0,0,0,283
1360,"0284-03-18 22:06:11",1,0,0,0,0,1,0,284
1361,"0284-09-12 10:19:19",1,0,0,0,0,1,0,284
1362,"0284-04-03 10:54:10",0,1,1,0,0,0,0,284
1363,"0284-09-26 13:51:33",0,1,0,0,0,0,1,284
1364,"0285-03-08 12:38:20",1,0,0,0,0,0,1,285
1365,"0285-09-01 10:41:30",1,0,0,0,0,0,1,285
1366,"0285-03-23 16:05:08",0,1,0,0,1,0,0,285
1367,"0285-09-16 05:13:51",0,1,0,0,0,0,1,285
1368,"0286-02-26 05:06:38",1,0,0,0,0,0,1,286
1369,"0286-08-21 12:12:28",1,0,0,0,0,0,1,286
1370,"0286-02-10 23:30:11",0,1,0,0,1,0,0,286
1371,"0286-08-07 11:52:18",0,1,0,0,0,0,1,286
1372,"0287-02-15 18:48:30",1,0,0,0,0,1,0,287
1373,"0287-07-12 11:41:50",1,0,0,0,0,1,0,287
1374,"0287-08-10 20:37:23",1,0,0,0,0,1,0,287
1375,"0287-01-31 04:56:04",0,1,1,0,0,0,0,287
1376,"0287-07-27 21:01:41",0,1,1,0,0,0,0,287
1377,"0288-01-06 08:16:13",1,0,0,0,0,0,0,288
1378,"0288-07-01 04:21:58",1,0,0,0,1,0,0,288
1379,"0288-12-25 07:18:57",1,0,0,0,0,0,1,288
1380,"0288-01-20 17:15:55",0,1,0,0,0,0,1,288
1381,"0288-07-15 23:22:21",0,1,1,0,0,0,0,288
1382,"0289-06-20 20:56:42",1,0,0,0,0,0,1,289
1383,"0289-12-14 10:08:59",1,0,0,0,0,0,1,289
1384,"0289-01-09 08:59:46",0,1,0,0,1,0,0,289
1385,"0289-06-05 11:13:39",0,1,0,0,1,0,0,289
1386,"0289-07-05 00:11:30",0,1,0,0,1,0,0,289
1387,"0289-11-30 10:08:27",0,1,0,0,1,0,0,289
1388,"0290-06-10 08:52:19",1,0,0,0,1,0,0,290
1389,"0290-12-03 20:18:03",1,0,0,0,1,0,0,290
1390,"0290-05-25 21:11:32",0,1,0,0,0,0,1,290
1391,"0290-11-19 15:01:30",0,1,1,0,0,0,0,290
1392,"0291-04-30 22:48:02",1,0,0,0,0,1,0,291
1393,"0291-05-30 13:36:28",1,0,0,0,0,1,0,291
1394,"0291-10-25 00:48:06",1,0,0,0,0,1,0,291
1395,"0291-05-15 12:53:44",0,1,0,0,0,0,1,291
1396,"0291-11-08 14:23:32",0,1,1,0,0,0,0,291
1397,"0292-04-18 23:58:05",1,0,0,0,1,0,0,292
1398,"0292-10-13 14:32:20",1,0,0,0,0,0,1,292
1399,"0292-05-04 06:02:25",0,1,0,0,0,0,1,292
1400,"0292-10-27 15:30:49",0,1,1,0,0,0,0,292
1401,"0293-04-08 07:03:29",1,0,0,0,0,0,1,293
1402,"0293-10-02 22:04:05",1,0,0,0,0,0,1,293
1403,"0293-03-25 08:27:51",0,1,0,0,1,0,0,293
1404,"0293-09-17 12:51:59",0,1,0,0,1,0,0,293
1405,"0294-03-28 20:48:45",1,0,0,0,1,0,0,294
1406,"0294-09-21 23:01:39",1,0,0,0,0,1,0,294
1407,"0294-03-14 11:38:50",0,1,1,0,0,0,0,294
1408,"0294-09-07 05:00:42",0,1,0,0,0,0,1,294
1409,"0295-02-17 04:29:09",1,0,0,0,1,0,0,295
1410,"0295-08-12 09:07:25",1,0,0,0,0,1,0,295
1411,"0295-03-03 11:31:29",0,1,1,0,0,0,0,295
1412,"0295-08-27 20:33:55",0,1,0,0,0,0,1,295
1413,"0296-02-06 16:31:48",1,0,0,0,0,0,1,296
1414,"0296-07-31 19:40:06",1,0,0,0,0,0,1,296
1415,"0296-02-20 15:35:22",0,1,0,0,1,0,0,296
1416,"0296-08-16 07:02:58",0,1,0,0,1,0,0,296
1417,"0297-01-25 21:16:44",1,0,0,0,1,0,0,297
1418,"0297-07-21 11:36:33",1,0,0,0,0,0,1,297
1419,"0297-01-10 16:21:19",0,1,0,0,0,0,1,297
1420,"0297-07-06 19:00:19",0,1,1,0,0,0,0,297
1421,"0297-12-31 08:09:49",0,1,0,0,0,0,1,297
1422,"0298-01-14 20:44:01",1,0,0,0,0,1,0,298
1423,"0298-06-11 20:32:21",1,0,0,0,0,1,0,298
1424,"0298-07-11 04:28:27",1,0,0,0,0,1,0,298
1425,"0298-12-05 07:00:03",1,0,0,0,0,1,0,298
1426,"0298-06-25 20:48:20",0,1,1,0,0,0,0,298
1427,"0298-12-20 21:24:14",0,1,1,0,0,0,0,298
1428,"0299-06-01 06:34:14",1,0,0,0,1,0,0,299
1429,"0299-11-24 18:54:43",1,0,0,0,0,0,1,299
1430,"0299-06-15 05:10:24",0,1,0,0,0,0,1,299
1431,"0299-12-10 04:02:12",0,1,0,0,1,0,0,299
1432,"0300-05-21 09:33:21",1,0,0,0,0,0,1,300
1433,"0300-11-14 10:26:11",1,0,0,0,0,0,1,300
1434,"0300-05-06 13:18:48",0,1,0,0,1,0,0,300
1435,"0300-06-04 20:00:11",0,1,0,0,1,0,0,300
1436,"0300-10-30 08:56:08",0,1,0,0,1,0,0,300
1437,"0301-05-10 10:18:39",1,0,0,0,1,0,0,301
1438,"0301-11-04 00:54:13",1,0,0,0,1,0,0,301
1439,"0301-04-26 05:59:30",0,1,0,0,0,0,1,301
1440,"0301-10-19 11:51:42",0,1,1,0,0,0,0,301
1441,"0302-03-31 05:46:19",1,0,0,0,0,1,0,302
1442,"0302-09-24 17:50:59",1,0,0,0,0,1,0,302
1443,"0302-04-15 18:12:25",0,1,1,0,0,0,0,302
1444,"0302-10-08 22:13:28",0,1,0,0,0,0,1,302
1445,"0303-03-20 20:41:24",1,0,0,0,0,0,1,303
1446,"0303-09-13 17:54:58",1,0,0,0,1,0,0,303
1447,"0303-04-04 23:04:30",0,1,0,0,1,0,0,303
1448,"0303-09-28 13:37:03",0,1,0,0,0,0,1,303
1449,"0304-03-09 13:16:00",1,0,0,0,0,0,1,304
1450,"0304-09-01 19:34:23",1,0,0,0,0,0,1,304
1451,"0304-02-23 07:05:02",0,1,0,0,1,0,0,304
1452,"0304-08-18 19:28:43",0,1,0,0,1,0,0,304
1453,"0305-02-27 02:49:33",1,0,0,0,0,1,0,305
1454,"0305-08-22 04:18:05",1,0,0,0,1,0,0,305
1455,"0305-02-11 13:03:49",0,1,1,0,0,0,0,305
1456,"0305-08-08 04:04:50",0,1,1,0,0,0,0,305
1457,"0306-01-17 16:11:46",1,0,0,0,0,1,0,306
1458,"0306-07-13 11:56:44",1,0,0,0,1,0,0,306
1459,"0306-02-01 01:49:16",0,1,0,0,0,0,1,306
1460,"0306-07-28 06:00:04",0,1,1,0,0,0,0,306
1461,"0307-01-06 15:21:46",1,0,0,0,0,0,1,307
1462,"0307-07-03 04:16:38",1,0,0,0,0,0,1,307
1463,"0307-12-26 18:36:39",1,0,0,0,0,0,1,307
1464,"0307-01-21 17:44:29",0,1,0,0,1,0,0,307
1465,"0307-07-17 06:51:59",0,1,0,0,1,0,0,307
1466,"0307-12-12 18:43:21",0,1,0,0,1,0,0,307
1467,"0308-06-21 15:44:42",1,0,0,0,1,0,0,308
1468,"0308-12-15 05:07:24",1,0,0,0,1,0,0,308
1469,"0308-06-06 04:24:46",0,1,0,0,0,0,1,308
1470,"0308-11-30 23:12:52",0,1,1,0,0,0,0,308
1471,"0309-05-12 05:15:57",1,0,0,0,0,1,0,309
1472,"0309-06-10 20:02:47",1,0,0,0,0,1,0,309
1473,"0309-11-05 09:34:02",1,0,0,0,0,1,0,309
1474,"0309-05-26 20:22:39",0,1,0,0,0,0,1,309
1475,"0309-11-19 22:25:17",0,1,1,0,0,0,0,309
1476,"0310-05-01 06:46:00",1,0,0,0,1,0,0,310
1477,"0310-10-25 22:56:35",1,0,0,0,0,0,1,310
1478,"0310-05-16 13:31:36",0,1,0,0,0,0,1,310
1479,"0310-11-08 23:44:23",0,1,1,0,0,0,0,310
1480,"0311-04-20 14:25:14",1,0,0,0,0,0,1,311
1481,"0311-10-15 05:57:08",1,0,0,0,0,0,1,311
1482,"0311-04-06 15:44:43",0,1,0,0,1,0,0,311
1483,"0311-09-29 21:11:07",0,1,0,0,1,0,0,311
1484,"0312-04-09 04:35:22",1,0,0,0,1,0,0,312
1485,"0312-10-03 06:31:40",1,0,0,0,0,0,0,312
1486,"0312-03-25 18:40:55",0,1,1,0,0,0,0,312
1487,"0312-09-18 13:15:59",0,1,0,0,0,0,1,312
1488,"0313-02-28 12:43:35",1,0,0,0,1,0,0,313
1489,"0313-08-23 16:29:59",1,0,0,0,0,1,0,313
1490,"0313-03-14 18:46:03",0,1,1,0,0,0,0,313
1491,"0313-09-08 04:30:07",0,1,0,0,0,0,1,313
1492,"0314-02-18 00:34:02",1,0,0,0,0,0,1,314
1493,"0314-08-13 03:20:10",1,0,0,0,0,0,1,314
1494,"0314-03-03 23:22:29",0,1,0,0,1,0,0,314
1495,"0314-08-28 14:26:27",0,1,0,0,1,0,0,314
1496,"0315-02-07 05:03:37",1,0,0,0,1,0,0,315
1497,"0315-08-02 19:19:58",1,0,0,0,0,0,1,315
1498,"0315-01-23 01:03:40",0,1,0,0,0,0,1,315
1499,"0315-07-19 01:32:13",0,1,0,0,1,0,0,315
1500,"0316-01-27 04:32:46",1,0,0,0,0,1,0,316
1501,"0316-06-23 03:45:36",1,0,0,0,0,1,0,316
1502,"0316-07-22 12:00:16",1,0,0,0,0,1,0,316
1503,"0316-12-16 15:34:49",1,0,0,0,0,1,0,316
1504,"0316-01-12 16:56:59",0,1,0,0,0,0,1,316
1505,"0316-07-07 03:33:31",0,1,1,0,0,0,0,316
1506,"0317-06-12 13:18:36",1,0,0,0,1,0,0,317
1507,"0317-12-06 03:47:11",1,0,0,0,0,0,1,317
1508,"0317-01-01 05:59:57",0,1,1,0,0,0,0,317
1509,"0317-06-26 12:21:02",0,1,0,0,0,0,1,317
1510,"0317-12-21 12:17:46",0,1,0,0,1,0,0,317
1511,"0318-06-01 15:57:55",1,0,0,0,0,0,1,318
1512,"0318-11-25 19:20:08",1,0,0,0,0,0,1,318
1513,"0318-05-17 20:51:32",0,1,0,0,1,0,0,318
1514,"0318-06-16 03:27:09",0,1,0,0,1,0,0,318
1515,"0318-11-10 16:56:24",0,1,0,0,1,0,0,318
1516,"0319-05-21 16:52:27",1,0,0,0,1,0,0,319
1517,"0319-11-15 09:34:27",1,0,0,0,1,0,0,319
1518,"0319-05-07 13:27:12",0,1,0,0,0,0,1,319
1519,"0319-10-30 20:08:19",0,1,1,0,0,0,0,319
1520,"0320-04-10 13:18:40",1,0,0,0,0,1,0,320
1521,"0320-05-09 23:04:22",1,0,0,0,0,1,0,320
1522,"0320-10-05 01:31:13",1,0,0,0,0,1,0,320
1523,"0320-04-26 01:20:13",0,1,1,0,0,0,0,320
1524,"0320-10-19 06:44:30",0,1,0,0,0,0,1,320
1525,"0321-03-31 04:36:40",1,0,0,0,0,0,1,321
1526,"0321-09-24 01:18:24",1,0,0,0,1,0,0,321
1527,"0321-04-15 05:54:12",0,1,0,0,1,0,0,321
1528,"0321-10-08 22:08:08",0,1,0,0,0,0,1,321
1529,"0322-03-20 21:17:52",1,0,0,0,0,0,1,322
1530,"0322-09-13 03:06:45",1,0,0,0,0,0,1,322
1531,"0322-03-05 14:33:09",0,1,0,0,1,0,0,322
1532,"0322-08-30 03:11:32",0,1,0,0,1,0,0,322
1533,"0323-03-10 10:42:42",1,0,0,0,0,1,0,323
1534,"0323-09-02 12:06:25",1,0,0,0,1,0,0,323
1535,"0323-02-22 21:06:39",0,1,0,0,0,0,0,323
1536,"0323-08-19 11:12:06",0,1,1,0,0,0,0,323
1537,"0324-01-29 00:02:02",1,0,0,0,0,1,0,324
1538,"0324-07-23 19:35:17",1,0,0,0,1,0,0,324
1539,"0324-02-12 10:17:45",0,1,0,0,0,0,1,324
1540,"0324-08-07 12:43:45",0,1,1,0,0,0,0,324
1541,"0325-01-16 23:19:36",1,0,0,0,0,0,1,325
1542,"0325-07-13 11:39:48",1,0,0,0,0,0,1,325
1543,"0325-02-01 02:22:24",0,1,0,0,1,0,0,325
1544,"0325-07-27 13:40:55",0,1,0,0,1,0,0,325
1545,"0325-12-23 03:15:17",0,1,0,0,1,0,0,325
1546,"0326-01-06 03:01:11",1,0,0,0,0,0,1,326
1547,"0326-07-02 22:38:47",1,0,0,0,1,0,0,326
1548,"0326-12-26 13:54:32",1,0,0,0,1,0,0,326
1549,"0326-06-17 11:41:17",0,1,0,0,0,0,1,326
1550,"0326-12-12 07:22:43",0,1,1,0,0,0,0,326
1551,"0327-05-23 11:41:43",1,0,0,0,0,1,0,327
1552,"0327-06-22 02:29:52",1,0,0,0,0,1,0,327
1553,"0327-11-16 18:23:20",1,0,0,0,0,1,0,327
1554,"0327-06-07 03:51:43",0,1,0,0,0,0,1,327
1555,"0327-12-01 06:29:21",0,1,1,0,0,0,0,327
1556,"0328-05-11 13:29:11",1,0,0,0,1,0,0,328
1557,"0328-11-05 07:26:29",1,0,0,0,0,0,1,328
1558,"0328-05-26 20:55:59",0,1,0,0,0,0,1,328
1559,"0328-11-19 08:03:50",0,1,1,0,0,0,0,328
1560,"0329-04-30 21:41:41",1,0,0,0,0,0,1,329
1561,"0329-10-25 13:57:02",1,0,0,0,0,0,1,329
1562,"0329-04-16 22:50:52",0,1,0,0,1,0,0,329
1563,"0329-05-16 10:16:01",0,1,0,0,1,0,0,329
1564,"0329-10-10 05:39:21",0,1,0,0,1,0,0,329
1565,"0330-04-20 12:16:03",1,0,0,0,1,0,0,330
1566,"0330-10-14 14:11:37",1,0,0,0,0,0,0,330
1567,"0330-04-06 01:33:15",0,1,1,0,0,0,0,330
1568,"0330-09-29 21:40:11",0,1,0,0,0,0,1,330
1569,"0331-03-11 20:48:46",1,0,0,0,1,0,0,331
1570,"0331-09-04 00:01:50",1,0,0,0,0,1,0,331
1571,"0331-03-26 01:52:09",0,1,1,0,0,0,0,331
1572,"0331-09-19 12:33:09",0,1,0,0,0,0,1,331
1573,"0332-02-29 08:26:40",1,0,0,0,0,0,1,332
1574,"0332-08-23 11:08:08",1,0,0,0,0,0,1,332
1575,"0332-03-14 07:02:07",0,1,0,0,1,0,0,332
1576,"0332-09-07 21:56:49",0,1,0,0,1,0,0,332
1577,"0333-02-17 12:41:00",1,0,0,0,0,0,1,333
1578,"0333-08-13 03:09:59",1,0,0,0,0,0,1,333
1579,"0333-02-02 09:40:10",0,1,0,0,0,0,1,333
1580,"0333-07-29 08:10:09",0,1,0,0,1,0,0,333
1581,"0334-02-06 12:15:31",1,0,0,0,0,1,0,334
1582,"0334-07-04 10:59:09",1,0,0,0,0,1,0,334
1583,"0334-08-02 19:35:33",1,0,0,0,0,1,0,334
1584,"0334-12-28 00:09:38",1,0,0,0,0,1,0,334
1585,"0334-01-23 01:39:38",0,1,0,0,0,0,1,334
1586,"0334-07-18 10:24:03",0,1,1,0,0,0,0,334
1587,"0335-06-23 20:02:03",1,0,0,0,1,0,0,335
1588,"0335-12-17 12:40:24",1,0,0,0,0,0,1,335
1589,"0335-01-12 14:32:04",0,1,1,0,0,0,0,335
1590,"0335-07-07 19:35:39",0,1,0,0,0,0,1,335
1591,"0336-06-11 22:20:36",1,0,0,0,0,0,1,336
1592,"0336-12-06 04:15:34",1,0,0,0,0,0,1,336
1593,"0336-01-01 20:30:29",0,1,0,0,1,0,0,336
1594,"0336-05-28 04:21:16",0,1,0,0,1,0,0,336
1595,"0336-06-26 10:55:14",0,1,0,0,1,0,0,336
1596,"0336-11-21 01:01:34",0,1,0,0,1,0,0,336
1597,"0337-05-31 23:26:41",1,0,0,0,1,0,0,337
1598,"0337-11-25 18:15:47",1,0,0,0,1,0,0,337
1599,"0337-05-17 20:50:58",0,1,0,0,0,0,1,337
1600,"0337-11-10 04:30:19",0,1,1,0,0,0,0,337
1601,"0338-04-21 20:47:49",1,0,0,0,0,1,0,338
1602,"0338-05-21 06:08:58",1,0,0,0,0,1,0,338
1603,"0338-10-16 09:18:36",1,0,0,0,0,1,0,338
1604,"0338-05-07 08:23:08",0,1,1,0,0,0,0,338
1605,"0338-10-30 15:22:06",0,1,0,0,0,0,1,338
1606,"0339-04-11 12:25:44",1,0,0,0,0,0,1,339
1607,"0339-10-05 08:50:50",1,0,0,0,1,0,0,339
1608,"0339-04-26 12:36:28",0,1,1,0,0,0,0,339
1609,"0339-10-20 06:46:01",0,1,0,0,0,0,1,339
1610,"0340-03-31 05:10:45",1,0,0,0,0,0,1,340
1611,"0340-09-23 10:50:13",1,0,0,0,0,0,1,340
1612,"0340-03-15 21:52:51",0,1,0,0,1,0,0,340
1613,"0340-09-09 11:01:57",0,1,0,0,1,0,0,340
1614,"0341-03-20 18:23:54",1,0,0,0,0,1,0,341
1615,"0341-09-12 20:06:11",1,0,0,0,1,0,0,341
1616,"0341-03-05 05:00:14",0,1,0,0,0,0,0,341
1617,"0341-08-29 18:28:05",0,1,1,0,0,0,0,341
1618,"0342-02-08 07:42:57",1,0,0,0,0,1,0,342
1619,"0342-08-04 03:19:08",1,0,0,0,1,0,0,342
1620,"0342-02-22 18:38:19",0,1,0,0,0,0,1,342
1621,"0342-08-18 19:34:59",0,1,1,0,0,0,0,342
1622,"0343-01-28 07:12:09",1,0,0,0,0,0,1,343
1623,"0343-07-24 19:05:25",1,0,0,0,0,0,1,343
1624,"0343-02-12 10:53:38",0,1,0,0,1,0,0,343
1625,"0343-08-07 20:37:11",0,1,0,0,1,0,0,343
1626,"0344-01-17 11:22:44",1,0,0,0,0,0,1,344
1627,"0344-07-13 05:32:51",1,0,0,0,1,0,0,344
1628,"0344-01-03 11:44:32",0,1,0,0,1,0,0,344
1629,"0344-06-27 18:58:56",0,1,0,0,0,0,1,344
1630,"0344-12-22 15:32:25",0,1,1,0,0,0,0,344
1631,"0345-01-05 22:40:33",1,0,0,0,1,0,0,345
1632,"0345-06-02 18:05:16",1,0,0,0,0,1,0,345
1633,"0345-07-02 08:58:10",1,0,0,0,0,1,0,345
1634,"0345-11-27 03:15:39",1,0,0,0,0,1,0,345
1635,"0345-06-17 11:20:59",0,1,0,0,0,0,1,345
1636,"0345-12-11 14:35:09",0,1,1,0,0,0,0,345
1637,"0346-05-22 20:12:30",1,0,0,0,1,0,0,346
1638,"0346-11-16 16:00:24",1,0,0,0,0,0,1,346
1639,"0346-06-07 04:19:38",0,1,0,0,0,0,1,346
1640,"0346-11-30 16:27:42",0,1,1,0,0,0,0,346
1641,"0347-05-12 04:56:08",1,0,0,0,0,0,1,347
1642,"0347-11-05 22:02:11",1,0,0,0,0,0,1,347
1643,"0347-04-28 05:50:02",0,1,0,0,1,0,0,347
1644,"0347-05-27 17:17:42",0,1,0,0,1,0,0,347
1645,"0347-10-21 14:14:47",0,1,0,0,1,0,0,347
1646,"0348-04-30 19:52:42",1,0,0,0,1,0,0,348
1647,"0348-10-24 21:58:44",1,0,0,0,0,0,0,348
1648,"0348-04-16 08:18:21",0,1,1,0,0,0,0,348
1649,"0348-10-10 06:11:20",0,1,0,0,0,0,1,348
1650,"0349-03-22 04:44:55",1,0,0,0,0,1,0,349
1651,"0349-04-20 12:58:29",1,0,0,0,0,1,0,349
1652,"0349-09-14 07:44:56",1,0,0,0,0,1,0,349
1653,"0349-04-05 08:51:18",0,1,1,0,0,0,0,349
1654,"0349-09-29 20:43:53",0,1,0,0,0,0,1,349
1655,"0350-03-11 16:09:42",1,0,0,0,0,0,1,350
1656,"0350-09-03 19:04:44",1,0,0,0,0,0,1,350
1657,"0350-03-25 14:36:03",0,1,1,0,0,0,0,350
1658,"0350-09-19 05:33:45",0,1,0,0,1,0,0,350
1659,"0351-02-28 20:08:38",1,0,0,0,0,0,1,351
1660,"0351-08-24 11:07:06",1,0,0,0,0,0,1,351
1661,"0351-02-13 18:09:50",0,1,0,0,0,0,0,351
1662,"0351-08-09 14:55:32",0,1,0,0,1,0,0,351
1663,"0352-02-17 19:48:28",1,0,0,0,0,1,0,352
1664,"0352-08-13 03:16:52",1,0,0,0,1,0,0,352
1665,"0352-02-03 10:14:07",0,1,0,0,0,0,1,352
1666,"0352-07-28 17:22:18",0,1,1,0,0,0,0,352
1667,"0353-01-07 08:41:10",1,0,0,0,0,1,0,353
1668,"0353-07-04 02:46:29",1,0,0,0,1,0,0,353
1669,"0353-12-27 21:31:19",1,0,0,0,0,0,1,353
1670,"0353-01-22 22:56:26",0,1,1,0,0,0,0,353
1671,"0353-07-18 02:56:44",0,1,0,0,0,0,1,353
1672,"0354-06-23 04:44:42",1,0,0,0,0,0,1,354
1673,"0354-12-17 13:11:29",1,0,0,0,0,0,1,354
1674,"0354-01-12 04:36:37",0,1,0,0,1,0,0,354
1675,"0354-06-08 11:50:30",0,1,0,0,1,0,0,354
1676,"0354-07-07 18:27:17",0,1,0,0,1,0,0,354
1677,"0354-12-02 09:10:50",0,1,0,0,1,0,0,354
1678,"0355-06-12 06:00:03",1,0,0,0,1,0,0,355
1679,"0355-12-07 02:59:41",1,0,0,0,1,0,0,355
1680,"0355-05-29 04:09:21",0,1,0,0,0,0,1,355
1681,"0355-11-21 12:59:05",0,1,1,0,0,0,0,355
1682,"0356-05-02 04:11:34",1,0,0,0,0,1,0,356
1683,"0356-05-31 13:11:37",1,0,0,0,0,1,0,356
1684,"0356-10-26 17:13:22",1,0,0,0,0,1,0,356
1685,"0356-05-17 15:18:21",0,1,1,0,0,0,0,356
1686,"0356-11-10 00:06:18",0,1,0,0,0,0,1,356
1687,"0357-04-21 20:08:22",1,0,0,0,1,0,0,357
1688,"0357-10-15 16:33:13",1,0,0,0,1,0,0,357
1689,"0357-05-06 19:11:37",0,1,1,0,0,0,0,357
1690,"0357-10-30 15:30:50",0,1,0,0,0,0,1,357
1691,"0358-04-11 12:57:08",1,0,0,0,0,0,1,358
1692,"0358-10-04 18:42:32",1,0,0,0,0,0,1,358
1693,"0358-03-27 05:06:54",0,1,0,0,1,0,0,358
1694,"0358-09-20 18:58:06",0,1,0,0,1,0,0,358
1695,"0359-04-01 01:57:34",1,0,0,0,1,0,0,359
1696,"0359-09-24 04:14:05",1,0,0,0,1,0,0,359
1697,"0359-03-16 12:49:01",0,1,0,0,0,0,0,359
1698,"0359-09-10 01:49:57",0,1,1,0,0,0,0,359
1699,"0360-02-19 15:15:16",1,0,0,0,0,1,0,360
1700,"0360-08-14 11:09:03",1,0,0,0,0,1,0,360
1701,"0360-09-12 19:21:53",1,0,0,0,0,1,0,360
1702,"0360-03-05 02:51:45",0,1,0,0,0,0,1,360
1703,"0360-08-29 02:34:49",0,1,1,0,0,0,0,360
1704,"0361-02-07 14:57:49",1,0,0,0,0,0,1,361
1705,"0361-08-04 02:36:29",1,0,0,0,0,0,1,361
1706,"0361-02-22 19:16:52",0,1,0,0,0,0,1,361
1707,"0361-08-18 03:43:38",0,1,1,0,0,0,0,361
1708,"0362-01-27 19:38:09",1,0,0,0,0,0,1,362
1709,"0362-07-24 12:31:55",1,0,0,0,0,0,1,362
1710,"0362-01-13 20:06:52",0,1,0,0,1,0,0,362
1711,"0362-07-09 02:22:54",0,1,0,0,0,0,1,362
1712,"0363-01-17 07:22:00",1,0,0,0,1,0,0,363
1713,"0363-07-13 15:29:06",1,0,0,0,0,1,0,363
1714,"0363-12-08 12:08:59",1,0,0,0,0,1,0,363
1715,"0363-01-02 23:37:54",0,1,1,0,0,0,0,363
1716,"0363-06-28 18:51:30",0,1,0,0,0,0,1,363
1717,"0363-12-22 22:40:22",0,1,1,0,0,0,0,363
1718,"0364-06-02 02:54:28",1,0,0,0,1,0,0,364
1719,"0364-11-27 00:36:17",1,0,0,0,0,0,1,364
1720,"0364-06-17 11:41:20",0,1,0,0,0,0,1,364
1721,"0364-12-11 00:52:52",0,1,1,0,0,0,0,364
1722,"0365-05-22 12:08:11",1,0,0,0,0,0,1,365
1723,"0365-11-16 06:12:08",1,0,0,0,0,0,1,365
1724,"0365-05-08 12:40:52",0,1,0,0,1,0,0,365
1725,"0365-06-07 00:15:40",0,1,0,0,1,0,0,365
1726,"0365-10-31 22:57:44",0,1,0,0,1,0,0,365
1727,"0366-05-12 03:25:04",1,0,0,0,1,0,0,366
1728,"0366-11-05 05:52:40",1,0,0,0,1,0,0,366
1729,"0366-04-27 14:55:45",0,1,1,0,0,0,0,366
1730,"0366-10-21 14:49:02",0,1,0,0,0,0,1,366
1731,"0367-04-02 12:32:25",1,0,0,0,0,1,0,367
1732,"0367-05-01 20:34:35",1,0,0,0,0,1,0,367
1733,"0367-09-25 15:37:50",1,0,0,0,0,1,0,367
1734,"0367-04-16 15:44:01",0,1,1,0,0,0,0,367
1735,"0367-10-11 05:01:29",0,1,0,0,0,0,0,367
1736,"0368-03-21 23:41:23",1,0,0,0,0,0,1,368
1737,"0368-09-14 03:10:35",1,0,0,0,1,0,0,368
1738,"0368-04-04 22:02:06",0,1,1,0,0,0,0,368
1739,"0368-09-29 13:18:47",0,1,1,0,0,0,0,368
1740,"0369-03-11 03:26:29",1,0,0,0,0,0,1,369
1741,"0369-09-03 19:11:42",1,0,0,0,0,0,1,369
1742,"0369-02-24 02:32:28",0,1,0,0,1,0,0,369
1743,"0369-08-19 21:49:15",0,1,0,0,1,0,0,369
1744,"0370-02-28 03:14:42",1,0,0,0,0,1,0,370
1745,"0370-08-24 11:04:09",1,0,0,0,1,0,0,370
1746,"0370-02-13 18:42:06",0,1,0,0,0,0,1,370
1747,"0370-08-09 00:28:58",0,1,1,0,0,0,0,370
1748,"0371-01-18 17:10:20",1,0,0,0,0,1,0,371
1749,"0371-07-15 09:31:49",1,0,0,0,1,0,0,371
1750,"0371-02-03 07:14:55",0,1,1,0,0,0,0,371
1751,"0371-07-29 10:23:06",0,1,0,0,0,0,1,371
1752,"0372-01-08 06:20:39",1,0,0,0,0,0,1,372
1753,"0372-07-03 11:10:57",1,0,0,0,0,0,1,372
1754,"0372-12-27 22:04:41",1,0,0,0,0,0,1,372
1755,"0372-01-23 12:37:38",0,1,0,0,1,0,0,372
1756,"0372-06-18 19:19:48",0,1,0,0,1,0,0,372
1757,"0372-07-18 02:03:24",0,1,0,0,1,0,0,372
1758,"0372-12-12 17:20:35",0,1,0,0,1,0,0,372
1759,"0373-06-22 12:37:40",1,0,0,0,1,0,0,373
1760,"0373-12-17 11:41:52",1,0,0,0,1,0,0,373
1761,"0373-06-08 11:26:48",0,1,0,0,0,0,1,373
1762,"0373-12-01 21:30:24",0,1,1,0,0,0,0,373
1763,"0374-05-13 11:34:05",1,0,0,0,0,1,0,374
1764,"0374-06-11 20:17:04",1,0,0,0,0,1,0,374
1765,"0374-11-07 01:12:22",1,0,0,0,0,1,0,374
1766,"0374-05-28 22:10:47",0,1,1,0,0,0,0,374
1767,"0374-11-21 08:53:44",0,1,0,0,0,0,1,374
1768,"0375-05-03 03:46:49",1,0,0,0,1,0,0,375
1769,"0375-10-27 00:23:26",1,0,0,0,1,0,0,375
1770,"0375-05-18 01:42:28",0,1,1,0,0,0,0,375
1771,"0375-11-11 00:20:21",0,1,0,0,0,0,1,375
1772,"0376-04-21 20:34:32",1,0,0,0,0,0,1,376
1773,"0376-10-15 02:45:37",1,0,0,0,0,0,1,376
1774,"0376-04-06 12:12:12",0,1,0,0,1,0,0,376
1775,"0376-05-06 02:16:42",0,1,0,0,1,0,0,376
1776,"0376-10-01 03:02:47",0,1,0,0,1,0,0,376
1777,"0377-04-11 09:20:45",1,0,0,0,1,0,0,377
1778,"0377-10-04 12:32:15",1,0,0,0,1,0,0,377
1779,"0377-03-26 20:29:33",0,1,0,0,0,0,1,377
1780,"0377-09-20 09:21:00",0,1,1,0,0,0,0,377
1781,"0378-03-01 22:37:21",1,0,0,0,0,1,0,378
1782,"0378-08-25 19:06:39",1,0,0,0,0,1,0,378
1783,"0378-09-24 03:42:13",1,0,0,0,0,1,0,378
1784,"0378-03-16 10:57:20",0,1,0,0,0,0,1,378
1785,"0378-09-09 09:44:43",0,1,1,0,0,0,0,378
1786,"0379-02-18 22:36:17",1,0,0,0,1,0,0,379
1787,"0379-08-15 10:11:41",1,0,0,0,0,0,1,379
1788,"0379-03-06 03:31:51",0,1,0,0,0,0,1,379
1789,"0379-08-29 10:59:03",0,1,1,0,0,0,0,379
1790,"0380-02-08 03:49:05",1,0,0,0,0,0,1,380
1791,"0380-08-03 19:34:20",1,0,0,0,0,0,1,380
1792,"0380-01-25 04:24:13",0,1,0,0,1,0,0,380
1793,"0380-07-19 09:51:02",0,1,0,0,1,0,0,380
1794,"0381-01-27 15:58:38",1,0,0,0,1,0,0,381
1795,"0381-07-23 22:04:43",1,0,0,0,0,1,0,381
1796,"0381-12-18 21:02:40",1,0,0,0,0,1,0,381
1797,"0381-01-13 07:38:40",0,1,1,0,0,0,0,381
1798,"0381-07-09 02:25:00",0,1,0,0,0,0,1,381
1799,"0382-06-13 09:38:29",1,0,0,0,1,0,0,382
1800,"0382-12-08 09:12:59",1,0,0,0,0,0,1,382
1801,"0382-01-02 06:44:27",0,1,1,0,0,0,0,382
1802,"0382-06-28 19:03:35",0,1,0,0,0,0,1,382
1803,"0382-12-22 09:19:04",0,1,1,0,0,0,0,382
1804,"0383-06-02 19:20:47",1,0,0,0,0,0,1,383
1805,"0383-11-27 14:24:07",1,0,0,0,0,0,1,383
1806,"0383-05-19 19:27:08",0,1,0,0,1,0,0,383
1807,"0383-06-18 07:12:03",0,1,0,0,1,0,0,383
1808,"0383-11-12 07:45:31",0,1,0,0,1,0,0,383
1809,"0384-05-22 10:54:51",1,0,0,0,1,0,0,384
1810,"0384-11-15 13:51:48",1,0,0,0,1,0,0,384
1811,"0384-05-07 21:27:12",0,1,1,0,0,0,0,384
1812,"0384-10-31 23:32:39",0,1,0,0,0,0,1,384
1813,"0385-04-12 20:12:24",1,0,0,0,0,1,0,385
1814,"0385-05-12 04:06:55",1,0,0,0,0,1,0,385
1815,"0385-10-05 23:40:23",1,0,0,0,0,1,0,385
1816,"0385-04-26 22:32:39",0,1,1,0,0,0,0,385
1817,"0385-10-21 13:24:46",0,1,0,0,0,0,0,385
1818,"0386-04-02 07:04:14",1,0,0,0,1,0,0,386
1819,"0386-09-25 11:25:44",1,0,0,0,1,0,0,386
1820,"0386-04-16 05:24:19",0,1,0,0,0,0,0,386
1821,"0386-10-10 21:10:55",0,1,1,0,0,0,0,386
1822,"0387-03-22 10:33:56",1,0,0,0,0,0,1,387
1823,"0387-09-15 03:24:12",1,0,0,0,0,0,1,387
1824,"0387-03-07 10:47:07",0,1,0,0,1,0,0,387
1825,"0387-04-05 19:01:06",0,1,0,0,1,0,0,387
1826,"0387-08-31 04:52:05",0,1,0,0,1,0,0,387
1827,"0388-03-10 10:31:13",1,0,0,0,0,0,0,388
1828,"0388-09-03 18:59:13",1,0,0,0,1,0,0,388
1829,"0388-02-25 03:00:54",0,1,0,0,0,0,1,388
1830,"0388-08-19 07:45:50",0,1,1,0,0,0,0,388
1831,"0389-01-29 01:32:34",1,0,0,0,0,1,0,389
1832,"0389-07-25 16:21:45",1,0,0,0,0,1,0,389
1833,"0389-02-13 15:22:29",0,1,1,0,0,0,0,389
1834,"0389-08-08 17:58:35",0,1,0,0,0,0,1,389
1835,"0390-01-18 15:05:26",1,0,0,0,0,0,1,390
1836,"0390-07-14 17:40:29",1,0,0,0,0,0,1,390
1837,"0390-02-02 20:30:05",0,1,0,0,1,0,0,390
1838,"0390-07-29 09:44:17",0,1,0,0,0,0,1,390
1839,"0390-12-24 01:31:00",0,1,0,0,1,0,0,390
1840,"0391-01-08 06:55:25",1,0,0,0,0,0,1,391
1841,"0391-07-03 19:17:55",1,0,0,0,0,0,1,391
1842,"0391-12-28 20:22:33",1,0,0,0,1,0,0,391
1843,"0391-06-19 18:41:43",0,1,0,0,0,0,1,391
1844,"0391-12-13 06:04:38",0,1,1,0,0,0,0,391
1845,"0392-05-23 18:53:04",1,0,0,0,0,1,0,392
1846,"0392-06-22 03:23:23",1,0,0,0,0,1,0,392
1847,"0392-11-17 09:17:10",1,0,0,0,0,1,0,392
1848,"0392-06-08 04:57:58",0,1,1,0,0,0,0,392
1849,"0392-12-01 17:45:26",0,1,0,0,0,0,1,392
1850,"0393-05-13 11:21:26",1,0,0,0,1,0,0,393
1851,"0393-11-06 08:20:29",1,0,0,0,1,0,0,393
1852,"0393-05-28 08:09:47",0,1,1,0,0,0,0,393
1853,"0393-11-21 09:13:26",0,1,0,0,0,0,1,393
1854,"0394-05-03 04:07:30",1,0,0,0,0,0,1,394
1855,"0394-10-26 10:56:59",1,0,0,0,0,0,1,394
1856,"0394-04-17 19:13:57",0,1,0,0,1,0,0,394
1857,"0394-05-17 08:51:57",0,1,0,0,1,0,0,394
1858,"0394-10-12 11:13:50",0,1,0,0,1,0,0,394
1859,"0395-04-22 16:36:19",1,0,0,0,1,0,0,395
1860,"0395-10-15 20:58:09",1,0,0,0,1,0,0,395
1861,"0395-04-07 04:05:08",0,1,0,0,0,0,1,395
1862,"0395-10-01 16:58:41",0,1,1,0,0,0,0,395
1863,"0396-03-12 05:50:43",1,0,0,0,0,1,0,396
1864,"0396-09-05 03:11:24",1,0,0,0,0,1,0,396
1865,"0396-10-04 12:10:08",1,0,0,0,0,1,0,396
1866,"0396-03-26 18:56:17",0,1,0,0,0,0,1,396
1867,"0396-09-19 17:03:54",0,1,1,0,0,0,0,396
1868,"0397-03-01 06:06:25",1,0,0,0,1,0,0,397
1869,"0397-08-25 17:54:13",1,0,0,0,0,0,1,397
1870,"0397-03-16 11:38:09",0,1,0,0,0,0,1,397
1871,"0397-09-08 18:25:52",0,1,1,0,0,0,0,397
1872,"0398-02-18 11:53:01",1,0,0,0,0,0,1,398
1873,"0398-08-15 02:41:59",1,0,0,0,0,0,1,398
1874,"0398-02-04 12:32:44",0,1,0,0,1,0,0,398
1875,"0398-07-30 17:25:42",0,1,0,0,1,0,0,398
1876,"0399-02-08 00:28:52",1,0,0,0,1,0,0,399
1877,"0399-08-04 04:46:13",1,0,0,0,0,1,0,399
1878,"0399-12-30 05:53:05",1,0,0,0,0,1,0,399
1879,"0399-01-24 15:32:17",0,1,1,0,0,0,0,399
1880,"0399-07-20 10:02:21",0,1,0,0,0,0,1,399
1881,"0400-06-23 16:24:34",1,0,0,0,1,0,0,400
1882,"0400-12-18 17:48:16",1,0,0,0,0,0,1,400
1883,"0400-01-13 14:43:21",0,1,1,0,0,0,0,400
1884,"0400-07-09 02:26:53",0,1,0,0,0,0,1,400
1885,"0401-06-13 02:34:30",1,0,0,0,0,0,1,401
1886,"0401-12-07 22:36:36",1,0,0,0,0,0,1,401
1887,"0401-01-01 17:43:06",0,1,1,0,0,0,0,401
1888,"0401-05-30 02:08:41",0,1,0,0,1,0,0,401
1889,"0401-06-28 14:08:14",0,1,0,0,1,0,0,401
1890,"0401-11-22 16:37:10",0,1,0,0,1,0,0,401
1891,"0402-06-02 18:23:38",1,0,0,0,1,0,0,402
1892,"0402-11-26 21:55:48",1,0,0,0,1,0,0,402
1893,"0402-05-19 03:54:40",0,1,1,0,0,0,0,402
1894,"0402-11-12 08:21:44",0,1,0,0,0,0,1,402
1895,"0403-04-24 03:43:42",1,0,0,0,0,1,0,403
1896,"0403-05-23 11:33:35",1,0,0,0,0,1,0,403
1897,"0403-10-17 07:52:34",1,0,0,0,0,1,0,403
1898,"0403-05-08 05:15:52",0,1,1,0,0,0,0,403
1899,"0403-11-01 21:54:25",0,1,0,0,0,0,0,403
1900,"0404-04-12 14:17:08",1,0,0,0,1,0,0,404
1901,"0404-10-05 19:49:52",1,0,0,0,1,0,0,404
1902,"0404-04-26 12:41:03",0,1,0,0,0,0,1,404
1903,"0404-10-21 05:10:17",0,1,1,0,0,0,0,404
1904,"0405-04-01 17:32:13",1,0,0,0,0,0,1,405
1905,"0405-09-25 11:45:01",1,0,0,0,0,0,1,405
1906,"0405-03-17 18:54:12",0,1,0,0,1,0,0,405
1907,"0405-04-16 02:44:14",0,1,0,0,1,0,0,405
1908,"0405-09-10 12:05:15",0,1,0,0,1,0,0,405
1909,"0406-03-21 17:41:40",1,0,0,0,1,0,0,406
1910,"0406-09-15 02:59:47",1,0,0,0,1,0,0,406
1911,"0406-03-07 11:12:43",0,1,0,0,0,0,1,406
1912,"0406-08-30 15:10:59",0,1,1,0,0,0,0,406
1913,"0407-02-09 09:50:49",1,0,0,0,0,1,0,407
1914,"0407-08-05 23:15:44",1,0,0,0,0,1,0,407
1915,"0407-02-24 23:22:54",0,1,1,0,0,0,0,407
1916,"0407-08-20 01:41:23",0,1,0,0,0,0,1,407
1917,"0408-01-29 23:44:46",1,0,0,0,0,0,1,408
1918,"0408-07-25 00:15:47",1,0,0,0,0,0,1,408
1919,"0408-02-14 04:13:36",0,1,0,0,1,0,0,408
1920,"0408-08-08 17:31:43",0,1,0,0,0,0,1,408
1921,"0409-01-18 15:40:32",1,0,0,0,0,0,1,409
1922,"0409-07-14 02:05:31",1,0,0,0,0,0,1,409
1923,"0409-01-03 09:38:29",0,1,0,0,1,0,0,409
1924,"0409-06-30 01:58:33",0,1,0,0,0,0,1,409
1925,"0409-12-23 14:37:11",0,1,1,0,0,0,0,409
1926,"0410-01-08 04:57:33",1,0,0,0,1,0,0,410
1927,"0410-06-04 02:13:51",1,0,0,0,0,1,0,410
1928,"0410-07-03 10:35:42",1,0,0,0,0,1,0,410
1929,"0410-11-28 17:23:45",1,0,0,0,0,1,0,410
1930,"0410-06-19 11:45:42",0,1,1,0,0,0,0,410
1931,"0410-12-13 02:37:32",0,1,0,0,0,0,1,410
1932,"0411-05-24 18:52:27",1,0,0,0,1,0,0,411
1933,"0411-11-17 16:23:28",1,0,0,0,1,0,0,411
1934,"0411-06-08 14:34:12",0,1,1,0,0,0,0,411
1935,"0411-12-02 18:09:04",0,1,0,0,0,0,1,411
1936,"0412-05-13 11:33:44",1,0,0,0,0,0,1,412
1937,"0412-11-05 19:16:08",1,0,0,0,0,0,1,412
1938,"0412-04-28 02:09:24",0,1,0,0,1,0,0,412
1939,"0412-05-27 15:24:11",0,1,0,0,1,0,0,412
1940,"0412-10-22 19:31:59",0,1,0,0,1,0,0,412
1941,"0413-05-02 23:43:09",1,0,0,0,1,0,0,413
1942,"0413-10-26 05:32:54",1,0,0,0,1,0,0,413
1943,"0413-04-17 11:33:48",0,1,0,0,0,0,1,413
1944,"0413-10-12 00:45:25",0,1,1,0,0,0,0,413
1945,"0414-03-23 12:54:18",1,0,0,0,0,1,0,414
1946,"0414-09-16 11:23:13",1,0,0,0,0,1,0,414
1947,"0414-10-15 20:45:24",1,0,0,0,0,1,0,414
1948,"0414-04-07 02:48:09",0,1,0,0,0,0,1,414
1949,"0414-10-01 00:32:06",0,1,1,0,0,0,0,414
1950,"0415-03-12 13:29:17",1,0,0,0,1,0,0,415
1951,"0415-09-06 01:42:41",1,0,0,0,1,0,0,415
1952,"0415-03-27 19:36:28",0,1,0,0,0,0,1,415
1953,"0415-09-20 02:02:35",0,1,1,0,0,0,0,415
1954,"0416-02-29 19:49:31",1,0,0,0,0,0,1,416
1955,"0416-08-25 09:55:57",1,0,0,0,0,0,1,416
1956,"0416-02-15 20:32:13",0,1,0,0,1,0,0,416
1957,"0416-08-10 01:07:07",0,1,0,0,1,0,0,416
1958,"0416-09-08 10:40:10",0,1,0,0,1,0,0,416
1959,"0417-02-18 08:52:54",1,0,0,0,1,0,0,417
1960,"0417-08-14 11:34:34",1,0,0,0,0,0,0,417
1961,"0417-02-03 23:18:54",0,1,1,0,0,0,0,417
1962,"0417-07-30 17:44:39",0,1,0,0,0,0,1,417
1963,"0418-01-09 14:40:15",1,0,0,0,0,1,0,418
1964,"0418-07-04 23:15:58",1,0,0,0,0,1,0,418
1965,"0418-12-30 02:21:31",1,0,0,0,0,0,1,418
1966,"0418-01-23 22:37:57",0,1,1,0,0,0,0,418
1967,"0418-07-20 09:53:27",0,1,0,0,0,0,1,418
1968,"0419-06-24 09:50:01",1,0,0,0,0,0,1,419
1969,"0419-12-19 06:48:38",1,0,0,0,0,0,1,419
1970,"0419-01-13 02:05:20",0,1,1,0,0,0,0,419
1971,"0419-07-09 21:04:26",0,1,0,0,1,0,0,419
1972,"0419-12-04 01:31:35",0,1,0,0,1,0,0,419
1973,"0420-06-13 01:52:35",1,0,0,0,1,0,0,420
1974,"0420-12-07 06:00:30",1,0,0,0,1,0,0,420
1975,"0420-05-29 10:19:33",0,1,1,0,0,0,0,420
1976,"0420-11-22 17:13:18",0,1,0,0,0,0,1,420
1977,"0421-05-04 11:09:22",1,0,0,0,0,1,0,421
1978,"0421-06-02 18:59:11",1,0,0,0,0,1,0,421
1979,"0421-10-27 16:12:54",1,0,0,0,0,1,0,421
1980,"0421-05-18 11:58:09",0,1,1,0,0,0,0,421
1981,"0421-11-12 06:27:59",0,1,1,0,0,0,0,421
1982,"0422-04-23 21:22:28",1,0,0,0,1,0,0,422
1983,"0422-10-17 04:21:14",1,0,0,0,1,0,0,422
1984,"0422-05-07 19:55:37",0,1,0,0,0,0,1,422
1985,"0422-11-01 13:14:23",0,1,1,0,0,0,0,422
1986,"0423-04-13 00:21:39",1,0,0,0,0,0,1,423
1987,"0423-10-06 20:13:33",1,0,0,0,0,0,1,423
1988,"0423-03-29 02:53:51",0,1,0,0,1,0,0,423
1989,"0423-04-27 10:22:19",0,1,0,0,1,0,0,423
1990,"0423-09-21 19:28:26",0,1,0,0,1,0,0,423
1991,"0424-04-01 00:41:57",1,0,0,0,1,0,0,424
1992,"0424-09-25 11:09:22",1,0,0,0,1,0,0,424
1993,"0424-03-17 19:13:31",0,1,0,0,0,0,1,424
1994,"0424-09-09 22:48:04",0,1,1,0,0,0,0,424
1995,"0425-02-19 18:00:54",1,0,0,0,0,1,0,425
1996,"0425-08-16 06:16:26",1,0,0,0,0,1,0,425
1997,"0425-03-07 07:11:48",0,1,1,0,0,0,0,425
1998,"0425-08-30 09:33:50",0,1,0,0,0,0,1,425
1999,"0426-02-09 08:17:18",1,0,0,0,0,0,1,426
2000,"0426-08-05 06:57:55",1,0,0,0,1,0,0,426
2001,"0426-02-24 11:47:02",0,1,0,0,1,0,0,426
2002,"0426-08-20 01:26:11",0,1,0,0,0,0,1,426
2003,"0427-01-30 00:20:32",1,0,0,0,0,0,1,427
2004,"0427-07-25 08:57:50",1,0,0,0,0,0,1,427
2005,"0427-01-14 17:43:46",0,1,0,0,1,0,0,427
2006,"0427-07-11 09:14:29",0,1,0,0,0,0,1,427
2007,"0428-01-19 13:28:27",1,0,0,0,1,0,0,428
2008,"0428-06-14 09:33:57",1,0,0,0,0,1,0,428
2009,"0428-07-13 17:51:47",1,0,0,0,1,0,0,428
2010,"0428-12-09 01:31:48",1,0,0,0,0,1,0,428
2011,"0428-01-03 23:10:02",0,1,1,0,0,0,0,428
2012,"0428-06-29 18:31:29",0,1,1,0,0,0,0,428
2013,"0428-12-23 11:29:38",0,1,0,0,0,0,1,428
2014,"0429-06-04 02:22:24",1,0,0,0,1,0,0,429
2015,"0429-11-28 00:31:00",1,0,0,0,1,0,0,429
2016,"0429-06-18 20:58:50",0,1,1,0,0,0,0,429
2017,"0429-12-13 03:05:52",0,1,0,0,0,0,1,429
2018,"0430-05-24 18:56:46",1,0,0,0,0,0,1,430
2019,"0430-11-17 03:40:30",1,0,0,0,0,0,1,430
2020,"0430-05-09 09:03:03",0,1,0,0,1,0,0,430
2021,"0430-06-07 21:57:14",0,1,0,0,1,0,0,430
2022,"0430-11-03 03:54:08",0,1,0,0,1,0,0,430
2023,"0431-05-14 06:44:43",1,0,0,0,1,0,0,431
2024,"0431-11-06 14:13:15",1,0,0,0,1,0,0,431
2025,"0431-04-28 18:59:36",0,1,0,0,0,0,1,431
2026,"0431-10-23 08:37:54",0,1,1,0,0,0,0,431
2027,"0432-04-02 19:48:50",1,0,0,0,0,1,0,432
2028,"0432-05-02 11:16:42",1,0,0,0,0,1,0,432
2029,"0432-09-26 19:43:04",1,0,0,0,0,1,0,432
2030,"0432-10-26 05:27:20",1,0,0,0,0,1,0,432
2031,"0432-04-17 10:33:47",0,1,0,0,0,0,1,432
2032,"0432-10-11 08:09:44",0,1,1,0,0,0,0,432
2033,"0433-03-22 20:44:40",1,0,0,0,1,0,0,433
2034,"0433-09-16 09:38:22",1,0,0,0,1,0,0,433
2035,"0433-04-07 03:27:15",0,1,0,0,0,0,1,433
2036,"0433-09-30 09:49:17",0,1,1,0,0,0,0,433
2037,"0434-03-12 03:39:09",1,0,0,0,0,0,1,434
2038,"0434-09-05 17:17:29",1,0,0,0,0,0,1,434
2039,"0434-02-26 04:21:37",0,1,0,0,1,0,0,434
2040,"0434-08-21 08:57:12",0,1,0,0,1,0,0,434
2041,"0434-09-19 18:43:20",0,1,0,0,1,0,0,434
2042,"0435-03-01 17:08:46",1,0,0,0,1,0,0,435
2043,"0435-08-25 18:31:01",1,0,0,0,1,0,0,435
2044,"0435-02-15 06:55:51",0,1,1,0,0,0,0,435
2045,"0435-08-11 01:32:28",0,1,0,0,0,0,1,435
2046,"0436-01-20 23:21:32",1,0,0,0,0,1,0,436
2047,"0436-02-19 09:26:14",1,0,0,0,0,1,0,436
2048,"0436-07-15 06:13:05",1,0,0,0,0,1,0,436
2049,"0436-02-04 06:25:17",0,1,1,0,0,0,0,436
2050,"0436-07-30 17:24:06",0,1,0,0,0,0,1,436
2051,"0437-01-09 10:48:48",1,0,0,0,0,0,1,437
2052,"0437-07-04 17:09:59",1,0,0,0,0,0,1,437
2053,"0437-12-29 14:58:12",1,0,0,0,0,0,1,437
2054,"0437-01-23 10:21:31",0,1,1,0,0,0,0,437
2055,"0437-07-20 04:03:58",0,1,0,0,1,0,0,437
2056,"0437-12-14 10:27:14",0,1,0,0,1,0,0,437
2057,"0438-06-24 09:21:53",1,0,0,0,0,0,1,438
2058,"0438-12-18 14:06:48",1,0,0,0,1,0,0,438
2059,"0438-06-09 16:42:37",0,1,1,0,0,0,0,438
2060,"0438-12-04 02:07:32",0,1,0,0,0,0,1,438
2061,"0439-05-15 18:28:35",1,0,0,0,0,1,0,439
2062,"0439-06-14 02:21:58",1,0,0,0,0,1,0,439
2063,"0439-11-08 00:40:53",1,0,0,0,0,1,0,439
2064,"0439-12-07 15:45:45",1,0,0,0,0,1,0,439
2065,"0439-05-29 18:38:22",0,1,1,0,0,0,0,439
2066,"0439-11-23 15:05:18",0,1,1,0,0,0,0,439
2067,"0440-05-04 04:18:49",1,0,0,0,1,0,0,440
2068,"0440-10-27 13:00:43",1,0,0,0,1,0,0,440
2069,"0440-05-18 03:06:41",0,1,0,0,0,0,1,440
2070,"0440-11-11 21:24:09",0,1,1,0,0,0,0,440
2071,"0441-04-23 07:04:08",1,0,0,0,0,0,1,441
2072,"0441-10-17 04:48:40",1,0,0,0,0,0,1,441
2073,"0441-04-08 10:47:07",0,1,0,0,1,0,0,441
2074,"0441-05-07 17:57:02",0,1,0,0,1,0,0,441
2075,"0441-10-02 03:00:56",0,1,0,0,1,0,0,441
2076,"0442-04-12 07:37:47",1,0,0,0,1,0,0,442
2077,"0442-10-06 19:25:03",1,0,0,0,1,0,0,442
2078,"0442-03-29 03:07:39",0,1,0,0,0,0,1,442
2079,"0442-09-21 06:34:24",0,1,1,0,0,0,0,442
2080,"0443-03-03 02:04:49",1,0,0,0,0,1,0,443
2081,"0443-04-01 13:10:43",1,0,0,0,0,1,0,443
2082,"0443-08-27 13:22:52",1,0,0,0,0,1,0,443
2083,"0443-03-18 14:51:32",0,1,1,0,0,0,0,443
2084,"0443-09-10 17:34:20",0,1,0,0,0,0,1,443
2085,"0444-02-20 16:43:04",1,0,0,0,0,0,1,444
2086,"0444-08-15 13:48:17",1,0,0,0,1,0,0,444
2087,"0444-03-06 19:10:50",0,1,0,0,0,0,0,444
2088,"0444-08-30 09:28:19",0,1,0,0,0,0,1,444
2089,"0445-02-09 08:51:50",1,0,0,0,0,0,1,445
2090,"0445-08-04 15:59:52",1,0,0,0,0,0,1,445
2091,"0445-01-25 01:42:10",0,1,0,0,1,0,0,445
2092,"0445-07-21 16:34:50",0,1,0,0,1,0,0,445
2093,"0446-01-29 21:51:16",1,0,0,0,1,0,0,446
2094,"0446-07-25 01:14:21",1,0,0,0,1,0,0,446
2095,"0446-12-20 09:38:11",1,0,0,0,0,1,0,446
2096,"0446-01-14 07:38:27",0,1,1,0,0,0,0,446
2097,"0446-07-11 01:19:01",0,1,1,0,0,0,0,446
2098,"0447-06-15 09:51:21",1,0,0,0,1,0,0,447
2099,"0447-12-09 08:39:59",1,0,0,0,1,0,0,447
2100,"0447-01-03 20:19:05",0,1,0,0,0,0,1,447
2101,"0447-06-30 03:24:12",0,1,1,0,0,0,0,447
2102,"0447-12-24 12:00:41",0,1,0,0,0,0,1,447
2103,"0448-06-04 02:15:17",1,0,0,0,0,0,1,448
2104,"0448-11-27 12:09:45",1,0,0,0,0,0,1,448
2105,"0448-06-18 04:30:45",0,1,0,0,1,0,0,448
2106,"0448-11-13 12:21:28",0,1,0,0,1,0,0,448
2107,"0449-05-24 13:40:28",1,0,0,0,1,0,0,449
2108,"0449-11-16 22:58:50",1,0,0,0,1,0,0,449
2109,"0449-05-09 02:21:14",0,1,0,0,0,0,1,449
2110,"0449-11-02 16:36:32",0,1,1,0,0,0,0,449
2111,"0450-04-14 02:35:12",1,0,0,0,0,1,0,450
2112,"0450-05-13 17:50:37",1,0,0,0,0,1,0,450
2113,"0450-10-08 04:10:22",1,0,0,0,0,1,0,450
2114,"0450-11-06 14:15:27",1,0,0,0,0,1,0,450
2115,"0450-04-28 18:14:10",0,1,0,0,0,0,1,450
2116,"0450-10-22 15:56:01",0,1,1,0,0,0,0,450
2117,"0451-04-03 03:52:05",1,0,0,0,1,0,0,451
2118,"0451-09-27 17:41:03",1,0,0,0,1,0,0,451
2119,"0451-04-18 11:09:30",0,1,0,0,0,0,1,451
2120,"0451-10-11 17:46:03",0,1,1,0,0,0,0,451
2121,"0452-03-22 11:21:45",1,0,0,0,0,0,1,452
2122,"0452-09-16 00:46:31",1,0,0,0,0,0,1,452
2123,"0452-03-08 12:01:13",0,1,0,0,1,0,0,452
2124,"0452-08-31 16:55:22",0,1,0,0,1,0,0,452
2125,"0452-09-30 02:56:00",0,1,0,0,1,0,0,452
2126,"0453-03-12 01:17:37",1,0,0,0,1,0,0,453
2127,"0453-09-05 01:36:24",1,0,0,0,1,0,0,453
2128,"0453-02-25 14:23:48",0,1,1,0,0,0,0,453
2129,"0453-08-21 09:27:09",0,1,0,0,0,0,1,453
2130,"0454-01-31 07:57:41",1,0,0,0,0,1,0,454
2131,"0454-03-01 17:46:43",1,0,0,0,0,1,0,454
2132,"0454-07-26 13:16:18",1,0,0,0,0,1,0,454
2133,"0454-02-14 14:07:11",0,1,1,0,0,0,0,454
2134,"0454-08-11 00:58:29",0,1,0,0,0,0,1,454
2135,"0455-01-20 19:11:23",1,0,0,0,0,0,1,455
2136,"0455-07-16 00:34:26",1,0,0,0,0,0,1,455
2137,"0455-02-03 18:33:59",0,1,1,0,0,0,0,455
2138,"0455-07-31 11:06:27",0,1,0,0,1,0,0,455
2139,"0455-12-25 19:21:21",0,1,0,0,1,0,0,455
2140,"0456-01-09 23:02:28",1,0,0,0,0,0,1,456
2141,"0456-07-04 16:54:07",1,0,0,0,0,0,1,456
2142,"0456-12-28 22:10:28",1,0,0,0,1,0,0,456
2143,"0456-01-24 06:06:15",0,1,0,0,1,0,0,456
2144,"0456-06-19 23:06:42",0,1,0,0,1,0,0,456
2145,"0456-12-14 11:01:14",0,1,0,0,0,0,1,456
2146,"0457-05-26 01:44:46",1,0,0,0,0,1,0,457
2147,"0457-06-24 09:46:12",1,0,0,0,0,1,0,457
2148,"0457-11-18 09:12:56",1,0,0,0,0,1,0,457
2149,"0457-12-18 00:09:17",1,0,0,0,0,1,0,457
2150,"0457-06-09 01:21:00",0,1,1,0,0,0,0,457
2151,"0457-12-03 23:42:17",0,1,1,0,0,0,0,457
2152,"0458-05-15 11:10:07",1,0,0,0,1,0,0,458
2153,"0458-11-07 21:45:50",1,0,0,0,1,0,0,458
2154,"0458-05-29 10:18:30",0,1,0,0,0,0,1,458
2155,"0458-11-23 05:36:27",0,1,1,0,0,0,0,458
2156,"0459-05-04 13:38:17",1,0,0,0,0,0,1,459
2157,"0459-10-28 13:30:45",1,0,0,0,0,0,1,459
2158,"0459-04-19 18:32:38",0,1,0,0,1,0,0,459
2159,"0459-05-19 01:27:19",0,1,0,0,1,0,0,459
2160,"0459-10-13 10:43:28",0,1,0,0,1,0,0,459
2161,"0460-04-22 14:25:35",1,0,0,0,1,0,0,460
2162,"0460-10-17 03:48:17",1,0,0,0,1,0,0,460
2163,"0460-04-08 10:51:30",0,1,0,0,0,0,1,460
2164,"0460-10-01 14:31:51",0,1,1,0,0,0,0,460
2165,"0461-03-13 10:00:03",1,0,0,0,0,1,0,461
2166,"0461-04-11 20:32:07",1,0,0,0,0,1,0,461
2167,"0461-09-06 20:38:04",1,0,0,0,0,1,0,461
2168,"0461-10-06 12:20:17",1,0,0,0,0,1,0,461
2169,"0461-03-28 22:19:49",0,1,1,0,0,0,0,461
2170,"0461-09-21 01:45:07",0,1,0,0,0,0,1,461
2171,"0462-03-03 01:01:24",1,0,0,0,1,0,0,462
2172,"0462-08-26 20:46:03",1,0,0,0,1,0,0,462
2173,"0462-03-18 02:24:35",0,1,1,0,0,0,0,462
2174,"0462-09-10 17:37:10",0,1,0,0,0,0,1,462
2175,"0463-02-20 17:16:31",1,0,0,0,0,0,1,463
2176,"0463-08-15 23:09:26",1,0,0,0,0,0,1,463
2177,"0463-02-05 09:36:11",0,1,0,0,1,0,0,463
2178,"0463-08-01 23:57:23",0,1,0,0,1,0,0,463
2179,"0463-08-31 09:32:21",0,1,0,0,1,0,0,463
2180,"0464-02-10 06:06:08",1,0,0,0,1,0,0,464
2181,"0464-08-04 08:43:44",1,0,0,0,1,0,0,464
2182,"0464-12-30 17:42:48",1,0,0,0,0,1,0,464
2183,"0464-01-25 16:02:59",0,1,1,0,0,0,0,464
2184,"0464-07-21 08:08:25",0,1,1,0,0,0,0,464
2185,"0465-06-25 17:21:44",1,0,0,0,1,0,0,465
2186,"0465-12-19 16:49:23",1,0,0,0,1,0,0,465
2187,"0465-01-14 05:05:45",0,1,0,0,0,0,1,465
2188,"0465-07-10 09:52:57",0,1,1,0,0,0,0,465
2189,"0466-06-15 09:33:25",1,0,0,0,0,0,1,466
2190,"0466-12-08 20:41:27",1,0,0,0,0,0,1,466
2191,"0466-01-03 20:53:07",0,1,0,0,0,0,1,466
2192,"0466-06-29 11:08:42",0,1,0,0,1,0,0,466
2193,"0466-11-24 20:50:50",0,1,0,0,1,0,0,466
2194,"0467-06-04 20:31:58",1,0,0,0,1,0,0,467
2195,"0467-11-28 07:47:50",1,0,0,0,1,0,0,467
2196,"0467-05-20 09:40:42",0,1,0,0,0,0,1,467
2197,"0467-11-14 00:39:29",0,1,1,0,0,0,0,467
2198,"0468-04-24 09:14:49",1,0,0,0,0,1,0,468
2199,"0468-05-24 00:20:28",1,0,0,0,0,1,0,468
2200,"0468-10-18 12:44:14",1,0,0,0,0,1,0,468
2201,"0468-11-16 23:06:56",1,0,0,0,0,1,0,468
2202,"0468-05-09 01:50:32",0,1,0,0,0,0,1,468
2203,"0468-11-01 23:49:02",0,1,1,0,0,0,0,468
2204,"0469-04-13 10:53:46",1,0,0,0,1,0,0,469
2205,"0469-10-08 01:51:11",1,0,0,0,1,0,0,469
2206,"0469-04-28 18:46:00",0,1,0,0,0,0,1,469
2207,"0469-10-22 01:51:51",0,1,1,0,0,0,0,469
2208,"0470-04-02 18:58:07",1,0,0,0,0,0,1,470
2209,"0470-09-27 08:22:36",1,0,0,0,0,0,1,470
2210,"0470-03-19 19:30:29",0,1,0,0,1,0,0,470
2211,"0470-04-18 07:48:37",0,1,0,0,1,0,0,470
2212,"0470-09-12 01:01:41",0,1,0,0,1,0,0,470
2213,"0470-10-11 11:16:47",0,1,0,0,1,0,0,470
2214,"0471-03-23 09:18:40",1,0,0,0,1,0,0,471
2215,"0471-09-16 08:51:38",1,0,0,0,1,0,0,471
2216,"0471-03-08 21:41:40",0,1,1,0,0,0,0,471
2217,"0471-09-01 17:29:16",0,1,0,0,0,0,1,471
2218,"0472-02-11 16:24:09",1,0,0,0,0,1,0,472
2219,"0472-03-12 01:56:23",1,0,0,0,0,1,0,472
2220,"0472-08-05 20:28:21",1,0,0,0,0,1,0,472
2221,"0472-09-04 09:52:37",1,0,0,0,0,1,0,472
2222,"0472-02-25 21:38:49",0,1,1,0,0,0,0,472
2223,"0472-08-21 08:39:44",0,1,0,0,0,0,1,472
2224,"0473-01-31 03:25:15",1,0,0,0,1,0,0,473
2225,"0473-07-26 08:05:07",1,0,0,0,0,0,1,473
2226,"0473-02-14 02:38:38",0,1,1,0,0,0,0,473
2227,"0473-08-10 18:14:10",0,1,1,0,0,0,0,473
2228,"0474-01-20 07:00:55",1,0,0,0,0,0,1,474
2229,"0474-07-16 00:29:19",1,0,0,0,0,0,1,474
2230,"0474-01-05 04:13:08",0,1,0,0,1,0,0,474
2231,"0474-02-03 14:38:37",0,1,0,0,1,0,0,474
2232,"0474-07-01 05:32:39",0,1,0,0,1,0,0,474
2233,"0474-12-25 19:54:29",0,1,0,0,0,0,1,474
2234,"0475-01-09 06:12:10",1,0,0,0,1,0,0,475
2235,"0475-06-06 08:55:07",1,0,0,0,0,1,0,475
2236,"0475-07-05 17:08:55",1,0,0,0,1,0,0,475
2237,"0475-11-29 17:50:23",1,0,0,0,0,1,0,475
2238,"0475-12-29 08:33:50",1,0,0,0,0,1,0,475
2239,"0475-06-20 08:03:06",0,1,1,0,0,0,0,475
2240,"0475-12-15 08:20:30",0,1,1,0,0,0,0,475
2241,"0476-05-25 17:55:11",1,0,0,0,1,0,0,476
2242,"0476-11-18 06:35:44",1,0,0,0,1,0,0,476
2243,"0476-06-08 17:29:40",0,1,0,0,0,0,1,476
2244,"0476-12-03 13:50:24",0,1,1,0,0,0,0,476
2245,"0477-05-14 20:08:17",1,0,0,0,0,0,1,477
2246,"0477-11-07 22:17:55",1,0,0,0,0,0,1,477
2247,"0477-04-30 02:13:22",0,1,0,0,1,0,0,477
2248,"0477-05-29 08:56:39",0,1,0,0,1,0,0,477
2249,"0477-10-23 18:34:24",0,1,0,0,1,0,0,477
2250,"0478-05-03 21:10:22",1,0,0,0,1,0,0,478
2251,"0478-10-28 12:16:01",1,0,0,0,1,0,0,478
2252,"0478-04-19 18:29:12",0,1,0,0,0,0,1,478
2253,"0478-10-12 22:37:03",0,1,1,0,0,0,0,478
2254,"0479-03-24 17:49:50",1,0,0,0,0,1,0,479
2255,"0479-04-23 03:49:41",1,0,0,0,0,1,0,479
2256,"0479-09-18 04:00:23",1,0,0,0,0,1,0,479
2257,"0479-10-17 20:17:54",1,0,0,0,0,1,0,479
2258,"0479-04-09 05:40:01",0,1,1,0,0,0,0,479
2259,"0479-10-02 10:03:50",0,1,0,0,0,0,1,479
2260,"0480-03-13 09:11:11",1,0,0,0,1,0,0,480
2261,"0480-09-06 03:54:08",1,0,0,0,1,0,0,480
2262,"0480-03-28 09:27:45",0,1,1,0,0,0,0,480
2263,"0480-09-21 01:54:34",0,1,0,0,0,0,1,480
2264,"0481-03-03 01:31:53",1,0,0,0,0,0,1,481
2265,"0481-08-26 06:29:04",1,0,0,0,0,0,1,481
2266,"0481-02-15 17:22:04",0,1,0,0,1,0,0,481
2267,"0481-08-12 07:25:36",0,1,0,0,1,0,0,481
2268,"0481-09-10 17:31:45",0,1,0,0,1,0,0,481
2269,"0482-02-20 14:11:12",1,0,0,0,1,0,0,482
2270,"0482-08-15 16:21:36",1,0,0,0,1,0,0,482
2271,"0482-02-05 00:20:47",0,1,0,0,0,0,0,482
2272,"0482-08-01 15:02:37",0,1,1,0,0,0,0,482
2273,"0483-01-11 01:42:03",1,0,0,0,0,1,0,483
2274,"0483-07-07 00:52:48",1,0,0,0,1,0,0,483
2275,"0483-08-05 07:54:59",1,0,0,0,0,1,0,483
2276,"0483-12-31 00:57:15",1,0,0,0,1,0,0,483
2277,"0483-01-25 13:46:28",0,1,0,0,0,0,1,483
2278,"0483-07-21 16:25:06",0,1,1,0,0,0,0,483
2279,"0484-06-25 16:50:13",1,0,0,0,0,0,1,484
2280,"0484-12-19 05:13:20",1,0,0,0,0,0,1,484
2281,"0484-01-15 05:40:52",0,1,0,0,0,0,1,484
2282,"0484-07-09 17:50:53",0,1,0,0,1,0,0,484
2283,"0484-12-05 05:21:09",0,1,0,0,1,0,0,484
2284,"0485-06-15 03:21:10",1,0,0,0,1,0,0,485
2285,"0485-12-08 16:39:35",1,0,0,0,1,0,0,485
2286,"0485-05-30 16:59:06",0,1,0,0,0,0,1,485
2287,"0485-11-24 08:46:39",0,1,1,0,0,0,0,485
2288,"0486-05-05 15:48:00",1,0,0,0,0,1,0,486
2289,"0486-06-04 06:46:14",1,0,0,0,0,1,0,486
2290,"0486-10-29 21:24:13",1,0,0,0,0,1,0,486
2291,"0486-11-28 08:02:16",1,0,0,0,0,1,0,486
2292,"0486-05-20 09:22:52",0,1,0,0,0,0,1,486
2293,"0486-11-13 07:48:43",0,1,1,0,0,0,0,486
2294,"0487-04-24 17:49:49",1,0,0,0,1,0,0,487
2295,"0487-10-19 10:07:54",1,0,0,0,1,0,0,487
2296,"0487-05-10 02:16:03",0,1,0,0,0,0,1,487
2297,"0487-11-02 10:05:51",0,1,1,0,0,0,0,487
2298,"0488-04-13 02:27:58",1,0,0,0,0,0,1,488
2299,"0488-10-07 16:07:01",1,0,0,0,0,0,1,488
2300,"0488-03-30 02:49:04",0,1,0,0,1,0,0,488
2301,"0488-04-28 15:01:19",0,1,0,0,1,0,0,488
2302,"0488-09-22 09:17:15",0,1,0,0,1,0,0,488
2303,"0488-10-21 19:46:30",0,1,0,0,1,0,0,488
2304,"0489-04-02 17:13:50",1,0,0,0,1,0,0,489
2305,"0489-09-26 16:14:53",1,0,0,0,1,0,0,489
2306,"0489-03-19 04:50:59",0,1,1,0,0,0,0,489
2307,"0489-09-12 01:37:59",0,1,0,0,0,0,1,489
2308,"0490-02-22 00:43:47",1,0,0,0,0,1,0,490
2309,"0490-03-23 09:59:47",1,0,0,0,0,1,0,490
2310,"0490-08-17 03:48:38",1,0,0,0,0,1,0,490
2311,"0490-09-15 17:22:15",1,0,0,0,0,1,0,490
2312,"0490-03-08 05:04:26",0,1,1,0,0,0,0,490
2313,"0490-09-01 16:26:32",0,1,0,0,0,0,1,490
2314,"0491-02-11 11:31:16",1,0,0,0,1,0,0,491
2315,"0491-08-06 15:41:51",1,0,0,0,1,0,0,491
2316,"0491-02-25 10:37:10",0,1,1,0,0,0,0,491
2317,"0491-08-22 01:26:52",0,1,1,0,0,0,0,491
2318,"0492-01-31 14:51:32",1,0,0,0,0,0,1,492
2319,"0492-07-26 08:09:42",1,0,0,0,0,0,1,492
2320,"0492-01-16 13:00:45",0,1,0,0,1,0,0,492
2321,"0492-02-14 23:04:11",0,1,0,0,1,0,0,492
2322,"0492-07-11 12:03:01",0,1,0,0,1,0,0,492
2323,"0493-01-19 14:07:02",1,0,0,0,1,0,0,493
2324,"0493-07-16 00:35:58",1,0,0,0,1,0,0,493
2325,"0493-12-10 02:29:08",1,0,0,0,0,1,0,493
2326,"0493-01-05 04:42:51",0,1,0,0,0,0,1,493
2327,"0493-06-30 14:51:08",0,1,1,0,0,0,0,493
2328,"0493-12-25 16:55:38",0,1,1,0,0,0,0,493
2329,"0494-01-08 16:54:57",1,0,0,0,0,1,0,494
2330,"0494-06-06 00:36:46",1,0,0,0,1,0,0,494
2331,"0494-11-29 15:28:22",1,0,0,0,1,0,0,494
2332,"0494-06-20 00:42:56",0,1,0,0,0,0,1,494
2333,"0494-12-14 22:03:36",0,1,1,0,0,0,0,494
2334,"0495-05-26 02:33:32",1,0,0,0,0,0,1,495
2335,"0495-11-19 07:09:14",1,0,0,0,0,0,1,495
2336,"0495-05-11 09:48:39",0,1,0,0,1,0,0,495
2337,"0495-06-09 16:24:34",0,1,0,0,1,0,0,495
2338,"0495-11-04 02:33:18",0,1,0,0,1,0,0,495
2339,"0496-05-14 03:50:02",1,0,0,0,1,0,0,496
2340,"0496-11-07 20:49:54",1,0,0,0,1,0,0,496
2341,"0496-04-30 01:57:52",0,1,0,0,0,0,1,496
2342,"0496-10-23 06:52:34",0,1,1,0,0,0,0,496
2343,"0497-04-04 01:32:13",1,0,0,0,0,1,0,497
2344,"0497-05-03 11:02:48",1,0,0,0,0,1,0,497
2345,"0497-09-28 11:30:46",1,0,0,0,0,1,0,497
2346,"0497-10-28 04:21:35",1,0,0,0,0,1,0,497
2347,"0497-04-19 12:50:24",0,1,1,0,0,0,0,497
2348,"0497-10-12 18:30:57",0,1,0,0,0,0,1,497
2349,"0498-03-24 17:13:57",1,0,0,0,1,0,0,498
2350,"0498-09-17 11:11:28",1,0,0,0,1,0,0,498
2351,"0498-04-08 16:22:10",0,1,1,0,0,0,0,498
2352,"0498-10-02 10:19:30",0,1,0,0,0,0,1,498
2353,"0499-03-14 09:38:31",1,0,0,0,0,0,1,499
2354,"0499-09-06 13:58:08",1,0,0,0,0,0,1,499
2355,"0499-02-27 01:00:59",0,1,0,0,1,0,0,499
2356,"0499-03-28 16:32:27",0,1,0,0,1,0,0,499
2357,"0499-08-23 14:58:21",0,1,0,0,1,0,0,499
2358,"0499-09-22 01:38:08",0,1,0,0,1,0,0,499
2359,"0500-03-03 22:07:05",1,0,0,0,1,0,0,500
2360,"0500-08-27 00:07:54",1,0,0,0,1,0,0,500
2361,"0500-02-16 08:33:03",0,1,0,0,0,0,0,500
2362,"0500-08-12 22:01:41",0,1,1,0,0,0,0,500
2363,"0501-01-22 09:35:39",1,0,0,0,0,1,0,501
2364,"0501-07-18 08:28:08",1,0,0,0,0,1,0,501
2365,"0501-08-16 15:45:43",1,0,0,0,0,1,0,501
2366,"0501-02-05 22:21:37",0,1,0,0,0,0,1,501
2367,"0501-08-01 23:04:07",0,1,1,0,0,0,0,501
2368,"0502-01-11 09:03:01",1,0,0,0,1,0,0,502
2369,"0502-07-08 00:07:40",1,0,0,0,0,0,1,502
2370,"0502-12-31 13:44:48",1,0,0,0,0,0,1,502
2371,"0502-01-26 14:24:11",0,1,0,0,0,0,1,502
2372,"0502-07-22 00:38:40",0,1,1,0,0,0,0,502
2373,"0502-12-17 13:50:46",0,1,0,0,1,0,0,502
2374,"0503-06-27 10:09:30",1,0,0,0,0,0,1,503
2375,"0503-12-21 01:30:35",1,0,0,0,1,0,0,503
2376,"0503-06-12 00:18:15",0,1,0,0,0,0,1,503
2377,"0503-12-06 16:54:20",0,1,1,0,0,0,0,503
2378,"0504-06-15 13:11:34",1,0,0,0,0,1,0,504
2379,"0504-11-10 06:09:01",1,0,0,0,0,1,0,504
2380,"0504-12-09 16:58:01",1,0,0,0,0,1,0,504
2381,"0504-05-31 16:53:32",0,1,0,0,0,0,1,504
2382,"0504-11-24 15:52:29",0,1,1,0,0,0,0,504
2383,"0505-05-06 00:42:47",1,0,0,0,1,0,0,505
2384,"0505-10-30 18:29:22",1,0,0,0,1,0,0,505
2385,"0505-05-21 09:42:30",0,1,0,0,0,0,1,505
2386,"0505-11-13 18:25:16",0,1,1,0,0,0,0,505
2387,"0506-04-25 09:53:29",1,0,0,0,0,0,1,506
2388,"0506-10-19 23:58:13",1,0,0,0,0,0,1,506
2389,"0506-04-11 09:58:17",0,1,0,0,1,0,0,506
2390,"0506-05-10 22:07:38",0,1,0,0,1,0,0,506
2391,"0506-10-04 17:41:05",0,1,0,0,1,0,0,506
2392,"0506-11-03 04:22:55",0,1,0,0,1,0,0,506
2393,"0507-04-15 01:00:21",1,0,0,0,1,0,0,507
2394,"0507-10-08 23:48:21",1,0,0,0,1,0,0,507
2395,"0507-03-31 11:48:38",0,1,1,0,0,0,0,507
2396,"0507-09-24 09:54:53",0,1,0,0,0,0,1,507
2397,"0508-03-05 08:52:40",1,0,0,0,0,1,0,508
2398,"0508-04-03 17:52:59",1,0,0,0,0,1,0,508
2399,"0508-08-28 11:19:08",1,0,0,0,0,1,0,508
2400,"0508-09-27 01:03:21",1,0,0,0,0,1,0,508
2401,"0508-03-19 12:20:04",0,1,1,0,0,0,0,508
2402,"0508-09-13 00:21:02",0,1,0,0,0,0,1,508
2403,"0509-02-22 19:26:20",1,0,0,0,1,0,0,509
2404,"0509-08-17 23:26:52",1,0,0,0,1,0,0,509
2405,"0509-03-08 18:27:09",0,1,1,0,0,0,0,509
2406,"0509-09-02 08:46:56",0,1,1,0,0,0,0,509
2407,"0510-02-11 22:34:29",1,0,0,0,0,0,1,510
2408,"0510-08-07 15:53:54",1,0,0,0,0,0,1,510
2409,"0510-01-27 21:43:52",0,1,0,0,1,0,0,510
2410,"0510-02-26 07:23:07",0,1,0,0,1,0,0,510
2411,"0510-07-23 18:36:54",0,1,0,0,1,0,0,510
2412,"0511-01-31 21:57:57",1,0,0,0,1,0,0,511
2413,"0511-07-28 08:04:36",1,0,0,0,1,0,0,511
2414,"0511-12-22 11:08:59",1,0,0,0,0,1,0,511
2415,"0511-01-17 13:28:25",0,1,0,0,0,0,1,511
2416,"0511-07-12 21:42:14",0,1,1,0,0,0,0,511
2417,"0512-01-21 01:12:44",1,0,0,0,0,1,0,512
2418,"0512-06-17 07:15:36",1,0,0,0,0,0,0,512
2419,"0512-12-11 00:23:07",1,0,0,0,1,0,0,512
2420,"0512-01-07 01:27:33",0,1,1,0,0,0,0,512
2421,"0512-07-01 07:58:47",0,1,0,0,0,0,1,512
2422,"0512-12-26 06:15:32",0,1,1,0,0,0,0,512
2423,"0513-06-06 08:57:56",1,0,0,0,0,0,1,513
2424,"0513-11-30 16:02:12",1,0,0,0,0,0,1,513
2425,"0513-05-22 17:21:30",0,1,0,0,1,0,0,513
2426,"0513-06-20 23:53:50",0,1,0,0,1,0,0,513
2427,"0513-11-15 10:37:13",0,1,0,0,1,0,0,513
2428,"0514-05-26 10:29:48",1,0,0,0,1,0,0,514
2429,"0514-11-20 05:26:17",1,0,0,0,1,0,0,514
2430,"0514-05-12 09:22:23",0,1,0,0,0,0,1,514
2431,"0514-11-04 15:14:19",0,1,1,0,0,0,0,514
2432,"0515-04-16 09:08:49",1,0,0,0,0,1,0,515
2433,"0515-05-15 18:12:57",1,0,0,0,0,1,0,515
2434,"0515-10-10 19:08:48",1,0,0,0,0,1,0,515
2435,"0515-11-09 12:30:00",1,0,0,0,0,1,0,515
2436,"0515-05-01 19:52:40",0,1,1,0,0,0,0,515
2437,"0515-10-25 03:05:20",0,1,0,0,0,0,1,515
2438,"0516-04-05 01:09:09",1,0,0,0,1,0,0,516
2439,"0516-09-28 18:38:53",1,0,0,0,1,0,0,516
2440,"0516-04-19 23:08:05",0,1,1,0,0,0,0,516
2441,"0516-10-13 18:51:38",0,1,0,0,0,0,1,516
2442,"0517-03-25 17:35:57",1,0,0,0,0,0,1,517
2443,"0517-09-17 21:38:18",1,0,0,0,0,0,1,517
2444,"0517-03-10 08:31:20",0,1,0,0,1,0,0,517
2445,"0517-04-08 23:28:30",0,1,0,0,1,0,0,517
2446,"0517-09-03 22:38:44",0,1,0,0,1,0,0,517
2447,"0517-10-03 09:52:04",0,1,0,0,1,0,0,517
2448,"0518-03-15 05:52:40",1,0,0,0,1,0,0,518
2449,"0518-09-07 08:02:54",1,0,0,0,1,0,0,518
2450,"0518-02-27 16:37:53",0,1,0,0,0,0,0,518
2451,"0518-08-24 05:06:44",0,1,1,0,0,0,0,518
2452,"0519-02-02 17:21:41",1,0,0,0,0,1,0,519
2453,"0519-07-29 16:07:13",1,0,0,0,0,1,0,519
2454,"0519-08-27 23:43:48",1,0,0,0,0,1,0,519
2455,"0519-02-17 06:49:33",0,1,0,0,0,0,1,519
2456,"0519-08-13 05:50:02",0,1,1,0,0,0,0,519
2457,"0520-01-22 17:02:34",1,0,0,0,1,0,0,520
2458,"0520-07-18 07:27:20",1,0,0,0,0,0,1,520
2459,"0520-02-06 22:59:00",0,1,0,0,0,0,1,520
2460,"0520-08-01 07:34:22",0,1,1,0,0,0,0,520
2461,"0520-12-27 22:18:20",0,1,0,0,1,0,0,520
2462,"0521-01-10 22:13:36",1,0,0,0,0,0,1,521
2463,"0521-07-07 16:58:09",1,0,0,0,0,0,1,521
2464,"0521-12-31 10:20:41",1,0,0,0,1,0,0,521
2465,"0521-06-22 07:38:47",0,1,0,0,1,0,0,521
2466,"0521-12-17 01:02:17",0,1,1,0,0,0,0,521
2467,"0522-06-26 19:36:21",1,0,0,0,0,1,0,522
2468,"0522-11-21 14:58:03",1,0,0,0,0,1,0,522
2469,"0522-12-21 01:54:32",1,0,0,0,0,1,0,522
2470,"0522-06-12 00:22:42",0,1,0,0,0,0,1,522
2471,"0522-12-06 00:00:07",0,1,1,0,0,0,0,522
2472,"0523-05-17 07:31:08",1,0,0,0,1,0,0,523
2473,"0523-11-11 02:56:25",1,0,0,0,1,0,0,523
2474,"0523-06-01 17:03:25",0,1,0,0,0,0,1,523
2475,"0523-11-25 02:50:54",0,1,1,0,0,0,0,523
2476,"0524-05-05 17:14:45",1,0,0,0,0,0,1,524
2477,"0524-10-30 07:55:23",1,0,0,0,0,0,1,524
2478,"0524-04-21 16:58:23",0,1,0,0,1,0,0,524
2479,"0524-05-21 05:07:44",0,1,0,0,1,0,0,524
2480,"0524-10-15 02:12:33",0,1,0,0,1,0,0,524
2481,"0524-11-13 13:04:50",0,1,0,0,1,0,0,524
2482,"0525-04-25 08:42:51",1,0,0,0,1,0,0,525
2483,"0525-10-19 07:29:47",1,0,0,0,1,0,0,525
2484,"0525-04-10 18:39:20",0,1,1,0,0,0,0,525
2485,"0525-10-04 18:18:52",0,1,0,0,0,0,1,525
2486,"0526-03-16 16:54:16",1,0,0,0,0,1,0,526
2487,"0526-04-15 01:40:22",1,0,0,0,0,1,0,526
2488,"0526-09-08 18:58:02",1,0,0,0,0,1,0,526
2489,"0526-10-08 08:52:48",1,0,0,0,0,1,0,526
2490,"0526-03-30 19:30:15",0,1,1,0,0,0,0,526
2491,"0526-09-24 08:21:08",0,1,0,0,0,0,0,526
2492,"0527-03-06 03:12:41",1,0,0,0,1,0,0,527
2493,"0527-08-29 07:19:53",1,0,0,0,1,0,0,527
2494,"0527-03-20 02:11:23",0,1,0,0,0,0,0,527
2495,"0527-09-13 16:13:53",0,1,1,0,0,0,0,527
2496,"0528-02-23 06:06:36",1,0,0,0,0,0,1,528
2497,"0528-08-17 23:45:49",1,0,0,0,0,0,1,528
2498,"0528-02-08 06:19:25",0,1,0,0,1,0,0,528
2499,"0528-03-08 15:33:37",0,1,0,0,1,0,0,528
2500,"0528-08-03 01:18:53",0,1,0,0,1,0,0,528
2501,"0528-09-01 17:32:40",0,1,0,0,1,0,0,528
2502,"0529-02-11 05:40:20",1,0,0,0,1,0,0,529
2503,"0529-08-07 15:38:45",1,0,0,0,1,0,0,529
2504,"0529-01-27 22:06:43",0,1,0,0,0,0,1,529
2505,"0529-07-23 04:41:01",0,1,1,0,0,0,0,529
2506,"0530-01-01 19:46:17",1,0,0,0,0,1,0,530
2507,"0530-01-31 09:24:24",1,0,0,0,0,1,0,530
2508,"0530-06-28 13:54:27",1,0,0,0,0,1,0,530
2509,"0530-12-22 09:17:09",1,0,0,0,1,0,0,530
2510,"0530-01-17 09:52:53",0,1,1,0,0,0,0,530
2511,"0530-07-12 15:19:35",0,1,0,0,0,0,1,530
2512,"0531-06-17 15:19:58",1,0,0,0,0,0,1,531
2513,"0531-12-12 00:56:44",1,0,0,0,0,0,1,531
2514,"0531-01-06 14:22:46",0,1,1,0,0,0,0,531
2515,"0531-07-02 07:23:34",0,1,0,0,0,0,1,531
2516,"0531-11-26 18:46:49",0,1,0,0,1,0,0,531
2517,"0532-06-05 17:08:10",1,0,0,0,0,0,1,532
2518,"0532-11-30 14:05:01",1,0,0,0,1,0,0,532
2519,"0532-05-22 16:40:28",0,1,0,0,0,0,1,532
2520,"0532-11-14 23:42:55",0,1,1,0,0,0,0,532
2521,"0533-04-26 16:40:06",1,0,0,0,0,1,0,533
2522,"0533-05-26 01:21:50",1,0,0,0,0,1,0,533
2523,"0533-10-21 02:55:12",1,0,0,0,0,1,0,533
2524,"0533-11-19 20:43:09",1,0,0,0,0,1,0,533
2525,"0533-05-12 02:47:46",0,1,1,0,0,0,0,533
2526,"0533-11-04 11:47:14",0,1,0,0,0,0,1,533
2527,"0534-04-16 08:57:39",1,0,0,0,1,0,0,534
2528,"0534-10-10 02:15:25",1,0,0,0,1,0,0,534
2529,"0534-05-01 05:46:14",0,1,1,0,0,0,0,534
2530,"0534-10-25 03:30:30",0,1,0,0,0,0,1,534
2531,"0535-04-06 01:25:23",1,0,0,0,0,0,1,535
2532,"0535-09-29 05:28:42",1,0,0,0,0,0,1,535
2533,"0535-03-21 15:55:15",0,1,0,0,1,0,0,535
2534,"0535-04-20 06:18:10",0,1,0,0,1,0,0,535
2535,"0535-09-15 06:25:34",0,1,0,0,1,0,0,535
2536,"0535-10-14 18:13:07",0,1,0,0,1,0,0,535
2537,"0536-03-25 13:27:59",1,0,0,0,1,0,0,536
2538,"0536-09-17 16:07:36",1,0,0,0,1,0,0,536
2539,"0536-03-10 00:35:34",0,1,0,0,0,0,1,536
2540,"0536-09-03 12:19:12",0,1,1,0,0,0,0,536
2541,"0537-02-13 01:00:20",1,0,0,0,0,1,0,537
2542,"0537-08-08 23:51:18",1,0,0,0,0,1,0,537
2543,"0537-09-07 07:48:41",1,0,0,0,0,1,0,537
2544,"0537-02-27 15:11:08",0,1,0,0,0,0,1,537
2545,"0537-08-23 12:43:24",0,1,1,0,0,0,0,537
2546,"0538-02-02 00:57:44",1,0,0,0,1,0,0,538
2547,"0538-07-29 14:50:06",1,0,0,0,1,0,0,538
2548,"0538-02-17 07:27:50",0,1,0,0,0,0,1,538
2549,"0538-08-12 14:37:59",0,1,1,0,0,0,0,538
2550,"0539-01-22 06:38:16",1,0,0,0,0,0,1,539
2551,"0539-07-18 23:48:02",1,0,0,0,0,0,1,539
2552,"0539-01-08 06:41:22",0,1,0,0,1,0,0,539
2553,"0539-07-03 15:01:33",0,1,0,0,1,0,0,539
2554,"0539-08-01 23:32:05",0,1,0,0,1,0,0,539
2555,"0539-12-28 09:07:33",0,1,1,0,0,0,0,539
2556,"0540-01-11 19:07:10",1,0,0,0,1,0,0,540
2557,"0540-07-07 02:04:15",1,0,0,0,0,1,0,540
2558,"0540-12-01 23:47:53",1,0,0,0,0,1,0,540
2559,"0540-12-31 10:47:17",1,0,0,0,0,1,0,540
2560,"0540-06-22 07:52:57",0,1,0,0,0,0,1,540
2561,"0540-12-16 08:07:04",0,1,1,0,0,0,0,540
2562,"0541-05-27 14:19:45",1,0,0,0,1,0,0,541
2563,"0541-11-21 11:26:10",1,0,0,0,1,0,0,541
2564,"0541-06-12 00:23:36",0,1,0,0,0,0,1,541
2565,"0541-12-05 11:19:09",0,1,1,0,0,0,0,541
2566,"0542-05-17 00:32:55",1,0,0,0,0,0,1,542
2567,"0542-11-10 15:57:43",1,0,0,0,0,0,1,542
2568,"0542-05-02 23:50:05",0,1,0,0,1,0,0,542
2569,"0542-06-01 12:02:45",0,1,0,0,1,0,0,542
2570,"0542-10-26 10:51:05",0,1,0,0,1,0,0,542
2571,"0542-11-24 21:51:07",0,1,0,0,1,0,0,542
2572,"0543-05-06 16:19:10",1,0,0,0,1,0,0,543
2573,"0543-10-30 15:19:55",1,0,0,0,1,0,0,543
2574,"0543-04-22 01:20:55",0,1,1,0,0,0,0,543
2575,"0543-10-16 02:50:40",0,1,0,0,0,0,1,543
2576,"0544-03-27 00:44:18",1,0,0,0,0,1,0,544
2577,"0544-04-25 09:18:42",1,0,0,0,0,1,0,544
2578,"0544-09-19 02:48:30",1,0,0,0,0,1,0,544
2579,"0544-10-18 16:53:20",1,0,0,0,0,1,0,544
2580,"0544-04-10 02:31:20",0,1,1,0,0,0,0,544
2581,"0544-10-04 16:29:44",0,1,0,0,0,0,0,544
2582,"0545-03-16 10:48:08",1,0,0,0,1,0,0,545
2583,"0545-09-08 15:21:00",1,0,0,0,1,0,0,545
2584,"0545-03-30 09:48:26",0,1,0,0,0,0,0,545
2585,"0545-09-23 23:47:45",0,1,1,0,0,0,0,545
2586,"0546-03-05 13:30:17",1,0,0,0,0,0,1,546
2587,"0546-08-29 07:43:36",1,0,0,0,0,0,1,546
2588,"0546-02-18 14:49:02",0,1,0,0,1,0,0,546
2589,"0546-03-19 23:37:44",0,1,0,0,1,0,0,546
2590,"0546-08-14 08:07:31",0,1,0,0,1,0,0,546
2591,"0546-09-13 00:42:20",0,1,0,0,1,0,0,546
2592,"0547-02-22 13:15:44",1,0,0,0,1,0,0,547
2593,"0547-08-18 23:16:57",1,0,0,0,1,0,0,547
2594,"0547-02-08 06:38:46",0,1,0,0,0,0,1,547
2595,"0547-08-03 11:45:39",0,1,1,0,0,0,0,547
2596,"0548-01-13 04:22:01",1,0,0,0,0,1,0,548
2597,"0548-02-11 17:30:58",1,0,0,0,0,1,0,548
2598,"0548-07-08 20:34:14",1,0,0,0,0,1,0,548
2599,"0548-01-28 18:12:28",0,1,1,0,0,0,0,548
2600,"0548-07-22 22:45:49",0,1,0,0,0,0,1,548
2601,"0549-01-01 18:09:25",1,0,0,0,1,0,0,549
2602,"0549-06-27 21:45:10",1,0,0,0,0,0,1,549
2603,"0549-12-22 09:50:39",1,0,0,0,0,0,1,549
2604,"0549-01-16 22:24:45",0,1,1,0,0,0,0,549
2605,"0549-07-12 14:57:37",0,1,0,0,0,0,1,549
2606,"0549-12-07 02:59:10",0,1,0,0,1,0,0,549
2607,"0550-06-16 23:48:23",1,0,0,0,0,0,1,550
2608,"0550-12-11 22:44:01",1,0,0,0,1,0,0,550
2609,"0550-01-05 21:38:39",0,1,0,0,1,0,0,550
2610,"0550-06-02 23:55:33",0,1,0,0,0,0,1,550
2611,"0550-11-26 08:15:40",0,1,1,0,0,0,0,550
2612,"0551-05-08 00:08:07",1,0,0,0,0,1,0,551
2613,"0551-06-06 08:31:03",1,0,0,0,0,1,0,551
2614,"0551-11-01 10:47:40",1,0,0,0,0,1,0,551
2615,"0551-12-01 04:57:24",1,0,0,0,0,1,0,551
2616,"0551-05-23 09:37:44",0,1,1,0,0,0,0,551
2617,"0551-11-15 20:33:38",0,1,0,0,0,0,1,551
2618,"0552-04-26 16:39:57",1,0,0,0,1,0,0,552
2619,"0552-10-20 10:01:38",1,0,0,0,1,0,0,552
2620,"0552-05-11 12:18:39",0,1,1,0,0,0,0,552
2621,"0552-11-04 12:15:20",0,1,0,0,0,0,1,552
2622,"0553-04-16 09:06:59",1,0,0,0,0,0,1,553
2623,"0553-10-09 13:28:11",1,0,0,0,0,0,1,553
2624,"0553-03-31 23:12:01",0,1,0,0,1,0,0,553
2625,"0553-04-30 13:03:12",0,1,0,0,1,0,0,553
2626,"0553-09-25 14:19:11",0,1,0,0,1,0,0,553
2627,"0553-10-25 02:39:24",0,1,0,0,1,0,0,553
2628,"0554-04-05 20:53:26",1,0,0,0,1,0,0,554
2629,"0554-09-29 00:21:16",1,0,0,0,1,0,0,554
2630,"0554-03-21 08:25:57",0,1,0,0,0,0,1,554
2631,"0554-09-14 19:39:19",0,1,1,0,0,0,0,554
2632,"0555-02-24 08:28:16",1,0,0,0,0,1,0,555
2633,"0555-03-26 01:18:47",1,0,0,0,0,1,0,555
2634,"0555-08-20 07:41:17",1,0,0,0,0,1,0,555
2635,"0555-09-18 16:02:13",1,0,0,0,0,1,0,555
2636,"0555-03-10 23:23:16",0,1,0,0,0,0,1,555
2637,"0555-09-03 19:46:08",0,1,1,0,0,0,0,555
2638,"0556-02-13 08:44:44",1,0,0,0,1,0,0,556
2639,"0556-08-08 22:17:29",1,0,0,0,1,0,0,556
2640,"0556-02-28 15:46:52",0,1,0,0,0,0,1,556
2641,"0556-08-22 21:51:20",0,1,1,0,0,0,0,556
2642,"0557-02-01 14:57:04",1,0,0,0,0,0,1,557
2643,"0557-07-29 06:41:53",1,0,0,0,0,0,1,557
2644,"0557-01-18 14:58:09",0,1,0,0,1,0,0,557
2645,"0557-02-17 04:54:53",0,1,0,0,1,0,0,557
2646,"0557-07-13 22:28:56",0,1,0,0,1,0,0,557
2647,"0557-08-12 07:04:32",0,1,0,0,1,0,0,557
2648,"0558-01-22 03:50:31",1,0,0,0,1,0,0,558
2649,"0558-07-18 08:33:43",1,0,0,0,1,0,0,558
2650,"0558-12-13 08:39:43",1,0,0,0,0,1,0,558
2651,"0558-01-07 17:10:28",0,1,1,0,0,0,0,558
2652,"0558-07-03 15:23:02",0,1,0,0,0,0,1,558
2653,"0558-12-27 16:15:14",0,1,1,0,0,0,0,558
2654,"0559-01-11 19:38:22",1,0,0,0,0,1,0,559
2655,"0559-06-07 21:07:20",1,0,0,0,0,1,0,559
2656,"0559-12-02 19:58:17",1,0,0,0,1,0,0,559
2657,"0559-06-23 07:41:29",0,1,0,0,0,0,1,559
2658,"0559-12-16 19:49:28",0,1,1,0,0,0,0,559
2659,"0560-05-27 07:49:45",1,0,0,0,0,0,1,560
2660,"0560-11-21 00:04:17",1,0,0,0,0,0,1,560
2661,"0560-06-11 18:54:56",0,1,0,0,1,0,0,560
2662,"0560-11-05 19:36:02",0,1,0,0,1,0,0,560
2663,"0560-12-05 06:40:29",0,1,0,0,1,0,0,560
2664,"0561-05-16 23:53:22",1,0,0,0,1,0,0,561
2665,"0561-11-09 23:15:03",1,0,0,0,1,0,0,561
2666,"0561-05-02 07:57:53",0,1,1,0,0,0,0,561
2667,"0561-10-26 11:27:18",0,1,0,0,0,0,1,561
2668,"0562-04-07 08:27:41",1,0,0,0,0,1,0,562
2669,"0562-05-06 16:52:56",1,0,0,0,0,1,0,562
2670,"0562-09-30 10:47:43",1,0,0,0,0,1,0,562
2671,"0562-10-30 01:01:03",1,0,0,0,0,1,0,562
2672,"0562-04-21 09:28:55",0,1,1,0,0,0,0,562
2673,"0562-10-16 00:43:54",0,1,0,0,0,0,0,562
2674,"0563-03-27 18:13:03",1,0,0,0,1,0,0,563
2675,"0563-09-19 23:31:08",1,0,0,0,1,0,0,563
2676,"0563-04-10 17:19:03",0,1,0,0,0,0,1,563
2677,"0563-10-05 07:29:26",0,1,1,0,0,0,0,563
2678,"0564-03-15 20:43:01",1,0,0,0,0,0,1,564
2679,"0564-09-08 15:49:42",1,0,0,0,0,0,1,564
2680,"0564-02-29 23:09:59",0,1,0,0,1,0,0,564
2681,"0564-03-30 07:34:01",0,1,0,0,1,0,0,564
2682,"0564-08-24 15:06:10",0,1,0,0,1,0,0,564
2683,"0564-09-23 08:01:43",0,1,0,0,1,0,0,564
2684,"0565-03-04 20:41:50",1,0,0,0,1,0,0,565
2685,"0565-08-29 07:02:54",1,0,0,0,1,0,0,565
2686,"0565-02-18 15:01:28",0,1,0,0,0,0,1,565
2687,"0565-08-13 19:00:39",0,1,1,0,0,0,0,565
2688,"0566-01-23 12:52:53",1,0,0,0,0,1,0,566
2689,"0566-02-22 01:30:06",1,0,0,0,0,1,0,566
2690,"0566-07-20 03:15:49",1,0,0,0,0,1,0,566
2691,"0566-08-18 16:49:44",1,0,0,0,0,1,0,566
2692,"0566-02-08 02:23:18",0,1,1,0,0,0,0,566
2693,"0566-08-03 06:18:07",0,1,0,0,0,0,1,566
2694,"0567-01-13 02:58:27",1,0,0,0,1,0,0,567
2695,"0567-07-09 04:12:09",1,0,0,0,1,0,0,567
2696,"0567-01-28 06:19:36",0,1,1,0,0,0,0,567
2697,"0567-07-23 22:35:14",0,1,0,0,0,0,1,567
2698,"0567-12-18 11:12:48",0,1,0,0,1,0,0,567
2699,"0568-01-02 18:41:56",1,0,0,0,0,0,1,568
2700,"0568-06-27 06:31:06",1,0,0,0,0,0,1,568
2701,"0568-12-22 07:22:31",1,0,0,0,1,0,0,568
2702,"0568-01-17 05:35:21",0,1,0,0,1,0,0,568
2703,"0568-06-13 07:07:21",0,1,0,0,1,0,0,568
2704,"0568-12-06 16:52:29",0,1,1,0,0,0,0,568
2705,"0569-06-16 15:41:02",1,0,0,0,1,0,0,569
2706,"0569-11-11 18:45:41",1,0,0,0,0,1,0,569
2707,"0569-12-11 13:12:57",1,0,0,0,0,1,0,569
2708,"0569-06-02 16:22:48",0,1,1,0,0,0,0,569
2709,"0569-11-26 05:24:20",0,1,0,0,0,0,1,569
2710,"0570-05-08 00:17:24",1,0,0,0,1,0,0,570
2711,"0570-10-31 17:55:58",1,0,0,0,1,0,0,570
2712,"0570-05-22 18:46:12",0,1,1,0,0,0,0,570
2713,"0570-11-15 21:05:10",0,1,0,0,0,0,1,570
2714,"0571-04-27 16:40:08",1,0,0,0,0,0,1,571
2715,"0571-10-20 21:37:21",1,0,0,0,0,0,1,571
2716,"0571-04-12 06:21:42",0,1,0,0,1,0,0,571
2717,"0571-05-11 19:42:39",0,1,0,0,1,0,0,571
2718,"0571-10-06 22:19:54",0,1,0,0,1,0,0,571
2719,"0571-11-05 11:11:46",0,1,0,0,1,0,0,571
2720,"0572-04-16 04:10:03",1,0,0,0,1,0,0,572
2721,"0572-10-09 08:43:12",1,0,0,0,1,0,0,572
2722,"0572-03-31 16:10:08",0,1,0,0,0,0,1,572
2723,"0572-09-25 03:06:53",0,1,1,0,0,0,0,572
2724,"0573-03-06 15:48:16",1,0,0,0,0,1,0,573
2725,"0573-04-05 08:18:51",1,0,0,0,0,1,0,573
2726,"0573-08-30 15:38:07",1,0,0,0,0,1,0,573
2727,"0573-09-29 00:23:09",1,0,0,0,0,1,0,573
2728,"0573-03-21 07:29:21",0,1,0,0,0,0,1,573
2729,"0573-09-14 02:58:04",0,1,1,0,0,0,0,573
2730,"0574-02-23 16:26:05",1,0,0,0,1,0,0,574
2731,"0574-08-20 05:49:11",1,0,0,0,1,0,0,574
2732,"0574-03-10 23:58:58",0,1,0,0,0,0,1,574
2733,"0574-09-03 05:13:27",0,1,1,0,0,0,0,574
2734,"0575-02-12 23:10:33",1,0,0,0,0,0,1,575
2735,"0575-08-09 13:40:20",1,0,0,0,0,0,1,575
2736,"0575-01-29 23:08:16",0,1,0,0,1,0,0,575
2737,"0575-02-28 12:56:45",0,1,0,0,1,0,0,575
2738,"0575-07-25 06:01:34",0,1,0,0,1,0,0,575
2739,"0575-08-23 14:45:30",0,1,0,0,1,0,0,575
2740,"0576-02-02 12:26:45",1,0,0,0,1,0,0,576
2741,"0576-07-28 15:10:08",1,0,0,0,1,0,0,576
2742,"0576-12-23 17:29:29",1,0,0,0,0,1,0,576
2743,"0576-01-19 01:06:11",0,1,1,0,0,0,0,576
2744,"0576-07-13 22:57:21",0,1,0,0,0,0,1,576
2745,"0577-01-22 04:23:22",1,0,0,0,0,1,0,577
2746,"0577-06-18 03:57:47",1,0,0,0,0,1,0,577
2747,"0577-12-13 04:29:28",1,0,0,0,1,0,0,577
2748,"0577-01-07 00:19:45",0,1,1,0,0,0,0,577
2749,"0577-07-03 15:00:38",0,1,0,0,0,0,1,577
2750,"0577-12-27 04:18:44",0,1,1,0,0,0,0,577
2751,"0578-06-07 15:06:29",1,0,0,0,0,0,1,578
2752,"0578-12-02 08:13:01",1,0,0,0,0,0,1,578
2753,"0578-06-23 01:45:21",0,1,0,0,1,0,0,578
2754,"0578-11-17 04:25:55",0,1,0,0,1,0,0,578
2755,"0578-12-16 15:30:37",0,1,0,0,1,0,0,578
2756,"0579-05-28 07:22:55",1,0,0,0,0,0,1,579
2757,"0579-11-21 07:16:59",1,0,0,0,1,0,0,579
2758,"0579-05-13 14:27:09",0,1,1,0,0,0,0,579
2759,"0579-11-06 20:10:52",0,1,0,0,0,0,1,579
2760,"0580-04-17 16:01:04",1,0,0,0,0,1,0,580
2761,"0580-05-17 00:20:53",1,0,0,0,0,1,0,580
2762,"0580-10-10 18:57:15",1,0,0,0,0,1,0,580
2763,"0580-11-09 09:16:42",1,0,0,0,0,1,0,580
2764,"0580-05-01 16:20:22",0,1,1,0,0,0,0,580
2765,"0580-10-26 09:04:50",0,1,1,0,0,0,0,580
2766,"0581-04-07 01:28:10",1,0,0,0,1,0,0,581
2767,"0581-09-30 07:50:17",1,0,0,0,1,0,0,581
2768,"0581-04-21 00:44:36",0,1,0,0,0,0,1,581
2769,"0581-10-15 15:18:47",0,1,1,0,0,0,0,581
2770,"0582-03-27 03:47:08",1,0,0,0,0,0,1,582
2771,"0582-09-20 00:02:40",1,0,0,0,0,0,1,582
2772,"0582-03-12 07:24:13",0,1,0,0,1,0,0,582
2773,"0582-04-10 15:24:10",0,1,0,0,1,0,0,582
2774,"0582-09-04 22:13:10",0,1,0,0,1,0,0,582
2775,"0582-10-04 15:29:56",0,1,0,0,1,0,0,582
2776,"0583-03-16 04:01:19",1,0,0,0,1,0,0,583
2777,"0583-09-09 14:55:03",1,0,0,0,1,0,0,583
2778,"0583-03-01 23:17:07",0,1,0,0,0,0,1,583
2779,"0583-08-25 02:24:10",0,1,1,0,0,0,0,583
2780,"0584-02-03 21:18:40",1,0,0,0,0,1,0,584
2781,"0584-03-04 09:22:22",1,0,0,0,0,1,0,584
2782,"0584-07-30 10:02:05",1,0,0,0,0,1,0,584
2783,"0584-08-29 00:08:24",1,0,0,0,0,1,0,584
2784,"0584-02-19 10:25:14",0,1,1,0,0,0,0,584
2785,"0584-08-13 13:58:29",0,1,0,0,0,0,1,584
2786,"0585-01-23 11:43:44",1,0,0,0,1,0,0,585
2787,"0585-07-19 10:44:08",1,0,0,0,1,0,0,585
2788,"0585-02-07 14:07:35",0,1,1,0,0,0,0,585
2789,"0585-08-03 06:17:56",0,1,0,0,0,0,1,585
2790,"0585-12-28 19:25:42",0,1,0,0,1,0,0,585
2791,"0586-01-13 03:29:37",1,0,0,0,0,0,1,586
2792,"0586-07-08 13:18:31",1,0,0,0,0,0,1,586
2793,"0586-01-27 13:27:23",0,1,0,0,1,0,0,586
2794,"0586-06-24 14:18:36",0,1,0,0,1,0,0,586
2795,"0586-07-23 22:47:21",0,1,0,0,1,0,0,586
2796,"0586-12-18 01:29:39",0,1,1,0,0,0,0,586
2797,"0587-01-02 15:57:13",1,0,0,0,1,0,0,587
2798,"0587-06-27 22:53:31",1,0,0,0,1,0,0,587
2799,"0587-11-23 02:47:35",1,0,0,0,0,1,0,587
2800,"0587-12-22 21:26:25",1,0,0,0,0,1,0,587
2801,"0587-06-13 23:04:48",0,1,1,0,0,0,0,587
2802,"0587-12-07 14:16:52",0,1,0,0,0,0,1,587
2803,"0588-05-18 07:51:11",1,0,0,0,1,0,0,588
2804,"0588-11-11 01:56:08",1,0,0,0,1,0,0,588
2805,"0588-06-02 01:11:38",0,1,1,0,0,0,0,588
2806,"0588-11-26 05:56:58",0,1,0,0,0,0,1,588
2807,"0589-05-08 00:07:48",1,0,0,0,0,0,1,589
2808,"0589-10-31 05:54:36",1,0,0,0,0,0,1,589
2809,"0589-05-22 02:21:01",0,1,0,0,1,0,0,589
2810,"0589-10-17 06:27:39",0,1,0,0,1,0,0,589
2811,"0589-11-15 19:48:04",0,1,0,0,1,0,0,589
2812,"0590-04-27 11:17:23",1,0,0,0,1,0,0,590
2813,"0590-10-20 17:13:38",1,0,0,0,1,0,0,590
2814,"0590-04-11 23:47:27",0,1,0,0,0,0,1,590
2815,"0590-10-06 10:42:46",0,1,1,0,0,0,0,590
2816,"0591-03-17 22:57:44",1,0,0,0,0,1,0,591
2817,"0591-04-16 15:08:20",1,0,0,0,0,1,0,591
2818,"0591-09-10 23:42:43",1,0,0,0,0,1,0,591
2819,"0591-10-10 08:52:48",1,0,0,0,0,1,0,591
2820,"0591-04-01 15:26:44",0,1,0,0,0,0,1,591
2821,"0591-09-25 10:20:47",0,1,1,0,0,0,0,591
2822,"0592-03-05 23:57:46",1,0,0,0,1,0,0,592
2823,"0592-08-30 13:28:12",1,0,0,0,1,0,0,592
2824,"0592-03-21 08:00:28",0,1,0,0,0,0,1,592
2825,"0592-09-13 12:47:12",0,1,1,0,0,0,0,592
2826,"0593-02-23 07:17:24",1,0,0,0,0,0,1,593
2827,"0593-08-19 20:43:45",1,0,0,0,0,0,1,593
2828,"0593-02-09 07:10:20",0,1,0,0,1,0,0,593
2829,"0593-03-10 20:48:55",0,1,0,0,1,0,0,593
2830,"0593-08-04 13:39:42",0,1,0,0,1,0,0,593
2831,"0593-09-02 22:34:40",0,1,0,0,1,0,0,593
2832,"0594-02-12 20:58:08",1,0,0,0,1,0,0,594
2833,"0594-08-08 21:51:27",1,0,0,0,1,0,0,594
2834,"0594-01-29 08:56:54",0,1,1,0,0,0,0,594
2835,"0594-07-25 06:34:11",0,1,0,0,0,0,1,594
2836,"0595-01-04 02:17:34",1,0,0,0,0,1,0,595
2837,"0595-02-02 13:03:05",1,0,0,0,0,1,0,595
2838,"0595-06-29 10:49:52",1,0,0,0,0,1,0,595
2839,"0595-07-28 23:14:45",1,0,0,0,0,1,0,595
2840,"0595-12-24 13:00:11",1,0,0,0,1,0,0,595
2841,"0595-01-18 08:21:24",0,1,1,0,0,0,0,595
2842,"0595-07-14 22:19:57",0,1,0,0,0,0,1,595
2843,"0596-06-17 22:24:54",1,0,0,0,0,0,1,596
2844,"0596-12-12 16:21:44",1,0,0,0,0,0,1,596
2845,"0596-01-07 12:47:11",0,1,1,0,0,0,0,596
2846,"0596-07-03 08:36:10",0,1,0,0,0,0,0,596
2847,"0596-11-27 13:18:39",0,1,0,0,1,0,0,596
2848,"0596-12-27 00:19:54",0,1,0,0,1,0,0,596
2849,"0597-06-07 14:53:13",1,0,0,0,0,0,1,597
2850,"0597-12-01 15:21:55",1,0,0,0,1,0,0,597
2851,"0597-05-23 20:55:16",0,1,0,0,1,0,0,597
2852,"0597-11-17 04:58:06",0,1,0,0,0,0,1,597
2853,"0598-04-28 23:28:01",1,0,0,0,0,1,0,598
2854,"0598-05-28 07:45:30",1,0,0,0,0,1,0,598
2855,"0598-10-22 03:14:45",1,0,0,0,0,1,0,598
2856,"0598-11-20 17:37:33",1,0,0,0,0,1,0,598
2857,"0598-05-12 23:09:21",0,1,1,0,0,0,0,598
2858,"0598-11-06 17:30:20",0,1,1,0,0,0,0,598
2859,"0599-04-18 08:34:19",1,0,0,0,1,0,0,599
2860,"0599-10-11 16:17:57",1,0,0,0,1,0,0,599
2861,"0599-05-02 08:06:05",0,1,0,0,0,0,1,599
2862,"0599-10-26 23:14:46",0,1,1,0,0,0,0,599
2863,"0600-04-07 10:41:02",1,0,0,0,0,0,1,600
2864,"0600-10-01 08:24:25",1,0,0,0,0,0,1,600
2865,"0600-03-23 15:29:17",0,1,0,0,1,0,0,600
2866,"0600-04-21 23:07:49",0,1,0,0,1,0,0,600
2867,"0600-10-15 23:07:45",0,1,0,0,1,0,0,600
2868,"0601-03-27 11:12:21",1,0,0,0,1,0,0,601
2869,"0601-09-20 22:54:02",1,0,0,0,1,0,0,601
2870,"0601-03-13 07:22:59",0,1,0,0,0,0,1,601
2871,"0601-09-05 09:57:26",0,1,1,0,0,0,0,601
2872,"0602-02-15 05:37:57",1,0,0,0,0,1,0,602
2873,"0602-03-16 17:07:20",1,0,0,0,0,1,0,602
2874,"0602-08-11 16:53:07",1,0,0,0,0,1,0,602
2875,"0602-09-10 07:33:55",1,0,0,0,0,1,0,602
2876,"0602-03-02 18:17:15",0,1,1,0,0,0,0,602
2877,"0602-08-25 21:46:41",0,1,0,0,0,0,1,602
2878,"0603-02-04 20:22:03",1,0,0,0,1,0,0,603
2879,"0603-07-31 17:21:08",1,0,0,0,1,0,0,603
2880,"0603-02-19 21:44:45",0,1,1,0,0,0,0,603
2881,"0603-08-15 14:06:22",0,1,0,0,0,0,1,603
2882,"0604-01-25 12:11:46",1,0,0,0,0,0,1,604
2883,"0604-07-19 20:11:45",1,0,0,0,0,0,1,604
2884,"0604-01-10 03:36:30",0,1,0,0,1,0,0,604
2885,"0604-02-08 21:11:57",0,1,0,0,1,0,0,604
2886,"0604-07-05 21:29:47",0,1,0,0,1,0,0,604
2887,"0604-08-04 06:20:39",0,1,0,0,1,0,0,604
2888,"0604-12-29 10:06:42",0,1,1,0,0,0,0,604
2889,"0605-01-14 00:27:31",1,0,0,0,1,0,0,605
2890,"0605-07-09 06:10:15",1,0,0,0,1,0,0,605
2891,"0605-12-04 10:52:57",1,0,0,0,0,1,0,605
2892,"0605-06-25 05:45:43",0,1,1,0,0,0,0,605
2893,"0605-12-18 23:11:19",0,1,0,0,0,0,1,605
2894,"0606-01-03 05:38:21",1,0,0,0,0,1,0,606
2895,"0606-05-30 15:21:10",1,0,0,0,1,0,0,606
2896,"0606-06-28 21:54:16",1,0,0,0,0,1,0,606
2897,"0606-11-23 10:02:53",1,0,0,0,1,0,0,606
2898,"0606-06-14 07:34:07",0,1,1,0,0,0,0,606
2899,"0606-12-08 14:52:00",0,1,0,0,0,0,1,606
2900,"0607-05-20 07:29:45",1,0,0,0,0,0,1,607
2901,"0607-11-12 14:19:06",1,0,0,0,0,0,1,607
2902,"0607-06-03 08:57:42",0,1,0,0,1,0,0,607
2903,"0607-10-29 14:41:35",0,1,0,0,1,0,0,607
2904,"0607-11-28 04:27:33",0,1,0,0,1,0,0,607
2905,"0608-05-08 18:18:06",1,0,0,0,1,0,0,608
2906,"0608-11-01 01:51:14",1,0,0,0,1,0,0,608
2907,"0608-04-23 07:20:10",0,1,0,0,0,0,1,608
2908,"0608-10-17 18:26:16",0,1,1,0,0,0,0,608
2909,"0609-03-29 06:00:22",1,0,0,0,0,1,0,609
2910,"0609-04-27 21:52:13",1,0,0,0,0,1,0,609
2911,"0609-09-22 07:53:29",1,0,0,0,0,1,0,609
2912,"0609-10-21 17:27:58",1,0,0,0,0,1,0,609
2913,"0609-04-12 23:19:20",0,1,0,0,0,0,1,609
2914,"0609-10-06 17:51:23",0,1,1,0,0,0,0,609
2915,"0610-03-18 07:24:01",1,0,0,0,1,0,0,610
2916,"0610-09-11 21:13:15",1,0,0,0,1,0,0,610
2917,"0610-04-02 15:55:34",0,1,0,0,0,0,1,610
2918,"0610-09-25 20:30:27",0,1,1,0,0,0,0,610
2919,"0611-03-07 15:16:27",1,0,0,0,0,0,1,611
2920,"0611-09-01 03:54:28",1,0,0,0,0,0,1,611
2921,"0611-02-21 15:02:08",0,1,0,0,1,0,0,611
2922,"0611-03-23 04:30:21",0,1,0,0,1,0,0,611
2923,"0611-08-16 21:25:24",0,1,0,0,1,0,0,611
2924,"0611-09-15 06:33:44",0,1,0,0,1,0,0,611
2925,"0612-02-25 05:21:14",1,0,0,0,1,0,0,612
2926,"0612-08-20 04:42:02",1,0,0,0,1,0,0,612
2927,"0612-02-10 16:38:18",0,1,1,0,0,0,0,612
2928,"0612-08-05 14:17:28",0,1,0,0,0,0,1,612
2929,"0613-01-15 10:59:43",1,0,0,0,0,1,0,613
2930,"0613-02-13 21:34:26",1,0,0,0,0,1,0,613
2931,"0613-07-10 17:48:28",1,0,0,0,0,1,0,613
2932,"0613-08-09 06:13:28",1,0,0,0,0,1,0,613
2933,"0613-01-29 16:16:12",0,1,1,0,0,0,0,613
2934,"0613-07-26 05:43:45",0,1,0,0,0,0,1,613
2935,"0614-01-04 21:26:57",1,0,0,0,1,0,0,614
2936,"0614-06-30 05:44:52",1,0,0,0,1,0,0,614
2937,"0614-12-25 00:30:03",1,0,0,0,0,0,1,614
2938,"0614-01-18 21:11:48",0,1,1,0,0,0,0,614
2939,"0614-07-15 15:27:17",0,1,1,0,0,0,0,614
2940,"0614-12-09 22:14:14",0,1,0,0,1,0,0,614
2941,"0615-06-19 22:22:08",1,0,0,0,0,0,1,615
2942,"0615-12-13 23:29:15",1,0,0,0,1,0,0,615
2943,"0615-01-08 09:07:33",0,1,0,0,1,0,0,615
2944,"0615-06-05 03:19:38",0,1,0,0,1,0,0,615
2945,"0615-11-29 13:49:02",0,1,0,0,0,0,1,615
2946,"0616-06-08 15:06:46",1,0,0,0,1,0,0,616
2947,"0616-11-02 11:41:29",1,0,0,0,0,1,0,616
2948,"0616-12-02 02:04:00",1,0,0,0,0,1,0,616
2949,"0616-05-24 05:55:27",0,1,1,0,0,0,0,616
2950,"0616-11-18 02:01:10",0,1,1,0,0,0,0,616
2951,"0617-04-29 15:32:14",1,0,0,0,1,0,0,617
2952,"0617-10-23 00:52:46",1,0,0,0,1,0,0,617
2953,"0617-05-13 15:24:23",0,1,0,0,0,0,1,617
2954,"0617-11-07 07:16:14",0,1,1,0,0,0,0,617
2955,"0618-04-18 17:27:41",1,0,0,0,0,0,1,618
2956,"0618-10-12 16:53:01",1,0,0,0,0,0,1,618
2957,"0618-04-03 23:27:57",0,1,0,0,1,0,0,618
2958,"0618-05-03 06:46:49",0,1,0,0,1,0,0,618
2959,"0618-10-27 06:53:36",0,1,0,0,1,0,0,618
2960,"0619-04-07 18:15:58",1,0,0,0,1,0,0,619
2961,"0619-10-02 07:00:16",1,0,0,0,1,0,0,619
2962,"0619-03-24 15:19:45",0,1,0,0,0,0,1,619
2963,"0619-09-16 17:40:38",0,1,1,0,0,0,0,619
2964,"0620-02-26 13:51:03",1,0,0,0,0,1,0,620
2965,"0620-03-27 00:46:05",1,0,0,0,0,1,0,620
2966,"0620-08-21 23:50:40",1,0,0,0,0,1,0,620
2967,"0620-09-20 15:06:21",1,0,0,0,0,1,0,620
2968,"0620-03-13 01:59:50",0,1,1,0,0,0,0,620
2969,"0620-09-05 05:43:15",0,1,0,0,0,0,1,620
2970,"0621-02-15 04:54:24",1,0,0,0,1,0,0,621
2971,"0621-08-11 00:06:22",1,0,0,0,1,0,0,621
2972,"0621-03-02 05:13:42",0,1,1,0,0,0,0,621
2973,"0621-08-25 22:01:57",0,1,0,0,0,0,1,621
2974,"0622-02-04 20:47:59",1,0,0,0,0,0,1,622
2975,"0622-07-31 03:11:26",1,0,0,0,0,0,1,622
2976,"0622-01-20 11:43:59",0,1,0,0,1,0,0,622
2977,"0622-02-19 04:50:04",0,1,0,0,1,0,0,622
2978,"0622-07-17 04:41:58",0,1,0,0,1,0,0,622
2979,"0622-08-15 13:58:15",0,1,0,0,1,0,0,622
2980,"0623-01-25 08:51:34",1,0,0,0,1,0,0,623
2981,"0623-07-20 13:32:30",1,0,0,0,1,0,0,623
2982,"0623-12-15 18:57:45",1,0,0,0,0,1,0,623
2983,"0623-01-09 18:41:39",0,1,1,0,0,0,0,623
2984,"0623-07-06 12:27:11",0,1,1,0,0,0,0,623
2985,"0623-12-30 08:03:19",0,1,0,0,0,0,1,623
2986,"0624-01-14 13:43:36",1,0,0,0,0,1,0,624
2987,"0624-06-09 22:50:28",1,0,0,0,1,0,0,624
2988,"0624-07-09 05:26:28",1,0,0,0,0,1,0,624
2989,"0624-12-03 18:12:52",1,0,0,0,1,0,0,624
2990,"0624-06-24 13:58:32",0,1,1,0,0,0,0,624
2991,"0624-12-18 23:46:24",0,1,0,0,0,0,1,624
2992,"0625-05-30 14:47:53",1,0,0,0,0,0,1,625
2993,"0625-11-22 22:48:23",1,0,0,0,0,0,1,625
2994,"0625-06-13 15:35:30",0,1,0,0,0,0,0,625
2995,"0625-11-08 22:59:59",0,1,0,0,1,0,0,625
2996,"0625-12-08 13:07:39",0,1,0,0,1,0,0,625
2997,"0626-05-20 01:11:56",1,0,0,0,1,0,0,626
2998,"0626-11-12 10:35:19",1,0,0,0,1,0,0,626
2999,"0626-05-04 14:48:05",0,1,0,0,0,0,1,626
3000,"0626-10-29 02:17:18",0,1,1,0,0,0,0,626
3001,"0627-05-09 04:26:38",1,0,0,0,0,1,0,627
3002,"0627-10-03 16:13:01",1,0,0,0,0,1,0,627
3003,"0627-11-02 02:11:07",1,0,0,0,0,1,0,627
3004,"0627-04-24 07:03:16",0,1,0,0,0,0,1,627
3005,"0627-10-18 01:32:59",0,1,1,0,0,0,0,627
3006,"0628-03-28 14:41:30",1,0,0,0,1,0,0,628
3007,"0628-09-22 05:05:47",1,0,0,0,1,0,0,628
3008,"0628-04-12 23:41:14",0,1,0,0,0,0,1,628
3009,"0628-10-06 04:24:05",0,1,1,0,0,0,0,628
3010,"0629-03-17 23:09:00",1,0,0,0,0,0,1,629
3011,"0629-09-11 11:12:42",1,0,0,0,0,0,1,629
3012,"0629-03-03 22:44:41",0,1,0,0,1,0,0,629
3013,"0629-04-02 12:02:44",0,1,0,0,1,0,0,629
3014,"0629-08-27 05:18:51",0,1,0,0,1,0,0,629
3015,"0629-09-25 14:42:10",0,1,0,0,1,0,0,629
3016,"0630-03-07 13:38:09",1,0,0,0,1,0,0,630
3017,"0630-08-31 11:39:36",1,0,0,0,1,0,0,630
3018,"0630-02-21 00:12:50",0,1,1,0,0,0,0,630
3019,"0630-08-16 22:04:46",0,1,0,0,0,0,1,630
3020,"0631-01-26 19:37:58",1,0,0,0,0,1,0,631
3021,"0631-02-25 05:59:20",1,0,0,0,0,1,0,631
3022,"0631-07-22 00:52:05",1,0,0,0,0,1,0,631
3023,"0631-08-20 13:20:25",1,0,0,0,0,1,0,631
3024,"0631-02-10 00:06:31",0,1,1,0,0,0,0,631
3025,"0631-08-06 13:10:44",0,1,0,0,0,0,1,631
3026,"0632-01-16 05:49:10",1,0,0,0,1,0,0,632
3027,"0632-07-10 13:09:33",1,0,0,0,1,0,0,632
3028,"0632-01-30 05:32:10",0,1,1,0,0,0,0,632
3029,"0632-07-25 22:22:09",0,1,1,0,0,0,0,632
3030,"0632-12-20 07:10:12",0,1,0,0,1,0,0,632
3031,"0633-01-04 08:35:37",1,0,0,0,0,0,1,633
3032,"0633-06-30 05:52:49",1,0,0,0,0,0,1,633
3033,"0633-12-24 07:36:06",1,0,0,0,1,0,0,633
3034,"0633-01-18 17:52:05",0,1,0,0,1,0,0,633
3035,"0633-06-15 09:44:44",0,1,0,0,1,0,0,633
3036,"0633-12-09 22:40:27",0,1,0,0,0,0,1,633
3037,"0634-06-19 22:27:13",1,0,0,0,1,0,0,634
3038,"0634-11-13 20:13:44",1,0,0,0,0,1,0,634
3039,"0634-12-13 10:31:42",1,0,0,0,0,1,0,634
3040,"0634-06-04 12:42:06",0,1,1,0,0,0,0,634
3041,"0634-11-29 10:33:34",0,1,1,0,0,0,0,634
3042,"0635-05-10 22:22:04",1,0,0,0,1,0,0,635
3043,"0635-11-03 09:34:35",1,0,0,0,1,0,0,635
3044,"0635-05-24 22:40:14",0,1,0,0,0,0,1,635
3045,"0635-11-18 15:22:04",0,1,1,0,0,0,0,635
3046,"0636-04-29 00:06:54",1,0,0,0,0,0,1,636
3047,"0636-10-23 01:28:13",1,0,0,0,0,0,1,636
3048,"0636-04-14 07:19:03",0,1,0,0,1,0,0,636
3049,"0636-05-13 14:22:04",0,1,0,0,1,0,0,636
3050,"0636-11-06 14:45:42",0,1,0,0,1,0,0,636
3051,"0637-04-18 01:13:35",1,0,0,0,1,0,0,637
3052,"0637-10-12 15:13:58",1,0,0,0,1,0,0,637
3053,"0637-04-03 23:07:44",0,1,0,0,0,0,1,637
3054,"0637-09-27 01:34:33",0,1,1,0,0,0,0,637
3055,"0638-03-08 21:56:14",1,0,0,0,0,1,0,638
3056,"0638-04-07 08:17:21",1,0,0,0,0,1,0,638
3057,"0638-09-02 06:55:15",1,0,0,0,0,1,0,638
3058,"0638-10-01 22:46:51",1,0,0,0,0,1,0,638
3059,"0638-03-24 09:31:19",0,1,1,0,0,0,0,638
3060,"0638-09-16 13:48:47",0,1,0,0,0,0,1,638
3061,"0639-02-26 13:18:53",1,0,0,0,1,0,0,639
3062,"0639-08-22 07:00:02",1,0,0,0,1,0,0,639
3063,"0639-03-13 12:31:44",0,1,1,0,0,0,0,639
3064,"0639-09-06 06:05:17",0,1,0,0,0,0,1,639
3065,"0640-02-16 05:15:49",1,0,0,0,0,0,1,640
3066,"0640-08-10 10:20:09",1,0,0,0,0,0,1,640
3067,"0640-01-31 19:45:43",0,1,0,0,1,0,0,640
3068,"0640-03-01 12:18:55",0,1,0,0,1,0,0,640
3069,"0640-07-27 11:57:33",0,1,0,0,1,0,0,640
3070,"0640-08-25 21:42:44",0,1,0,0,1,0,0,640
3071,"0641-02-04 17:09:10",1,0,0,0,1,0,0,641
3072,"0641-07-30 21:00:04",1,0,0,0,1,0,0,641
3073,"0641-12-26 03:02:54",1,0,0,0,0,1,0,641
3074,"0641-01-20 03:14:08",0,1,1,0,0,0,0,641
3075,"0641-07-16 19:09:28",0,1,1,0,0,0,0,641
3076,"0642-01-24 21:44:38",1,0,0,0,0,1,0,642
3077,"0642-06-21 06:18:42",1,0,0,0,0,1,0,642
3078,"0642-07-20 13:01:11",1,0,0,0,0,1,0,642
3079,"0642-12-15 02:25:43",1,0,0,0,1,0,0,642
3080,"0642-01-09 16:54:29",0,1,0,0,0,0,1,642
3081,"0642-07-05 20:23:48",0,1,1,0,0,0,0,642
3082,"0642-12-30 08:40:12",0,1,0,0,0,0,1,642
3083,"0643-06-10 22:02:20",1,0,0,0,0,0,1,643
3084,"0643-12-04 07:22:21",1,0,0,0,0,0,1,643
3085,"0643-06-24 22:14:45",0,1,1,0,0,0,0,643
3086,"0643-11-20 07:22:54",0,1,0,0,1,0,0,643
3087,"0643-12-19 21:48:06",0,1,0,0,1,0,0,643
3088,"0644-05-30 08:02:15",1,0,0,0,0,0,1,644
3089,"0644-11-22 19:23:04",1,0,0,0,1,0,0,644
3090,"0644-05-14 22:14:08",0,1,0,0,0,0,1,644
3091,"0644-11-08 10:13:01",0,1,1,0,0,0,0,644
3092,"0645-05-19 10:58:33",1,0,0,0,0,1,0,645
3093,"0645-10-14 00:39:03",1,0,0,0,0,1,0,645
3094,"0645-11-12 10:58:34",1,0,0,0,0,1,0,645
3095,"0645-05-04 14:44:30",0,1,0,0,0,0,1,645
3096,"0645-10-28 09:21:55",0,1,1,0,0,0,0,645
3097,"0646-04-08 21:53:20",1,0,0,0,1,0,0,646
3098,"0646-10-03 13:05:15",1,0,0,0,1,0,0,646
3099,"0646-04-24 07:20:18",0,1,0,0,0,0,1,646
3100,"0646-10-17 12:27:08",0,1,1,0,0,0,0,646
3101,"0647-03-29 06:54:26",1,0,0,0,0,0,1,647
3102,"0647-09-22 18:39:28",1,0,0,0,0,0,1,647
3103,"0647-03-15 06:16:36",0,1,0,0,1,0,0,647
3104,"0647-04-13 19:25:27",0,1,0,0,1,0,0,647
3105,"0647-09-07 13:21:14",0,1,0,0,1,0,0,647
3106,"0647-10-06 23:00:05",0,1,0,0,1,0,0,647
3107,"0648-03-17 21:45:53",1,0,0,0,1,0,0,648
3108,"0648-09-10 18:48:18",1,0,0,0,1,0,0,648
3109,"0648-03-03 07:35:55",0,1,1,0,0,0,0,648
3110,"0648-08-27 06:00:28",0,1,0,0,0,0,1,648
3111,"0649-02-06 04:08:18",1,0,0,0,0,1,0,649
3112,"0649-03-07 14:15:14",1,0,0,0,0,1,0,649
3113,"0649-08-01 08:02:57",1,0,0,0,0,1,0,649
3114,"0649-08-30 20:37:04",1,0,0,0,0,1,0,649
3115,"0649-02-20 07:48:51",0,1,1,0,0,0,0,649
3116,"0649-08-16 20:42:37",0,1,0,0,0,0,1,649
3117,"0650-01-26 14:04:26",1,0,0,0,1,0,0,650
3118,"0650-07-21 20:38:10",1,0,0,0,1,0,0,650
3119,"0650-02-09 13:46:35",0,1,1,0,0,0,0,650
3120,"0650-08-06 05:20:08",0,1,1,0,0,0,0,650
3121,"0650-12-31 16:04:39",0,1,0,0,1,0,0,650
3122,"0651-01-15 16:35:52",1,0,0,0,0,0,1,651
3123,"0651-07-11 13:24:42",1,0,0,0,0,0,1,651
3124,"0651-01-30 02:30:42",0,1,0,0,1,0,0,651
3125,"0651-06-26 16:09:27",0,1,0,0,1,0,0,651
3126,"0651-07-26 07:18:50",0,1,0,0,1,0,0,651
3127,"0651-12-21 07:32:33",0,1,0,0,0,0,1,651
3128,"0652-01-04 15:42:03",1,0,0,0,1,0,0,652
3129,"0652-06-30 05:47:06",1,0,0,0,1,0,0,652
3130,"0652-11-24 04:51:18",1,0,0,0,0,1,0,652
3131,"0652-12-23 19:00:33",1,0,0,0,0,1,0,652
3132,"0652-06-14 19:29:21",0,1,1,0,0,0,0,652
3133,"0652-12-09 19:07:05",0,1,1,0,0,0,0,652
3134,"0653-05-21 05:06:27",1,0,0,0,0,0,0,653
3135,"0653-11-13 18:22:25",1,0,0,0,1,0,0,653
3136,"0653-06-04 05:55:58",0,1,0,0,0,0,1,653
3137,"0653-11-28 23:31:35",0,1,1,0,0,0,0,653
3138,"0654-05-10 06:39:39",1,0,0,0,0,0,1,654
3139,"0654-11-03 10:09:53",1,0,0,0,0,0,1,654
3140,"0654-04-25 15:03:36",0,1,0,0,1,0,0,654
3141,"0654-05-24 21:53:23",0,1,0,0,1,0,0,654
3142,"0654-11-17 22:44:44",0,1,0,0,1,0,0,654
3143,"0655-04-29 08:05:59",1,0,0,0,1,0,0,655
3144,"0655-10-23 23:33:55",1,0,0,0,1,0,0,655
3145,"0655-04-15 06:47:31",0,1,0,0,0,0,1,655
3146,"0655-10-08 09:37:59",0,1,1,0,0,0,0,655
3147,"0656-03-19 05:54:47",1,0,0,0,0,1,0,656
3148,"0656-04-17 15:43:52",1,0,0,0,0,1,0,656
3149,"0656-10-12 06:34:36",1,0,0,0,0,1,0,656
3150,"0656-04-03 16:53:34",0,1,1,0,0,0,0,656
3151,"0656-09-26 22:03:15",0,1,0,0,0,0,1,656
3152,"0657-03-08 21:37:04",1,0,0,0,1,0,0,657
3153,"0657-09-01 14:01:58",1,0,0,0,1,0,0,657
3154,"0657-03-23 19:41:55",0,1,1,0,0,0,0,657
3155,"0657-09-16 14:15:03",0,1,0,0,0,0,1,657
3156,"0658-02-26 13:36:22",1,0,0,0,0,0,1,658
3157,"0658-08-21 17:37:24",1,0,0,0,0,0,1,658
3158,"0658-02-11 03:42:13",0,1,0,0,1,0,0,658
3159,"0658-03-12 19:41:03",0,1,0,0,1,0,0,658
3160,"0658-08-07 19:16:44",0,1,0,0,1,0,0,658
3161,"0658-09-06 05:33:08",0,1,0,0,1,0,0,658
3162,"0659-02-16 01:16:42",1,0,0,0,1,0,0,659
3163,"0659-08-11 04:35:35",1,0,0,0,1,0,0,659
3164,"0659-01-31 11:40:28",0,1,0,0,0,0,0,659
3165,"0659-07-28 01:55:39",0,1,1,0,0,0,0,659
3166,"0660-01-06 11:04:03",1,0,0,0,0,1,0,660
3167,"0660-02-05 05:36:24",1,0,0,0,0,1,0,660
3168,"0660-07-01 13:48:54",1,0,0,0,0,1,0,660
3169,"0660-07-30 20:42:04",1,0,0,0,0,1,0,660
3170,"0660-12-25 10:37:11",1,0,0,0,1,0,0,660
3171,"0660-01-21 01:40:21",0,1,0,0,0,0,1,660
3172,"0660-07-16 02:54:18",0,1,1,0,0,0,0,660
3173,"0661-06-21 05:16:07",1,0,0,0,0,0,1,661
3174,"0661-12-14 15:58:22",1,0,0,0,0,0,1,661
3175,"0661-01-09 17:29:25",0,1,0,0,0,0,1,661
3176,"0661-07-05 04:58:56",0,1,1,0,0,0,0,661
3177,"0661-11-30 15:48:13",0,1,0,0,1,0,0,661
3178,"0661-12-30 06:26:15",0,1,0,0,1,0,0,661
3179,"0662-06-10 14:47:07",1,0,0,0,0,0,1,662
3180,"0662-12-04 04:15:11",1,0,0,0,1,0,0,662
3181,"0662-05-26 05:36:24",0,1,0,0,1,0,0,662
3182,"0662-06-24 13:50:27",0,1,0,0,1,0,0,662
3183,"0662-11-19 18:14:51",0,1,1,0,0,0,0,662
3184,"0663-05-30 17:24:36",1,0,0,0,0,1,0,663
3185,"0663-10-25 09:12:51",1,0,0,0,0,1,0,663
3186,"0663-11-23 19:51:03",1,0,0,0,0,1,0,663
3187,"0663-05-15 22:19:28",0,1,0,0,0,0,1,663
3188,"0663-11-08 17:19:33",0,1,1,0,0,0,0,663
3189,"0664-04-19 04:58:13",1,0,0,0,1,0,0,664
3190,"0664-10-13 21:12:37",1,0,0,0,1,0,0,664
3191,"0664-05-04 14:51:50",0,1,0,0,0,0,1,664
3192,"0664-10-27 20:39:47",0,1,1,0,0,0,0,664
3193,"0665-04-08 14:34:05",1,0,0,0,0,0,1,665
3194,"0665-10-03 02:12:58",1,0,0,0,0,0,1,665
3195,"0665-03-25 13:39:13",0,1,0,0,1,0,0,665
3196,"0665-04-24 02:39:56",0,1,0,0,1,0,0,665
3197,"0665-09-17 21:30:41",0,1,0,0,1,0,0,665
3198,"0665-10-17 07:25:37",0,1,0,0,1,0,0,665
3199,"0666-03-29 05:47:48",1,0,0,0,1,0,0,666
3200,"0666-09-22 02:05:20",1,0,0,0,1,0,0,666
3201,"0666-03-14 14:51:51",0,1,1,0,0,0,0,666
3202,"0666-09-07 14:01:49",0,1,0,0,0,0,1,666
3203,"0667-02-17 12:31:09",1,0,0,0,0,1,0,667
3204,"0667-03-18 22:22:40",1,0,0,0,0,1,0,667
3205,"0667-08-12 15:21:19",1,0,0,0,0,1,0,667
3206,"0667-09-11 04:03:34",1,0,0,0,0,1,0,667
3207,"0667-03-03 15:23:55",0,1,1,0,0,0,0,667
3208,"0667-08-28 04:20:01",0,1,0,0,0,0,1,667
3209,"0668-02-06 22:12:37",1,0,0,0,1,0,0,668
3210,"0668-08-01 04:13:21",1,0,0,0,1,0,0,668
3211,"0668-02-20 21:55:14",0,1,1,0,0,0,0,668
3212,"0668-08-16 12:23:48",0,1,1,0,0,0,0,668
3213,"0669-01-26 00:30:10",1,0,0,0,0,0,1,669
3214,"0669-07-21 21:01:13",1,0,0,0,0,0,1,669
3215,"0669-01-11 00:55:56",0,1,0,0,1,0,0,669
3216,"0669-02-09 11:04:03",0,1,0,0,1,0,0,669
3217,"0669-07-06 22:38:53",0,1,0,0,1,0,0,669
3218,"0669-08-05 13:58:47",0,1,0,0,1,0,0,669
3219,"0669-12-31 16:22:18",0,1,0,0,0,0,1,669
3220,"0670-01-14 23:44:26",1,0,0,0,1,0,0,670
3221,"0670-07-11 13:07:48",1,0,0,0,1,0,0,670
3222,"0670-12-05 13:32:07",1,0,0,0,0,1,0,670
3223,"0670-06-26 02:18:58",0,1,1,0,0,0,0,670
3224,"0670-12-21 03:39:40",0,1,1,0,0,0,0,670
3225,"0671-01-04 03:28:01",1,0,0,0,0,1,0,671
3226,"0671-06-01 11:46:15",1,0,0,0,0,1,0,671
3227,"0671-11-25 03:13:51",1,0,0,0,1,0,0,671
3228,"0671-06-15 13:12:37",0,1,0,0,0,0,1,671
3229,"0671-12-10 07:41:18",0,1,1,0,0,0,0,671
3230,"0672-05-20 13:08:23",1,0,0,0,0,0,1,672
3231,"0672-11-13 18:56:36",1,0,0,0,0,0,1,672
3232,"0672-06-04 05:23:53",0,1,0,0,0,0,1,672
3233,"0672-11-28 06:47:39",0,1,0,0,1,0,0,672
3234,"0673-05-09 14:54:22",1,0,0,0,0,0,1,673
3235,"0673-11-03 07:59:25",1,0,0,0,1,0,0,673
3236,"0673-04-25 14:19:28",0,1,0,0,0,0,1,673
3237,"0673-10-18 17:50:23",0,1,1,0,0,0,0,673
3238,"0674-03-30 13:46:03",1,0,0,0,0,1,0,674
3239,"0674-04-28 23:04:58",1,0,0,0,0,1,0,674
3240,"0674-10-23 14:30:05",1,0,0,0,0,1,0,674
3241,"0674-04-15 00:05:48",0,1,1,0,0,0,0,674
3242,"0674-10-08 06:26:49",0,1,0,0,0,0,1,674
3243,"0675-03-20 05:45:27",1,0,0,0,1,0,0,675
3244,"0675-09-12 21:14:38",1,0,0,0,1,0,0,675
3245,"0675-04-04 02:40:10",0,1,1,0,0,0,0,675
3246,"0675-09-27 22:33:47",0,1,0,0,0,0,1,675
3247,"0676-03-08 21:47:47",1,0,0,0,0,0,1,676
3248,"0676-09-01 01:04:35",1,0,0,0,0,0,1,676
3249,"0676-02-22 11:31:33",0,1,0,0,1,0,0,676
3250,"0676-03-23 02:54:29",0,1,0,0,1,0,0,676
3251,"0676-08-18 02:41:14",0,1,0,0,1,0,0,676
3252,"0676-09-16 13:30:48",0,1,0,0,1,0,0,676
3253,"0677-02-26 09:16:08",1,0,0,0,1,0,0,677
3254,"0677-08-21 12:18:46",1,0,0,0,1,0,0,677
3255,"0677-02-10 20:02:05",0,1,0,0,0,0,0,677
3256,"0677-08-07 08:46:11",0,1,1,0,0,0,0,677
3257,"0678-01-16 19:02:19",1,0,0,0,0,1,0,678
3258,"0678-02-15 13:21:06",1,0,0,0,0,1,0,678
3259,"0678-07-12 21:19:34",1,0,0,0,0,1,0,678
3260,"0678-08-11 04:27:12",1,0,0,0,0,1,0,678
3261,"0678-01-31 10:22:30",0,1,0,0,0,0,1,678
3262,"0678-07-27 09:28:08",0,1,1,0,0,0,0,678
3263,"0679-01-05 18:49:03",1,0,0,0,1,0,0,679
3264,"0679-07-02 12:29:15",1,0,0,0,1,0,0,679
3265,"0679-12-26 00:34:38",1,0,0,0,0,0,1,679
3266,"0679-01-21 02:15:45",0,1,0,0,0,0,1,679
3267,"0679-07-16 11:47:59",0,1,1,0,0,0,0,679
3268,"0679-12-12 00:14:02",0,1,0,0,1,0,0,679
3269,"0680-06-20 21:31:30",1,0,0,0,0,0,1,680
3270,"0680-12-14 13:08:26",1,0,0,0,1,0,0,680
3271,"0680-01-10 15:00:22",0,1,0,0,1,0,0,680
3272,"0680-06-05 12:59:20",0,1,0,0,1,0,0,680
3273,"0680-07-04 21:04:46",0,1,0,0,1,0,0,680
3274,"0680-11-30 02:19:11",0,1,1,0,0,0,0,680
3275,"0681-06-09 23:49:43",1,0,0,0,0,0,0,681
3276,"0681-11-04 17:50:58",1,0,0,0,0,1,0,681
3277,"0681-12-04 04:45:00",1,0,0,0,0,1,0,681
3278,"0681-05-26 05:52:42",0,1,0,0,0,0,1,681
3279,"0681-11-19 01:21:45",0,1,1,0,0,0,0,681
3280,"0682-04-30 11:59:20",1,0,0,0,0,0,0,682
3281,"0682-10-25 05:25:43",1,0,0,0,1,0,0,682
3282,"0682-05-15 22:18:23",0,1,0,0,0,0,1,682
3283,"0682-11-08 04:59:17",0,1,1,0,0,0,0,682
3284,"0683-04-19 22:06:51",1,0,0,0,0,0,1,683
3285,"0683-10-14 09:55:01",1,0,0,0,0,0,1,683
3286,"0683-05-05 09:45:26",0,1,0,0,1,0,0,683
3287,"0683-09-29 05:49:33",0,1,0,0,1,0,0,683
3288,"0683-10-28 15:59:25",0,1,0,0,1,0,0,683
3289,"0684-04-08 13:41:49",1,0,0,0,1,0,0,684
3290,"0684-10-02 09:32:13",1,0,0,0,1,0,0,684
3291,"0684-03-24 21:57:03",0,1,1,0,0,0,0,684
3292,"0684-09-17 22:11:09",0,1,0,0,0,0,1,684
3293,"0685-02-27 20:44:23",1,0,0,0,0,1,0,685
3294,"0685-03-29 06:21:18",1,0,0,0,0,1,0,685
3295,"0685-08-22 22:49:15",1,0,0,0,0,1,0,685
3296,"0685-09-21 11:41:02",1,0,0,0,0,1,0,685
3297,"0685-03-13 22:50:40",0,1,1,0,0,0,0,685
3298,"0685-09-07 12:04:27",0,1,0,0,0,0,0,685
3299,"0686-02-17 06:11:01",1,0,0,0,1,0,0,686
3300,"0686-08-12 11:54:16",1,0,0,0,1,0,0,686
3301,"0686-03-03 05:55:56",0,1,0,0,0,0,0,686
3302,"0686-08-27 19:32:54",0,1,1,0,0,0,0,686
3303,"0687-02-06 08:16:53",1,0,0,0,0,0,1,687
3304,"0687-08-02 04:41:42",1,0,0,0,0,0,1,687
3305,"0687-01-22 09:43:18",0,1,0,0,1,0,0,687
3306,"0687-02-20 19:30:05",0,1,0,0,1,0,0,687
3307,"0687-07-18 05:11:49",0,1,0,0,1,0,0,687
3308,"0687-08-16 20:45:32",0,1,0,0,1,0,0,687
3309,"0688-01-26 07:41:50",1,0,0,0,1,0,0,688
3310,"0688-07-21 20:31:04",1,0,0,0,1,0,0,688
3311,"0688-12-15 22:15:45",1,0,0,0,0,1,0,688
3312,"0688-01-12 01:08:31",0,1,0,0,0,0,1,688
3313,"0688-07-06 09:12:46",0,1,1,0,0,0,0,688
3314,"0688-12-31 12:10:50",0,1,1,0,0,0,0,688
3315,"0689-01-14 11:54:09",1,0,0,0,0,1,0,689
3316,"0689-06-11 18:22:14",1,0,0,0,0,1,0,689
3317,"0689-07-11 07:00:13",1,0,0,0,0,1,0,689
3318,"0689-12-05 12:08:38",1,0,0,0,1,0,0,689
3319,"0689-06-25 20:30:21",0,1,0,0,0,0,1,689
3320,"0689-12-20 15:51:44",0,1,1,0,0,0,0,689
3321,"0690-05-31 19:33:49",1,0,0,0,0,0,1,690
3322,"0690-11-25 03:47:06",1,0,0,0,0,0,1,690
3323,"0690-06-15 12:53:00",0,1,0,0,0,0,1,690
3324,"0690-12-09 14:53:44",0,1,0,0,1,0,0,690
3325,"0691-05-20 21:39:46",1,0,0,0,0,0,1,691
3326,"0691-11-14 16:29:36",1,0,0,0,1,0,0,691
3327,"0691-05-06 21:44:00",0,1,0,0,0,0,1,691
3328,"0691-10-30 02:11:18",0,1,1,0,0,0,0,691
3329,"0692-04-09 21:32:04",1,0,0,0,0,1,0,692
3330,"0692-05-09 06:23:53",1,0,0,0,0,1,0,692
3331,"0692-11-02 22:29:50",1,0,0,0,0,1,0,692
3332,"0692-04-25 07:10:36",0,1,1,0,0,0,0,692
3333,"0692-10-18 14:57:01",0,1,0,0,0,0,1,692
3334,"0693-03-30 13:48:04",1,0,0,0,1,0,0,693
3335,"0693-09-23 04:36:54",1,0,0,0,1,0,0,693
3336,"0693-04-14 09:32:09",0,1,1,0,0,0,0,693
3337,"0693-10-08 06:59:23",0,1,0,0,0,0,1,693
3338,"0694-03-20 05:50:17",1,0,0,0,0,0,1,694
3339,"0694-09-12 08:41:31",1,0,0,0,0,0,1,694
3340,"0694-04-03 10:00:29",0,1,0,0,1,0,0,694
3341,"0694-08-29 10:11:11",0,1,0,0,1,0,0,694
3342,"0694-09-27 21:35:24",0,1,0,0,1,0,0,694
3343,"0695-03-09 17:04:25",1,0,0,0,1,0,0,695
3344,"0695-09-01 20:11:16",1,0,0,0,1,0,0,695
3345,"0695-02-22 04:16:05",0,1,0,0,0,0,1,695
3346,"0695-08-18 15:43:26",0,1,1,0,0,0,0,695
3347,"0696-01-28 02:52:35",1,0,0,0,0,1,0,696
3348,"0696-02-26 20:54:22",1,0,0,0,0,1,0,696
3349,"0696-07-23 04:55:00",1,0,0,0,0,1,0,696
3350,"0696-08-21 12:20:33",1,0,0,0,0,1,0,696
3351,"0696-02-11 18:56:31",0,1,0,0,0,0,1,696
3352,"0696-08-06 16:10:29",0,1,1,0,0,0,0,696
3353,"0697-01-16 02:56:48",1,0,0,0,1,0,0,697
3354,"0697-07-12 19:42:40",1,0,0,0,1,0,0,697
3355,"0697-01-31 10:55:16",0,1,0,0,0,0,1,697
3356,"0697-07-26 18:42:49",0,1,1,0,0,0,0,697
3357,"0697-12-22 08:38:56",0,1,0,0,1,0,0,697
3358,"0698-01-05 09:09:41",1,0,0,0,0,0,1,698
3359,"0698-07-02 04:13:54",1,0,0,0,0,0,1,698
3360,"0698-12-25 22:01:46",1,0,0,0,1,0,0,698
3361,"0698-01-20 23:29:10",0,1,0,0,1,0,0,698
3362,"0698-06-16 20:21:20",0,1,0,0,1,0,0,698
3363,"0698-07-16 04:22:26",0,1,0,0,1,0,0,698
3364,"0698-12-11 10:25:40",0,1,1,0,0,0,0,698
3365,"0699-06-21 06:12:38",1,0,0,0,1,0,0,699
3366,"0699-11-16 02:35:01",1,0,0,0,0,1,0,699
3367,"0699-12-15 13:40:52",1,0,0,0,0,1,0,699
3368,"0699-06-06 13:21:56",0,1,0,0,0,0,1,699
3369,"0699-11-30 09:29:48",0,1,1,0,0,0,0,699
3370,"0700-05-11 18:56:32",1,0,0,0,0,1,0,700
3371,"0700-11-05 13:44:05",1,0,0,0,1,0,0,700
3372,"0700-05-27 05:39:59",0,1,0,0,0,0,1,700
3373,"0700-11-19 13:24:49",0,1,1,0,0,0,0,700
3374,"0701-05-01 05:36:07",1,0,0,0,0,0,1,701
3375,"0701-10-25 17:44:00",1,0,0,0,0,0,1,701
3376,"0701-05-16 16:45:17",0,1,0,0,1,0,0,701
3377,"0701-10-10 14:16:04",0,1,0,0,1,0,0,701
3378,"0701-11-09 00:39:50",0,1,0,0,1,0,0,701
3379,"0702-04-20 21:29:31",1,0,0,0,0,0,1,702
3380,"0702-10-14 17:08:11",1,0,0,0,1,0,0,702
3381,"0702-04-06 04:54:06",0,1,1,0,0,0,0,702
3382,"0702-09-30 06:27:17",0,1,0,0,0,0,1,702
3383,"0703-03-12 04:49:24",1,0,0,0,0,1,0,703
3384,"0703-04-10 14:12:16",1,0,0,0,0,1,0,703
3385,"0703-10-03 19:28:20",1,0,0,0,0,1,0,703
3386,"0703-03-26 06:10:41",0,1,1,0,0,0,0,703
3387,"0703-09-19 19:55:34",0,1,0,0,0,0,0,703
3388,"0704-02-29 14:00:11",1,0,0,0,1,0,0,704
3389,"0704-08-23 19:43:48",1,0,0,0,1,0,0,704
3390,"0704-03-14 13:50:12",0,1,0,0,0,0,0,704
3391,"0704-09-08 02:49:51",0,1,1,0,0,0,0,704
3392,"0705-02-17 15:56:03",1,0,0,0,0,0,1,705
3393,"0705-08-13 12:27:17",1,0,0,0,0,0,1,705
3394,"0705-02-02 18:25:31",0,1,0,0,1,0,0,705
3395,"0705-03-04 03:50:00",0,1,0,0,1,0,0,705
3396,"0705-07-29 11:50:38",0,1,0,0,1,0,0,705
3397,"0705-08-28 03:39:30",0,1,0,0,1,0,0,705
3398,"0706-02-06 15:33:32",1,0,0,0,1,0,0,706
3399,"0706-08-03 03:57:54",1,0,0,0,1,0,0,706
3400,"0706-12-28 06:58:04",1,0,0,0,0,1,0,706
3401,"0706-01-23 09:49:45",0,1,0,0,0,0,1,706
3402,"0706-07-18 16:12:00",0,1,1,0,0,0,0,706
3403,"0707-01-26 20:14:21",1,0,0,0,0,1,0,707
3404,"0707-06-24 00:56:58",1,0,0,0,0,1,0,707
3405,"0707-07-23 13:55:41",1,0,0,0,0,1,0,707
3406,"0707-12-17 21:03:50",1,0,0,0,1,0,0,707
3407,"0707-01-12 20:36:18",0,1,1,0,0,0,0,707
3408,"0707-07-08 03:51:55",0,1,0,0,0,0,1,707
3409,"0708-06-12 01:58:53",1,0,0,0,1,0,0,708
3410,"0708-12-06 12:38:48",1,0,0,0,0,0,1,708
3411,"0708-01-01 23:58:47",0,1,1,0,0,0,0,708
3412,"0708-06-26 20:23:50",0,1,0,0,0,0,1,708
3413,"0708-12-20 22:59:24",0,1,0,0,1,0,0,708
3414,"0709-06-01 04:24:30",1,0,0,0,0,0,1,709
3415,"0709-11-26 01:03:22",1,0,0,0,1,0,0,709
3416,"0709-05-18 05:02:57",0,1,0,0,1,0,0,709
3417,"0709-11-10 10:39:43",0,1,1,0,0,0,0,709
3418,"0710-05-21 13:38:07",1,0,0,0,1,0,0,710
3419,"0710-11-15 06:36:27",1,0,0,0,0,1,0,710
3420,"0710-05-07 14:05:21",0,1,1,0,0,0,0,710
3421,"0710-10-30 23:35:59",0,1,0,0,0,0,1,710
3422,"0711-04-11 21:41:44",1,0,0,0,1,0,0,711
3423,"0711-10-05 12:10:00",1,0,0,0,0,0,0,711
3424,"0711-04-26 16:14:10",0,1,1,0,0,0,0,711
3425,"0711-10-20 15:33:02",0,1,0,0,0,0,1,711
3426,"0712-03-31 13:43:17",1,0,0,0,0,0,1,712
3427,"0712-09-23 16:29:16",1,0,0,0,0,0,1,712
3428,"0712-04-14 16:58:55",0,1,0,0,1,0,0,712
3429,"0712-10-09 05:47:42",0,1,0,0,1,0,0,712
3430,"0713-03-21 00:44:03",1,0,0,0,1,0,0,713
3431,"0713-09-13 04:11:04",1,0,0,0,1,0,0,713
3432,"0713-03-05 12:24:36",0,1,0,0,0,0,1,713
3433,"0713-08-29 22:45:31",0,1,1,0,0,0,0,713
3434,"0714-02-08 10:37:51",1,0,0,0,0,1,0,714
3435,"0714-03-10 04:19:47",1,0,0,0,0,1,0,714
3436,"0714-08-04 12:33:09",1,0,0,0,0,1,0,714
3437,"0714-09-02 20:19:38",1,0,0,0,0,1,0,714
3438,"0714-02-23 03:25:31",0,1,0,0,0,0,1,714
3439,"0714-08-18 22:58:41",0,1,1,0,0,0,0,714
3440,"0715-01-28 11:00:20",1,0,0,0,1,0,0,715
3441,"0715-07-25 02:58:26",1,0,0,0,1,0,0,715
3442,"0715-02-12 19:28:06",0,1,0,0,0,0,1,715
3443,"0715-08-08 01:45:23",0,1,1,0,0,0,0,715
3444,"0716-01-17 17:42:09",1,0,0,0,0,0,1,716
3445,"0716-07-13 10:58:28",1,0,0,0,0,0,1,716
3446,"0716-01-03 17:01:12",0,1,0,0,1,0,0,716
3447,"0716-02-02 07:51:30",0,1,0,0,1,0,0,716
3448,"0716-06-28 03:46:23",0,1,0,0,1,0,0,716
3449,"0716-07-27 11:46:45",0,1,0,0,1,0,0,716
3450,"0716-12-22 18:30:24",0,1,1,0,0,0,0,716
3451,"0717-01-06 06:52:31",1,0,0,0,1,0,0,717
3452,"0717-07-02 12:38:12",1,0,0,0,1,0,0,717
3453,"0717-11-27 11:21:23",1,0,0,0,0,1,0,717
3454,"0717-12-26 22:35:14",1,0,0,0,0,1,0,717
3455,"0717-06-17 20:52:03",0,1,0,0,0,0,1,717
3456,"0717-12-11 17:39:33",0,1,1,0,0,0,0,717
3457,"0718-05-23 01:51:01",1,0,0,0,0,1,0,718
3458,"0718-11-16 22:06:53",1,0,0,0,1,0,0,718
3459,"0718-06-07 12:57:38",0,1,0,0,0,0,1,718
3460,"0718-11-30 21:54:57",0,1,1,0,0,0,0,718
3461,"0719-05-12 13:00:55",1,0,0,0,0,0,1,719
3462,"0719-11-06 01:39:02",1,0,0,0,0,0,1,719
3463,"0719-05-27 23:38:59",0,1,0,0,1,0,0,719
3464,"0719-10-21 22:50:24",0,1,0,0,1,0,0,719
3465,"0719-11-20 09:25:03",0,1,0,0,1,0,0,719
3466,"0720-05-01 05:11:16",1,0,0,0,0,0,1,720
3467,"0720-10-25 00:53:32",1,0,0,0,1,0,0,720
3468,"0720-04-16 11:42:09",0,1,0,0,0,0,0,720
3469,"0720-10-10 14:51:40",0,1,0,0,0,0,1,720
3470,"0721-03-22 12:44:26",1,0,0,0,0,1,0,721
3471,"0721-04-20 21:55:04",1,0,0,0,0,1,0,721
3472,"0721-10-14 03:25:25",1,0,0,0,0,1,0,721
3473,"0721-04-05 13:23:08",0,1,1,0,0,0,0,721
3474,"0721-09-30 03:53:28",0,1,0,0,0,0,0,721
3475,"0722-03-11 21:38:44",1,0,0,0,1,0,0,722
3476,"0722-09-04 03:40:54",1,0,0,0,1,0,0,722
3477,"0722-03-25 21:36:55",0,1,0,0,0,0,1,722
3478,"0722-09-19 10:14:02",0,1,1,0,0,0,0,722
3479,"0723-02-28 23:24:30",1,0,0,0,0,0,1,723
3480,"0723-08-24 20:19:27",1,0,0,0,0,0,1,723
3481,"0723-02-14 03:00:15",0,1,0,0,1,0,0,723
3482,"0723-03-15 12:00:46",0,1,0,0,1,0,0,723
3483,"0723-09-08 10:42:58",0,1,0,0,1,0,0,723
3484,"0724-02-17 23:18:35",1,0,0,0,1,0,0,724
3485,"0724-08-13 11:28:52",1,0,0,0,1,0,0,724
3486,"0724-02-03 18:25:03",0,1,0,0,0,0,1,724
3487,"0724-07-28 23:17:29",0,1,1,0,0,0,0,724
3488,"0725-01-07 15:39:26",1,0,0,0,0,1,0,725
3489,"0725-02-06 04:30:35",1,0,0,0,0,1,0,725
3490,"0725-07-04 07:31:28",1,0,0,0,0,1,0,725
3491,"0725-08-02 20:53:42",1,0,0,0,0,1,0,725
3492,"0725-12-28 05:59:29",1,0,0,0,1,0,0,725
3493,"0725-01-23 04:56:51",0,1,1,0,0,0,0,725
3494,"0725-07-18 11:17:27",0,1,0,0,0,0,1,725
3495,"0726-06-23 08:22:41",1,0,0,0,1,0,0,726
3496,"0726-12-17 21:31:57",1,0,0,0,0,0,1,726
3497,"0726-01-12 08:03:13",0,1,1,0,0,0,0,726
3498,"0726-07-08 03:54:51",0,1,0,0,0,0,1,726
3499,"0727-06-12 11:09:29",1,0,0,0,0,0,1,727
3500,"0727-12-07 09:37:58",1,0,0,0,1,0,0,727
3501,"0727-01-01 07:05:22",0,1,0,0,1,0,0,727
3502,"0727-05-29 12:16:50",0,1,0,0,1,0,0,727
3503,"0727-06-27 20:35:27",0,1,0,0,1,0,0,727
3504,"0727-11-21 19:13:09",0,1,1,0,0,0,0,727
3505,"0728-05-31 20:53:00",1,0,0,0,1,0,0,728
3506,"0728-11-25 14:45:29",1,0,0,0,0,1,0,728
3507,"0728-05-17 20:55:15",0,1,1,0,0,0,0,728
3508,"0728-11-10 08:20:08",0,1,0,0,0,0,1,728
3509,"0729-04-22 05:30:00",1,0,0,0,1,0,0,729
3510,"0729-10-15 19:51:15",1,0,0,0,0,0,0,729
3511,"0729-05-06 22:51:02",0,1,1,0,0,0,0,729
3512,"0729-10-31 00:11:40",0,1,0,0,0,0,1,729
3513,"0730-04-11 21:28:03",1,0,0,0,0,0,1,730
3514,"0730-10-05 00:26:37",1,0,0,0,0,0,1,730
3515,"0730-04-25 23:52:03",0,1,0,0,1,0,0,730
3516,"0730-10-20 14:06:11",0,1,0,0,1,0,0,730
3517,"0731-04-01 08:11:26",1,0,0,0,1,0,0,731
3518,"0731-09-24 12:20:57",1,0,0,0,0,0,1,731
3519,"0731-03-16 20:23:52",0,1,0,0,0,0,1,731
3520,"0731-09-10 05:56:30",0,1,1,0,0,0,0,731
3521,"0732-03-20 11:33:42",1,0,0,0,0,1,0,732
3522,"0732-08-14 20:17:20",1,0,0,0,0,1,0,732
3523,"0732-09-13 04:26:45",1,0,0,0,0,1,0,732
3524,"0732-03-05 11:45:29",0,1,0,0,0,0,1,732
3525,"0732-08-29 05:56:24",0,1,1,0,0,0,0,732
3526,"0733-02-07 18:57:10",1,0,0,0,1,0,0,733
3527,"0733-08-04 10:17:34",1,0,0,0,1,0,0,733
3528,"0733-02-23 03:52:20",0,1,0,0,0,0,1,733
3529,"0733-08-18 08:56:35",0,1,1,0,0,0,0,733
3530,"0734-01-28 02:09:48",1,0,0,0,0,0,1,734
3531,"0734-07-24 17:43:41",1,0,0,0,0,0,1,734
3532,"0734-01-14 01:18:45",0,1,0,0,1,0,0,734
3533,"0734-02-12 16:05:00",0,1,0,0,1,0,0,734
3534,"0734-07-09 11:12:22",0,1,0,0,1,0,0,734
3535,"0734-08-07 19:16:34",0,1,0,0,1,0,0,734
3536,"0735-01-17 15:40:32",1,0,0,0,1,0,0,735
3537,"0735-07-13 19:05:39",1,0,0,0,1,0,0,735
3538,"0735-12-08 20:09:55",1,0,0,0,0,1,0,735
3539,"0735-01-03 02:34:14",0,1,1,0,0,0,0,735
3540,"0735-06-29 04:21:15",0,1,0,0,0,0,1,735
3541,"0735-12-23 01:50:38",0,1,1,0,0,0,0,735
3542,"0736-01-07 07:27:21",1,0,0,0,0,1,0,736
3543,"0736-06-02 08:44:50",1,0,0,0,0,1,0,736
3544,"0736-07-01 20:47:03",1,0,0,0,0,1,0,736
3545,"0736-11-27 06:33:20",1,0,0,0,1,0,0,736
3546,"0736-06-17 20:13:15",0,1,0,0,0,0,1,736
3547,"0736-12-11 06:28:44",0,1,1,0,0,0,0,736
3548,"0737-05-22 20:23:13",1,0,0,0,0,0,1,737
3549,"0737-11-16 09:39:20",1,0,0,0,0,0,1,737
3550,"0737-06-07 06:28:08",0,1,1,0,0,0,0,737
3551,"0737-11-30 18:14:33",0,1,0,0,1,0,0,737
3552,"0738-05-12 12:48:34",1,0,0,0,0,0,1,738
3553,"0738-11-05 08:46:26",1,0,0,0,1,0,0,738
3554,"0738-04-27 18:24:04",0,1,0,0,1,0,0,738
3555,"0738-10-21 23:22:21",0,1,0,0,0,0,1,738
3556,"0739-04-02 20:30:02",1,0,0,0,0,1,0,739
3557,"0739-05-02 05:30:47",1,0,0,0,0,1,0,739
3558,"0739-10-25 11:31:32",1,0,0,0,0,1,0,739
3559,"0739-04-16 20:29:14",0,1,1,0,0,0,0,739
3560,"0739-10-11 11:58:25",0,1,1,0,0,0,0,739
3561,"0740-03-22 05:08:01",1,0,0,0,1,0,0,740
3562,"0740-09-14 11:46:04",1,0,0,0,1,0,0,740
3563,"0740-04-05 05:18:17",0,1,0,0,0,0,1,740
3564,"0740-09-29 17:45:13",0,1,1,0,0,0,0,740
3565,"0741-03-11 06:44:41",1,0,0,0,0,0,1,741
3566,"0741-09-04 04:18:22",1,0,0,0,0,0,1,741
3567,"0741-02-24 11:28:18",0,1,0,0,1,0,0,741
3568,"0741-03-25 20:05:33",0,1,0,0,1,0,0,741
3569,"0741-09-18 17:55:17",0,1,0,0,1,0,0,741
3570,"0742-02-28 06:55:00",1,0,0,0,1,0,0,742
3571,"0742-08-24 19:05:17",1,0,0,0,1,0,0,742
3572,"0742-02-14 02:51:57",0,1,0,0,0,0,1,742
3573,"0742-08-09 06:30:23",0,1,1,0,0,0,0,742
3574,"0743-01-19 00:16:48",1,0,0,0,0,1,0,743
3575,"0743-02-17 12:39:12",1,0,0,0,0,1,0,743
3576,"0743-07-15 14:08:12",1,0,0,0,0,1,0,743
3577,"0743-08-14 03:57:29",1,0,0,0,0,1,0,743
3578,"0743-02-03 13:09:06",0,1,1,0,0,0,0,743
3579,"0743-07-29 18:49:15",0,1,0,0,0,0,1,743
3580,"0744-01-08 14:51:14",1,0,0,0,1,0,0,744
3581,"0744-07-03 14:49:36",1,0,0,0,1,0,0,744
3582,"0744-12-28 06:23:32",1,0,0,0,0,0,1,744
3583,"0744-01-23 15:59:54",0,1,1,0,0,0,0,744
3584,"0744-07-18 11:30:03",0,1,0,0,0,0,1,744
3585,"0745-06-22 17:55:07",1,0,0,0,0,0,1,745
3586,"0745-12-17 18:13:19",1,0,0,0,1,0,0,745
3587,"0745-01-11 15:07:59",0,1,0,0,1,0,0,745
3588,"0745-06-08 19:26:04",0,1,0,0,1,0,0,745
3589,"0745-07-08 03:56:40",0,1,0,0,1,0,0,745
3590,"0745-12-02 03:51:20",0,1,1,0,0,0,0,745
3591,"0746-06-12 04:06:01",1,0,0,0,1,0,0,746
3592,"0746-12-06 22:57:25",1,0,0,0,0,1,0,746
3593,"0746-05-29 03:37:51",0,1,1,0,0,0,0,746
3594,"0746-11-21 17:09:59",0,1,0,0,0,0,1,746
3595,"0747-05-03 13:10:19",1,0,0,0,1,0,0,747
3596,"0747-06-01 19:55:35",1,0,0,0,0,1,0,747
3597,"0747-10-27 03:42:42",1,0,0,0,0,1,0,747
3598,"0747-05-18 05:20:26",0,1,1,0,0,0,0,747
3599,"0747-11-11 08:56:55",0,1,0,0,0,0,1,747
3600,"0748-04-22 05:04:53",1,0,0,0,0,0,1,748
3601,"0748-10-15 08:32:50",1,0,0,0,0,0,1,748
3602,"0748-05-06 06:40:30",0,1,0,0,1,0,0,748
3603,"0748-10-30 22:30:06",0,1,0,0,1,0,0,748
3604,"0749-04-11 15:30:54",1,0,0,0,1,0,0,749
3605,"0749-10-04 20:38:40",1,0,0,0,0,0,1,749
3606,"0749-03-27 04:17:56",0,1,0,0,0,0,1,749
3607,"0749-09-20 13:14:14",0,1,1,0,0,0,0,749
3608,"0750-03-31 18:38:23",1,0,0,0,0,1,0,750
3609,"0750-08-26 04:06:16",1,0,0,0,0,1,0,750
3610,"0750-09-24 12:40:52",1,0,0,0,0,1,0,750
3611,"0750-03-16 19:58:31",0,1,0,0,0,0,1,750
3612,"0750-09-09 13:02:12",0,1,1,0,0,0,0,750
3613,"0751-02-19 02:48:16",1,0,0,0,1,0,0,751
3614,"0751-08-15 17:41:31",1,0,0,0,1,0,0,751
3615,"0751-03-06 12:08:50",0,1,0,0,0,0,1,751
3616,"0751-08-29 16:17:12",0,1,1,0,0,0,0,751
3617,"0752-02-08 10:31:54",1,0,0,0,0,0,1,752
3618,"0752-08-04 00:34:21",1,0,0,0,0,0,1,752
3619,"0752-01-25 09:29:38",0,1,0,0,1,0,0,752
3620,"0752-02-24 00:09:40",0,1,0,0,1,0,0,752
3621,"0752-07-19 18:44:12",0,1,0,0,1,0,0,752
3622,"0752-08-18 02:55:12",0,1,0,0,1,0,0,752
3623,"0753-01-28 00:23:55",1,0,0,0,1,0,0,753
3624,"0753-07-24 01:37:14",1,0,0,0,1,0,0,753
3625,"0753-12-19 04:58:02",1,0,0,0,0,1,0,753
3626,"0753-01-13 10:33:42",0,1,1,0,0,0,0,753
3627,"0753-07-09 11:52:15",0,1,0,0,0,0,1,753
3628,"0754-01-17 16:15:20",1,0,0,0,0,1,0,754
3629,"0754-06-13 15:39:16",1,0,0,0,0,1,0,754
3630,"0754-07-13 03:31:08",1,0,0,0,0,1,0,754
3631,"0754-12-08 15:00:20",1,0,0,0,1,0,0,754
3632,"0754-01-02 10:00:22",0,1,1,0,0,0,0,754
3633,"0754-06-29 03:27:59",0,1,0,0,0,0,1,754
3634,"0754-12-22 15:02:29",0,1,1,0,0,0,0,754
3635,"0755-06-03 03:43:53",1,0,0,0,1,0,0,755
3636,"0755-11-27 17:43:17",1,0,0,0,0,0,1,755
3637,"0755-06-18 13:14:38",0,1,1,0,0,0,0,755
3638,"0755-12-12 03:05:55",0,1,0,0,1,0,0,755
3639,"0756-05-22 20:22:21",1,0,0,0,0,0,1,756
3640,"0756-11-15 16:45:10",1,0,0,0,1,0,0,756
3641,"0756-05-08 00:59:59",0,1,0,0,1,0,0,756
3642,"0756-11-01 07:58:47",0,1,0,0,0,0,1,756
3643,"0757-05-12 13:00:24",1,0,0,0,1,0,0,757
3644,"0757-11-04 19:46:24",1,0,0,0,0,1,0,757
3645,"0757-04-27 03:29:59",0,1,1,0,0,0,0,757
3646,"0757-10-21 20:10:25",0,1,1,0,0,0,0,757
3647,"0758-04-02 12:25:05",1,0,0,0,1,0,0,758
3648,"0758-09-25 20:00:04",1,0,0,0,1,0,0,758
3649,"0758-04-16 12:51:34",0,1,0,0,0,0,1,758
3650,"0758-10-11 01:24:52",0,1,1,0,0,0,0,758
3651,"0759-03-22 13:53:57",1,0,0,0,0,0,1,759
3652,"0759-09-15 12:24:47",1,0,0,0,0,0,1,759
3653,"0759-03-07 19:47:43",0,1,0,0,1,0,0,759
3654,"0759-04-06 04:01:41",0,1,0,0,1,0,0,759
3655,"0759-09-30 01:17:25",0,1,0,0,1,0,0,759
3656,"0760-03-10 14:23:56",1,0,0,0,1,0,0,760
3657,"0760-09-04 02:48:00",1,0,0,0,1,0,0,760
3658,"0760-02-25 11:10:42",0,1,0,0,0,0,1,760
3659,"0760-08-19 13:52:01",0,1,1,0,0,0,0,760
3660,"0761-01-29 08:51:05",1,0,0,0,0,1,0,761
3661,"0761-02-27 20:42:42",1,0,0,0,0,1,0,761
3662,"0761-07-25 20:45:58",1,0,0,0,0,1,0,761
3663,"0761-08-24 11:04:41",1,0,0,0,0,1,0,761
3664,"0761-02-13 21:14:30",0,1,1,0,0,0,0,761
3665,"0761-08-09 02:25:33",0,1,0,0,0,0,1,761
3666,"0762-01-18 23:40:58",1,0,0,0,1,0,0,762
3667,"0762-07-14 21:19:01",1,0,0,0,1,0,0,762
3668,"0762-02-02 23:51:36",0,1,1,0,0,0,0,762
3669,"0762-07-29 19:08:11",0,1,0,0,0,0,1,762
3670,"0763-01-08 15:12:19",1,0,0,0,0,0,1,763
3671,"0763-07-04 00:44:38",1,0,0,0,0,0,1,763
3672,"0763-12-29 02:46:19",1,0,0,0,1,0,0,763
3673,"0763-01-22 23:06:25",0,1,0,0,1,0,0,763
3674,"0763-06-20 02:33:18",0,1,0,0,1,0,0,763
3675,"0763-07-19 11:20:13",0,1,0,0,1,0,0,763
3676,"0763-12-13 12:31:28",0,1,1,0,0,0,0,763
3677,"0764-06-22 11:22:02",1,0,0,0,1,0,0,764
3678,"0764-12-17 07:07:47",1,0,0,0,0,1,0,764
3679,"0764-06-08 10:18:21",0,1,1,0,0,0,0,764
3680,"0764-12-02 02:01:26",0,1,0,0,0,0,1,764
3681,"0765-05-13 20:47:21",1,0,0,0,0,1,0,765
3682,"0765-06-12 03:24:58",1,0,0,0,0,1,0,765
3683,"0765-11-06 11:41:00",1,0,0,0,0,1,0,765
3684,"0765-05-28 11:47:58",0,1,1,0,0,0,0,765
3685,"0765-11-21 17:45:18",0,1,0,0,0,0,1,765
3686,"0766-05-03 12:33:11",1,0,0,0,0,0,1,766
3687,"0766-10-26 16:48:04",1,0,0,0,0,0,1,766
3688,"0766-05-17 13:24:32",0,1,1,0,0,0,0,766
3689,"0766-11-11 06:59:09",0,1,0,0,1,0,0,766
3690,"0767-04-22 22:39:39",1,0,0,0,0,0,1,767
3691,"0767-10-16 05:05:11",1,0,0,0,0,0,1,767
3692,"0767-04-07 12:03:42",0,1,0,0,0,0,1,767
3693,"0767-10-01 20:41:07",0,1,0,0,0,0,0,767
3694,"0768-04-11 01:32:49",1,0,0,0,0,1,0,768
3695,"0768-09-05 12:03:11",1,0,0,0,0,1,0,768
3696,"0768-10-04 21:03:41",1,0,0,0,0,1,0,768
3697,"0768-03-27 04:02:33",0,1,0,0,0,0,1,768
3698,"0768-09-19 20:19:17",0,1,1,0,0,0,0,768
3699,"0769-03-01 10:31:25",1,0,0,0,1,0,0,769
3700,"0769-08-26 01:09:51",1,0,0,0,1,0,0,769
3701,"0769-03-16 20:15:46",0,1,0,0,0,0,1,769
3702,"0769-09-08 23:46:58",0,1,1,0,0,0,0,769
3703,"0770-02-18 18:47:48",1,0,0,0,0,0,1,770
3704,"0770-08-15 07:29:01",1,0,0,0,0,0,1,770
3705,"0770-03-06 08:04:23",0,1,0,0,1,0,0,770
3706,"0770-07-31 02:19:52",0,1,0,0,1,0,0,770
3707,"0770-08-29 10:41:32",0,1,0,0,1,0,0,770
3708,"0771-02-08 09:00:50",1,0,0,0,1,0,0,771
3709,"0771-08-04 08:14:30",1,0,0,0,1,0,0,771
3710,"0771-12-30 13:45:22",1,0,0,0,0,1,0,771
3711,"0771-01-24 18:27:37",0,1,1,0,0,0,0,771
3712,"0771-07-20 19:25:27",0,1,0,0,0,0,1,771
3713,"0772-01-29 00:58:35",1,0,0,0,0,1,0,772
3714,"0772-06-23 22:35:33",1,0,0,0,0,1,0,772
3715,"0772-07-23 10:20:33",1,0,0,0,0,1,0,772
3716,"0772-12-18 23:27:28",1,0,0,0,1,0,0,772
3717,"0772-01-13 18:08:23",0,1,1,0,0,0,0,772
3718,"0772-07-09 10:42:44",0,1,0,0,0,0,1,772
3719,"0773-06-13 11:04:38",1,0,0,0,1,0,0,773
3720,"0773-12-08 01:49:51",1,0,0,0,0,0,1,773
3721,"0773-01-01 23:36:25",0,1,1,0,0,0,0,773
3722,"0773-06-28 19:59:37",0,1,1,0,0,0,0,773
3723,"0773-12-22 11:58:26",0,1,0,0,1,0,0,773
3724,"0774-06-03 03:52:23",1,0,0,0,0,0,1,774
3725,"0774-11-27 00:49:38",1,0,0,0,1,0,0,774
3726,"0774-05-19 07:30:25",0,1,0,0,1,0,0,774
3727,"0774-11-12 16:40:35",0,1,0,0,0,0,1,774
3728,"0775-05-23 20:25:11",1,0,0,0,1,0,0,775
3729,"0775-11-16 04:06:50",1,0,0,0,0,1,0,775
3730,"0775-05-08 10:26:45",0,1,1,0,0,0,0,775
3731,"0775-11-02 04:27:16",0,1,1,0,0,0,0,775
3732,"0776-04-12 19:33:42",1,0,0,0,1,0,0,776
3733,"0776-10-06 04:22:03",1,0,0,0,1,0,0,776
3734,"0776-04-26 20:21:08",0,1,0,0,0,0,1,776
3735,"0776-10-21 09:11:09",0,1,1,0,0,0,0,776
3736,"0777-04-01 20:55:03",1,0,0,0,0,0,1,777
3737,"0777-09-25 20:37:39",1,0,0,0,0,0,1,777
3738,"0777-03-18 03:59:46",0,1,0,0,1,0,0,777
3739,"0777-04-16 11:52:03",0,1,0,0,1,0,0,777
3740,"0777-10-10 08:47:48",0,1,0,0,1,0,0,777
3741,"0778-03-21 21:44:45",1,0,0,0,1,0,0,778
3742,"0778-09-15 10:37:28",1,0,0,0,1,0,0,778
3743,"0778-03-07 19:20:16",0,1,0,0,0,0,1,778
3744,"0778-08-30 21:22:47",0,1,1,0,0,0,0,778
3745,"0779-02-09 17:17:35",1,0,0,0,0,1,0,779
3746,"0779-03-11 04:36:43",1,0,0,0,0,1,0,779
3747,"0779-09-04 18:20:09",1,0,0,0,0,1,0,779
3748,"0779-02-25 05:08:11",0,1,1,0,0,0,0,779
3749,"0779-08-20 10:10:33",0,1,0,0,0,0,1,779
3750,"0780-01-30 08:24:26",1,0,0,0,1,0,0,780
3751,"0780-07-25 03:53:54",1,0,0,0,1,0,0,780
3752,"0780-02-14 07:33:43",0,1,1,0,0,0,0,780
3753,"0780-08-09 02:51:41",0,1,0,0,0,0,1,780
3754,"0781-01-18 23:56:14",1,0,0,0,0,0,1,781
3755,"0781-07-14 07:38:11",1,0,0,0,0,0,1,781
3756,"0781-02-02 06:58:44",0,1,0,0,1,0,0,781
3757,"0781-06-30 09:38:56",0,1,0,0,1,0,0,781
3758,"0781-07-29 18:46:08",0,1,0,0,1,0,0,781
3759,"0781-12-23 21:12:54",0,1,1,0,0,0,0,781
3760,"0782-01-08 11:16:16",1,0,0,0,1,0,0,782
3761,"0782-07-03 18:38:32",1,0,0,0,1,0,0,782
3762,"0782-12-28 15:18:11",1,0,0,0,0,1,0,782
3763,"0782-06-19 16:53:51",0,1,1,0,0,0,0,782
3764,"0782-12-13 10:56:16",0,1,0,0,0,0,1,782
3765,"0783-05-25 04:19:07",1,0,0,0,0,1,0,783
3766,"0783-06-23 10:53:29",1,0,0,0,0,1,0,783
3767,"0783-11-17 19:46:16",1,0,0,0,0,1,0,783
3768,"0783-06-08 18:11:54",0,1,1,0,0,0,0,783
3769,"0783-12-03 02:36:49",0,1,0,0,0,0,1,783
3770,"0784-05-13 19:55:53",1,0,0,0,0,0,1,784
3771,"0784-11-06 01:11:17",1,0,0,0,0,0,1,784
3772,"0784-05-27 20:07:22",0,1,1,0,0,0,0,784
3773,"0784-11-21 15:32:32",0,1,0,0,1,0,0,784
3774,"0785-05-03 05:41:06",1,0,0,0,0,0,1,785
3775,"0785-10-26 13:38:45",1,0,0,0,0,0,1,785
3776,"0785-04-17 19:44:41",0,1,0,0,0,0,1,785
3777,"0785-10-12 04:14:58",0,1,0,0,1,0,0,785
3778,"0786-04-22 08:19:53",1,0,0,0,0,1,0,786
3779,"0786-10-16 05:33:13",1,0,0,0,0,1,0,786
3780,"0786-04-07 12:00:27",0,1,0,0,0,0,1,786
3781,"0786-10-01 03:45:21",0,1,1,0,0,0,0,786
3782,"0787-03-12 18:07:18",1,0,0,0,1,0,0,787
3783,"0787-09-06 08:45:21",1,0,0,0,1,0,0,787
3784,"0787-03-28 04:14:07",0,1,0,0,0,0,1,787
3785,"0787-09-20 07:27:35",0,1,1,0,0,0,0,787
3786,"0788-03-01 02:57:29",1,0,0,0,0,0,1,788
3787,"0788-08-25 14:30:03",1,0,0,0,0,0,1,788
3788,"0788-03-16 15:50:07",0,1,0,0,1,0,0,788
3789,"0788-08-10 10:02:15",0,1,0,0,1,0,0,788
3790,"0788-09-08 18:36:23",0,1,0,0,1,0,0,788
3791,"0789-02-18 17:31:23",1,0,0,0,1,0,0,789
3792,"0789-08-14 14:59:03",1,0,0,0,1,0,0,789
3793,"0789-02-04 02:14:28",0,1,1,0,0,0,0,789
3794,"0789-07-31 03:03:01",0,1,0,0,0,0,1,789
3795,"0790-01-09 22:28:37",1,0,0,0,0,1,0,790
3796,"0790-02-08 09:34:18",1,0,0,0,0,1,0,790
3797,"0790-07-05 05:34:50",1,0,0,0,0,1,0,790
3798,"0790-08-03 17:17:07",1,0,0,0,0,1,0,790
3799,"0790-12-30 07:51:57",1,0,0,0,1,0,0,790
3800,"0790-01-24 02:11:16",0,1,1,0,0,0,0,790
3801,"0790-07-20 17:58:58",0,1,0,0,0,0,1,790
3802,"0791-06-24 18:26:42",1,0,0,0,1,0,0,791
3803,"0791-12-19 09:55:19",1,0,0,0,0,0,1,791
3804,"0791-01-13 08:07:13",0,1,1,0,0,0,0,791
3805,"0791-07-10 02:45:17",0,1,1,0,0,0,0,791
3806,"0792-06-13 11:21:50",1,0,0,0,0,0,1,792
3807,"0792-12-07 08:57:33",1,0,0,0,0,0,1,792
3808,"0792-01-02 20:48:27",0,1,0,0,1,0,0,792
3809,"0792-05-29 13:58:25",0,1,0,0,1,0,0,792
3810,"0792-06-28 04:52:12",0,1,0,0,1,0,0,792
3811,"0792-11-23 01:26:35",0,1,0,0,0,0,1,792
3812,"0793-06-03 03:44:41",1,0,0,0,1,0,0,793
3813,"0793-11-26 12:33:39",1,0,0,0,0,1,0,793
3814,"0793-05-18 17:19:22",0,1,1,0,0,0,0,793
3815,"0793-11-12 12:49:44",0,1,1,0,0,0,0,793
3816,"0794-04-24 02:31:47",1,0,0,0,0,1,0,794
3817,"0794-10-17 12:52:33",1,0,0,0,1,0,0,794
3818,"0794-05-08 03:45:01",0,1,0,0,0,0,1,794
3819,"0794-11-01 17:04:51",0,1,1,0,0,0,0,794
3820,"0795-04-13 03:46:01",1,0,0,0,0,0,1,795
3821,"0795-10-07 04:58:53",1,0,0,0,0,0,1,795
3822,"0795-04-27 19:35:06",0,1,0,0,0,0,1,795
3823,"0795-10-21 16:28:10",0,1,0,0,1,0,0,795
3824,"0796-04-01 04:59:04",1,0,0,0,0,0,1,796
3825,"0796-09-25 18:32:55",1,0,0,0,0,0,1,796
3826,"0796-03-18 03:21:23",0,1,0,0,0,0,1,796
3827,"0796-09-10 05:02:14",0,1,0,0,1,0,0,796
3828,"0797-02-20 01:39:30",1,0,0,0,0,1,0,797
3829,"0797-03-21 12:25:46",1,0,0,0,0,1,0,797
3830,"0797-09-15 01:41:16",1,0,0,0,0,1,0,797
3831,"0797-03-07 12:53:59",0,1,1,0,0,0,0,797
3832,"0797-08-30 18:02:06",0,1,0,0,0,0,1,797
3833,"0798-02-09 17:02:34",1,0,0,0,1,0,0,798
3834,"0798-08-05 10:34:18",1,0,0,0,1,0,0,798
3835,"0798-02-24 15:07:34",0,1,1,0,0,0,0,798
3836,"0798-08-20 10:40:16",0,1,0,0,0,0,1,798
3837,"0799-01-30 08:34:45",1,0,0,0,0,0,1,799
3838,"0799-07-25 14:38:36",1,0,0,0,0,0,1,799
3839,"0799-02-13 14:44:51",0,1,0,0,1,0,0,799
3840,"0799-07-11 16:45:40",0,1,0,0,1,0,0,799
3841,"0799-08-10 02:16:44",0,1,0,0,1,0,0,799
3842,"0800-01-19 19:39:55",1,0,0,0,1,0,0,800
3843,"0800-07-14 02:00:56",1,0,0,0,1,0,0,800
3844,"0800-01-04 05:52:10",0,1,1,0,0,0,0,800
3845,"0800-06-29 23:30:44",0,1,1,0,0,0,0,800
3846,"0800-12-23 19:50:19",0,1,0,0,0,0,1,800
3847,"0801-01-07 23:24:17",1,0,0,0,0,1,0,801
3848,"0801-06-04 11:48:22",1,0,0,0,0,1,0,801
3849,"0801-07-03 18:23:21",1,0,0,0,0,1,0,801
3850,"0801-11-28 03:56:07",1,0,0,0,0,1,0,801
3851,"0801-06-19 00:35:27",0,1,1,0,0,0,0,801
3852,"0801-12-13 11:29:09",0,1,0,0,0,0,1,801
3853,"0802-05-25 03:12:36",1,0,0,0,0,0,1,802
3854,"0802-11-17 09:40:38",1,0,0,0,0,0,1,802
3855,"0802-06-08 02:49:17",0,1,1,0,0,0,0,802
3856,"0802-12-03 00:07:37",0,1,0,0,1,0,0,802
3857,"0803-05-14 12:34:02",1,0,0,0,0,0,1,803
3858,"0803-11-06 22:19:37",1,0,0,0,0,0,1,803
3859,"0803-04-29 03:18:52",0,1,0,0,1,0,0,803
3860,"0803-05-28 11:47:16",0,1,0,0,1,0,0,803
3861,"0803-10-23 11:57:40",0,1,0,0,1,0,0,803
3862,"0804-05-02 14:59:04",1,0,0,0,0,1,0,804
3863,"0804-10-26 14:09:29",1,0,0,0,0,1,0,804
3864,"0804-04-17 19:50:42",0,1,0,0,0,0,1,804
3865,"0804-10-11 11:21:11",0,1,1,0,0,0,0,804
3866,"0805-03-23 01:35:29",1,0,0,0,0,0,0,805
3867,"0805-09-16 16:27:11",1,0,0,0,1,0,0,805
3868,"0805-04-07 12:03:22",0,1,0,0,0,0,1,805
3869,"0805-09-30 15:18:08",0,1,1,0,0,0,0,805
3870,"0806-03-12 10:58:26",1,0,0,0,0,0,1,806
3871,"0806-09-05 21:37:42",1,0,0,0,0,0,1,806
3872,"0806-03-27 23:23:38",0,1,0,0,1,0,0,806
3873,"0806-09-20 02:40:12",0,1,0,0,1,0,0,806
3874,"0807-03-02 01:54:21",1,0,0,0,0,0,1,807
3875,"0807-08-25 21:51:31",1,0,0,0,1,0,0,807
3876,"0807-02-15 09:53:49",0,1,1,0,0,0,0,807
3877,"0807-08-11 10:44:56",0,1,0,0,0,0,1,807
3878,"0808-01-21 07:07:22",1,0,0,0,0,1,0,808
3879,"0808-02-19 18:02:59",1,0,0,0,0,1,0,808
3880,"0808-07-15 12:38:58",1,0,0,0,0,1,0,808
3881,"0808-08-14 00:21:38",1,0,0,0,0,1,0,808
3882,"0808-02-04 10:09:19",0,1,1,0,0,0,0,808
3883,"0808-07-31 01:17:57",0,1,0,0,0,0,1,808
3884,"0809-01-09 16:13:53",1,0,0,0,1,0,0,809
3885,"0809-07-05 01:49:56",1,0,0,0,1,0,0,809
3886,"0809-12-29 18:00:51",1,0,0,0,0,0,1,809
3887,"0809-01-23 16:35:49",0,1,1,0,0,0,0,809
3888,"0809-07-20 09:30:55",0,1,1,0,0,0,0,809
3889,"0810-06-24 18:50:32",1,0,0,0,0,0,1,810
3890,"0810-12-18 17:06:39",1,0,0,0,0,0,1,810
3891,"0810-01-13 05:37:25",0,1,0,0,1,0,0,810
3892,"0810-06-09 20:24:40",0,1,0,0,1,0,0,810
3893,"0810-07-09 11:17:58",0,1,0,0,1,0,0,810
3894,"0810-12-04 10:14:31",0,1,0,0,0,0,1,810
3895,"0811-06-14 11:02:22",1,0,0,0,1,0,0,811
3896,"0811-12-07 21:03:18",1,0,0,0,0,1,0,811
3897,"0811-05-30 00:11:17",0,1,1,0,0,0,0,811
3898,"0811-11-23 21:15:09",0,1,1,0,0,0,0,811
3899,"0812-05-04 09:23:45",1,0,0,0,0,1,0,812
3900,"0812-10-27 21:28:44",1,0,0,0,1,0,0,812
3901,"0812-05-18 11:07:37",0,1,0,0,0,0,1,812
3902,"0812-11-12 01:02:23",0,1,1,0,0,0,0,812
3903,"0813-04-23 10:30:46",1,0,0,0,0,0,1,813
3904,"0813-10-17 13:26:32",1,0,0,0,0,0,1,813
3905,"0813-05-08 03:14:22",0,1,0,0,0,0,1,813
3906,"0813-11-01 00:15:49",0,1,0,0,1,0,0,813
3907,"0814-04-12 12:04:51",1,0,0,0,0,0,1,814
3908,"0814-10-07 02:36:09",1,0,0,0,0,0,1,814
3909,"0814-03-29 11:11:36",0,1,0,0,0,0,1,814
3910,"0814-09-21 12:52:10",0,1,0,0,1,0,0,814
3911,"0815-04-01 20:06:13",1,0,0,0,0,1,0,815
3912,"0815-09-26 09:11:08",1,0,0,0,0,1,0,815
3913,"0815-03-18 20:27:44",0,1,1,0,0,0,0,815
3914,"0815-09-11 02:03:06",0,1,0,0,0,0,1,815
3915,"0816-02-21 01:32:15",1,0,0,0,1,0,0,816
3916,"0816-08-15 17:23:35",1,0,0,0,0,0,0,816
3917,"0816-03-06 22:30:38",0,1,1,0,0,0,0,816
3918,"0816-08-30 18:36:28",0,1,0,0,0,0,1,816
3919,"0817-02-09 17:06:14",1,0,0,0,0,0,1,817
3920,"0817-08-04 21:44:44",1,0,0,0,0,0,1,817
3921,"0817-02-23 22:23:21",0,1,0,0,1,0,0,817
3922,"0817-07-21 23:52:29",0,1,0,0,1,0,0,817
3923,"0817-08-20 09:51:13",0,1,0,0,1,0,0,817
3924,"0818-01-30 03:58:06",1,0,0,0,1,0,0,818
3925,"0818-07-25 09:27:08",1,0,0,0,1,0,0,818
3926,"0818-01-14 14:30:17",0,1,1,0,0,0,0,818
3927,"0818-07-11 06:06:41",0,1,1,0,0,0,0,818
3928,"0819-01-19 07:25:47",1,0,0,0,0,1,0,819
3929,"0819-06-15 19:15:30",1,0,0,0,0,1,0,819
3930,"0819-07-15 01:55:45",1,0,0,0,0,1,0,819
3931,"0819-12-09 12:10:33",1,0,0,0,0,1,0,819
3932,"0819-01-04 04:43:30",0,1,0,0,0,0,1,819
3933,"0819-06-30 06:59:48",0,1,1,0,0,0,0,819
3934,"0819-12-24 20:22:10",0,1,0,0,0,0,1,819
3935,"0820-06-04 10:25:46",1,0,0,0,1,0,0,820
3936,"0820-11-27 18:14:49",1,0,0,0,0,0,1,820
3937,"0820-06-18 09:32:34",0,1,1,0,0,0,0,820
3938,"0820-12-13 08:43:47",0,1,0,0,1,0,0,820
3939,"0821-05-24 19:22:05",1,0,0,0,0,0,1,821
3940,"0821-11-17 07:05:55",1,0,0,0,0,0,1,821
3941,"0821-05-09 10:50:11",0,1,0,0,1,0,0,821
3942,"0821-06-07 18:59:24",0,1,0,0,1,0,0,821
3943,"0821-11-02 19:46:48",0,1,0,0,1,0,0,821
3944,"0822-05-13 21:31:42",1,0,0,0,0,0,0,822
3945,"0822-11-06 22:51:43",1,0,0,0,1,0,0,822
3946,"0822-04-29 03:34:34",0,1,0,0,0,0,1,822
3947,"0822-10-22 19:06:03",0,1,1,0,0,0,0,822
3948,"0823-04-03 08:57:05",1,0,0,0,0,1,0,823
3949,"0823-09-28 00:16:00",1,0,0,0,0,0,0,823
3950,"0823-04-18 19:44:59",0,1,0,0,0,0,1,823
3951,"0823-10-11 23:17:52",0,1,1,0,0,0,0,823
3952,"0824-03-22 18:53:15",1,0,0,0,0,0,1,824
3953,"0824-09-16 04:53:31",1,0,0,0,0,0,1,824
3954,"0824-04-07 06:48:47",0,1,0,0,1,0,0,824
3955,"0824-09-30 10:53:00",0,1,0,0,1,0,0,824
3956,"0825-03-12 10:09:51",1,0,0,0,0,0,1,825
3957,"0825-09-05 04:52:17",1,0,0,0,0,0,1,825
3958,"0825-02-25 17:24:29",0,1,0,0,0,0,0,825
3959,"0825-08-21 18:32:03",0,1,0,0,0,0,1,825
3960,"0826-01-31 15:39:29",1,0,0,0,0,1,0,826
3961,"0826-03-02 02:22:53",1,0,0,0,0,1,0,826
3962,"0826-08-25 07:35:51",1,0,0,0,0,1,0,826
3963,"0826-02-14 18:00:28",0,1,1,0,0,0,0,826
3964,"0826-08-11 08:41:23",0,1,0,0,0,0,1,826
3965,"0827-01-21 00:28:31",1,0,0,0,1,0,0,827
3966,"0827-07-16 09:17:53",1,0,0,0,1,0,0,827
3967,"0827-02-04 00:57:31",0,1,1,0,0,0,0,827
3968,"0827-07-31 16:21:04",0,1,1,0,0,0,0,827
3969,"0828-01-10 02:02:15",1,0,0,0,0,0,1,828
3970,"0828-07-05 02:20:22",1,0,0,0,0,0,1,828
3971,"0828-12-29 01:15:40",1,0,0,0,0,0,1,828
3972,"0828-01-24 14:21:25",0,1,0,0,1,0,0,828
3973,"0828-06-20 02:51:11",0,1,0,0,1,0,0,828
3974,"0828-07-19 17:47:09",0,1,0,0,1,0,0,828
3975,"0828-12-14 19:03:23",0,1,0,0,0,0,1,828
3976,"0829-06-24 18:17:43",1,0,0,0,1,0,0,829
3977,"0829-12-18 05:35:54",1,0,0,0,0,1,0,829
3978,"0829-06-09 07:02:18",0,1,1,0,0,0,0,829
3979,"0829-12-04 05:43:42",0,1,1,0,0,0,0,829
3980,"0830-05-15 16:05:58",1,0,0,0,0,1,0,830
3981,"0830-06-14 04:48:30",1,0,0,0,0,1,0,830
3982,"0830-11-08 06:12:39",1,0,0,0,1,0,0,830
3983,"0830-05-29 18:25:57",0,1,0,0,0,0,1,830
3984,"0830-11-23 09:05:49",0,1,1,0,0,0,0,830
3985,"0831-05-04 17:07:58",1,0,0,0,1,0,0,831
3986,"0831-10-28 22:00:51",1,0,0,0,0,0,1,831
3987,"0831-05-19 10:48:48",0,1,0,0,0,0,1,831
3988,"0831-11-12 08:10:37",0,1,0,0,1,0,0,831
3989,"0832-04-22 19:06:09",1,0,0,0,0,0,1,832
3990,"0832-10-17 10:46:01",1,0,0,0,0,0,1,832
3991,"0832-04-08 18:54:01",0,1,0,0,0,0,1,832
3992,"0832-10-01 20:51:41",0,1,0,0,1,0,0,832
3993,"0833-04-12 03:41:36",1,0,0,0,0,1,0,833
3994,"0833-10-06 16:47:16",1,0,0,0,0,1,0,833
3995,"0833-03-29 03:52:46",0,1,1,0,0,0,0,833
3996,"0833-09-21 10:11:06",0,1,0,0,0,0,1,833
3997,"0834-03-03 09:55:52",1,0,0,0,1,0,0,834
3998,"0834-08-27 00:21:11",1,0,0,0,0,1,0,834
3999,"0834-03-18 05:45:35",0,1,1,0,0,0,0,834
4000,"0834-09-11 02:39:22",0,1,0,0,0,0,1,834
4001,"0835-02-21 01:29:30",1,0,0,0,0,0,1,835
4002,"0835-08-16 05:00:29",1,0,0,0,0,0,1,835
4003,"0835-03-07 05:53:58",0,1,0,0,1,0,0,835
4004,"0835-08-31 17:32:39",0,1,0,0,1,0,0,835
4005,"0836-02-10 12:08:01",1,0,0,0,1,0,0,836
4006,"0836-08-04 16:59:58",1,0,0,0,0,0,1,836
4007,"0836-01-25 23:03:57",0,1,0,0,0,0,0,836
4008,"0836-07-21 12:45:47",0,1,1,0,0,0,0,836
4009,"0837-01-29 15:20:21",1,0,0,0,0,1,0,837
4010,"0837-06-26 02:42:41",1,0,0,0,0,1,0,837
4011,"0837-07-25 09:31:59",1,0,0,0,0,1,0,837
4012,"0837-12-19 20:25:40",1,0,0,0,0,1,0,837
4013,"0837-01-14 13:33:05",0,1,0,0,0,0,1,837
4014,"0837-07-10 13:27:16",0,1,1,0,0,0,0,837
4015,"0838-06-15 17:34:35",1,0,0,0,1,0,0,838
4016,"0838-12-09 02:52:15",1,0,0,0,0,0,1,838
4017,"0838-01-04 05:12:02",0,1,0,0,0,0,1,838
4018,"0838-06-29 16:17:30",0,1,1,0,0,0,0,838
4019,"0838-12-24 17:18:31",0,1,0,0,1,0,0,838
4020,"0839-06-05 02:04:51",1,0,0,0,0,0,1,839
4021,"0839-11-28 15:55:41",1,0,0,0,0,0,1,839
4022,"0839-05-20 18:17:26",0,1,0,0,1,0,0,839
4023,"0839-06-19 02:12:16",0,1,0,0,1,0,0,839
4024,"0839-11-14 03:41:27",0,1,0,0,1,0,0,839
4025,"0840-05-24 03:59:43",1,0,0,0,1,0,0,840
4026,"0840-11-17 07:39:11",1,0,0,0,1,0,0,840
4027,"0840-05-09 11:12:55",0,1,0,0,0,0,1,840
4028,"0840-11-02 02:59:49",0,1,1,0,0,0,0,840
4029,"0841-04-13 16:11:15",1,0,0,0,0,1,0,841
4030,"0841-10-08 08:11:44",1,0,0,0,0,1,0,841
4031,"0841-04-29 03:17:42",0,1,0,0,0,0,1,841
4032,"0841-10-22 07:27:08",0,1,1,0,0,0,0,841
4033,"0842-04-03 02:40:23",1,0,0,0,0,0,1,842
4034,"0842-09-27 12:17:31",1,0,0,0,0,0,1,842
4035,"0842-04-18 14:03:18",0,1,0,0,1,0,0,842
4036,"0842-10-11 19:14:42",0,1,0,0,0,0,1,842
4037,"0843-03-23 18:17:00",1,0,0,0,0,0,1,843
4038,"0843-09-16 12:03:21",1,0,0,0,0,0,1,843
4039,"0843-03-09 00:45:46",0,1,0,0,1,0,0,843
4040,"0843-09-02 02:25:59",0,1,0,0,0,0,1,843
4041,"0844-03-12 10:35:30",1,0,0,0,0,1,0,844
4042,"0844-09-04 14:58:16",1,0,0,0,0,1,0,844
4043,"0844-02-26 01:46:02",0,1,1,0,0,0,0,844
4044,"0844-08-21 16:08:31",0,1,0,0,0,0,0,844
4045,"0845-01-31 08:38:04",1,0,0,0,1,0,0,845
4046,"0845-07-26 16:49:38",1,0,0,0,1,0,0,845
4047,"0845-02-14 09:15:20",0,1,0,0,0,0,0,845
4048,"0845-08-10 23:14:21",0,1,1,0,0,0,0,845
4049,"0846-01-20 09:59:31",1,0,0,0,0,0,1,846
4050,"0846-07-16 09:51:59",1,0,0,0,0,0,1,846
4051,"0846-02-03 23:00:41",0,1,0,0,1,0,0,846
4052,"0846-07-31 00:20:56",0,1,0,0,1,0,0,846
4053,"0846-12-26 03:51:26",0,1,0,0,0,0,1,846
4054,"0847-01-09 09:22:52",1,0,0,0,0,0,1,847
4055,"0847-07-06 01:34:13",1,0,0,0,1,0,0,847
4056,"0847-12-29 14:07:03",1,0,0,0,0,1,0,847
4057,"0847-06-20 13:56:06",0,1,1,0,0,0,0,847
4058,"0847-12-15 14:10:58",0,1,1,0,0,0,0,847
4059,"0848-05-25 22:45:09",1,0,0,0,0,1,0,848
4060,"0848-06-24 11:36:45",1,0,0,0,0,1,0,848
4061,"0848-11-18 15:00:46",1,0,0,0,1,0,0,848
4062,"0848-06-09 01:46:06",0,1,0,0,0,0,1,848
4063,"0848-12-03 17:10:58",0,1,1,0,0,0,0,848
4064,"0849-05-14 23:40:06",1,0,0,0,1,0,0,849
4065,"0849-11-08 06:40:40",1,0,0,0,0,0,1,849
4066,"0849-05-29 18:20:19",0,1,0,0,0,0,1,849
4067,"0849-11-22 16:10:58",0,1,0,0,1,0,0,849
4068,"0850-05-04 02:01:33",1,0,0,0,0,0,1,850
4069,"0850-10-28 19:02:31",1,0,0,0,0,0,1,850
4070,"0850-04-20 02:26:50",0,1,0,0,1,0,0,850
4071,"0850-05-19 11:06:23",0,1,0,0,1,0,0,850
4072,"0850-10-13 05:01:07",0,1,0,0,1,0,0,850
4073,"0851-04-23 11:10:00",1,0,0,0,1,0,0,851
4074,"0851-10-18 00:32:39",1,0,0,0,0,1,0,851
4075,"0851-04-09 11:06:02",0,1,1,0,0,0,0,851
4076,"0851-10-02 18:29:22",0,1,0,0,0,0,1,851
4077,"0852-03-13 18:10:48",1,0,0,0,1,0,0,852
4078,"0852-09-06 07:28:06",1,0,0,0,0,1,0,852
4079,"0852-03-28 12:50:23",0,1,1,0,0,0,0,852
4080,"0852-09-21 10:49:36",0,1,0,0,0,0,1,852
4081,"0853-03-03 09:44:13",1,0,0,0,0,0,1,853
4082,"0853-08-26 12:24:16",1,0,0,0,0,0,1,853
4083,"0853-03-17 13:16:35",0,1,0,0,1,0,0,853
4084,"0853-09-11 01:20:01",0,1,0,0,1,0,0,853
4085,"0854-02-20 20:08:43",1,0,0,0,1,0,0,854
4086,"0854-08-16 00:39:05",1,0,0,0,0,0,1,854
4087,"0854-02-05 07:32:35",0,1,0,0,0,0,1,854
4088,"0854-08-01 19:27:21",0,1,1,0,0,0,0,854
4089,"0855-02-09 23:07:47",1,0,0,0,0,1,0,855
4090,"0855-07-07 10:10:15",1,0,0,0,0,1,0,855
4091,"0855-08-05 17:12:39",1,0,0,0,0,1,0,855
4092,"0855-12-31 04:40:56",1,0,0,0,0,1,0,855
4093,"0855-01-25 22:19:04",0,1,0,0,0,0,1,855
4094,"0855-07-21 19:58:40",0,1,1,0,0,0,0,855
4095,"0856-06-26 00:42:49",1,0,0,0,1,0,0,856
4096,"0856-12-19 11:32:05",1,0,0,0,0,0,1,856
4097,"0856-01-15 13:58:45",0,1,0,0,0,0,1,856
4098,"0856-07-09 23:07:08",0,1,1,0,0,0,0,856
4099,"0857-06-15 08:43:54",1,0,0,0,0,0,1,857
4100,"0857-12-09 00:48:45",1,0,0,0,0,0,1,857
4101,"0857-01-04 01:51:44",0,1,0,0,1,0,0,857
4102,"0857-05-31 01:42:32",0,1,0,0,1,0,0,857
4103,"0857-06-29 09:26:24",0,1,0,0,1,0,0,857
4104,"0857-11-24 11:40:54",0,1,0,0,1,0,0,857
4105,"0858-06-04 10:24:43",1,0,0,0,1,0,0,858
4106,"0858-11-28 16:29:34",1,0,0,0,1,0,0,858
4107,"0858-05-20 18:47:14",0,1,0,0,0,0,1,858
4108,"0858-11-13 11:00:02",0,1,1,0,0,0,0,858
4109,"0859-04-24 23:20:39",1,0,0,0,0,1,0,859
4110,"0859-05-24 11:56:10",1,0,0,0,0,1,0,859
4111,"0859-10-19 16:14:35",1,0,0,0,0,1,0,859
4112,"0859-05-10 10:44:44",0,1,0,0,0,0,1,859
4113,"0859-11-02 15:44:29",0,1,1,0,0,0,0,859
4114,"0860-04-13 10:22:30",1,0,0,0,0,0,1,860
4115,"0860-10-07 19:48:35",1,0,0,0,0,0,1,860
4116,"0860-04-28 21:10:47",0,1,0,0,1,0,0,860
4117,"0860-10-22 03:43:21",0,1,0,0,0,0,1,860
4118,"0861-04-03 02:17:16",1,0,0,0,0,0,1,861
4119,"0861-09-26 19:23:52",1,0,0,0,0,0,1,861
4120,"0861-03-19 07:58:24",0,1,0,0,1,0,0,861
4121,"0861-09-12 10:26:44",0,1,0,0,0,0,0,861
4122,"0862-03-23 18:37:20",1,0,0,0,0,1,0,862
4123,"0862-09-15 22:32:01",1,0,0,0,0,0,0,862
4124,"0862-03-08 09:22:04",0,1,1,0,0,0,0,862
4125,"0862-09-01 23:42:36",0,1,0,0,0,0,0,862
4126,"0863-02-11 16:37:50",1,0,0,0,1,0,0,863
4127,"0863-08-07 00:28:10",1,0,0,0,1,0,0,863
4128,"0863-02-25 17:24:49",0,1,0,0,0,0,0,863
4129,"0863-08-22 06:14:25",0,1,1,0,0,0,0,863
4130,"0864-01-31 17:49:17",1,0,0,0,0,0,1,864
4131,"0864-07-26 17:27:39",1,0,0,0,0,0,1,864
4132,"0864-02-15 07:32:45",0,1,0,0,1,0,0,864
4133,"0864-08-10 07:01:40",0,1,0,0,1,0,0,864
4134,"0865-01-19 17:27:11",1,0,0,0,0,0,1,865
4135,"0865-07-16 08:49:58",1,0,0,0,1,0,0,865
4136,"0865-01-05 12:37:45",0,1,0,0,0,0,1,865
4137,"0865-06-30 20:50:43",0,1,1,0,0,0,0,865
4138,"0865-12-25 22:38:54",0,1,1,0,0,0,0,865
4139,"0866-01-08 22:38:37",1,0,0,0,0,1,0,866
4140,"0866-06-06 05:18:13",1,0,0,0,0,1,0,866
4141,"0866-07-05 18:22:51",1,0,0,0,0,1,0,866
4142,"0866-11-29 23:53:40",1,0,0,0,1,0,0,866
4143,"0866-06-20 09:05:21",0,1,0,0,0,0,1,866
4144,"0866-12-15 01:18:10",0,1,1,0,0,0,0,866
4145,"0867-05-26 06:08:13",1,0,0,0,1,0,0,867
4146,"0867-11-19 15:25:50",1,0,0,0,0,0,1,867
4147,"0867-06-10 01:50:01",0,1,0,0,0,0,1,867
4148,"0867-12-04 00:16:22",0,1,0,0,1,0,0,867
4149,"0868-05-14 08:54:37",1,0,0,0,0,0,1,868
4150,"0868-11-08 03:23:48",1,0,0,0,0,0,1,868
4151,"0868-04-30 09:53:07",0,1,0,0,1,0,0,868
4152,"0868-05-29 18:30:13",0,1,0,0,1,0,0,868
4153,"0868-10-23 13:18:27",0,1,0,0,1,0,0,868
4154,"0869-05-03 18:35:20",1,0,0,0,1,0,0,869
4155,"0869-10-28 08:23:54",1,0,0,0,0,1,0,869
4156,"0869-04-19 18:11:52",0,1,1,0,0,0,0,869
4157,"0869-10-13 02:54:45",0,1,0,0,0,0,1,869
4158,"0870-03-25 02:17:47",1,0,0,0,1,0,0,870
4159,"0870-09-17 14:44:53",1,0,0,0,0,1,0,870
4160,"0870-04-08 19:46:01",0,1,1,0,0,0,0,870
4161,"0870-10-02 19:07:15",0,1,0,0,0,0,1,870
4162,"0871-03-14 17:50:12",1,0,0,0,0,0,1,871
4163,"0871-09-06 19:58:00",1,0,0,0,0,0,1,871
4164,"0871-03-28 20:32:07",0,1,0,0,1,0,0,871
4165,"0871-09-22 09:14:17",0,1,0,0,1,0,0,871
4166,"0872-03-03 03:59:43",1,0,0,0,1,0,0,872
4167,"0872-08-26 08:26:37",1,0,0,0,0,0,1,872
4168,"0872-02-16 15:54:45",0,1,0,0,0,0,1,872
4169,"0872-08-12 02:15:05",0,1,0,0,0,0,0,872
4170,"0873-02-20 06:46:01",1,0,0,0,0,1,0,873
4171,"0873-07-17 17:39:24",1,0,0,0,0,1,0,873
4172,"0873-08-16 00:58:36",1,0,0,0,0,1,0,873
4173,"0873-02-05 06:58:55",0,1,0,0,0,0,1,873
4174,"0873-08-01 02:35:26",0,1,1,0,0,0,0,873
4175,"0874-01-10 12:54:16",1,0,0,0,0,1,0,874
4176,"0874-07-07 07:50:26",1,0,0,0,1,0,0,874
4177,"0874-12-30 20:10:39",1,0,0,0,0,0,1,874
4178,"0874-01-25 22:40:02",0,1,0,0,0,0,1,874
4179,"0874-07-21 06:02:19",0,1,1,0,0,0,0,874
4180,"0875-06-26 15:21:46",1,0,0,0,0,0,1,875
4181,"0875-12-20 09:42:47",1,0,0,0,0,0,1,875
4182,"0875-01-15 10:18:59",0,1,0,0,1,0,0,875
4183,"0875-06-11 09:06:58",0,1,0,0,1,0,0,875
4184,"0875-07-10 16:44:55",0,1,0,0,1,0,0,875
4185,"0875-12-05 19:43:41",0,1,0,0,1,0,0,875
4186,"0876-06-14 16:47:54",1,0,0,0,1,0,0,876
4187,"0876-12-09 01:22:27",1,0,0,0,1,0,0,876
4188,"0876-05-31 02:17:59",0,1,0,0,0,0,1,876
4189,"0876-11-23 19:06:29",0,1,1,0,0,0,0,876
4190,"0877-05-05 06:25:03",1,0,0,0,0,1,0,877
4191,"0877-06-03 18:35:24",1,0,0,0,0,1,0,877
4192,"0877-10-30 00:24:00",1,0,0,0,0,1,0,877
4193,"0877-05-20 18:05:06",0,1,0,0,0,0,1,877
4194,"0877-11-13 00:09:39",0,1,1,0,0,0,0,877
4195,"0878-04-24 17:57:12",1,0,0,0,0,0,1,878
4196,"0878-10-19 03:28:35",1,0,0,0,0,0,1,878
4197,"0878-05-10 04:08:25",0,1,1,0,0,0,0,878
4198,"0878-11-02 12:20:23",0,1,0,0,0,0,1,878
4199,"0879-04-14 10:10:31",1,0,0,0,0,0,1,879
4200,"0879-10-08 02:54:01",1,0,0,0,0,0,1,879
4201,"0879-03-30 15:02:24",0,1,0,0,1,0,0,879
4202,"0879-09-23 18:34:33",0,1,0,0,1,0,0,879
4203,"0880-04-03 02:32:16",1,0,0,0,1,0,0,880
4204,"0880-09-26 06:15:17",1,0,0,0,1,0,0,880
4205,"0880-03-18 16:52:27",0,1,1,0,0,0,0,880
4206,"0880-09-12 07:22:36",0,1,1,0,0,0,0,880
4207,"0881-02-22 00:30:18",1,0,0,0,1,0,0,881
4208,"0881-08-17 08:12:02",1,0,0,0,1,0,0,881
4209,"0881-03-08 01:28:59",0,1,0,0,0,0,1,881
4210,"0881-09-01 13:19:39",0,1,1,0,0,0,0,881
4211,"0882-02-11 01:33:07",1,0,0,0,0,0,1,882
4212,"0882-08-07 01:07:55",1,0,0,0,0,0,1,882
4213,"0882-02-25 15:59:01",0,1,0,0,1,0,0,882
4214,"0882-08-21 13:50:11",0,1,0,0,1,0,0,882
4215,"0883-01-31 01:25:40",1,0,0,0,0,0,1,883
4216,"0883-07-27 16:10:04",1,0,0,0,1,0,0,883
4217,"0883-01-16 21:18:58",0,1,0,0,0,0,1,883
4218,"0883-07-12 03:51:36",0,1,1,0,0,0,0,883
4219,"0884-01-20 07:06:21",1,0,0,0,0,1,0,884
4220,"0884-06-16 11:50:13",1,0,0,0,0,1,0,884
4221,"0884-07-16 01:10:55",1,0,0,0,0,1,0,884
4222,"0884-12-10 08:47:41",1,0,0,0,1,0,0,884
4223,"0884-01-06 07:02:59",0,1,1,0,0,0,0,884
4224,"0884-06-30 16:27:42",0,1,0,0,0,0,1,884
4225,"0884-12-25 09:23:40",0,1,1,0,0,0,0,884
4226,"0885-06-05 12:34:18",1,0,0,0,1,0,0,885
4227,"0885-11-30 00:13:40",1,0,0,0,0,0,1,885
4228,"0885-06-20 09:19:10",0,1,0,0,0,0,1,885
4229,"0885-12-14 08:23:25",0,1,0,0,1,0,0,885
4230,"0886-05-25 15:43:41",1,0,0,0,0,0,1,886
4231,"0886-11-19 11:49:56",1,0,0,0,0,0,1,886
4232,"0886-05-11 17:10:19",0,1,0,0,1,0,0,886
4233,"0886-06-10 01:49:30",0,1,0,0,1,0,0,886
4234,"0886-11-03 21:44:31",0,1,0,0,1,0,0,886
4235,"0887-05-15 01:56:08",1,0,0,0,1,0,0,887
4236,"0887-11-08 16:21:14",1,0,0,0,0,1,0,887
4237,"0887-05-01 01:07:45",0,1,1,0,0,0,0,887
4238,"0887-10-24 11:28:02",0,1,0,0,0,0,1,887
4239,"0888-04-04 10:16:35",1,0,0,0,1,0,0,888
4240,"0888-05-03 17:40:00",1,0,0,0,0,1,0,888
4241,"0888-09-27 22:12:16",1,0,0,0,0,1,0,888
4242,"0888-04-19 02:33:14",0,1,1,0,0,0,0,888
4243,"0888-10-13 03:32:43",0,1,0,0,0,0,1,888
4244,"0889-03-25 01:46:21",1,0,0,0,0,0,1,889
4245,"0889-09-17 03:40:57",1,0,0,0,0,0,1,889
4246,"0889-04-08 03:39:20",0,1,0,0,1,0,0,889
4247,"0889-10-02 17:15:29",0,1,0,0,1,0,0,889
4248,"0890-03-14 11:40:44",1,0,0,0,0,0,1,890
4249,"0890-09-06 16:22:16",1,0,0,0,0,0,1,890
4250,"0890-02-27 00:10:39",0,1,0,0,0,0,0,890
4251,"0890-08-23 09:08:38",0,1,0,0,1,0,0,890
4252,"0891-03-03 14:15:04",1,0,0,0,0,1,0,891
4253,"0891-07-29 01:12:05",1,0,0,0,0,1,0,891
4254,"0891-08-27 08:51:25",1,0,0,0,1,0,0,891
4255,"0891-02-16 15:32:26",0,1,0,0,0,0,1,891
4256,"0891-08-12 09:19:42",0,1,1,0,0,0,0,891
4257,"0892-01-21 21:05:29",1,0,0,0,0,1,0,892
4258,"0892-07-17 14:58:39",1,0,0,0,1,0,0,892
4259,"0892-02-06 07:16:23",0,1,0,0,0,0,1,892
4260,"0892-07-31 13:03:09",0,1,1,0,0,0,0,892
4261,"0893-01-10 04:48:46",1,0,0,0,0,0,1,893
4262,"0893-07-06 21:59:16",1,0,0,0,0,0,1,893
4263,"0893-12-30 18:36:16",1,0,0,0,0,0,1,893
4264,"0893-01-25 18:42:09",0,1,0,0,1,0,0,893
4265,"0893-06-21 16:31:52",0,1,0,0,1,0,0,893
4266,"0893-07-21 00:07:23",0,1,0,0,1,0,0,893
4267,"0893-12-16 03:47:40",0,1,0,0,1,0,0,893
4268,"0894-06-25 23:11:11",1,0,0,0,1,0,0,894
4269,"0894-12-20 10:15:21",1,0,0,0,1,0,0,894
4270,"0894-06-11 09:46:31",0,1,0,0,0,0,1,894
4271,"0894-12-05 03:16:42",0,1,1,0,0,0,0,894
4272,"0895-05-16 13:27:31",1,0,0,0,0,1,0,895
4273,"0895-06-15 01:16:36",1,0,0,0,0,1,0,895
4274,"0895-11-10 08:37:27",1,0,0,0,0,1,0,895
4275,"0895-06-01 01:22:21",0,1,0,0,0,0,1,895
4276,"0895-11-24 08:38:55",0,1,1,0,0,0,0,895
4277,"0896-05-05 01:29:07",1,0,0,0,1,0,0,896
4278,"0896-10-29 11:15:16",1,0,0,0,0,0,1,896
4279,"0896-05-20 11:01:43",0,1,1,0,0,0,0,896
4280,"0896-11-12 21:02:58",0,1,0,0,0,0,1,896
4281,"0897-04-24 17:56:45",1,0,0,0,0,0,1,897
4282,"0897-10-18 10:33:38",1,0,0,0,0,0,1,897
4283,"0897-04-09 21:57:25",0,1,0,0,1,0,0,897
4284,"0897-10-04 02:49:47",0,1,0,0,1,0,0,897
4285,"0898-04-14 10:17:34",1,0,0,0,1,0,0,898
4286,"0898-10-07 14:09:48",1,0,0,0,1,0,0,898
4287,"0898-03-30 00:14:11",0,1,1,0,0,0,0,898
4288,"0898-09-23 15:10:53",0,1,1,0,0,0,0,898
4289,"0899-03-05 08:10:54",1,0,0,0,0,1,0,899
4290,"0899-08-28 16:05:00",1,0,0,0,1,0,0,899
4291,"0899-03-19 09:24:16",0,1,0,0,0,0,1,899
4292,"0899-09-12 20:34:09",0,1,1,0,0,0,0,899
4293,"0900-02-22 09:08:01",1,0,0,0,0,0,1,900
4294,"0900-08-18 08:52:55",1,0,0,0,0,0,1,900
4295,"0900-03-09 00:17:27",0,1,0,0,1,0,0,900
4296,"0900-09-01 20:46:23",0,1,0,0,1,0,0,900
4297,"0901-02-11 09:19:22",1,0,0,0,0,0,1,901
4298,"0901-08-07 23:32:23",1,0,0,0,0,0,1,901
4299,"0901-01-28 05:56:01",0,1,0,0,0,0,1,901
4300,"0901-07-23 10:56:24",0,1,1,0,0,0,0,901
4301,"0902-01-31 15:30:15",1,0,0,0,0,1,0,902
4302,"0902-06-28 18:19:12",1,0,0,0,0,1,0,902
4303,"0902-07-28 08:00:08",1,0,0,0,0,1,0,902
4304,"0902-12-22 17:43:35",1,0,0,0,1,0,0,902
4305,"0902-01-17 15:23:17",0,1,1,0,0,0,0,902
4306,"0902-07-12 23:51:48",0,1,0,0,0,0,1,902
4307,"0903-06-17 19:00:03",1,0,0,0,1,0,0,903
4308,"0903-12-12 09:03:10",1,0,0,0,0,0,1,903
4309,"0903-01-06 17:28:00",0,1,1,0,0,0,0,903
4310,"0903-07-02 16:49:07",0,1,0,0,0,0,1,903
4311,"0903-12-26 16:31:22",0,1,0,0,1,0,0,903
4312,"0904-06-05 22:33:41",1,0,0,0,0,0,1,904
4313,"0904-11-30 20:18:55",1,0,0,0,0,0,1,904
4314,"0904-05-23 00:23:23",0,1,0,0,1,0,0,904
4315,"0904-06-21 09:08:06",0,1,0,0,1,0,0,904
4316,"0904-11-15 06:16:57",0,1,0,0,1,0,0,904
4317,"0905-05-26 09:14:48",1,0,0,0,1,0,0,905
4318,"0905-11-20 00:23:19",1,0,0,0,0,1,0,905
4319,"0905-05-12 07:56:37",0,1,1,0,0,0,0,905
4320,"0905-11-04 20:07:51",0,1,0,0,0,0,1,905
4321,"0906-04-16 18:08:48",1,0,0,0,0,1,0,906
4322,"0906-05-16 01:16:07",1,0,0,0,0,1,0,906
4323,"0906-10-10 05:49:32",1,0,0,0,0,1,0,906
4324,"0906-05-01 09:13:55",0,1,1,0,0,0,0,906
4325,"0906-10-25 12:04:42",0,1,0,0,0,0,1,906
4326,"0907-04-06 09:33:50",1,0,0,0,0,0,1,907
4327,"0907-09-29 11:34:44",1,0,0,0,1,0,0,907
4328,"0907-04-20 10:41:08",0,1,1,0,0,0,0,907
4329,"0907-10-15 01:24:04",0,1,1,0,0,0,0,907
4330,"0908-03-25 19:12:10",1,0,0,0,0,0,1,908
4331,"0908-09-18 00:25:58",1,0,0,0,0,0,1,908
4332,"0908-03-10 08:19:52",0,1,0,0,1,0,0,908
4333,"0908-09-03 16:08:58",0,1,0,0,1,0,0,908
4334,"0909-03-14 21:34:28",1,0,0,0,0,1,0,909
4335,"0909-09-07 16:51:22",1,0,0,0,1,0,0,909
4336,"0909-02-27 23:58:45",0,1,0,0,0,0,1,909
4337,"0909-08-23 16:12:13",0,1,1,0,0,0,0,909
4338,"0910-02-02 05:10:17",1,0,0,0,0,1,0,910
4339,"0910-07-29 22:09:38",1,0,0,0,1,0,0,910
4340,"0910-02-17 15:43:29",0,1,0,0,0,0,1,910
4341,"0910-08-12 20:12:40",0,1,1,0,0,0,0,910
4342,"0911-01-22 13:22:39",1,0,0,0,0,0,1,911
4343,"0911-07-19 04:38:53",1,0,0,0,0,0,1,911
4344,"0911-02-07 02:56:41",0,1,0,0,1,0,0,911
4345,"0911-07-03 23:58:55",0,1,0,0,1,0,0,911
4346,"0911-08-02 07:36:25",0,1,0,0,1,0,0,911
4347,"0911-12-28 11:50:35",0,1,0,0,1,0,0,911
4348,"0912-01-12 03:26:56",1,0,0,0,0,0,1,912
4349,"0912-07-07 05:36:39",1,0,0,0,1,0,0,912
4350,"0912-12-31 19:07:58",1,0,0,0,1,0,0,912
4351,"0912-06-22 17:14:26",0,1,0,0,0,0,1,912
4352,"0912-12-16 11:30:29",0,1,1,0,0,0,0,912
4353,"0913-05-27 20:26:11",1,0,0,0,0,1,0,913
4354,"0913-06-26 07:57:33",1,0,0,0,0,1,0,913
4355,"0913-11-21 16:56:36",1,0,0,0,0,1,0,913
4356,"0913-06-12 08:34:05",0,1,0,0,0,0,1,913
4357,"0913-12-05 17:14:13",0,1,1,0,0,0,0,913
4358,"0914-05-17 08:56:10",1,0,0,0,1,0,0,914
4359,"0914-11-10 19:09:00",1,0,0,0,1,0,0,914
4360,"0914-06-01 17:48:14",0,1,1,0,0,0,0,914
4361,"0914-11-25 05:51:00",0,1,0,0,0,0,1,914
4362,"0915-05-07 01:37:43",1,0,0,0,0,0,1,915
4363,"0915-10-30 18:22:48",1,0,0,0,0,0,1,915
4364,"0915-04-22 04:45:23",0,1,0,0,1,0,0,915
4365,"0915-10-16 11:12:44",0,1,0,0,1,0,0,915
4366,"0916-04-25 17:56:36",1,0,0,0,1,0,0,916
4367,"0916-10-18 22:12:32",1,0,0,0,1,0,0,916
4368,"0916-04-10 07:31:07",0,1,1,0,0,0,0,916
4369,"0916-10-04 23:04:38",0,1,1,0,0,0,0,916
4370,"0917-03-16 15:43:19",1,0,0,0,0,1,0,917
4371,"0917-09-09 00:04:38",1,0,0,0,0,1,0,917
4372,"0917-03-30 17:14:24",0,1,0,0,0,0,1,917
4373,"0917-09-24 03:55:07",0,1,1,0,0,0,0,917
4374,"0918-03-05 16:33:52",1,0,0,0,0,0,1,918
4375,"0918-08-29 16:44:33",1,0,0,0,0,0,1,918
4376,"0918-03-20 08:28:07",0,1,0,0,0,0,1,918
4377,"0918-09-13 03:52:16",0,1,0,0,1,0,0,918
4378,"0919-02-22 17:05:39",1,0,0,0,0,0,1,919
4379,"0919-08-19 07:00:09",1,0,0,0,0,0,1,919
4380,"0919-02-08 14:25:33",0,1,0,0,0,0,1,919
4381,"0919-08-03 18:08:58",0,1,0,0,1,0,0,919
4382,"0920-02-11 23:47:47",1,0,0,0,0,1,0,920
4383,"0920-08-07 14:54:19",1,0,0,0,0,1,0,920
4384,"0920-01-28 23:36:04",0,1,1,0,0,0,0,920
4385,"0920-07-23 07:21:36",0,1,0,0,0,0,1,920
4386,"0921-01-02 02:37:40",1,0,0,0,1,0,0,921
4387,"0921-06-28 01:25:52",1,0,0,0,1,0,0,921
4388,"0921-12-22 17:52:44",1,0,0,0,0,0,1,921
4389,"0921-01-17 01:27:22",0,1,1,0,0,0,0,921
4390,"0921-07-13 00:20:02",0,1,0,0,0,0,1,921
4391,"0922-06-17 05:23:23",1,0,0,0,0,0,1,922
4392,"0922-12-12 04:48:49",1,0,0,0,0,0,1,922
4393,"0922-01-06 00:38:01",0,1,0,0,1,0,0,922
4394,"0922-06-03 07:30:18",0,1,0,0,1,0,0,922
4395,"0922-07-02 16:25:25",0,1,0,0,1,0,0,922
4396,"0922-11-26 14:54:38",0,1,0,0,1,0,0,922
4397,"0923-06-06 16:32:13",1,0,0,0,1,0,0,923
4398,"0923-12-01 08:29:43",1,0,0,0,0,1,0,923
4399,"0923-05-23 14:38:40",0,1,1,0,0,0,0,923
4400,"0923-11-16 04:54:17",0,1,0,0,0,0,1,923
4401,"0924-04-27 01:53:42",1,0,0,0,0,1,0,924
4402,"0924-05-26 08:48:07",1,0,0,0,0,1,0,924
4403,"0924-10-20 13:36:12",1,0,0,0,0,1,0,924
4404,"0924-05-11 15:47:57",0,1,1,0,0,0,0,924
4405,"0924-11-04 20:42:52",0,1,0,0,0,0,1,924
4406,"0925-04-16 17:12:19",1,0,0,0,0,0,1,925
4407,"0925-10-09 19:38:02",1,0,0,0,1,0,0,925
4408,"0925-04-30 17:36:50",0,1,1,0,0,0,0,925
4409,"0925-10-25 09:39:21",0,1,1,0,0,0,0,925
4410,"0926-04-06 02:32:21",1,0,0,0,0,0,1,926
4411,"0926-09-29 08:38:54",1,0,0,0,0,0,1,926
4412,"0926-03-21 16:21:04",0,1,0,0,1,0,0,926
4413,"0926-09-14 23:17:36",0,1,0,0,1,0,0,926
4414,"0927-03-26 04:44:54",1,0,0,0,0,1,0,927
4415,"0927-09-19 00:58:07",1,0,0,0,1,0,0,927
4416,"0927-03-11 08:18:01",0,1,0,0,0,0,1,927
4417,"0927-09-03 23:13:11",0,1,1,0,0,0,0,927
4418,"0928-02-13 13:10:43",1,0,0,0,0,1,0,928
4419,"0928-08-09 05:24:07",1,0,0,0,1,0,0,928
4420,"0928-02-29 00:04:06",0,1,0,0,0,0,1,928
4421,"0928-08-23 03:30:16",0,1,1,0,0,0,0,928
4422,"0929-02-01 21:53:12",1,0,0,0,0,0,1,929
4423,"0929-07-29 11:20:24",1,0,0,0,0,0,1,929
4424,"0929-02-17 11:04:20",0,1,0,0,1,0,0,929
4425,"0929-07-14 07:27:56",0,1,0,0,1,0,0,929
4426,"0929-08-12 15:11:01",0,1,0,0,1,0,0,929
4427,"0930-01-22 12:14:33",1,0,0,0,0,0,1,930
4428,"0930-07-18 12:06:13",1,0,0,0,1,0,0,930
4429,"0930-01-07 19:51:54",0,1,0,0,1,0,0,930
4430,"0930-07-04 00:43:12",0,1,0,0,0,0,1,930
4431,"0930-12-27 19:43:34",0,1,1,0,0,0,0,930
4432,"0931-01-12 03:56:31",1,0,0,0,1,0,0,931
4433,"0931-06-08 03:26:15",1,0,0,0,0,1,0,931
4434,"0931-07-07 14:44:07",1,0,0,0,0,1,0,931
4435,"0931-12-03 01:17:44",1,0,0,0,0,1,0,931
4436,"0931-06-23 15:45:48",0,1,0,0,0,0,1,931
4437,"0931-12-17 01:50:57",0,1,1,0,0,0,0,931
4438,"0932-05-27 16:21:38",1,0,0,0,1,0,0,932
4439,"0932-11-21 03:06:58",1,0,0,0,1,0,0,932
4440,"0932-06-12 00:31:49",0,1,1,0,0,0,0,932
4441,"0932-12-05 14:41:46",0,1,0,0,0,0,1,932
4442,"0933-05-17 09:13:40",1,0,0,0,0,0,1,933
4443,"0933-11-10 02:19:27",1,0,0,0,0,0,1,933
4444,"0933-05-02 11:26:40",0,1,0,0,1,0,0,933
4445,"0933-06-01 02:36:52",0,1,0,0,1,0,0,933
4446,"0933-10-26 19:42:15",0,1,0,0,1,0,0,933
4447,"0934-05-07 01:26:28",1,0,0,0,1,0,0,934
4448,"0934-10-30 06:25:17",1,0,0,0,1,0,0,934
4449,"0934-04-21 14:39:38",0,1,1,0,0,0,0,934
4450,"0934-10-16 07:06:44",0,1,1,0,0,0,0,934
4451,"0935-03-27 23:03:57",1,0,0,0,0,1,0,935
4452,"0935-09-20 08:12:56",1,0,0,0,0,1,0,935
4453,"0935-10-19 17:52:27",1,0,0,0,0,1,0,935
4454,"0935-04-11 00:56:54",0,1,0,0,0,0,1,935
4455,"0935-10-05 11:24:28",0,1,1,0,0,0,0,935
4456,"0936-03-15 23:50:22",1,0,0,0,0,0,1,936
4457,"0936-09-09 00:42:47",1,0,0,0,0,0,1,936
4458,"0936-03-30 16:31:18",0,1,0,0,0,0,1,936
4459,"0936-09-23 11:07:33",0,1,1,0,0,0,0,936
4460,"0937-03-05 00:44:42",1,0,0,0,0,0,1,937
4461,"0937-08-29 14:32:23",1,0,0,0,0,0,1,937
4462,"0937-02-18 22:47:48",0,1,0,0,1,0,0,937
4463,"0937-08-14 01:27:42",0,1,0,0,1,0,0,937
4464,"0938-02-22 08:00:00",1,0,0,0,1,0,0,938
4465,"0938-08-18 21:53:05",1,0,0,0,0,1,0,938
4466,"0938-02-08 07:42:43",0,1,1,0,0,0,0,938
4467,"0938-08-03 14:56:12",0,1,0,0,0,0,1,938
4468,"0939-01-13 11:29:38",1,0,0,0,1,0,0,939
4469,"0939-07-09 07:55:19",1,0,0,0,1,0,0,939
4470,"0939-01-28 09:21:29",0,1,1,0,0,0,0,939
4471,"0939-07-24 07:54:44",0,1,0,0,0,0,1,939
4472,"0940-01-03 02:41:38",1,0,0,0,0,0,1,940
4473,"0940-06-27 12:15:32",1,0,0,0,0,0,1,940
4474,"0940-12-22 13:18:52",1,0,0,0,0,0,1,940
4475,"0940-01-17 08:43:07",0,1,0,0,1,0,0,940
4476,"0940-06-13 14:34:24",0,1,0,0,1,0,0,940
4477,"0940-07-12 23:43:11",0,1,0,0,1,0,0,940
4478,"0940-12-06 23:36:07",0,1,0,0,1,0,0,940
4479,"0941-06-16 23:50:11",1,0,0,0,1,0,0,941
4480,"0941-12-11 16:37:12",1,0,0,0,0,1,0,941
4481,"0941-06-02 21:16:31",0,1,1,0,0,0,0,941
4482,"0941-11-26 13:44:30",0,1,0,0,0,0,1,941
4483,"0942-05-08 09:32:44",1,0,0,0,0,1,0,942
4484,"0942-06-06 16:18:13",1,0,0,0,0,1,0,942
4485,"0942-10-31 21:31:48",1,0,0,0,0,1,0,942
4486,"0942-05-22 22:17:36",0,1,1,0,0,0,0,942
4487,"0942-11-16 05:25:56",0,1,0,0,0,0,1,942
4488,"0943-04-28 00:43:39",1,0,0,0,1,0,0,943
4489,"0943-10-21 03:49:50",1,0,0,0,1,0,0,943
4490,"0943-05-12 00:29:52",0,1,1,0,0,0,0,943
4491,"0943-11-05 17:59:17",0,1,1,0,0,0,0,943
4492,"0944-04-16 09:43:55",1,0,0,0,0,0,1,944
4493,"0944-10-09 17:00:05",1,0,0,0,0,0,1,944
4494,"0944-04-01 00:16:00",0,1,0,0,1,0,0,944
4495,"0944-04-30 09:23:41",0,1,0,0,1,0,0,944
4496,"0944-09-25 06:34:35",0,1,0,0,1,0,0,944
4497,"0945-04-05 11:44:35",1,0,0,0,0,0,0,945
4498,"0945-09-29 09:13:08",1,0,0,0,1,0,0,945
4499,"0945-03-21 16:28:20",0,1,0,0,0,0,1,945
4500,"0945-09-14 06:24:23",0,1,1,0,0,0,0,945
4501,"0946-02-23 21:03:13",1,0,0,0,0,1,0,946
4502,"0946-08-20 12:44:16",1,0,0,0,0,1,0,946
4503,"0946-03-11 08:14:26",0,1,0,0,0,0,1,946
4504,"0946-09-03 10:58:31",0,1,1,0,0,0,0,946
4505,"0947-02-13 06:16:18",1,0,0,0,0,0,1,947
4506,"0947-08-09 18:07:34",1,0,0,0,0,0,1,947
4507,"0947-02-28 19:00:40",0,1,0,0,1,0,0,947
4508,"0947-08-23 22:54:33",0,1,0,0,0,0,1,947
4509,"0948-02-02 20:57:22",1,0,0,0,0,0,1,948
4510,"0948-07-28 18:39:21",1,0,0,0,0,0,1,948
4511,"0948-01-19 03:49:41",0,1,0,0,1,0,0,948
4512,"0948-07-14 08:12:17",0,1,0,0,0,0,1,948
4513,"0949-01-22 12:42:08",1,0,0,0,1,0,0,949
4514,"0949-06-18 10:25:12",1,0,0,0,0,1,0,949
4515,"0949-07-17 21:33:25",1,0,0,0,0,1,0,949
4516,"0949-12-13 09:40:55",1,0,0,0,0,1,0,949
4517,"0949-01-07 03:57:11",0,1,1,0,0,0,0,949
4518,"0949-07-03 22:54:39",0,1,0,0,0,0,1,949
4519,"0949-12-27 10:29:20",0,1,1,0,0,0,0,949
4520,"0950-06-07 23:44:21",1,0,0,0,1,0,0,950
4521,"0950-12-02 11:09:41",1,0,0,0,1,0,0,950
4522,"0950-06-23 07:11:33",0,1,1,0,0,0,0,950
4523,"0950-12-16 23:35:12",0,1,0,0,0,0,1,950
4524,"0951-05-28 16:46:27",1,0,0,0,0,0,1,951
4525,"0951-11-21 10:21:48",1,0,0,0,0,0,1,951
4526,"0951-05-13 18:03:32",0,1,0,0,1,0,0,951
4527,"0951-06-12 09:01:34",0,1,0,0,1,0,0,951
4528,"0951-11-07 04:16:41",0,1,0,0,1,0,0,951
4529,"0952-05-17 08:52:03",1,0,0,0,1,0,0,952
4530,"0952-11-09 14:44:54",1,0,0,0,1,0,0,952
4531,"0952-05-01 21:45:27",0,1,1,0,0,0,0,952
4532,"0952-10-26 15:14:09",0,1,1,0,0,0,0,952
4533,"0953-04-07 06:15:19",1,0,0,0,0,1,0,953
4534,"0953-09-30 16:28:43",1,0,0,0,0,1,0,953
4535,"0953-10-30 02:24:33",1,0,0,0,0,1,0,953
4536,"0953-04-21 08:33:57",0,1,0,0,0,0,1,953
4537,"0953-10-15 19:00:59",0,1,1,0,0,0,0,953
4538,"0954-03-27 06:58:07",1,0,0,0,1,0,0,954
4539,"0954-09-20 08:48:31",1,0,0,0,0,0,1,954
4540,"0954-04-11 00:27:31",0,1,0,0,0,0,1,954
4541,"0954-10-04 18:32:41",0,1,1,0,0,0,0,954
4542,"0955-03-16 08:15:44",1,0,0,0,0,0,1,955
4543,"0955-09-09 22:12:03",1,0,0,0,0,0,1,955
4544,"0955-03-02 07:00:28",0,1,0,0,1,0,0,955
4545,"0955-08-25 08:56:26",0,1,0,0,1,0,0,955
4546,"0956-03-04 16:05:08",1,0,0,0,1,0,0,956
4547,"0956-08-29 04:57:28",1,0,0,0,0,1,0,956
4548,"0956-02-19 15:40:11",0,1,1,0,0,0,0,956
4549,"0956-08-13 22:36:55",0,1,0,0,0,0,1,956
4550,"0957-01-23 20:17:12",1,0,0,0,0,1,0,957
4551,"0957-07-19 14:28:30",1,0,0,0,0,1,0,957
4552,"0957-02-07 17:08:16",0,1,1,0,0,0,0,957
4553,"0957-08-03 15:33:08",0,1,0,0,0,0,1,957
4554,"0958-01-13 11:26:04",1,0,0,0,0,0,1,958
4555,"0958-07-08 19:10:51",1,0,0,0,0,0,1,958
4556,"0958-01-27 16:42:13",0,1,0,0,1,0,0,958
4557,"0958-06-24 21:35:21",0,1,0,0,1,0,0,958
4558,"0958-07-24 07:02:52",0,1,0,0,1,0,0,958
4559,"0958-12-18 08:19:40",0,1,0,0,1,0,0,958
4560,"0959-01-02 21:46:26",1,0,0,0,0,0,1,959
4561,"0959-06-28 07:09:31",1,0,0,0,1,0,0,959
4562,"0959-12-23 00:44:44",1,0,0,0,0,1,0,959
4563,"0959-06-14 03:50:46",0,1,1,0,0,0,0,959
4564,"0959-12-07 22:37:33",0,1,0,0,0,0,1,959
4565,"0960-05-18 17:06:43",1,0,0,0,0,1,0,960
4566,"0960-06-16 23:47:03",1,0,0,0,0,1,0,960
4567,"0960-11-11 05:35:41",1,0,0,0,0,1,0,960
4568,"0960-06-02 04:44:10",0,1,1,0,0,0,0,960
4569,"0960-11-26 14:13:35",0,1,0,0,0,0,1,960
4570,"0961-05-08 08:05:53",1,0,0,0,1,0,0,961
4571,"0961-10-31 12:10:47",1,0,0,0,1,0,0,961
4572,"0961-05-22 07:17:51",0,1,1,0,0,0,0,961
4573,"0961-11-16 02:25:10",0,1,1,0,0,0,0,961
4574,"0962-04-27 16:45:54",1,0,0,0,0,0,1,962
4575,"0962-10-21 01:29:40",1,0,0,0,0,0,1,962
4576,"0962-04-12 08:03:54",0,1,0,0,1,0,0,962
4577,"0962-05-11 16:44:33",0,1,0,0,1,0,0,962
4578,"0962-10-06 14:00:30",0,1,0,0,1,0,0,962
4579,"0963-04-16 18:36:36",1,0,0,0,1,0,0,963
4580,"0963-10-10 17:35:36",1,0,0,0,1,0,0,963
4581,"0963-04-02 00:31:38",0,1,0,0,0,0,1,963
4582,"0963-09-25 13:45:39",0,1,1,0,0,0,0,963
4583,"0964-03-06 04:50:24",1,0,0,0,0,1,0,964
4584,"0964-08-30 20:08:18",1,0,0,0,0,1,0,964
4585,"0964-03-21 16:17:30",0,1,0,0,0,0,1,964
4586,"0964-09-13 18:34:37",0,1,1,0,0,0,0,964
4587,"0965-02-23 14:34:52",1,0,0,0,0,0,1,965
4588,"0965-08-20 00:59:23",1,0,0,0,0,0,1,965
4589,"0965-03-11 02:49:10",0,1,0,0,1,0,0,965
4590,"0965-09-03 06:45:14",0,1,0,0,0,0,1,965
4591,"0966-02-13 05:33:26",1,0,0,0,0,0,1,966
4592,"0966-08-09 01:19:37",1,0,0,0,0,0,1,966
4593,"0966-01-29 11:41:12",0,1,0,0,1,0,0,966
4594,"0966-07-25 15:44:44",0,1,0,0,0,0,1,966
4595,"0967-02-02 21:20:59",1,0,0,0,1,0,0,967
4596,"0967-07-29 04:30:11",1,0,0,0,0,1,0,967
4597,"0967-12-24 18:01:44",1,0,0,0,0,1,0,967
4598,"0967-01-18 12:06:47",0,1,1,0,0,0,0,967
4599,"0967-07-15 06:05:37",0,1,0,0,0,0,1,967
4600,"0968-06-18 07:08:20",1,0,0,0,1,0,0,968
4601,"0968-12-12 19:13:28",1,0,0,0,1,0,0,968
4602,"0968-01-07 19:05:10",0,1,1,0,0,0,0,968
4603,"0968-07-03 13:51:44",0,1,1,0,0,0,0,968
4604,"0968-12-27 08:27:57",0,1,0,0,0,0,1,968
4605,"0969-06-08 00:15:17",1,0,0,0,0,0,1,969
4606,"0969-12-01 18:29:28",1,0,0,0,0,0,1,969
4607,"0969-05-24 00:34:53",0,1,0,0,1,0,0,969
4608,"0969-06-22 15:24:07",0,1,0,0,1,0,0,969
4609,"0969-11-17 12:56:32",0,1,0,0,1,0,0,969
4610,"0970-05-28 16:11:14",1,0,0,0,1,0,0,970
4611,"0970-11-20 23:11:15",1,0,0,0,1,0,0,970
4612,"0970-05-13 04:45:43",0,1,1,0,0,0,0,970
4613,"0970-11-06 23:28:04",0,1,1,0,0,0,0,970
4614,"0971-04-18 13:16:01",1,0,0,0,0,1,0,971
4615,"0971-05-18 02:33:27",1,0,0,0,0,1,0,971
4616,"0971-10-12 00:53:42",1,0,0,0,0,1,0,971
4617,"0971-11-10 11:04:25",1,0,0,0,0,1,0,971
4618,"0971-05-02 16:05:15",0,1,0,0,0,0,1,971
4619,"0971-10-27 02:46:08",0,1,1,0,0,0,0,971
4620,"0972-04-06 13:56:52",1,0,0,0,1,0,0,972
4621,"0972-09-30 17:00:53",1,0,0,0,1,0,0,972
4622,"0972-04-21 08:16:42",0,1,0,0,0,0,1,972
4623,"0972-10-15 02:06:51",0,1,1,0,0,0,0,972
4624,"0973-03-26 15:39:47",1,0,0,0,0,0,1,973
4625,"0973-09-20 05:56:28",1,0,0,0,0,0,1,973
4626,"0973-03-12 15:04:51",0,1,0,0,1,0,0,973
4627,"0973-09-04 16:31:53",0,1,0,0,1,0,0,973
4628,"0974-03-16 00:01:13",1,0,0,0,1,0,0,974
4629,"0974-09-09 12:07:29",1,0,0,0,0,0,0,974
4630,"0974-03-01 23:26:25",0,1,1,0,0,0,0,974
4631,"0974-08-25 06:23:18",0,1,0,0,0,0,1,974
4632,"0975-02-04 04:58:46",1,0,0,0,0,1,0,975
4633,"0975-07-30 21:05:54",1,0,0,0,0,1,0,975
4634,"0975-02-19 00:46:23",0,1,1,0,0,0,0,975
4635,"0975-08-14 23:14:52",0,1,0,0,0,0,1,975
4636,"0976-01-24 20:05:05",1,0,0,0,0,0,1,976
4637,"0976-07-19 02:09:59",1,0,0,0,0,0,1,976
4638,"0976-02-08 00:35:34",0,1,0,0,0,0,0,976
4639,"0976-08-03 14:24:05",0,1,0,0,1,0,0,976
4640,"0976-12-28 17:02:16",0,1,0,0,1,0,0,976
4641,"0977-01-13 06:09:04",1,0,0,0,0,0,1,977
4642,"0977-07-08 14:29:35",1,0,0,0,0,0,1,977
4643,"0977-06-24 10:21:05",0,1,1,0,0,0,0,977
4644,"0977-12-18 07:30:40",0,1,0,0,0,0,1,977
4645,"0978-01-02 08:49:07",1,0,0,0,0,1,0,978
4646,"0978-05-30 00:35:47",1,0,0,0,0,1,0,978
4647,"0978-06-28 07:15:22",1,0,0,0,0,1,0,978
4648,"0978-11-22 13:43:29",1,0,0,0,0,1,0,978
4649,"0978-06-13 11:08:25",0,1,1,0,0,0,0,978
4650,"0978-12-07 23:00:56",0,1,0,0,0,0,1,978
4651,"0979-05-19 15:21:36",1,0,0,0,1,0,0,979
4652,"0979-11-11 20:37:23",1,0,0,0,1,0,0,979
4653,"0979-06-02 14:04:44",0,1,1,0,0,0,0,979
4654,"0979-11-27 10:52:37",0,1,1,0,0,0,0,979
4655,"0980-05-07 23:38:35",1,0,0,0,0,0,1,980
4656,"0980-10-31 10:04:29",1,0,0,0,0,0,1,980
4657,"0980-04-22 15:44:35",0,1,0,0,1,0,0,980
4658,"0980-05-22 00:01:25",0,1,0,0,1,0,0,980
4659,"0980-10-16 21:32:35",0,1,0,0,1,0,0,980
4660,"0981-04-27 01:18:06",1,0,0,0,1,0,0,981
4661,"0981-10-21 02:04:05",1,0,0,0,1,0,0,981
4662,"0981-04-12 08:25:05",0,1,0,0,0,0,1,981
4663,"0981-10-05 21:15:52",0,1,1,0,0,0,0,981
4664,"0982-03-17 12:26:22",1,0,0,0,0,1,0,982
4665,"0982-09-11 03:38:37",1,0,0,0,0,1,0,982
4666,"0982-04-02 00:07:37",0,1,0,0,0,0,1,982
4667,"0982-09-25 02:20:53",0,1,1,0,0,0,0,982
4668,"0983-03-06 22:43:48",1,0,0,0,0,0,1,983
4669,"0983-08-31 07:56:15",1,0,0,0,1,0,0,983
4670,"0983-03-22 10:24:44",0,1,0,0,1,0,0,983
4671,"0983-09-14 14:42:54",0,1,0,0,0,0,1,983
4672,"0984-02-24 14:01:28",1,0,0,0,0,0,1,984
4673,"0984-08-19 08:05:14",1,0,0,0,0,0,1,984
4674,"0984-02-09 19:24:55",0,1,0,0,1,0,0,984
4675,"0984-08-04 23:18:48",0,1,0,0,1,0,0,984
4676,"0984-09-03 07:05:18",0,1,0,0,1,0,0,984
4677,"0985-02-13 05:52:17",1,0,0,0,1,0,0,985
4678,"0985-08-08 11:31:01",1,0,0,0,1,0,0,985
4679,"0985-01-28 20:11:58",0,1,1,0,0,0,0,985
4680,"0985-07-25 13:14:47",0,1,0,0,0,0,1,985
4681,"0986-01-04 02:20:25",1,0,0,0,0,1,0,986
4682,"0986-06-29 14:31:23",1,0,0,0,1,0,0,986
4683,"0986-12-24 03:16:19",1,0,0,0,1,0,0,986
4684,"0986-01-18 03:38:35",0,1,0,0,0,0,0,986
4685,"0986-07-14 20:30:25",0,1,1,0,0,0,0,986
4686,"0987-06-19 07:42:37",1,0,0,0,0,0,1,987
4687,"0987-12-13 02:39:22",1,0,0,0,0,0,1,987
4688,"0987-01-07 17:18:04",0,1,0,0,0,0,1,987
4689,"0987-07-03 21:47:28",0,1,0,0,1,0,0,987
4690,"0987-11-28 21:38:36",0,1,0,0,1,0,0,987
4691,"0988-06-07 23:25:45",1,0,0,0,1,0,0,988
4692,"0988-12-01 07:40:45",1,0,0,0,1,0,0,988
4693,"0988-05-23 11:43:12",0,1,1,0,0,0,0,988
4694,"0988-11-17 07:44:19",0,1,1,0,0,0,0,988
4695,"0989-04-28 20:07:52",1,0,0,0,0,1,0,989
4696,"0989-05-28 09:23:31",1,0,0,0,0,1,0,989
4697,"0989-10-22 09:24:06",1,0,0,0,0,1,0,989
4698,"0989-11-20 19:47:30",1,0,0,0,0,1,0,989
4699,"0989-05-12 23:32:00",0,1,0,0,0,0,1,989
4700,"0989-11-06 10:35:38",0,1,1,0,0,0,0,989
4701,"0990-04-17 20:46:05",1,0,0,0,1,0,0,990
4702,"0990-10-12 01:19:44",1,0,0,0,1,0,0,990
4703,"0990-05-02 15:58:34",0,1,0,0,0,0,1,990
4704,"0990-10-26 09:48:59",0,1,1,0,0,0,0,990
4705,"0991-04-06 22:55:46",1,0,0,0,0,0,1,991
4706,"0991-10-01 13:49:08",1,0,0,0,0,0,1,991
4707,"0991-03-23 22:58:13",0,1,0,0,1,0,0,991
4708,"0991-04-22 08:30:17",0,1,0,0,1,0,0,991
4709,"0991-09-16 00:18:26",0,1,0,0,1,0,0,991
4710,"0991-10-15 13:01:55",0,1,0,0,1,0,0,991
4711,"0992-03-26 07:52:19",1,0,0,0,1,0,0,992
4712,"0992-09-19 19:26:51",1,0,0,0,1,0,0,992
4713,"0992-03-12 07:04:19",0,1,1,0,0,0,0,992
4714,"0992-09-04 14:19:20",0,1,0,0,0,0,1,992
4715,"0993-02-14 13:34:27",1,0,0,0,0,1,0,993
4716,"0993-03-15 22:39:00",1,0,0,0,0,1,0,993
4717,"0993-08-10 03:51:48",1,0,0,0,0,1,0,993
4718,"0993-03-01 08:15:57",0,1,1,0,0,0,0,993
4719,"0993-08-25 07:04:13",0,1,0,0,0,0,1,993
4720,"0994-02-04 04:38:35",1,0,0,0,0,0,1,994
4721,"0994-07-30 09:17:21",1,0,0,0,0,0,1,994
4722,"0994-02-18 08:22:36",0,1,1,0,0,0,0,994
4723,"0994-08-14 21:51:50",0,1,0,0,0,0,0,994
4724,"0995-01-24 14:26:51",1,0,0,0,0,0,1,995
4725,"0995-07-19 21:55:54",1,0,0,0,0,0,1,995
4726,"0995-01-09 01:44:30",0,1,0,0,1,0,0,995
4727,"0995-07-05 16:53:23",0,1,1,0,0,0,0,995
4728,"0995-12-29 16:25:54",0,1,0,0,0,0,1,995
4729,"0996-01-13 16:52:28",1,0,0,0,0,0,0,996
4730,"0996-06-09 08:02:14",1,0,0,0,0,1,0,996
4731,"0996-07-08 14:45:00",1,0,0,0,0,1,0,996
4732,"0996-12-02 21:58:51",1,0,0,0,0,1,0,996
4733,"0996-06-23 17:32:46",0,1,1,0,0,0,0,996
4734,"0996-12-18 07:52:05",0,1,0,0,0,0,1,996
4735,"0997-05-29 22:32:16",1,0,0,0,1,0,0,997
4736,"0997-11-22 05:12:03",1,0,0,0,1,0,0,997
4737,"0997-06-12 20:51:29",0,1,1,0,0,0,0,997
4738,"0997-12-07 19:24:21",0,1,1,0,0,0,0,997
4739,"0998-05-19 06:25:10",1,0,0,0,0,0,1,998
4740,"0998-11-11 18:47:45",1,0,0,0,0,0,1,998
4741,"0998-05-03 23:20:53",0,1,0,0,1,0,0,998
4742,"0998-06-02 07:17:25",0,1,0,0,1,0,0,998
4743,"0998-10-28 05:14:47",0,1,0,0,1,0,0,998
4744,"0999-05-08 07:56:03",1,0,0,0,1,0,0,999
4745,"0999-11-01 10:39:22",1,0,0,0,1,0,0,999
4746,"0999-04-23 16:14:29",0,1,0,0,0,0,1,999
4747,"0999-10-17 04:55:55",0,1,1,0,0,0,0,999
4748,"1000-03-28 19:59:04",1,0,0,0,0,1,0,1000
4749,"1000-04-27 09:18:46",1,0,0,0,0,1,0,1000
4750,"1000-09-22 11:16:11",1,0,0,0,0,1,0,1000
4751,"1000-10-22 00:06:52",1,0,0,0,0,1,0,1000
4752,"1000-04-13 07:52:48",0,1,0,0,0,0,1,1000
4753,"1000-10-06 10:17:07",0,1,1,0,0,0,0,1000
4754,"1001-03-18 06:47:34",1,0,0,0,1,0,0,1001
4755,"1001-09-11 15:01:51",1,0,0,0,1,0,0,1001
4756,"1001-04-02 17:52:08",0,1,1,0,0,0,0,1001
4757,"1001-09-25 22:50:30",0,1,0,0,0,0,1,1001
4758,"1002-03-07 22:23:16",1,0,0,0,0,0,1,1002
4759,"1002-08-31 15:01:55",1,0,0,0,0,0,1,1002
4760,"1002-02-21 03:02:07",0,1,0,0,1,0,0,1002
4761,"1002-08-17 07:00:12",0,1,0,0,1,0,0,1002
4762,"1002-09-15 15:09:50",0,1,0,0,1,0,0,1002
4763,"1003-02-25 14:16:02",1,0,0,0,1,0,0,1003
4764,"1003-08-20 18:43:28",1,0,0,0,1,0,0,1003
4765,"1003-02-10 04:11:33",0,1,1,0,0,0,0,1003
4766,"1003-08-06 20:30:37",0,1,0,0,0,0,0,1003
4767,"1004-01-16 10:35:30",1,0,0,0,0,1,0,1004
4768,"1004-07-10 21:58:15",1,0,0,0,1,0,0,1004
4769,"1004-01-30 12:08:39",0,1,0,0,0,0,0,1004
4770,"1004-07-26 03:12:34",0,1,1,0,0,0,0,1004
4771,"1005-01-04 11:18:49",1,0,0,0,1,0,0,1005
4772,"1005-06-30 15:10:22",1,0,0,0,0,0,1,1005
4773,"1005-12-24 10:51:27",1,0,0,0,0,0,1,1005
4774,"1005-01-19 02:06:28",0,1,0,0,0,0,1,1005
4775,"1005-07-15 04:13:59",0,1,0,0,1,0,0,1005
4776,"1005-12-10 06:24:02",0,1,0,0,1,0,0,1005
4777,"1006-06-20 06:38:10",1,0,0,0,1,0,0,1006
4778,"1006-12-13 16:15:29",1,0,0,0,1,0,0,1006
4779,"1006-06-04 18:39:32",0,1,1,0,0,0,0,1006
4780,"1006-11-29 16:06:24",0,1,1,0,0,0,0,1006
4781,"1007-05-11 02:52:50",1,0,0,0,0,1,0,1007
4782,"1007-06-09 16:10:13",1,0,0,0,0,1,0,1007
4783,"1007-11-03 18:02:54",1,0,0,0,0,1,0,1007
4784,"1007-12-03 04:36:25",1,0,0,0,0,1,0,1007
4785,"1007-05-25 06:56:49",0,1,0,0,0,0,1,1007
4786,"1007-11-18 18:32:16",0,1,1,0,0,0,0,1007
4787,"1008-04-29 03:29:43",1,0,0,0,1,0,0,1008
4788,"1008-10-23 09:46:51",1,0,0,0,1,0,0,1008
4789,"1008-05-13 23:36:46",0,1,0,0,0,0,1,1008
4790,"1008-11-06 17:40:48",0,1,1,0,0,0,0,1008
4791,"1009-04-18 06:05:32",1,0,0,0,0,0,1,1009
4792,"1009-10-12 21:49:16",1,0,0,0,0,0,1,1009
4793,"1009-04-04 06:42:54",0,1,0,0,1,0,0,1009
4794,"1009-05-03 16:04:58",0,1,0,0,1,0,0,1009
4795,"1009-09-27 08:14:35",0,1,0,0,1,0,0,1009
4796,"1009-10-26 21:08:26",0,1,0,0,1,0,0,1009
4797,"1010-04-07 15:36:31",1,0,0,0,1,0,0,1010
4798,"1010-10-02 02:53:56",1,0,0,0,1,0,0,1010
4799,"1010-03-24 14:32:05",0,1,1,0,0,0,0,1010
4800,"1010-09-16 22:23:21",0,1,0,0,0,0,1,1010
4801,"1011-02-26 22:03:23",1,0,0,0,0,1,0,1011
4802,"1011-03-28 06:45:20",1,0,0,0,0,1,0,1011
4803,"1011-08-22 10:46:03",1,0,0,0,0,1,0,1011
4804,"1011-03-13 15:37:02",0,1,1,0,0,0,0,1011
4805,"1011-09-06 15:00:05",0,1,0,0,0,0,1,1011
4806,"1012-02-16 13:06:17",1,0,0,0,0,0,1,1012
4807,"1012-08-10 16:30:36",1,0,0,0,1,0,0,1012
4808,"1012-03-01 16:04:17",0,1,1,0,0,0,0,1012
4809,"1012-08-26 05:23:05",0,1,0,0,0,0,1,1012
4810,"1013-02-04 22:38:47",1,0,0,0,0,0,1,1013
4811,"1013-07-31 05:26:38",1,0,0,0,0,0,1,1013
4812,"1013-01-20 10:24:47",0,1,0,0,1,0,0,1013
4813,"1013-07-16 23:26:18",0,1,0,0,1,0,0,1013
4814,"1014-01-25 00:49:15",1,0,0,0,0,0,0,1014
4815,"1014-06-21 15:27:48",1,0,0,0,0,1,0,1014
4816,"1014-07-20 22:18:13",1,0,0,0,1,0,0,1014
4817,"1014-12-15 06:16:18",1,0,0,0,0,1,0,1014
4818,"1014-01-10 01:18:08",0,1,0,0,0,0,1,1014
4819,"1014-07-05 23:59:52",0,1,1,0,0,0,0,1014
4820,"1014-12-30 16:41:16",0,1,0,0,0,0,1,1014
4821,"1015-06-11 05:40:04",1,0,0,0,1,0,0,1015
4822,"1015-12-04 13:49:39",1,0,0,0,1,0,0,1015
4823,"1015-06-25 03:41:03",0,1,1,0,0,0,0,1015
4824,"1015-12-20 03:54:52",0,1,1,0,0,0,0,1015
4825,"1016-05-30 13:06:41",1,0,0,0,0,0,1,1016
4826,"1016-11-23 03:35:33",1,0,0,0,0,0,1,1016
4827,"1016-05-15 06:53:37",0,1,0,0,1,0,0,1016
4828,"1016-06-13 14:33:43",0,1,0,0,1,0,0,1016
4829,"1016-11-08 13:03:20",0,1,0,0,1,0,0,1016
4830,"1017-05-19 14:26:06",1,0,0,0,1,0,0,1017
4831,"1017-11-12 19:21:12",1,0,0,0,1,0,0,1017
4832,"1017-05-04 23:55:31",0,1,0,0,0,0,1,1017
4833,"1017-10-28 12:46:10",0,1,1,0,0,0,0,1017
4834,"1018-04-09 03:22:56",1,0,0,0,0,1,0,1018
4835,"1018-05-08 16:09:40",1,0,0,0,0,1,0,1018
4836,"1018-10-03 19:01:52",1,0,0,0,0,1,0,1018
4837,"1018-11-02 08:26:46",1,0,0,0,0,1,0,1018
4838,"1018-04-24 15:27:41",0,1,0,0,0,0,1,1018
4839,"1018-10-17 18:23:47",0,1,1,0,0,0,0,1018
4840,"1019-03-29 14:43:17",1,0,0,0,1,0,0,1019
4841,"1019-09-22 22:16:10",1,0,0,0,1,0,0,1019
4842,"1019-04-14 01:08:51",0,1,1,0,0,0,0,1019
4843,"1019-10-07 07:07:20",0,1,0,0,0,0,1,1019
4844,"1020-03-18 06:37:38",1,0,0,0,0,0,1,1020
4845,"1020-09-10 22:06:26",1,0,0,0,0,0,1,1020
4846,"1020-03-03 10:31:42",0,1,0,0,1,0,0,1020
4847,"1020-08-27 14:45:36",0,1,0,0,1,0,0,1020
4848,"1020-09-25 23:20:49",0,1,0,0,1,0,0,1020
4849,"1021-03-07 22:32:28",1,0,0,0,1,0,0,1021
4850,"1021-08-31 02:03:51",1,0,0,0,1,0,0,1021
4851,"1021-02-20 12:06:33",0,1,1,0,0,0,0,1021
4852,"1021-08-17 03:49:00",0,1,0,0,0,0,0,1021
4853,"1022-01-26 18:45:16",1,0,0,0,0,1,0,1022
4854,"1022-07-22 05:28:36",1,0,0,0,1,0,0,1022
4855,"1022-08-20 13:24:52",1,0,0,0,0,1,0,1022
4856,"1022-02-09 20:33:56",0,1,0,0,0,0,0,1022
4857,"1022-08-06 09:58:12",0,1,1,0,0,0,0,1022
4858,"1023-01-15 19:18:50",1,0,0,0,1,0,0,1023
4859,"1023-07-11 22:39:42",1,0,0,0,0,0,1,1023
4860,"1023-01-30 10:51:16",0,1,0,0,0,0,1,1023
4861,"1023-07-26 10:44:47",0,1,0,0,1,0,0,1023
4862,"1023-12-21 15:09:26",0,1,0,0,1,0,0,1023
4863,"1024-01-04 19:03:22",1,0,0,0,0,0,1,1024
4864,"1024-06-30 13:50:06",1,0,0,0,1,0,0,1024
4865,"1024-12-24 00:51:26",1,0,0,0,1,0,0,1024
4866,"1024-06-15 01:37:29",0,1,1,0,0,0,0,1024
4867,"1024-12-10 00:29:37",0,1,1,0,0,0,0,1024
4868,"1025-05-21 09:31:03",1,0,0,0,0,1,0,1025
4869,"1025-06-19 22:53:22",1,0,0,0,0,1,0,1025
4870,"1025-11-14 02:47:23",1,0,0,0,0,1,0,1025
4871,"1025-12-13 13:27:26",1,0,0,0,0,1,0,1025
4872,"1025-06-04 14:19:37",0,1,0,0,0,0,1,1025
4873,"1025-11-29 02:32:45",0,1,1,0,0,0,0,1025
4874,"1026-05-10 10:07:43",1,0,0,0,1,0,0,1026
4875,"1026-11-03 18:19:47",1,0,0,0,1,0,0,1026
4876,"1026-05-25 07:11:21",0,1,0,0,0,0,1,1026
4877,"1026-11-18 01:38:42",0,1,1,0,0,0,0,1026
4878,"1027-04-29 13:10:36",1,0,0,0,0,0,1,1027
4879,"1027-10-24 05:56:03",1,0,0,0,0,0,1,1027
4880,"1027-04-15 14:18:35",0,1,0,0,1,0,0,1027
4881,"1027-05-14 23:34:17",0,1,0,0,1,0,0,1027
4882,"1027-10-08 16:20:30",0,1,0,0,1,0,0,1027
4883,"1027-11-07 05:22:48",0,1,0,0,1,0,0,1027
4884,"1028-04-17 23:13:58",1,0,0,0,1,0,0,1028
4885,"1028-10-12 10:28:25",1,0,0,0,1,0,0,1028
4886,"1028-04-03 21:49:05",0,1,1,0,0,0,0,1028
4887,"1028-09-27 06:35:03",0,1,0,0,0,0,1,1028
4888,"1029-03-09 06:23:41",1,0,0,0,0,1,0,1029
4889,"1029-04-07 14:43:09",1,0,0,0,0,1,0,1029
4890,"1029-09-01 17:49:33",1,0,0,0,0,1,0,1029
4891,"1029-03-23 22:47:51",0,1,1,0,0,0,0,1029
4892,"1029-09-16 23:03:16",0,1,0,0,0,0,1,1029
4893,"1030-02-26 21:23:24",1,0,0,0,0,0,1,1030
4894,"1030-08-21 23:52:53",1,0,0,0,1,0,0,1030
4895,"1030-03-12 23:35:47",0,1,1,0,0,0,0,1030
4896,"1030-09-06 13:01:20",0,1,0,0,0,0,0,1030
4897,"1031-02-16 06:41:46",1,0,0,0,0,0,1,1031
4898,"1031-08-11 13:02:56",1,0,0,0,0,0,1,1031
4899,"1031-01-31 19:00:16",0,1,0,0,1,0,0,1031
4900,"1031-07-28 06:01:43",0,1,0,0,1,0,0,1031
4901,"1032-02-05 08:40:27",1,0,0,0,0,0,0,1032
4902,"1032-07-31 05:53:51",1,0,0,0,1,0,0,1032
4903,"1032-12-25 14:36:11",1,0,0,0,0,1,0,1032
4904,"1032-01-21 10:07:39",0,1,0,0,0,0,1,1032
4905,"1032-07-16 06:29:11",0,1,1,0,0,0,0,1032
4906,"1033-06-21 12:42:49",1,0,0,0,1,0,0,1033
4907,"1033-12-14 22:31:20",1,0,0,0,1,0,0,1033
4908,"1033-01-10 01:28:56",0,1,0,0,0,0,1,1033
4909,"1033-07-05 10:31:18",0,1,1,0,0,0,0,1033
4910,"1033-12-30 12:25:19",0,1,1,0,0,0,0,1033
4911,"1034-06-10 19:43:46",1,0,0,0,0,0,1,1034
4912,"1034-12-04 12:26:47",1,0,0,0,0,0,1,1034
4913,"1034-05-26 14:22:54",0,1,0,0,1,0,0,1034
4914,"1034-06-24 21:50:41",0,1,0,0,1,0,0,1034
4915,"1034-11-19 20:57:31",0,1,0,0,1,0,0,1034
4916,"1035-05-30 20:54:06",1,0,0,0,1,0,0,1035
4917,"1035-11-24 04:06:59",1,0,0,0,1,0,0,1035
4918,"1035-05-16 07:32:47",0,1,0,0,0,0,1,1035
4919,"1035-11-08 20:43:54",0,1,1,0,0,0,0,1035
4920,"1036-04-19 10:42:08",1,0,0,0,0,1,0,1036
4921,"1036-05-18 22:57:52",1,0,0,0,0,1,0,1036
4922,"1036-10-14 02:53:11",1,0,0,0,0,1,0,1036
4923,"1036-11-12 16:50:53",1,0,0,0,0,1,0,1036
4924,"1036-05-04 22:56:07",0,1,0,0,0,0,1,1036
4925,"1036-10-28 02:37:50",0,1,1,0,0,0,0,1036
4926,"1037-04-08 22:32:56",1,0,0,0,1,0,0,1037
4927,"1037-10-03 05:38:33",1,0,0,0,1,0,0,1037
4928,"1037-04-24 08:17:03",0,1,1,0,0,0,0,1037
4929,"1037-10-17 15:31:54",0,1,0,0,0,0,1,1037
4930,"1038-03-29 14:43:05",1,0,0,0,0,0,1,1038
4931,"1038-09-22 05:21:53",1,0,0,0,0,0,1,1038
4932,"1038-03-14 17:51:09",0,1,0,0,1,0,0,1038
4933,"1038-09-07 22:38:31",0,1,0,0,1,0,0,1038
4934,"1038-10-07 07:40:02",0,1,0,0,1,0,0,1038
4935,"1039-03-19 06:39:24",1,0,0,0,1,0,0,1039
4936,"1039-09-11 09:33:52",1,0,0,0,1,0,0,1039
4937,"1039-03-03 19:53:31",0,1,1,0,0,0,0,1039
4938,"1039-08-28 11:13:01",0,1,1,0,0,0,0,1039
4939,"1040-02-07 02:47:02",1,0,0,0,0,1,0,1040
4940,"1040-08-01 13:03:42",1,0,0,0,0,1,0,1040
4941,"1040-08-30 21:10:18",1,0,0,0,0,1,0,1040
4942,"1040-02-21 04:52:28",0,1,0,0,0,0,1,1040
4943,"1040-08-16 16:48:50",0,1,1,0,0,0,0,1040
4944,"1041-01-26 03:12:33",1,0,0,0,1,0,0,1041
4945,"1041-07-22 06:10:13",1,0,0,0,0,0,1,1041
4946,"1041-02-09 19:28:59",0,1,0,0,0,0,1,1041
4947,"1041-08-05 17:20:32",0,1,0,0,1,0,0,1041
4948,"1042-01-15 03:12:51",1,0,0,0,0,0,1,1042
4949,"1042-07-11 21:01:30",1,0,0,0,0,0,1,1042
4950,"1041-12-31 23:53:49",0,1,0,0,1,0,0,1042
4951,"1042-06-26 08:36:11",0,1,1,0,0,0,0,1042
4952,"1042-12-21 08:52:47",0,1,1,0,0,0,0,1042
4953,"1043-01-04 09:26:39",1,0,0,0,1,0,0,1043
4954,"1043-06-01 16:03:45",1,0,0,0,0,1,0,1043
4955,"1043-07-01 05:34:54",1,0,0,0,0,1,0,1043
4956,"1043-11-25 11:37:15",1,0,0,0,0,1,0,1043
4957,"1043-12-24 22:20:21",1,0,0,0,0,1,0,1043
4958,"1043-06-15 21:41:43",0,1,0,0,0,0,1,1043
4959,"1043-12-10 10:36:46",0,1,1,0,0,0,0,1043
4960,"1044-05-20 16:39:40",1,0,0,0,1,0,0,1044
4961,"1044-11-14 02:58:21",1,0,0,0,1,0,0,1044
4962,"1044-06-04 14:41:23",0,1,0,0,0,0,1,1044
4963,"1044-11-28 09:42:55",0,1,1,0,0,0,0,1044
4964,"1045-05-09 20:10:12",1,0,0,0,0,0,1,1045
4965,"1045-11-03 14:08:59",1,0,0,0,0,0,1,1045
4966,"1045-04-25 21:45:10",0,1,0,0,1,0,0,1045
4967,"1045-05-25 06:56:50",0,1,0,0,1,0,0,1045
4968,"1045-10-19 00:35:13",0,1,0,0,1,0,0,1045
4969,"1045-11-17 13:44:24",0,1,0,0,1,0,0,1045
4970,"1046-04-29 06:45:48",1,0,0,0,1,0,0,1046
4971,"1046-10-23 18:10:39",1,0,0,0,1,0,0,1046
4972,"1046-04-15 04:56:08",0,1,1,0,0,0,0,1046
4973,"1046-10-08 14:55:08",0,1,0,0,0,0,1,1046
4974,"1047-03-20 14:37:16",1,0,0,0,0,1,0,1047
4975,"1047-04-18 22:35:36",1,0,0,0,0,1,0,1047
4976,"1047-09-13 01:01:10",1,0,0,0,0,1,0,1047
4977,"1047-10-12 17:40:47",1,0,0,0,0,1,0,1047
4978,"1047-04-04 05:51:15",0,1,1,0,0,0,0,1047
4979,"1047-09-28 07:12:10",0,1,0,0,0,0,1,1047
4980,"1048-03-09 05:33:32",1,0,0,0,1,0,0,1048
4981,"1048-09-01 07:23:02",1,0,0,0,1,0,0,1048
4982,"1048-03-23 07:01:56",0,1,1,0,0,0,0,1048
4983,"1048-09-16 20:44:57",0,1,0,0,0,0,0,1048
4984,"1049-02-26 14:35:32",1,0,0,0,0,0,1,1049
4985,"1049-08-21 20:45:58",1,0,0,0,0,0,1,1049
4986,"1049-02-11 03:30:19",0,1,0,0,1,0,0,1049
4987,"1049-03-12 14:36:32",0,1,0,0,1,0,0,1049
4988,"1049-08-07 12:41:05",0,1,0,0,1,0,0,1049
4989,"1050-02-15 16:22:51",1,0,0,0,1,0,0,1050
4990,"1050-08-11 13:35:22",1,0,0,0,1,0,0,1050
4991,"1050-01-31 18:51:36",0,1,0,0,0,0,1,1050
4992,"1050-07-27 13:04:46",0,1,1,0,0,0,0,1050
4993,"1051-01-05 22:53:40",1,0,0,0,0,1,0,1051
4994,"1051-07-02 19:46:06",1,0,0,0,1,0,0,1051
4995,"1051-12-26 07:13:23",1,0,0,0,1,0,0,1051
4996,"1051-01-21 10:10:43",0,1,0,0,0,0,1,1051
4997,"1051-07-16 17:27:58",0,1,1,0,0,0,0,1051
4998,"1052-06-21 02:17:23",1,0,0,0,0,0,1,1052
4999,"1052-12-14 21:20:15",1,0,0,0,0,0,1,1052
5000,"1052-01-10 20:51:49",0,1,1,0,0,0,0,1052
5001,"1052-06-05 21:49:41",0,1,0,0,1,0,0,1052
5002,"1052-07-05 05:09:15",0,1,0,0,1,0,0,1052
5003,"1052-11-30 04:56:07",0,1,0,0,1,0,0,1052
5004,"1053-06-10 03:18:01",1,0,0,0,1,0,0,1053
5005,"1053-12-04 12:56:05",1,0,0,0,1,0,0,1053
5006,"1053-05-26 15:04:13",0,1,0,0,0,0,1,1053
5007,"1053-11-19 04:49:06",0,1,1,0,0,0,0,1053
5008,"1054-04-30 17:54:14",1,0,0,0,0,1,0,1054
5009,"1054-05-30 05:42:37",1,0,0,0,0,1,0,1054
5010,"1054-10-25 10:52:47",1,0,0,0,0,1,0,1054
5011,"1054-11-24 01:20:18",1,0,0,0,0,1,0,1054
5012,"1054-05-16 06:16:13",0,1,0,0,0,0,1,1054
5013,"1054-11-08 11:01:08",0,1,1,0,0,0,0,1054
5014,"1055-04-20 06:15:57",1,0,0,0,1,0,0,1055
5015,"1055-10-14 13:08:34",1,0,0,0,1,0,0,1055
5016,"1055-05-05 15:16:22",0,1,1,0,0,0,0,1055
5017,"1055-10-29 00:03:43",0,1,0,0,0,0,1,1055
5018,"1056-04-08 22:41:44",1,0,0,0,0,0,1,1056
5019,"1056-10-02 12:46:43",1,0,0,0,0,0,1,1056
5020,"1056-03-25 01:02:59",0,1,0,0,1,0,0,1056
5021,"1056-09-18 06:37:30",0,1,0,0,1,0,0,1056
5022,"1056-10-17 16:06:22",0,1,0,0,1,0,0,1056
5023,"1057-03-29 14:37:00",1,0,0,0,1,0,0,1057
5024,"1057-09-21 17:13:46",1,0,0,0,1,0,0,1057
5025,"1057-03-14 03:33:20",0,1,1,0,0,0,0,1057
5026,"1057-09-07 18:42:25",0,1,1,0,0,0,0,1057
5027,"1058-02-17 10:41:04",1,0,0,0,0,1,0,1058
5028,"1058-08-12 20:44:26",1,0,0,0,0,1,0,1058
5029,"1058-09-11 05:04:01",1,0,0,0,0,1,0,1058
5030,"1058-03-03 13:04:48",0,1,0,0,0,0,1,1058
5031,"1058-08-27 23:45:21",0,1,1,0,0,0,0,1058
5032,"1059-02-06 11:00:39",1,0,0,0,1,0,0,1059
5033,"1059-08-02 13:44:57",1,0,0,0,0,0,1,1059
5034,"1059-02-21 04:01:00",0,1,0,0,0,0,1,1059
5035,"1059-08-17 00:03:43",0,1,1,0,0,0,0,1059
5036,"1060-01-26 11:19:39",1,0,0,0,0,0,1,1060
5037,"1060-07-22 04:13:16",1,0,0,0,0,0,1,1060
5038,"1060-01-12 08:35:40",0,1,0,0,1,0,0,1060
5039,"1060-02-10 19:58:03",0,1,0,0,1,0,0,1060
5040,"1060-07-06 15:37:23",0,1,0,0,1,0,0,1060
5041,"1060-12-31 17:14:18",0,1,1,0,0,0,0,1060
5042,"1061-01-14 18:00:24",1,0,0,0,1,0,0,1061
5043,"1061-07-11 12:16:15",1,0,0,0,0,1,0,1061
5044,"1061-12-05 20:29:19",1,0,0,0,0,1,0,1061
5045,"1061-06-26 05:04:37",0,1,0,0,0,0,1,1061
5046,"1061-12-20 18:40:13",0,1,1,0,0,0,0,1061
5047,"1062-01-04 07:11:00",1,0,0,0,0,1,0,1062
5048,"1062-05-31 23:09:12",1,0,0,0,1,0,0,1062
5049,"1062-11-25 11:40:34",1,0,0,0,1,0,0,1062
5050,"1062-06-15 22:10:29",0,1,0,0,0,0,1,1062
5051,"1062-12-09 17:50:10",0,1,1,0,0,0,0,1062
5052,"1063-05-21 03:07:30",1,0,0,0,0,0,1,1063
5053,"1063-11-14 22:25:49",1,0,0,0,0,0,1,1063
5054,"1063-05-07 05:04:15",0,1,0,0,1,0,0,1063
5055,"1063-06-05 14:15:56",0,1,0,0,1,0,0,1063
5056,"1063-10-30 08:57:15",0,1,0,0,1,0,0,1063
5057,"1063-11-28 22:10:22",0,1,0,0,1,0,0,1063
5058,"1064-05-09 14:13:08",1,0,0,0,1,0,0,1064
5059,"1064-11-03 01:59:44",1,0,0,0,1,0,0,1064
5060,"1064-04-25 11:53:58",0,1,1,0,0,0,0,1064
5061,"1064-10-18 23:23:00",0,1,0,0,0,0,1,1064
5062,"1065-03-30 22:40:20",1,0,0,0,0,1,0,1065
5063,"1065-04-29 06:19:16",1,0,0,0,0,1,0,1065
5064,"1065-09-23 08:24:01",1,0,0,0,0,1,0,1065
5065,"1065-10-23 01:19:31",1,0,0,0,0,1,0,1065
5066,"1065-04-14 12:43:25",0,1,1,0,0,0,0,1065
5067,"1065-10-08 15:29:34",0,1,0,0,0,0,1,1065
5068,"1066-03-20 13:32:28",1,0,0,0,1,0,0,1066
5069,"1066-09-12 15:03:16",1,0,0,0,1,0,0,1066
5070,"1066-04-03 14:18:41",0,1,1,0,0,0,0,1066
5071,"1066-09-28 04:36:10",0,1,1,0,0,0,0,1066
5072,"1067-03-09 22:18:53",1,0,0,0,0,0,1,1067
5073,"1067-09-02 04:36:45",1,0,0,0,0,0,1,1067
5074,"1067-02-22 11:53:30",0,1,0,0,1,0,0,1067
5075,"1067-03-23 22:27:55",0,1,0,0,1,0,0,1067
5076,"1067-08-18 19:26:24",0,1,0,0,1,0,0,1067
5077,"1068-02-26 23:57:47",1,0,0,0,1,0,0,1068
5078,"1068-08-21 21:20:32",1,0,0,0,1,0,0,1068
5079,"1068-02-12 03:30:41",0,1,0,0,0,0,1,1068
5080,"1068-08-06 19:44:27",0,1,1,0,0,0,0,1068
5081,"1069-01-16 07:11:10",1,0,0,0,0,1,0,1069
5082,"1069-07-13 02:47:38",1,0,0,0,0,1,0,1069
5083,"1069-01-31 18:48:49",0,1,0,0,0,0,1,1069
5084,"1069-07-27 00:28:39",0,1,1,0,0,0,0,1069
5085,"1070-01-05 15:55:18",1,0,0,0,1,0,0,1070
5086,"1070-07-02 08:50:14",1,0,0,0,0,0,1,1070
5087,"1070-12-26 06:14:36",1,0,0,0,0,0,1,1070
5088,"1070-01-21 05:13:57",0,1,1,0,0,0,0,1070
5089,"1070-07-16 12:31:34",0,1,0,0,0,0,1,1070
5090,"1070-12-11 12:57:59",0,1,0,0,1,0,0,1070
5091,"1071-06-21 09:42:27",1,0,0,0,1,0,0,1071
5092,"1071-12-15 21:46:08",1,0,0,0,1,0,0,1071
5093,"1071-06-06 22:33:41",0,1,0,0,0,0,1,1071
5094,"1071-11-30 12:58:44",0,1,1,0,0,0,0,1071
5095,"1072-05-11 01:03:59",1,0,0,0,0,1,0,1072
5096,"1072-06-09 12:27:46",1,0,0,0,0,1,0,1072
5097,"1072-11-04 18:57:15",1,0,0,0,0,1,0,1072
5098,"1072-12-04 09:51:24",1,0,0,0,0,1,0,1072
5099,"1072-05-26 13:32:00",0,1,0,0,0,0,1,1072
5100,"1072-11-18 19:29:54",0,1,1,0,0,0,0,1072
5101,"1073-04-30 13:52:56",1,0,0,0,1,0,0,1073
5102,"1073-10-24 20:46:58",1,0,0,0,1,0,0,1073
5103,"1073-05-15 22:07:45",0,1,1,0,0,0,0,1073
5104,"1073-11-08 08:42:30",0,1,0,0,0,0,1,1073
5105,"1074-04-20 06:32:49",1,0,0,0,0,0,1,1074
5106,"1074-10-13 20:21:18",1,0,0,0,0,0,1,1074
5107,"1074-04-05 08:05:40",0,1,0,0,1,0,0,1074
5108,"1074-05-05 00:01:01",0,1,0,0,1,0,0,1074
5109,"1074-09-29 14:43:57",0,1,0,0,1,0,0,1074
5110,"1074-10-29 00:39:03",0,1,0,0,1,0,0,1074
5111,"1075-04-09 22:25:29",1,0,0,0,1,0,0,1075
5112,"1075-10-03 01:03:51",1,0,0,0,1,0,0,1075
5113,"1075-03-25 11:05:07",0,1,1,0,0,0,0,1075
5114,"1075-09-19 02:19:06",0,1,1,0,0,0,0,1075
5115,"1076-02-28 18:25:09",1,0,0,0,0,1,0,1076
5116,"1076-08-23 04:30:54",1,0,0,0,0,1,0,1076
5117,"1076-09-21 13:06:04",1,0,0,0,0,1,0,1076
5118,"1076-03-13 21:09:17",0,1,0,0,0,0,1,1076
5119,"1076-09-07 06:48:17",0,1,1,0,0,0,0,1076
5120,"1077-02-16 18:40:41",1,0,0,0,1,0,0,1077
5121,"1077-08-12 21:23:31",1,0,0,0,0,0,1,1077
5122,"1077-03-03 12:24:54",0,1,0,0,0,0,1,1077
5123,"1077-08-27 06:54:43",0,1,1,0,0,0,0,1077
5124,"1078-02-05 19:19:52",1,0,0,0,0,0,1,1078
5125,"1078-08-02 11:27:58",1,0,0,0,0,0,1,1078
5126,"1078-01-22 17:11:56",0,1,0,0,1,0,0,1078
5127,"1078-02-21 04:25:22",0,1,0,0,1,0,0,1078
5128,"1078-07-17 22:42:59",0,1,0,0,1,0,0,1078
5129,"1079-01-26 02:31:01",1,0,0,0,1,0,0,1079
5130,"1079-07-22 18:58:12",1,0,0,0,0,1,0,1079
5131,"1079-12-17 05:23:42",1,0,0,0,0,1,0,1079
5132,"1079-01-12 01:33:02",0,1,1,0,0,0,0,1079
5133,"1079-07-07 12:28:47",0,1,0,0,0,0,1,1079
5134,"1080-01-15 16:00:30",1,0,0,0,0,1,0,1080
5135,"1080-06-11 05:36:21",1,0,0,0,1,0,0,1080
5136,"1080-12-05 20:26:10",1,0,0,0,1,0,0,1080
5137,"1080-01-01 02:43:50",0,1,1,0,0,0,0,1080
5138,"1080-06-26 05:37:56",0,1,0,0,0,0,1,1080
5139,"1080-12-20 02:00:28",0,1,1,0,0,0,0,1080
5140,"1081-05-31 10:01:20",1,0,0,0,0,0,1,1081
5141,"1081-11-25 06:47:39",1,0,0,0,0,0,1,1081
5142,"1081-05-17 12:15:00",0,1,0,0,1,0,0,1081
5143,"1081-06-15 21:30:16",0,1,0,0,1,0,0,1081
5144,"1081-11-09 17:27:30",0,1,0,0,1,0,0,1081
5145,"1081-12-09 06:41:27",0,1,0,0,1,0,0,1081
5146,"1082-05-20 21:37:30",1,0,0,0,1,0,0,1082
5147,"1082-11-14 09:53:57",1,0,0,0,1,0,0,1082
5148,"1082-05-06 18:44:03",0,1,1,0,0,0,0,1082
5149,"1082-10-30 07:57:27",0,1,0,0,0,0,1,1082
5150,"1083-04-11 06:37:24",1,0,0,0,0,1,0,1083
5151,"1083-05-10 13:59:41",1,0,0,0,0,1,0,1083
5152,"1083-10-04 15:56:11",1,0,0,0,0,1,0,1083
5153,"1083-11-03 09:05:30",1,0,0,0,0,1,0,1083
5154,"1083-04-25 19:30:11",0,1,1,0,0,0,0,1083
5155,"1083-10-19 23:53:12",0,1,0,0,0,0,1,1083
5156,"1084-03-30 21:23:32",1,0,0,0,1,0,0,1084
5157,"1084-09-22 22:52:01",1,0,0,0,1,0,0,1084
5158,"1084-04-13 21:30:05",0,1,1,0,0,0,0,1084
5159,"1084-10-08 12:33:22",0,1,1,0,0,0,0,1084
5160,"1085-03-20 05:52:35",1,0,0,0,0,0,1,1085
5161,"1085-09-12 12:35:45",1,0,0,0,0,0,1,1085
5162,"1085-03-04 20:10:20",0,1,0,0,1,0,0,1085
5163,"1085-04-03 06:12:54",0,1,0,0,1,0,0,1085
5164,"1085-08-29 02:18:38",0,1,0,0,1,0,0,1085
5165,"1086-03-09 07:21:51",1,0,0,0,1,0,0,1086
5166,"1086-09-02 05:13:48",1,0,0,0,1,0,0,1086
5167,"1086-02-22 12:01:24",0,1,0,0,0,0,1,1086
5168,"1086-08-18 02:33:43",0,1,1,0,0,0,0,1086
5169,"1087-01-27 15:23:45",1,0,0,0,0,1,0,1087
5170,"1087-07-24 09:51:24",1,0,0,0,0,1,0,1087
5171,"1087-08-22 20:05:57",1,0,0,0,0,1,0,1087
5172,"1087-02-12 03:19:07",0,1,0,0,0,0,1,1087
5173,"1087-08-07 07:36:52",0,1,0,0,0,0,0,1087
5174,"1088-01-17 00:34:15",1,0,0,0,1,0,0,1088
5175,"1088-07-12 15:23:22",1,0,0,0,0,0,1,1088
5176,"1088-02-01 13:29:06",0,1,1,0,0,0,0,1088
5177,"1088-07-26 19:58:25",0,1,0,0,0,0,1,1088
5178,"1088-12-21 21:00:41",0,1,0,0,1,0,0,1088
5179,"1089-01-05 15:07:21",1,0,0,0,0,0,1,1089
5180,"1089-07-01 16:06:05",1,0,0,0,0,0,1,1089
5181,"1089-12-26 06:36:39",1,0,0,0,1,0,0,1089
5182,"1089-06-17 05:59:12",0,1,0,0,0,0,1,1089
5183,"1089-12-10 21:13:16",0,1,1,0,0,0,0,1089
5184,"1090-05-22 08:09:24",1,0,0,0,0,1,0,1090
5185,"1090-06-20 19:12:58",1,0,0,0,0,1,0,1090
5186,"1090-11-16 03:07:20",1,0,0,0,0,1,0,1090
5187,"1090-12-15 18:23:53",1,0,0,0,0,1,0,1090
5188,"1090-06-06 20:42:08",0,1,0,0,0,0,1,1090
5189,"1090-11-30 04:04:16",0,1,1,0,0,0,0,1090
5190,"1091-05-11 21:25:25",1,0,0,0,1,0,0,1091
5191,"1091-11-05 04:32:59",1,0,0,0,1,0,0,1091
5192,"1091-05-27 04:52:57",0,1,1,0,0,0,0,1091
5193,"1091-11-19 17:27:28",0,1,0,0,0,0,1,1091
5194,"1092-04-30 14:16:49",1,0,0,0,0,0,1,1092
5195,"1092-10-24 04:05:08",1,0,0,0,0,0,1,1092
5196,"1092-04-15 15:00:24",0,1,0,0,1,0,0,1092
5197,"1092-05-15 06:33:35",0,1,0,0,1,0,0,1092
5198,"1092-10-09 22:56:54",0,1,0,0,1,0,0,1092
5199,"1092-11-08 09:18:07",0,1,0,0,1,0,0,1092
5200,"1093-04-20 06:05:34",1,0,0,0,1,0,0,1093
5201,"1093-10-13 09:03:39",1,0,0,0,1,0,0,1093
5202,"1093-04-04 18:30:27",0,1,1,0,0,0,0,1093
5203,"1093-09-29 10:02:25",0,1,1,0,0,0,0,1093
5204,"1094-03-11 01:59:30",1,0,0,0,0,1,0,1094
5205,"1094-04-09 16:26:38",1,0,0,0,0,1,0,1094
5206,"1094-09-03 12:24:58",1,0,0,0,0,1,0,1094
5207,"1094-10-02 21:17:04",1,0,0,0,0,1,0,1094
5208,"1094-03-25 05:06:53",0,1,0,0,0,0,1,1094
5209,"1094-09-18 13:59:09",0,1,1,0,0,0,0,1094
5210,"1095-02-28 02:13:52",1,0,0,0,1,0,0,1095
5211,"1095-08-24 05:06:48",1,0,0,0,1,0,0,1095
5212,"1095-03-14 20:42:40",0,1,0,0,0,0,1,1095
5213,"1095-09-07 13:53:24",0,1,1,0,0,0,0,1095
5214,"1096-02-17 03:15:35",1,0,0,0,0,0,1,1096
5215,"1096-08-12 18:45:55",1,0,0,0,0,0,1,1096
5216,"1096-02-03 01:43:11",0,1,0,0,1,0,0,1096
5217,"1096-03-03 12:46:14",0,1,0,0,1,0,0,1096
5218,"1096-07-28 05:53:59",0,1,0,0,1,0,0,1096
5219,"1096-08-26 17:14:36",0,1,0,0,1,0,0,1096
5220,"1097-02-05 10:56:16",1,0,0,0,1,0,0,1097
5221,"1097-08-02 01:43:13",1,0,0,0,0,0,0,1097
5222,"1097-12-27 14:17:30",1,0,0,0,0,1,0,1097
5223,"1097-01-22 09:45:54",0,1,1,0,0,0,0,1097
5224,"1097-07-17 19:56:10",0,1,0,0,0,0,1,1097
5225,"1098-01-26 00:45:03",1,0,0,0,0,1,0,1098
5226,"1098-06-22 12:04:54",1,0,0,0,0,1,0,1098
5227,"1098-12-17 05:11:27",1,0,0,0,1,0,0,1098
5228,"1098-01-11 10:43:42",0,1,1,0,0,0,0,1098
5229,"1098-07-07 13:07:15",0,1,0,0,0,0,1,1098
5230,"1098-12-31 10:09:26",0,1,1,0,0,0,0,1098
5231,"1099-06-11 16:56:12",1,0,0,0,0,0,1,1099
5232,"1099-12-06 15:11:23",1,0,0,0,0,0,1,1099
5233,"1099-05-28 19:20:53",0,1,0,0,1,0,0,1099
5234,"1099-06-27 04:44:08",0,1,0,0,1,0,0,1099
5235,"1099-11-21 02:03:29",0,1,0,0,1,0,0,1099
5236,"1099-12-20 15:14:16",0,1,0,0,1,0,0,1099
5237,"1100-06-01 04:58:20",1,0,0,0,1,0,0,1100
5238,"1100-11-25 17:53:33",1,0,0,0,1,0,0,1100
5239,"1100-05-18 01:25:35",0,1,1,0,0,0,0,1100
5240,"1100-11-10 16:38:47",0,1,0,0,0,0,1,1100
5241,"1101-04-22 14:25:15",1,0,0,0,0,1,0,1101
5242,"1101-05-21 21:33:48",1,0,0,0,0,1,0,1101
5243,"1101-10-15 23:39:32",1,0,0,0,0,1,0,1101
5244,"1101-11-14 17:00:02",1,0,0,0,0,1,0,1101
5245,"1101-05-07 02:08:20",0,1,1,0,0,0,0,1101
5246,"1101-10-31 08:24:25",0,1,0,0,0,0,1,1101
5247,"1102-04-12 05:03:25",1,0,0,0,1,0,0,1102
5248,"1102-10-05 06:51:39",1,0,0,0,1,0,0,1102
5249,"1102-04-26 04:33:45",0,1,1,0,0,0,0,1102
5250,"1102-10-20 20:38:34",0,1,1,0,0,0,0,1102
5251,"1103-04-01 13:16:11",1,0,0,0,0,0,1,1103
5252,"1103-09-24 20:42:14",1,0,0,0,0,0,1,1103
5253,"1103-03-17 04:20:11",0,1,0,0,1,0,0,1103
5254,"1103-04-15 13:51:33",0,1,0,0,1,0,0,1103
5255,"1103-09-10 09:17:33",0,1,0,0,1,0,0,1103
5256,"1103-10-10 01:56:58",0,1,0,0,1,0,0,1103
5257,"1104-03-20 14:38:12",1,0,0,0,1,0,0,1104
5258,"1104-09-13 13:12:50",1,0,0,0,1,0,0,1104
5259,"1104-03-05 20:26:15",0,1,0,0,0,0,1,1104
5260,"1104-08-29 09:30:02",0,1,1,0,0,0,0,1104
5261,"1105-02-07 23:32:16",1,0,0,0,0,1,0,1105
5262,"1105-03-09 15:02:32",1,0,0,0,0,1,0,1105
5263,"1105-08-04 16:56:35",1,0,0,0,0,1,0,1105
5264,"1105-09-03 03:41:39",1,0,0,0,0,1,0,1105
5265,"1105-02-23 11:42:06",0,1,0,0,0,0,1,1105
5266,"1105-08-18 14:51:58",0,1,0,0,0,0,0,1105
5267,"1106-01-28 09:10:37",1,0,0,0,1,0,0,1106
5268,"1106-07-24 21:58:59",1,0,0,0,1,0,0,1106
5269,"1106-02-12 21:37:38",0,1,1,0,0,0,0,1106
5270,"1106-08-08 03:31:02",0,1,0,0,0,0,1,1106
5271,"1107-01-17 23:57:25",1,0,0,0,0,0,1,1107
5272,"1107-07-13 22:33:40",1,0,0,0,0,0,1,1107
5273,"1107-01-03 05:02:26",0,1,0,0,1,0,0,1107
5274,"1107-06-29 13:25:20",0,1,0,0,0,0,1,1107
5275,"1107-12-23 05:29:32",0,1,1,0,0,0,0,1107
5276,"1108-01-07 15:25:28",1,0,0,0,1,0,0,1108
5277,"1108-07-02 02:00:02",1,0,0,0,0,1,0,1108
5278,"1108-11-27 11:20:44",1,0,0,0,0,1,0,1108
5279,"1108-12-27 02:55:36",1,0,0,0,0,1,0,1108
5280,"1108-06-18 03:48:51",0,1,0,0,0,0,1,1108
5281,"1108-12-11 12:41:52",0,1,1,0,0,0,0,1108
5282,"1109-05-23 04:54:24",1,0,0,0,1,0,0,1109
5283,"1109-11-16 12:24:38",1,0,0,0,1,0,0,1109
5284,"1109-06-07 11:33:23",0,1,1,0,0,0,0,1109
5285,"1109-12-01 02:15:53",0,1,0,0,0,0,1,1109
5286,"1110-05-12 21:55:18",1,0,0,0,0,0,1,1110
5287,"1110-11-05 11:57:44",1,0,0,0,0,0,1,1110
5288,"1110-04-27 21:47:56",0,1,0,0,1,0,0,1110
5289,"1110-05-27 13:02:08",0,1,0,0,1,0,0,1110
5290,"1110-10-22 07:17:19",0,1,0,0,1,0,0,1110
5291,"1110-11-20 18:01:59",0,1,0,0,1,0,0,1110
5292,"1111-05-02 13:38:01",1,0,0,0,1,0,0,1111
5293,"1111-10-25 17:11:52",1,0,0,0,1,0,0,1111
5294,"1111-04-17 01:49:24",0,1,1,0,0,0,0,1111
5295,"1111-10-11 17:52:15",0,1,1,0,0,0,0,1111
5296,"1112-03-22 09:23:24",1,0,0,0,0,1,0,1112
5297,"1112-04-20 23:39:56",1,0,0,0,0,1,0,1112
5298,"1112-09-14 20:26:41",1,0,0,0,0,1,0,1112
5299,"1112-10-14 05:36:50",1,0,0,0,0,1,0,1112
5300,"1112-04-05 12:57:19",0,1,0,0,0,0,1,1112
5301,"1112-09-29 21:18:16",0,1,1,0,0,0,0,1112
5302,"1113-03-11 09:36:07",1,0,0,0,1,0,0,1113
5303,"1113-09-04 12:56:44",1,0,0,0,1,0,0,1113
5304,"1113-03-26 04:50:30",0,1,0,0,0,0,1,1113
5305,"1113-09-18 21:02:36",0,1,1,0,0,0,0,1113
5306,"1114-02-28 11:03:17",1,0,0,0,0,0,1,1114
5307,"1114-08-25 02:09:01",1,0,0,0,0,0,1,1114
5308,"1114-02-14 10:06:32",0,1,0,0,1,0,0,1114
5309,"1114-03-15 20:57:14",0,1,0,0,1,0,0,1114
5310,"1114-08-09 13:11:51",0,1,0,0,1,0,0,1114
5311,"1114-09-08 00:37:57",0,1,0,0,1,0,0,1114
5312,"1115-02-17 19:16:00",1,0,0,0,1,0,0,1115
5313,"1115-08-14 08:32:28",1,0,0,0,1,0,0,1115
5314,"1115-02-03 17:52:29",0,1,1,0,0,0,0,1115
5315,"1115-07-30 03:27:54",0,1,0,0,0,0,1,1115
5316,"1116-01-08 23:11:06",1,0,0,0,0,1,0,1116
5317,"1116-02-07 09:25:59",1,0,0,0,0,1,0,1116
5318,"1116-07-03 18:33:02",1,0,0,0,0,1,0,1116
5319,"1116-12-28 13:57:57",1,0,0,0,1,0,0,1116
5320,"1116-01-23 18:40:59",0,1,1,0,0,0,0,1116
5321,"1116-07-18 20:36:25",0,1,0,0,0,0,1,1116
5322,"1117-06-22 23:51:07",1,0,0,0,0,0,1,1117
5323,"1117-12-17 23:36:20",1,0,0,0,0,0,1,1117
5324,"1117-01-11 18:18:59",0,1,1,0,0,0,0,1117
5325,"1117-07-08 11:56:29",0,1,0,0,1,0,0,1117
5326,"1117-12-02 10:44:28",0,1,0,0,1,0,0,1117
5327,"1118-06-12 12:19:16",1,0,0,0,0,0,1,1118
5328,"1118-12-07 01:56:31",1,0,0,0,1,0,0,1118
5329,"1117-12-31 23:47:57",0,1,0,0,1,0,0,1118
5330,"1118-05-29 08:02:30",0,1,1,0,0,0,0,1118
5331,"1118-11-22 01:25:26",0,1,0,0,0,0,1,1118
5332,"1119-05-03 22:08:15",1,0,0,0,0,1,0,1119
5333,"1119-06-02 05:06:11",1,0,0,0,0,1,0,1119
5334,"1119-10-27 07:30:32",1,0,0,0,0,1,0,1119
5335,"1119-11-26 00:59:11",1,0,0,0,0,1,0,1119
5336,"1119-05-18 08:43:14",0,1,1,0,0,0,0,1119
5337,"1119-11-11 16:59:54",0,1,0,0,0,0,1,1119
5338,"1120-04-22 12:36:17",1,0,0,0,1,0,0,1120
5339,"1120-10-15 15:00:02",1,0,0,0,1,0,0,1120
5340,"1120-05-06 11:34:13",0,1,1,0,0,0,0,1120
5341,"1120-10-31 04:49:29",0,1,1,0,0,0,0,1120
5342,"1121-04-11 20:28:50",1,0,0,0,0,0,1,1121
5343,"1121-10-05 04:57:54",1,0,0,0,0,0,1,1121
5344,"1121-03-27 12:21:55",0,1,0,0,1,0,0,1121
5345,"1121-04-25 21:23:45",0,1,0,0,1,0,0,1121
5346,"1121-09-20 16:25:39",0,1,0,0,1,0,0,1121
5347,"1121-10-20 09:36:42",0,1,0,0,1,0,0,1121
5348,"1122-03-31 21:43:52",1,0,0,0,1,0,0,1122
5349,"1122-09-24 21:19:45",1,0,0,0,1,0,0,1122
5350,"1122-03-17 04:41:53",0,1,0,0,0,0,1,1122
5351,"1122-09-09 16:36:39",0,1,1,0,0,0,0,1122
5352,"1123-02-19 07:33:33",1,0,0,0,0,1,0,1123
5353,"1123-03-20 22:28:30",1,0,0,0,0,1,0,1123
5354,"1123-08-16 00:06:47",1,0,0,0,0,1,0,1123
5355,"1123-09-14 11:24:28",1,0,0,0,0,1,0,1123
5356,"1123-03-06 19:55:39",0,1,0,0,0,0,1,1123
5357,"1123-08-29 22:16:43",0,1,0,0,0,0,0,1123
5358,"1124-02-08 17:41:19",1,0,0,0,1,0,0,1124
5359,"1124-08-04 04:36:48",1,0,0,0,1,0,0,1124
5360,"1124-02-24 05:36:34",0,1,1,0,0,0,0,1124
5361,"1124-08-18 11:09:24",0,1,0,0,0,0,1,1124
5362,"1125-01-28 08:43:21",1,0,0,0,0,0,1,1125
5363,"1125-07-24 05:04:26",1,0,0,0,0,0,1,1125
5364,"1125-01-13 13:02:05",0,1,0,0,1,0,0,1125
5365,"1125-07-09 20:50:38",0,1,0,0,1,0,0,1125
5366,"1125-08-08 03:55:44",0,1,0,0,1,0,0,1125
5367,"1126-01-18 00:10:33",1,0,0,0,1,0,0,1126
5368,"1126-07-13 08:50:56",1,0,0,0,1,0,0,1126
5369,"1126-12-08 19:37:44",1,0,0,0,0,1,0,1126
5370,"1126-01-02 13:46:12",0,1,1,0,0,0,0,1126
5371,"1126-06-29 10:53:19",0,1,0,0,0,0,1,1126
5372,"1126-12-22 21:22:29",0,1,0,0,0,0,0,1126
5373,"1127-01-07 11:26:00",1,0,0,0,0,1,0,1127
5374,"1127-06-03 12:20:34",1,0,0,0,1,0,0,1127
5375,"1127-11-27 20:21:39",1,0,0,0,1,0,0,1127
5376,"1127-06-18 18:09:40",0,1,1,0,0,0,0,1127
5377,"1127-12-12 11:07:54",0,1,0,0,0,0,1,1127
5378,"1128-05-23 05:28:51",1,0,0,0,0,0,1,1128
5379,"1128-11-15 19:58:16",1,0,0,0,0,0,1,1128
5380,"1128-06-06 19:26:44",0,1,0,0,1,0,0,1128
5381,"1128-11-01 15:44:03",0,1,0,0,1,0,0,1128
5382,"1128-12-01 02:50:10",0,1,0,0,1,0,0,1128
5383,"1129-05-12 21:02:29",1,0,0,0,1,0,0,1129
5384,"1129-11-05 01:29:13",1,0,0,0,1,0,0,1129
5385,"1129-04-27 09:02:04",0,1,1,0,0,0,0,1129
5386,"1129-10-22 01:49:22",0,1,1,0,0,0,0,1129
5387,"1130-04-02 16:37:59",1,0,0,0,0,1,0,1130
5388,"1130-05-02 06:45:17",1,0,0,0,0,1,0,1130
5389,"1130-09-26 04:35:47",1,0,0,0,0,1,0,1130
5390,"1130-10-25 14:03:41",1,0,0,0,0,1,0,1130
5391,"1130-04-16 20:42:11",0,1,0,0,0,0,1,1130
5392,"1130-10-11 04:44:36",0,1,1,0,0,0,0,1130
5393,"1131-03-22 16:51:27",1,0,0,0,1,0,0,1131
5394,"1131-09-15 20:53:03",1,0,0,0,1,0,0,1131
5395,"1131-04-06 12:52:46",0,1,0,0,0,0,1,1131
5396,"1131-09-30 04:20:53",0,1,1,0,0,0,0,1131
5397,"1132-03-10 18:44:47",1,0,0,0,0,0,1,1132
5398,"1132-09-04 09:36:55",1,0,0,0,0,0,1,1132
5399,"1132-02-25 18:22:27",0,1,0,0,1,0,0,1132
5400,"1132-03-26 05:00:19",0,1,0,0,1,0,0,1132
5401,"1132-08-19 20:36:33",0,1,0,0,1,0,0,1132
5402,"1132-09-18 08:10:25",0,1,0,0,1,0,0,1132
5403,"1133-02-28 03:29:16",1,0,0,0,1,0,0,1133
5404,"1133-08-24 15:27:49",1,0,0,0,1,0,0,1133
5405,"1133-02-14 01:51:09",0,1,1,0,0,0,0,1133
5406,"1133-08-09 11:05:31",0,1,0,0,0,0,1,1133
5407,"1134-01-19 08:00:01",1,0,0,0,0,1,0,1134
5408,"1134-02-17 17:59:03",1,0,0,0,0,1,0,1134
5409,"1134-07-15 01:06:31",1,0,0,0,0,1,0,1134
5410,"1134-02-03 02:30:27",0,1,1,0,0,0,0,1134
5411,"1134-07-30 04:10:26",0,1,0,0,0,0,1,1134
5412,"1135-01-08 22:41:24",1,0,0,0,1,0,0,1135
5413,"1135-07-04 06:48:56",1,0,0,0,0,0,1,1135
5414,"1135-12-29 08:00:07",1,0,0,0,0,0,1,1135
5415,"1135-01-23 02:24:29",0,1,1,0,0,0,0,1135
5416,"1135-07-19 19:09:54",0,1,0,0,0,0,1,1135
5417,"1135-12-13 19:28:16",0,1,0,0,1,0,0,1135
5418,"1136-06-22 19:39:39",1,0,0,0,0,0,1,1136
5419,"1136-12-17 10:01:14",1,0,0,0,1,0,0,1136
5420,"1136-01-12 08:20:18",0,1,0,0,1,0,0,1136
5421,"1136-06-08 14:34:09",0,1,1,0,0,0,0,1136
5422,"1136-12-02 10:16:22",0,1,0,0,0,0,1,1136
5423,"1137-05-14 05:42:40",1,0,0,0,0,1,0,1137
5424,"1137-06-12 12:34:16",1,0,0,0,0,1,0,1137
5425,"1137-11-06 15:32:02",1,0,0,0,0,1,0,1137
5426,"1137-12-06 09:04:36",1,0,0,0,0,1,0,1137
5427,"1137-05-28 15:11:41",0,1,1,0,0,0,0,1137
5428,"1137-11-22 01:41:40",0,1,0,0,0,0,1,1137
5429,"1138-05-03 19:59:45",1,0,0,0,1,0,0,1138
5430,"1138-10-26 23:17:17",1,0,0,0,1,0,0,1138
5431,"1138-05-17 18:29:55",0,1,1,0,0,0,0,1138
5432,"1138-11-11 13:06:00",0,1,1,0,0,0,0,1138
5433,"1139-04-23 03:32:34",1,0,0,0,0,0,1,1139
5434,"1139-10-16 13:21:21",1,0,0,0,0,0,1,1139
5435,"1139-04-07 20:17:10",0,1,0,0,1,0,0,1139
5436,"1139-05-07 04:51:33",0,1,0,0,1,0,0,1139
5437,"1139-10-01 23:42:02",0,1,0,0,1,0,0,1139
5438,"1139-10-31 17:23:25",0,1,0,0,1,0,0,1139
5439,"1140-04-11 04:41:09",1,0,0,0,1,0,0,1140
5440,"1140-10-05 05:33:20",1,0,0,0,1,0,0,1140
5441,"1140-03-27 12:50:17",0,1,0,0,0,0,1,1140
5442,"1140-09-19 23:51:55",0,1,1,0,0,0,0,1140
5443,"1141-03-01 15:29:42",1,0,0,0,0,1,0,1141
5444,"1141-03-31 05:47:42",1,0,0,0,0,1,0,1141
5445,"1141-08-26 07:21:11",1,0,0,0,0,1,0,1141
5446,"1141-09-24 19:13:38",1,0,0,0,0,1,0,1141
5447,"1141-03-17 04:01:13",0,1,0,0,0,0,1,1141
5448,"1141-09-09 05:50:07",0,1,0,0,0,0,0,1141
5449,"1142-02-19 02:06:30",1,0,0,0,1,0,0,1142
5450,"1142-08-15 11:20:38",1,0,0,0,1,0,0,1142
5451,"1142-03-06 13:26:30",0,1,1,0,0,0,0,1142
5452,"1142-08-29 18:55:50",0,1,0,0,0,0,1,1142
5453,"1143-02-08 17:24:55",1,0,0,0,0,0,1,1143
5454,"1143-08-04 11:40:45",1,0,0,0,0,0,1,1143
5455,"1143-01-24 20:58:28",0,1,0,0,1,0,0,1143
5456,"1143-07-21 04:17:54",0,1,0,0,1,0,0,1143
5457,"1143-08-19 11:39:12",0,1,0,0,1,0,0,1143
5458,"1144-01-29 08:51:26",1,0,0,0,1,0,0,1144
5459,"1144-07-23 15:46:57",1,0,0,0,1,0,0,1144
5460,"1144-12-19 03:54:32",1,0,0,0,0,1,0,1144
5461,"1144-01-13 22:01:39",0,1,1,0,0,0,0,1144
5462,"1144-07-09 17:57:30",0,1,0,0,0,0,0,1144
5463,"1145-01-17 19:51:19",1,0,0,0,0,1,0,1145
5464,"1145-06-13 19:45:32",1,0,0,0,1,0,0,1145
5465,"1145-12-08 04:21:53",1,0,0,0,1,0,0,1145
5466,"1145-01-02 06:02:15",0,1,0,0,0,0,0,1145
5467,"1145-06-29 00:44:28",0,1,1,0,0,0,0,1145
5468,"1145-12-22 20:00:33",0,1,0,0,0,0,1,1145
5469,"1146-06-03 12:59:30",1,0,0,0,0,0,1,1146
5470,"1146-11-27 04:03:42",1,0,0,0,0,0,1,1146
5471,"1146-06-18 01:51:03",0,1,0,0,1,0,0,1146
5472,"1146-11-13 00:15:30",0,1,0,0,1,0,0,1146
5473,"1146-12-12 11:39:19",0,1,0,0,1,0,0,1146
5474,"1147-05-24 04:21:41",1,0,0,0,1,0,0,1147
5475,"1147-11-16 09:53:37",1,0,0,0,1,0,0,1147
5476,"1147-05-08 16:10:45",0,1,1,0,0,0,0,1147
5477,"1147-11-02 09:52:56",0,1,1,0,0,0,0,1147
5478,"1148-04-12 23:41:19",1,0,0,0,0,1,0,1148
5479,"1148-05-12 13:41:03",1,0,0,0,0,1,0,1148
5480,"1148-10-06 12:53:28",1,0,0,0,0,1,0,1148
5481,"1148-11-04 22:38:53",1,0,0,0,0,1,0,1148
5482,"1148-04-27 04:19:47",0,1,0,0,0,0,1,1148
5483,"1148-10-21 12:20:01",0,1,1,0,0,0,0,1148
5484,"1149-04-01 23:56:20",1,0,0,0,1,0,0,1149
5485,"1149-09-26 04:57:21",1,0,0,0,1,0,0,1149
5486,"1149-04-16 20:45:59",0,1,0,0,0,0,1,1149
5487,"1149-10-10 11:50:11",0,1,1,0,0,0,0,1149
5488,"1150-03-22 02:17:34",1,0,0,0,0,0,1,1150
5489,"1150-09-15 17:12:29",1,0,0,0,0,0,1,1150
5490,"1150-03-08 02:28:14",0,1,0,0,1,0,0,1150
5491,"1150-04-06 12:53:26",0,1,0,0,1,0,0,1150
5492,"1150-08-31 04:10:45",0,1,0,0,1,0,0,1150
5493,"1150-09-29 15:54:12",0,1,0,0,1,0,0,1150
5494,"1151-03-11 11:36:26",1,0,0,0,1,0,0,1151
5495,"1151-09-04 22:28:27",1,0,0,0,1,0,0,1151
5496,"1151-02-25 09:42:03",0,1,1,0,0,0,0,1151
5497,"1151-08-20 18:48:16",0,1,0,0,0,0,1,1151
5498,"1152-01-30 16:46:16",1,0,0,0,0,1,0,1152
5499,"1152-02-29 02:27:03",1,0,0,0,0,1,0,1152
5500,"1152-07-25 07:43:12",1,0,0,0,0,1,0,1152
5501,"1152-08-23 22:48:32",1,0,0,0,0,1,0,1152
5502,"1152-02-14 10:15:01",0,1,1,0,0,0,0,1152
5503,"1152-08-09 11:47:06",0,1,0,0,0,0,1,1152
5504,"1153-01-19 07:22:06",1,0,0,0,1,0,0,1153
5505,"1153-07-14 13:49:45",1,0,0,0,1,0,0,1153
5506,"1153-02-02 10:26:26",0,1,1,0,0,0,0,1153
5507,"1153-07-30 02:24:45",0,1,0,0,0,0,1,1153
5508,"1153-12-24 04:14:20",0,1,0,0,1,0,0,1153
5509,"1154-01-08 16:22:09",1,0,0,0,0,0,1,1154
5510,"1154-07-04 03:02:22",1,0,0,0,0,0,1,1154
5511,"1154-12-28 18:05:06",1,0,0,0,1,0,0,1154
5512,"1154-01-22 16:50:40",0,1,0,0,1,0,0,1154
5513,"1154-06-19 21:04:04",0,1,0,0,1,0,0,1154
5514,"1154-12-13 19:08:52",0,1,0,0,0,0,1,1154
5515,"1155-05-25 13:14:17",1,0,0,0,0,1,0,1155
5516,"1155-06-23 20:03:05",1,0,0,0,1,0,0,1155
5517,"1155-11-17 23:39:43",1,0,0,0,0,1,0,1155
5518,"1155-12-17 17:12:03",1,0,0,0,0,1,0,1155
5519,"1155-06-08 21:40:01",0,1,1,0,0,0,0,1155
5520,"1155-12-03 10:25:56",0,1,0,0,0,0,1,1155
5521,"1156-05-14 03:16:03",1,0,0,0,1,0,0,1156
5522,"1156-11-06 07:42:10",1,0,0,0,1,0,0,1156
5523,"1156-05-28 01:23:06",0,1,1,0,0,0,0,1156
5524,"1156-11-21 21:26:47",0,1,1,0,0,0,0,1156
5525,"1157-05-03 10:27:15",1,0,0,0,0,0,1,1157
5526,"1157-10-26 21:52:38",1,0,0,0,0,0,1,1157
5527,"1157-04-18 04:05:28",0,1,0,0,1,0,0,1157
5528,"1157-05-17 12:15:23",0,1,0,0,1,0,0,1157
5529,"1157-10-12 07:07:37",0,1,0,0,1,0,0,1157
5530,"1157-11-11 01:16:16",0,1,0,0,1,0,0,1157
5531,"1158-04-22 11:29:32",1,0,0,0,1,0,0,1158
5532,"1158-10-16 13:55:09",1,0,0,0,1,0,0,1158
5533,"1158-04-07 20:49:50",0,1,0,0,0,0,1,1158
5534,"1158-10-01 07:18:39",0,1,1,0,0,0,0,1158
5535,"1159-03-12 23:18:10",1,0,0,0,0,1,0,1159
5536,"1159-04-11 12:59:26",1,0,0,0,0,1,0,1159
5537,"1159-09-06 14:41:18",1,0,0,0,0,1,0,1159
5538,"1159-10-06 03:09:37",1,0,0,0,0,1,0,1159
5539,"1159-03-28 11:57:08",0,1,0,0,0,0,1,1159
5540,"1159-09-20 13:32:59",0,1,0,0,0,0,0,1159
5541,"1160-03-01 10:24:57",1,0,0,0,1,0,0,1160
5542,"1160-08-25 18:10:02",1,0,0,0,1,0,0,1160
5543,"1160-03-16 21:06:07",0,1,1,0,0,0,0,1160
5544,"1160-09-09 02:50:04",0,1,0,0,0,0,1,1160
5545,"1161-02-19 01:58:49",1,0,0,0,0,0,1,1161
5546,"1161-08-14 18:23:53",1,0,0,0,0,0,1,1161
5547,"1161-02-04 04:48:19",0,1,0,0,1,0,0,1161
5548,"1161-07-31 11:47:25",0,1,0,0,1,0,0,1161
5549,"1161-08-29 19:29:11",0,1,0,0,1,0,0,1161
5550,"1162-02-08 17:26:09",1,0,0,0,1,0,0,1162
5551,"1162-08-03 22:49:16",1,0,0,0,1,0,0,1162
5552,"1162-12-30 12:10:54",1,0,0,0,0,1,0,1162
5553,"1162-01-24 06:14:28",0,1,1,0,0,0,0,1162
5554,"1162-07-21 01:02:16",0,1,0,0,0,0,0,1162
5555,"1163-01-29 04:11:56",1,0,0,0,0,1,0,1163
5556,"1163-06-25 03:10:39",1,0,0,0,1,0,0,1163
5557,"1163-07-24 10:34:00",1,0,0,0,0,1,0,1163
5558,"1163-12-19 12:25:01",1,0,0,0,1,0,0,1163
5559,"1163-01-13 14:41:21",0,1,0,0,0,0,0,1163
5560,"1163-07-10 07:18:46",0,1,1,0,0,0,0,1163
5561,"1164-06-13 20:26:12",1,0,0,0,0,0,1,1164
5562,"1164-12-07 12:15:14",1,0,0,0,0,0,1,1164
5563,"1164-01-03 04:54:11",0,1,0,0,0,0,1,1164
5564,"1164-06-28 08:13:23",0,1,0,0,1,0,0,1164
5565,"1164-11-23 08:52:21",0,1,0,0,1,0,0,1164
5566,"1164-12-22 20:30:45",0,1,0,0,1,0,0,1164
5567,"1165-06-03 11:35:40",1,0,0,0,1,0,0,1165
5568,"1165-11-26 18:24:08",1,0,0,0,1,0,0,1165
5569,"1165-05-18 23:15:58",0,1,1,0,0,0,0,1165
5570,"1165-11-12 18:02:04",0,1,1,0,0,0,0,1165
5571,"1166-04-24 06:36:47",1,0,0,0,0,1,0,1166
5572,"1166-05-23 20:31:38",1,0,0,0,0,1,0,1166
5573,"1166-10-17 21:18:51",1,0,0,0,0,1,0,1166
5574,"1166-11-16 07:20:00",1,0,0,0,0,1,0,1166
5575,"1166-05-08 11:53:54",0,1,0,0,0,0,1,1166
5576,"1166-11-01 20:02:32",0,1,1,0,0,0,0,1166
5577,"1167-04-13 06:55:16",1,0,0,0,1,0,0,1167
5578,"1167-10-07 13:07:41",1,0,0,0,1,0,0,1167
5579,"1167-04-28 04:34:34",0,1,0,0,0,0,1,1167
5580,"1167-10-21 19:27:38",0,1,1,0,0,0,0,1167
5581,"1168-04-01 09:44:47",1,0,0,0,0,0,1,1168
5582,"1168-09-26 00:54:26",1,0,0,0,0,0,1,1168
5583,"1168-03-18 10:25:56",0,1,0,0,1,0,0,1168
5584,"1168-04-16 20:39:24",0,1,0,0,1,0,0,1168
5585,"1168-09-10 11:53:35",0,1,0,0,1,0,0,1168
5586,"1168-10-09 23:47:32",0,1,0,0,1,0,0,1168
5587,"1169-03-21 19:35:04",1,0,0,0,1,0,0,1169
5588,"1169-09-15 05:37:29",1,0,0,0,1,0,0,1169
5589,"1169-03-07 17:21:35",0,1,1,0,0,0,0,1169
5590,"1169-08-31 02:39:02",0,1,0,0,0,0,1,1169
5591,"1170-02-10 01:25:33",1,0,0,0,0,1,0,1170
5592,"1170-03-11 10:46:29",1,0,0,0,0,1,0,1170
5593,"1170-08-05 14:27:31",1,0,0,0,0,1,0,1170
5594,"1170-09-04 05:43:33",1,0,0,0,0,1,0,1170
5595,"1170-02-24 17:50:09",0,1,1,0,0,0,0,1170
5596,"1170-08-20 19:29:54",0,1,0,0,0,0,1,1170
5597,"1171-01-30 15:56:16",1,0,0,0,1,0,0,1171
5598,"1171-07-25 20:56:23",1,0,0,0,1,0,0,1171
5599,"1171-02-13 18:21:38",0,1,1,0,0,0,0,1171
5600,"1171-08-10 09:43:22",0,1,0,0,0,0,1,1171
5601,"1172-01-20 00:39:25",1,0,0,0,0,0,1,1172
5602,"1172-07-14 10:26:16",1,0,0,0,0,0,1,1172
5603,"1172-01-04 12:59:56",0,1,0,0,1,0,0,1172
5604,"1172-02-03 01:16:23",0,1,0,0,1,0,0,1172
5605,"1172-06-30 03:30:45",0,1,0,0,1,0,0,1172
5606,"1172-12-24 04:03:17",0,1,0,0,0,0,1,1172
5607,"1173-01-08 02:07:54",1,0,0,0,1,0,0,1173
5608,"1173-07-04 03:30:54",1,0,0,0,1,0,0,1173
5609,"1173-11-28 07:54:24",1,0,0,0,0,1,0,1173
5610,"1173-12-28 01:21:04",1,0,0,0,0,1,0,1173
5611,"1173-06-19 04:05:57",0,1,1,0,0,0,0,1173
5612,"1173-12-13 19:12:44",0,1,0,0,0,0,1,1173
5613,"1174-05-25 10:25:33",1,0,0,0,1,0,0,1174
5614,"1174-11-17 16:14:49",1,0,0,0,1,0,0,1174
5615,"1174-06-08 08:15:06",0,1,1,0,0,0,0,1174
5616,"1174-12-03 05:51:45",0,1,1,0,0,0,0,1174
5617,"1175-05-14 17:14:33",1,0,0,0,0,0,1,1175
5618,"1175-11-07 06:30:31",1,0,0,0,0,0,1,1175
5619,"1175-04-29 11:48:21",0,1,0,0,1,0,0,1175
5620,"1175-05-28 19:36:25",0,1,0,0,1,0,0,1175
5621,"1175-10-23 14:41:05",0,1,0,0,1,0,0,1175
5622,"1175-11-22 09:14:33",0,1,0,0,1,0,0,1175
5623,"1176-05-02 18:11:30",1,0,0,0,1,0,0,1176
5624,"1176-10-26 22:23:37",1,0,0,0,1,0,0,1176
5625,"1176-04-18 04:42:51",0,1,0,0,0,0,1,1176
5626,"1176-10-11 14:54:56",0,1,1,0,0,0,0,1176
5627,"1177-03-23 06:59:37",1,0,0,0,0,1,0,1177
5628,"1177-04-21 20:04:34",1,0,0,0,0,1,0,1177
5629,"1177-09-16 22:08:02",1,0,0,0,0,1,0,1177
5630,"1177-10-16 11:12:48",1,0,0,0,0,1,0,1177
5631,"1177-04-07 19:43:41",0,1,0,0,0,0,1,1177
5632,"1177-09-30 21:25:47",0,1,0,0,0,0,0,1177
5633,"1178-03-12 18:37:12",1,0,0,0,1,0,0,1178
5634,"1178-09-06 01:06:33",1,0,0,0,1,0,0,1178
5635,"1178-03-28 04:36:38",0,1,1,0,0,0,0,1178
5636,"1178-09-20 10:52:06",0,1,0,0,0,0,1,1178
5637,"1179-03-02 10:26:38",1,0,0,0,0,0,1,1179
5638,"1179-08-26 01:15:22",1,0,0,0,0,0,1,1179
5639,"1179-02-15 12:32:21",0,1,0,0,1,0,0,1179
5640,"1179-03-17 06:23:18",0,1,0,0,1,0,0,1179
5641,"1179-08-11 19:21:21",0,1,0,0,1,0,0,1179
5642,"1179-09-10 03:25:42",0,1,0,0,1,0,0,1179
5643,"1180-02-20 01:53:41",1,0,0,0,1,0,0,1180
5644,"1180-08-14 05:58:38",1,0,0,0,1,0,0,1180
5645,"1180-02-04 14:22:56",0,1,1,0,0,0,0,1180
5646,"1180-07-31 08:08:40",0,1,0,0,0,0,0,1180
5647,"1181-01-09 20:24:10",1,0,0,0,0,1,0,1181
5648,"1181-02-08 12:24:53",1,0,0,0,0,1,0,1181
5649,"1181-07-05 10:37:35",1,0,0,0,0,1,0,1181
5650,"1181-08-03 18:02:54",1,0,0,0,0,1,0,1181
5651,"1181-12-29 20:26:39",1,0,0,0,1,0,0,1181
5652,"1181-01-23 23:17:00",0,1,0,0,0,0,0,1181
5653,"1181-07-20 13:55:14",0,1,1,0,0,0,0,1181
5654,"1182-06-25 03:53:04",1,0,0,0,0,0,1,1182
5655,"1182-12-18 20:29:13",1,0,0,0,0,0,1,1182
5656,"1182-01-13 13:44:11",0,1,0,0,0,0,1,1182
5657,"1182-07-09 14:39:29",0,1,1,0,0,0,0,1182
5658,"1182-12-04 17:32:15",0,1,0,0,1,0,0,1182
5659,"1183-06-14 18:45:41",1,0,0,0,0,0,1,1183
5660,"1183-12-08 02:59:02",1,0,0,0,1,0,0,1183
5661,"1183-01-03 05:20:45",0,1,0,0,1,0,0,1183
5662,"1183-05-30 06:18:46",0,1,0,0,1,0,0,1183
5663,"1183-11-24 02:15:42",0,1,1,0,0,0,0,1183
5664,"1184-06-03 03:15:19",1,0,0,0,0,1,0,1184
5665,"1184-10-28 05:52:25",1,0,0,0,0,1,0,1184
5666,"1184-11-26 16:07:06",1,0,0,0,0,1,0,1184
5667,"1184-05-18 19:22:49",0,1,0,0,0,0,1,1184
5668,"1184-11-12 03:52:57",0,1,1,0,0,0,0,1184
5669,"1185-04-23 13:44:01",1,0,0,0,1,0,0,1185
5670,"1185-10-17 21:26:33",1,0,0,0,1,0,0,1185
5671,"1185-05-08 12:14:44",0,1,0,0,0,0,1,1185
5672,"1185-11-01 03:15:46",0,1,1,0,0,0,0,1185
5673,"1186-04-12 17:04:16",1,0,0,0,0,0,1,1186
5674,"1186-10-07 08:43:10",1,0,0,0,0,0,1,1186
5675,"1186-03-29 18:13:14",0,1,0,0,1,0,0,1186
5676,"1186-04-28 04:16:29",0,1,0,0,1,0,0,1186
5677,"1186-09-21 19:45:18",0,1,0,0,1,0,0,1186
5678,"1186-10-21 07:50:02",0,1,0,0,1,0,0,1186
5679,"1187-04-02 03:27:52",1,0,0,0,1,0,0,1187
5680,"1187-09-26 12:53:35",1,0,0,0,1,0,0,1187
5681,"1187-03-19 00:52:32",0,1,1,0,0,0,0,1187
5682,"1187-09-11 10:36:31",0,1,0,0,0,0,1,1187
5683,"1188-02-21 09:59:26",1,0,0,0,0,1,0,1188
5684,"1188-03-21 18:59:01",1,0,0,0,0,1,0,1188
5685,"1188-08-15 21:17:10",1,0,0,0,0,1,0,1188
5686,"1188-09-14 12:46:18",1,0,0,0,0,1,0,1188
5687,"1188-03-07 01:17:56",0,1,1,0,0,0,0,1188
5688,"1188-08-31 03:16:55",0,1,0,0,0,0,1,1188
5689,"1189-02-10 00:25:19",1,0,0,0,1,0,0,1189
5690,"1189-08-05 04:08:59",1,0,0,0,1,0,0,1189
5691,"1189-02-24 02:11:37",0,1,1,0,0,0,0,1189
5692,"1189-08-20 17:06:04",0,1,0,0,0,0,0,1189
5693,"1190-01-30 08:51:01",1,0,0,0,0,0,1,1190
5694,"1190-07-25 17:55:34",1,0,0,0,0,0,1,1190
5695,"1190-01-14 21:43:50",0,1,0,0,1,0,0,1190
5696,"1190-02-13 09:37:14",0,1,0,0,1,0,0,1190
5697,"1190-07-11 09:59:37",0,1,0,0,1,0,0,1190
5698,"1191-01-19 10:07:21",1,0,0,0,1,0,0,1191
5699,"1191-07-15 11:00:28",1,0,0,0,1,0,0,1191
5700,"1191-12-09 16:12:38",1,0,0,0,0,1,0,1191
5701,"1191-01-04 12:57:01",0,1,0,0,0,0,1,1191
5702,"1191-06-30 10:33:30",0,1,1,0,0,0,0,1191
5703,"1191-12-25 03:59:28",0,1,0,0,0,0,1,1191
5704,"1192-01-08 09:29:14",1,0,0,0,0,1,0,1192
5705,"1192-06-04 17:30:34",1,0,0,0,1,0,0,1192
5706,"1192-11-28 00:52:16",1,0,0,0,1,0,0,1192
5707,"1192-06-18 15:07:52",0,1,1,0,0,0,0,1192
5708,"1192-12-13 14:17:35",0,1,1,0,0,0,0,1192
5709,"1193-05-24 23:54:52",1,0,0,0,0,0,1,1193
5710,"1193-11-17 15:14:34",1,0,0,0,0,0,1,1193
5711,"1193-05-09 19:25:22",0,1,0,0,1,0,0,1193
5712,"1193-06-08 02:55:52",0,1,0,0,1,0,0,1193
5713,"1193-12-02 17:16:35",0,1,0,0,1,0,0,1193
5714,"1194-05-14 00:47:30",1,0,0,0,1,0,0,1194
5715,"1194-11-07 06:57:44",1,0,0,0,1,0,0,1194
5716,"1194-04-29 12:28:42",0,1,0,0,0,0,1,1194
5717,"1194-10-22 22:40:30",0,1,1,0,0,0,0,1194
5718,"1195-04-03 14:34:01",1,0,0,0,0,1,0,1195
5719,"1195-05-03 03:04:32",1,0,0,0,0,1,0,1195
5720,"1195-09-28 05:42:20",1,0,0,0,0,1,0,1195
5721,"1195-10-27 19:22:57",1,0,0,0,0,1,0,1195
5722,"1195-04-19 03:21:35",0,1,0,0,0,0,1,1195
5723,"1195-10-12 05:28:30",0,1,0,0,0,0,0,1195
5724,"1196-03-23 02:40:57",1,0,0,0,1,0,0,1196
5725,"1196-09-16 08:11:02",1,0,0,0,1,0,0,1196
5726,"1196-04-07 11:55:24",0,1,1,0,0,0,0,1196
5727,"1196-09-30 19:03:07",0,1,0,0,0,0,1,1196
5728,"1197-03-12 18:45:58",1,0,0,0,0,0,1,1197
5729,"1197-09-05 08:16:22",1,0,0,0,0,0,1,1197
5730,"1197-02-25 20:08:16",0,1,0,0,1,0,0,1197
5731,"1197-03-27 13:33:16",0,1,0,0,1,0,0,1197
5732,"1197-08-22 03:00:23",0,1,0,0,1,0,0,1197
5733,"1197-09-20 11:30:14",0,1,0,0,1,0,0,1197
5734,"1198-03-02 10:12:48",1,0,0,0,1,0,0,1198
5735,"1198-08-25 13:17:18",1,0,0,0,1,0,0,1198
5736,"1198-02-14 22:25:45",0,1,1,0,0,0,0,1198
5737,"1198-08-11 15:19:09",0,1,1,0,0,0,0,1198
5738,"1199-01-21 04:34:28",1,0,0,0,0,1,0,1199
5739,"1199-02-19 20:31:13",1,0,0,0,0,1,0,1199
5740,"1199-07-16 18:05:58",1,0,0,0,0,1,0,1199
5741,"1199-08-15 01:36:47",1,0,0,0,0,1,0,1199
5742,"1199-02-04 07:49:53",0,1,0,0,0,0,1,1199
5743,"1199-07-31 20:32:59",0,1,1,0,0,0,0,1199
5744,"1200-01-10 04:28:38",1,0,0,0,1,0,0,1200
5745,"1200-07-05 11:18:52",1,0,0,0,0,0,1,1200
5746,"1200-12-29 04:45:05",1,0,0,0,0,0,1,1200
5747,"1200-01-24 22:32:59",0,1,0,0,0,0,1,1200
5748,"1200-07-19 21:07:22",0,1,1,0,0,0,0,1200
5749,"1200-12-15 02:14:25",0,1,0,0,1,0,0,1200
5750,"1201-06-25 01:53:01",1,0,0,0,0,0,1,1201
5751,"1201-12-18 11:37:11",1,0,0,0,1,0,0,1201
5752,"1201-01-13 14:08:56",0,1,0,0,1,0,0,1201
5753,"1201-06-09 13:20:29",0,1,0,0,1,0,0,1201
5754,"1201-12-04 10:32:45",0,1,1,0,0,0,0,1201
5755,"1202-06-14 09:56:34",1,0,0,0,0,1,0,1202
5756,"1202-11-08 14:30:59",1,0,0,0,0,1,0,1202
5757,"1202-12-08 00:56:28",1,0,0,0,0,1,0,1202
5758,"1202-05-30 02:50:35",0,1,0,0,0,0,1,1202
5759,"1202-11-23 11:47:02",0,1,1,0,0,0,0,1202
5760,"1203-05-04 20:28:51",1,0,0,0,1,0,0,1203
5761,"1203-10-29 05:51:03",1,0,0,0,1,0,0,1203
5762,"1203-05-19 19:52:08",0,1,0,0,0,0,1,1203
5763,"1203-11-12 11:10:34",0,1,1,0,0,0,0,1203
5764,"1204-04-23 00:17:47",1,0,0,0,0,0,1,1204
5765,"1204-10-17 16:38:57",1,0,0,0,0,0,1,1204
5766,"1204-04-09 01:50:56",0,1,0,0,1,0,0,1204
5767,"1204-05-08 11:46:12",0,1,0,0,1,0,0,1204
5768,"1204-10-02 03:46:25",0,1,0,0,1,0,0,1204
5769,"1204-10-31 16:01:30",0,1,0,0,1,0,0,1204
5770,"1205-04-12 11:13:14",1,0,0,0,1,0,0,1205
5771,"1205-10-06 20:18:35",1,0,0,0,1,0,0,1205
5772,"1205-03-29 08:12:13",0,1,1,0,0,0,0,1205
5773,"1205-09-21 18:42:53",0,1,0,0,0,0,1,1205
5774,"1206-03-03 18:24:07",1,0,0,0,0,1,0,1206
5775,"1206-04-02 03:02:52",1,0,0,0,0,1,0,1206
5776,"1206-08-27 04:17:35",1,0,0,0,0,1,0,1206
5777,"1206-09-25 20:00:24",1,0,0,0,0,1,0,1206
5778,"1206-03-18 08:35:12",0,1,1,0,0,0,0,1206
5779,"1206-09-11 11:12:13",0,1,0,0,0,0,1,1206
5780,"1207-02-21 08:45:58",1,0,0,0,1,0,0,1207
5781,"1207-08-16 11:28:32",1,0,0,0,1,0,0,1207
5782,"1207-03-07 09:54:02",0,1,1,0,0,0,0,1207
5783,"1207-09-01 00:33:38",0,1,0,0,0,0,0,1207
5784,"1208-02-10 16:55:23",1,0,0,0,0,0,1,1208
5785,"1208-08-05 01:28:57",1,0,0,0,0,0,1,1208
5786,"1208-01-26 06:24:47",0,1,0,0,1,0,0,1208
5787,"1208-02-24 17:51:57",0,1,0,0,1,0,0,1208
5788,"1208-07-21 16:29:08",0,1,0,0,1,0,0,1208
5789,"1208-08-20 07:11:35",0,1,0,0,1,0,0,1208
5790,"1209-01-29 18:00:57",1,0,0,0,1,0,0,1209
5791,"1209-07-25 18:32:09",1,0,0,0,1,0,0,1209
5792,"1209-12-20 00:34:59",1,0,0,0,0,1,0,1209
5793,"1209-01-14 21:48:22",0,1,0,0,0,0,1,1209
5794,"1209-07-10 17:02:38",0,1,1,0,0,0,0,1209
5795,"1210-01-18 17:35:54",1,0,0,0,0,1,0,1210
5796,"1210-06-16 00:31:19",1,0,0,0,0,1,0,1210
5797,"1210-12-09 09:33:52",1,0,0,0,1,0,0,1210
5798,"1210-01-04 12:45:50",0,1,0,0,0,0,1,1210
5799,"1210-06-29 22:02:14",0,1,0,0,0,0,0,1210
5800,"1210-12-24 22:43:43",0,1,1,0,0,0,0,1210
5801,"1211-06-05 06:30:32",1,0,0,0,0,0,1,1211
5802,"1211-11-29 00:03:38",1,0,0,0,0,0,1,1211
5803,"1211-06-19 10:15:13",0,1,0,0,0,0,1,1211
5804,"1211-12-14 01:21:41",0,1,0,0,1,0,0,1211
5805,"1212-05-24 07:17:51",1,0,0,0,1,0,0,1212
5806,"1212-11-17 15:37:52",1,0,0,0,1,0,0,1212
5807,"1212-05-09 20:07:43",0,1,0,0,0,0,1,1212
5808,"1212-11-02 06:35:33",0,1,1,0,0,0,0,1212
5809,"1213-04-13 22:02:20",1,0,0,0,0,1,0,1213
5810,"1213-05-13 10:00:18",1,0,0,0,0,1,0,1213
5811,"1213-10-08 13:23:35",1,0,0,0,0,1,0,1213
5812,"1213-11-07 03:38:35",1,0,0,0,0,1,0,1213
5813,"1213-04-29 10:51:18",0,1,0,0,0,0,1,1213
5814,"1213-10-22 13:40:00",0,1,0,0,0,0,0,1213
5815,"1214-04-03 10:38:37",1,0,0,0,1,0,0,1214
5816,"1214-09-27 15:24:30",1,0,0,0,1,0,0,1214
5817,"1214-04-18 19:05:55",0,1,1,0,0,0,0,1214
5818,"1214-10-12 03:22:28",0,1,0,0,0,0,1,1214
5819,"1215-03-24 02:58:43",1,0,0,0,0,0,1,1215
5820,"1215-09-16 15:26:03",1,0,0,0,0,0,1,1215
5821,"1215-03-09 03:37:29",0,1,0,0,1,0,0,1215
5822,"1215-04-07 20:35:50",0,1,0,0,1,0,0,1215
5823,"1215-09-02 10:44:18",0,1,0,0,1,0,0,1215
5824,"1215-10-01 19:41:05",0,1,0,0,1,0,0,1215
5825,"1216-03-12 18:23:33",1,0,0,0,1,0,0,1216
5826,"1216-09-04 20:44:49",1,0,0,0,1,0,0,1216
5827,"1216-02-26 06:22:41",0,1,1,0,0,0,0,1216
5828,"1216-08-21 22:33:46",0,1,1,0,0,0,0,1216
5829,"1217-01-31 12:37:04",1,0,0,0,0,1,0,1217
5830,"1217-03-02 04:26:25",1,0,0,0,0,1,0,1217
5831,"1217-07-27 01:38:47",1,0,0,0,0,1,0,1217
5832,"1217-08-25 09:19:02",1,0,0,0,0,1,0,1217
5833,"1217-02-14 16:15:39",0,1,0,0,0,0,1,1217
5834,"1217-08-11 03:16:06",0,1,1,0,0,0,0,1217
5835,"1218-01-20 12:25:51",1,0,0,0,1,0,0,1218
5836,"1218-07-16 18:46:27",1,0,0,0,1,0,0,1218
5837,"1218-02-04 07:15:35",0,1,0,0,0,0,1,1218
5838,"1218-07-31 03:40:55",0,1,1,0,0,0,0,1218
5839,"1218-12-26 10:55:21",0,1,0,0,1,0,0,1218
5840,"1219-01-09 12:59:09",1,0,0,0,0,0,1,1219
5841,"1219-07-06 08:59:08",1,0,0,0,0,0,1,1219
5842,"1219-12-29 20:16:19",1,0,0,0,1,0,0,1219
5843,"1219-01-24 22:52:01",0,1,0,0,1,0,0,1219
5844,"1219-06-20 20:22:46",0,1,0,0,1,0,0,1219
5845,"1219-07-20 07:09:14",0,1,0,0,1,0,0,1219
5846,"1219-12-15 18:51:27",0,1,1,0,0,0,0,1219
5847,"1220-06-24 16:32:39",1,0,0,0,0,1,0,1220
5848,"1220-11-18 23:16:30",1,0,0,0,0,1,0,1220
5849,"1220-12-18 09:49:14",1,0,0,0,0,1,0,1220
5850,"1220-06-09 10:14:15",0,1,0,0,0,0,1,1220
5851,"1220-12-03 19:46:56",0,1,1,0,0,0,0,1220
5852,"1221-05-15 03:06:21",1,0,0,0,0,0,0,1221
5853,"1221-11-08 14:22:17",1,0,0,0,1,0,0,1221
5854,"1221-05-30 03:23:45",0,1,0,0,0,0,1,1221
5855,"1221-11-22 19:12:56",0,1,1,0,0,0,0,1221
5856,"1222-05-04 07:26:00",1,0,0,0,0,0,1,1222
5857,"1222-10-29 00:41:58",1,0,0,0,0,0,1,1222
5858,"1222-04-20 09:19:14",0,1,0,0,1,0,0,1222
5859,"1222-05-19 19:09:25",0,1,0,0,1,0,0,1222
5860,"1222-10-13 11:57:09",0,1,0,0,1,0,0,1222
5861,"1222-11-12 00:21:23",0,1,0,0,1,0,0,1222
5862,"1223-04-23 18:53:17",1,0,0,0,1,0,0,1223
5863,"1223-10-18 03:50:42",1,0,0,0,1,0,0,1223
5864,"1223-04-09 15:23:16",0,1,1,0,0,0,0,1223
5865,"1223-10-03 02:56:01",0,1,0,0,0,0,1,1223
5866,"1224-03-14 02:42:40",1,0,0,0,0,1,0,1224
5867,"1224-04-12 11:00:32",1,0,0,0,0,1,0,1224
5868,"1224-09-06 11:25:50",1,0,0,0,0,1,0,1224
5869,"1224-10-06 03:23:28",1,0,0,0,0,1,0,1224
5870,"1224-03-28 15:45:27",0,1,1,0,0,0,0,1224
5871,"1224-09-21 19:13:23",0,1,0,0,0,0,1,1224
5872,"1225-03-03 16:58:22",1,0,0,0,1,0,0,1225
5873,"1225-08-26 18:56:29",1,0,0,0,1,0,0,1225
5874,"1225-03-17 17:29:15",0,1,1,0,0,0,0,1225
5875,"1225-09-11 08:07:32",0,1,1,0,0,0,0,1225
5876,"1226-02-21 00:52:06",1,0,0,0,0,0,1,1226
5877,"1226-08-16 09:08:38",1,0,0,0,0,0,1,1226
5878,"1226-02-05 15:01:38",0,1,0,0,1,0,0,1226
5879,"1226-03-07 02:00:51",0,1,0,0,1,0,0,1226
5880,"1226-08-01 23:03:02",0,1,0,0,1,0,0,1226
5881,"1226-08-31 14:11:16",0,1,0,0,1,0,0,1226
5882,"1227-02-10 01:48:29",1,0,0,0,1,0,0,1227
5883,"1227-08-06 02:08:04",1,0,0,0,1,0,0,1227
5884,"1227-12-31 08:57:27",1,0,0,0,0,1,0,1227
5885,"1227-01-26 06:35:53",0,1,0,0,0,0,1,1227
5886,"1227-07-21 23:36:48",0,1,1,0,0,0,0,1227
5887,"1228-01-30 01:38:00",1,0,0,0,0,1,0,1228
5888,"1228-06-26 07:29:11",1,0,0,0,0,1,0,1228
5889,"1228-07-25 17:14:26",1,0,0,0,0,1,0,1228
5890,"1228-12-19 18:17:36",1,0,0,0,1,0,0,1228
5891,"1228-01-15 21:28:37",0,1,0,0,0,0,1,1228
5892,"1228-07-10 04:59:30",0,1,0,0,0,0,0,1228
5893,"1229-06-15 13:02:56",1,0,0,0,0,0,1,1229
5894,"1229-12-09 08:55:11",1,0,0,0,0,0,1,1229
5895,"1229-01-04 07:07:43",0,1,1,0,0,0,0,1229
5896,"1229-06-29 17:36:21",0,1,0,0,0,0,1,1229
5897,"1229-12-24 09:26:04",0,1,0,0,1,0,0,1229
5898,"1230-06-04 13:45:58",1,0,0,0,0,0,1,1230
5899,"1230-11-29 00:22:10",1,0,0,0,1,0,0,1230
5900,"1230-05-21 03:41:57",0,1,0,0,0,0,1,1230
5901,"1230-11-13 14:38:51",0,1,1,0,0,0,0,1230
5902,"1231-05-24 16:52:20",1,0,0,0,0,1,0,1231
5903,"1231-10-19 21:12:22",1,0,0,0,0,1,0,1231
5904,"1231-11-18 11:59:57",1,0,0,0,0,1,0,1231
5905,"1231-05-10 18:12:56",0,1,0,0,0,0,1,1231
5906,"1231-11-02 22:00:20",0,1,0,0,0,0,0,1231
5907,"1232-04-13 18:28:36",1,0,0,0,1,0,0,1232
5908,"1232-10-07 22:47:14",1,0,0,0,1,0,0,1232
5909,"1232-04-29 02:06:07",0,1,1,0,0,0,0,1232
5910,"1232-10-22 11:50:34",0,1,0,0,0,0,1,1232
5911,"1233-04-03 11:01:34",1,0,0,0,0,0,1,1233
5912,"1233-09-26 22:46:49",1,0,0,0,0,0,1,1233
5913,"1233-03-19 10:56:20",0,1,0,0,1,0,0,1233
5914,"1233-04-18 03:27:20",0,1,0,0,1,0,0,1233
5915,"1233-09-12 18:35:19",0,1,0,0,1,0,0,1233
5916,"1233-10-12 04:00:28",0,1,0,0,1,0,0,1233
5917,"1234-03-24 02:25:28",1,0,0,0,1,0,0,1234
5918,"1234-09-16 04:21:20",1,0,0,0,1,0,0,1234
5919,"1234-03-08 14:13:02",0,1,1,0,0,0,0,1234
5920,"1234-09-02 05:53:15",0,1,1,0,0,0,0,1234
5921,"1235-02-11 20:33:53",1,0,0,0,0,1,0,1235
5922,"1235-03-13 12:13:42",1,0,0,0,0,1,0,1235
5923,"1235-08-07 09:15:19",1,0,0,0,0,1,0,1235
5924,"1235-09-05 17:07:57",1,0,0,0,0,1,0,1235
5925,"1235-02-26 00:36:49",0,1,0,0,0,0,1,1235
5926,"1235-08-22 10:03:25",0,1,1,0,0,0,0,1235
5927,"1236-01-31 20:19:30",1,0,0,0,1,0,0,1236
5928,"1236-07-27 02:14:58",1,0,0,0,1,0,0,1236
5929,"1236-02-15 15:53:32",0,1,0,0,0,0,1,1236
5930,"1236-08-10 10:19:08",0,1,1,0,0,0,0,1236
5931,"1237-01-19 21:12:19",1,0,0,0,0,0,1,1237
5932,"1237-07-16 16:05:51",1,0,0,0,0,0,1,1237
5933,"1237-01-05 19:35:53",0,1,0,0,1,0,0,1237
5934,"1237-02-04 07:30:49",0,1,0,0,1,0,0,1237
5935,"1237-07-01 03:27:23",0,1,0,0,1,0,0,1237
5936,"1237-07-30 14:07:01",0,1,0,0,1,0,0,1237
5937,"1237-12-26 03:09:15",0,1,1,0,0,0,0,1237
5938,"1238-01-09 04:54:25",1,0,0,0,1,0,0,1238
5939,"1238-07-05 23:09:54",1,0,0,0,1,0,0,1238
5940,"1238-11-30 08:05:34",1,0,0,0,0,1,0,1238
5941,"1238-12-29 18:41:58",1,0,0,0,0,1,0,1238
5942,"1238-06-20 17:39:42",0,1,0,0,0,0,1,1238
5943,"1238-12-15 03:48:26",0,1,1,0,0,0,0,1238
5944,"1239-05-26 09:41:22",1,0,0,0,0,1,0,1239
5945,"1239-11-19 22:57:44",1,0,0,0,1,0,0,1239
5946,"1239-06-10 10:53:28",0,1,0,0,0,0,1,1239
5947,"1239-12-04 03:19:49",0,1,1,0,0,0,0,1239
5948,"1240-05-14 14:30:28",1,0,0,0,0,0,1,1240
5949,"1240-11-08 08:50:42",1,0,0,0,0,0,1,1240
5950,"1240-05-30 02:27:27",0,1,0,0,1,0,0,1240
5951,"1240-10-23 20:16:30",0,1,0,0,1,0,0,1240
5952,"1240-11-22 08:47:27",0,1,0,0,1,0,0,1240
5953,"1241-05-04 02:26:53",1,0,0,0,0,0,1,1241
5954,"1241-10-28 11:31:26",1,0,0,0,1,0,0,1241
5955,"1241-04-19 22:23:02",0,1,1,0,0,0,0,1241
5956,"1241-10-13 11:18:18",0,1,0,0,0,0,1,1241
5957,"1242-03-25 10:51:52",1,0,0,0,0,1,0,1242
5958,"1242-04-23 18:50:47",1,0,0,0,0,1,0,1242
5959,"1242-10-17 10:56:06",1,0,0,0,0,1,0,1242
5960,"1242-04-08 22:46:10",0,1,1,0,0,0,0,1242
5961,"1242-10-03 03:21:58",0,1,0,0,0,0,1,1242
5962,"1243-03-15 01:01:03",1,0,0,0,1,0,0,1243
5963,"1243-09-07 02:33:13",1,0,0,0,1,0,0,1243
5964,"1243-03-29 00:56:48",0,1,1,0,0,0,0,1243
5965,"1243-09-22 15:48:04",0,1,1,0,0,0,0,1243
5966,"1244-03-03 08:38:13",1,0,0,0,0,0,1,1244
5967,"1244-08-26 16:54:33",1,0,0,0,0,0,1,1244
5968,"1244-02-16 23:32:06",0,1,0,0,1,0,0,1244
5969,"1244-03-17 10:01:14",0,1,0,0,1,0,0,1244
5970,"1244-08-12 05:40:41",0,1,0,0,1,0,0,1244
5971,"1244-09-10 21:17:38",0,1,0,0,1,0,0,1244
5972,"1245-02-20 09:28:00",1,0,0,0,1,0,0,1245
5973,"1245-08-16 09:48:37",1,0,0,0,1,0,0,1245
5974,"1245-02-05 15:18:31",0,1,0,0,0,0,1,1245
5975,"1245-08-01 06:16:10",0,1,1,0,0,0,0,1245
5976,"1246-01-10 17:19:33",1,0,0,0,0,1,0,1246
5977,"1246-02-09 09:35:05",1,0,0,0,0,1,0,1246
5978,"1246-07-07 14:26:08",1,0,0,0,0,1,0,1246
5979,"1246-08-06 00:33:10",1,0,0,0,0,1,0,1246
5980,"1246-12-31 03:03:18",1,0,0,0,1,0,0,1246
5981,"1246-01-26 06:07:01",0,1,0,0,0,0,0,1246
5982,"1246-07-21 12:01:48",0,1,0,0,0,0,0,1246
5983,"1247-06-26 19:32:02",1,0,0,0,1,0,0,1247
5984,"1247-12-20 17:49:33",1,0,0,0,0,0,1,1247
5985,"1247-01-15 15:29:42",0,1,1,0,0,0,0,1247
5986,"1247-07-11 00:58:20",0,1,0,0,0,0,1,1247
5987,"1248-06-14 20:11:31",1,0,0,0,0,0,1,1248
5988,"1248-12-09 09:09:20",1,0,0,0,1,0,0,1248
5989,"1248-01-04 17:30:55",0,1,0,0,1,0,0,1248
5990,"1248-05-31 11:11:18",0,1,0,0,0,0,1,1248
5991,"1248-06-29 17:56:08",0,1,0,0,1,0,0,1248
5992,"1248-11-23 22:48:55",0,1,1,0,0,0,0,1248
5993,"1249-06-03 23:42:44",1,0,0,0,0,1,0,1249
5994,"1249-10-30 05:07:38",1,0,0,0,0,1,0,1249
5995,"1249-11-28 20:24:45",1,0,0,0,0,1,0,1249
5996,"1249-05-21 01:27:49",0,1,0,0,0,0,1,1249
5997,"1249-11-13 06:27:47",0,1,0,0,0,0,0,1249
5998,"1250-04-25 02:13:46",1,0,0,0,1,0,0,1250
5999,"1250-10-19 06:16:42",1,0,0,0,1,0,0,1250
6000,"1250-05-10 08:59:48",0,1,1,0,0,0,0,1250
6001,"1250-11-02 20:24:05",0,1,0,0,0,0,1,1250
6002,"1251-04-14 18:58:30",1,0,0,0,0,0,1,1251
6003,"1251-10-08 06:16:39",1,0,0,0,0,0,1,1251
6004,"1251-04-29 10:13:12",0,1,0,0,1,0,0,1251
6005,"1251-09-24 02:32:24",0,1,0,0,1,0,0,1251
6006,"1251-10-23 12:25:58",0,1,0,0,1,0,0,1251
6007,"1252-04-03 10:17:17",1,0,0,0,1,0,0,1252
6008,"1252-09-26 12:07:45",1,0,0,0,1,0,0,1252
6009,"1252-03-18 21:55:21",0,1,1,0,0,0,0,1252
6010,"1252-09-12 13:18:58",0,1,1,0,0,0,0,1252
6011,"1253-02-22 04:20:42",1,0,0,0,0,1,0,1253
6012,"1253-03-23 19:49:16",1,0,0,0,0,1,0,1253
6013,"1253-08-17 16:58:37",1,0,0,0,0,1,0,1253
6014,"1253-09-16 01:06:09",1,0,0,0,0,1,0,1253
6015,"1253-03-08 08:49:40",0,1,0,0,0,0,1,1253
6016,"1253-09-01 16:58:38",0,1,1,0,0,0,0,1253
6017,"1254-02-11 04:04:59",1,0,0,0,1,0,0,1254
6018,"1254-08-07 09:48:23",1,0,0,0,1,0,0,1254
6019,"1254-02-26 00:23:05",0,1,0,0,0,0,1,1254
6020,"1254-08-21 17:06:31",0,1,1,0,0,0,0,1254
6021,"1255-01-31 05:21:12",1,0,0,0,0,0,1,1255
6022,"1255-07-27 23:12:49",1,0,0,0,0,0,1,1255
6023,"1255-01-17 04:12:35",0,1,0,0,1,0,0,1255
6024,"1255-02-15 16:02:25",0,1,0,0,1,0,0,1255
6025,"1255-07-12 10:34:00",0,1,0,0,1,0,0,1255
6026,"1255-08-10 21:10:39",0,1,0,0,1,0,0,1255
6027,"1256-01-20 13:30:55",1,0,0,0,1,0,0,1256
6028,"1256-07-16 05:45:54",1,0,0,0,1,0,0,1256
6029,"1256-12-10 16:58:23",1,0,0,0,0,1,0,1256
6030,"1256-01-06 11:25:57",0,1,1,0,0,0,0,1256
6031,"1256-07-01 01:04:15",0,1,0,0,0,0,1,1256
6032,"1256-12-25 11:51:31",0,1,1,0,0,0,0,1256
6033,"1257-01-09 03:33:53",1,0,0,0,0,1,0,1257
6034,"1257-06-05 16:12:23",1,0,0,0,0,1,0,1257
6035,"1257-11-30 07:38:06",1,0,0,0,1,0,0,1257
6036,"1257-06-20 18:20:16",0,1,0,0,0,0,1,1257
6037,"1257-12-14 11:31:33",0,1,1,0,0,0,0,1257
6038,"1258-05-25 21:32:13",1,0,0,0,0,0,1,1258
6039,"1258-11-19 17:03:56",1,0,0,0,0,0,1,1258
6040,"1258-06-10 09:41:10",0,1,0,0,1,0,0,1258
6041,"1258-12-03 17:18:32",0,1,0,0,1,0,0,1258
6042,"1259-05-15 09:57:16",1,0,0,0,0,0,1,1259
6043,"1259-11-08 19:18:53",1,0,0,0,1,0,0,1259
6044,"1259-05-01 05:15:45",0,1,1,0,0,0,0,1259
6045,"1259-10-24 19:47:31",0,1,0,0,0,0,1,1259
6046,"1260-04-04 18:53:08",1,0,0,0,0,1,0,1260
6047,"1260-05-04 02:34:30",1,0,0,0,0,1,0,1260
6048,"1260-10-27 18:37:55",1,0,0,0,0,1,0,1260
6049,"1260-04-19 05:39:00",0,1,1,0,0,0,0,1260
6050,"1260-10-13 11:37:27",0,1,0,0,0,0,1,1260
6051,"1261-03-25 08:55:00",1,0,0,0,1,0,0,1261
6052,"1261-09-17 10:19:20",1,0,0,0,1,0,0,1261
6053,"1261-04-08 08:18:01",0,1,1,0,0,0,0,1261
6054,"1261-10-02 23:35:34",0,1,1,0,0,0,0,1261
6055,"1262-03-14 16:15:23",1,0,0,0,0,0,1,1262
6056,"1262-09-07 00:48:47",1,0,0,0,0,0,1,1262
6057,"1262-02-27 07:56:31",0,1,0,0,1,0,0,1262
6058,"1262-03-28 17:55:46",0,1,0,0,1,0,0,1262
6059,"1262-08-23 12:26:04",0,1,0,0,1,0,0,1262
6060,"1262-09-22 04:32:08",0,1,0,0,1,0,0,1262
6061,"1263-03-03 16:59:50",1,0,0,0,1,0,0,1263
6062,"1263-08-27 17:34:11",1,0,0,0,1,0,0,1263
6063,"1263-02-16 23:55:16",0,1,0,0,0,0,1,1263
6064,"1263-08-12 13:01:54",0,1,1,0,0,0,0,1263
6065,"1264-01-22 01:39:18",1,0,0,0,0,1,0,1264
6066,"1264-02-20 17:26:05",1,0,0,0,0,1,0,1264
6067,"1264-07-17 21:23:22",1,0,0,0,0,1,0,1264
6068,"1264-08-16 07:55:55",1,0,0,0,0,1,0,1264
6069,"1264-02-06 14:39:36",0,1,0,0,0,0,0,1264
6070,"1264-07-31 19:09:54",0,1,0,0,0,0,0,1264
6071,"1265-01-10 11:46:33",1,0,0,0,1,0,0,1265
6072,"1265-07-07 02:01:20",1,0,0,0,1,0,0,1265
6073,"1265-12-31 02:43:12",1,0,0,0,0,0,1,1265
6074,"1265-01-25 23:44:44",0,1,1,0,0,0,0,1265
6075,"1265-07-21 08:24:46",0,1,0,0,0,0,1,1265
6076,"1266-06-26 02:37:33",1,0,0,0,0,0,1,1266
6077,"1266-12-20 17:56:54",1,0,0,0,1,0,0,1266
6078,"1266-01-15 01:31:40",0,1,0,0,1,0,0,1266
6079,"1266-06-11 18:37:44",0,1,0,0,1,0,0,1266
6080,"1266-07-11 01:25:44",0,1,0,0,1,0,0,1266
6081,"1266-12-05 07:03:21",0,1,1,0,0,0,0,1266
6082,"1267-06-15 06:32:26",1,0,0,0,1,0,0,1267
6083,"1267-12-10 04:52:28",1,0,0,0,0,1,0,1267
6084,"1267-06-01 08:36:45",0,1,0,0,0,0,1,1267
6085,"1267-11-24 15:01:53",0,1,0,0,0,0,0,1267
6086,"1268-05-05 09:51:07",1,0,0,0,1,0,0,1268
6087,"1268-10-29 13:55:49",1,0,0,0,1,0,0,1268
6088,"1268-05-20 15:43:42",0,1,1,0,0,0,0,1268
6089,"1268-11-13 05:05:37",0,1,0,0,0,0,1,1268
6090,"1269-04-25 02:46:53",1,0,0,0,0,0,1,1269
6091,"1269-10-18 13:56:57",1,0,0,0,0,0,1,1269
6092,"1269-05-09 16:50:38",0,1,0,0,1,0,0,1269
6093,"1269-10-04 10:37:07",0,1,0,0,1,0,0,1269
6094,"1269-11-02 20:58:35",0,1,0,0,1,0,0,1269
6095,"1270-04-14 18:00:38",1,0,0,0,1,0,0,1270
6096,"1270-10-07 20:04:16",1,0,0,0,1,0,0,1270
6097,"1270-03-30 05:31:01",0,1,1,0,0,0,0,1270
6098,"1270-09-23 20:51:47",0,1,1,0,0,0,0,1270
6099,"1271-03-05 12:00:06",1,0,0,0,0,1,0,1271
6100,"1271-04-04 03:16:12",1,0,0,0,0,1,0,1271
6101,"1271-08-29 00:46:35",1,0,0,0,0,1,0,1271
6102,"1271-09-27 09:11:30",1,0,0,0,0,1,0,1271
6103,"1271-03-19 16:57:00",0,1,0,0,0,0,1,1271
6104,"1271-09-12 23:59:27",0,1,1,0,0,0,0,1271
6105,"1272-02-22 11:45:21",1,0,0,0,1,0,0,1272
6106,"1272-08-17 17:25:15",1,0,0,0,1,0,0,1272
6107,"1272-03-08 08:47:01",0,1,0,0,0,0,1,1272
6108,"1272-09-01 00:01:16",0,1,1,0,0,0,0,1272
6109,"1273-02-10 13:25:13",1,0,0,0,0,0,1,1273
6110,"1273-08-07 06:23:24",1,0,0,0,0,0,1,1273
6111,"1273-01-27 12:44:31",0,1,0,0,1,0,0,1273
6112,"1273-02-26 00:26:28",0,1,0,0,1,0,0,1273
6113,"1273-07-22 17:45:56",0,1,0,0,1,0,0,1273
6114,"1273-08-21 04:23:07",0,1,0,0,1,0,0,1273
6115,"1274-01-30 22:03:55",1,0,0,0,1,0,0,1274
6116,"1274-07-27 12:24:49",1,0,0,0,1,0,0,1274
6117,"1274-12-22 01:51:14",1,0,0,0,0,1,0,1274
6118,"1274-01-16 19:38:53",0,1,1,0,0,0,0,1274
6119,"1274-07-12 08:32:01",0,1,0,0,0,0,1,1274
6120,"1275-01-20 12:22:36",1,0,0,0,0,1,0,1275
6121,"1275-06-16 22:44:00",1,0,0,0,0,1,0,1275
6122,"1275-07-16 13:13:27",1,0,0,0,0,1,0,1275
6123,"1275-12-11 16:19:56",1,0,0,0,1,0,0,1275
6124,"1275-01-05 19:52:29",0,1,1,0,0,0,0,1275
6125,"1275-07-02 01:47:32",0,1,0,0,0,0,1,1275
6126,"1275-12-25 19:44:12",0,1,1,0,0,0,0,1275
6127,"1276-06-05 04:31:44",1,0,0,0,0,0,1,1276
6128,"1276-11-30 01:21:09",1,0,0,0,0,0,1,1276
6129,"1276-06-20 16:51:14",0,1,0,0,0,0,1,1276
6130,"1276-12-14 01:53:15",0,1,0,0,1,0,0,1276
6131,"1277-05-25 17:23:54",1,0,0,0,0,0,1,1277
6132,"1277-11-19 03:11:49",1,0,0,0,1,0,0,1277
6133,"1277-05-11 11:59:34",0,1,0,0,0,0,0,1277
6134,"1277-11-04 04:23:45",0,1,0,0,0,0,1,1277
6135,"1278-04-16 02:45:45",1,0,0,0,0,1,0,1278
6136,"1278-05-15 10:12:56",1,0,0,0,0,1,0,1278
6137,"1278-11-08 02:28:52",1,0,0,0,0,1,0,1278
6138,"1278-04-30 12:24:25",0,1,1,0,0,0,0,1278
6139,"1278-10-24 20:00:44",0,1,0,0,0,0,1,1278
6140,"1279-04-05 16:38:34",1,0,0,0,1,0,0,1279
6141,"1279-09-28 18:14:36",1,0,0,0,1,0,0,1279
6142,"1279-04-19 15:31:50",0,1,1,0,0,0,0,1279
6143,"1279-10-14 07:30:05",0,1,1,0,0,0,0,1279
6144,"1280-03-24 23:41:24",1,0,0,0,0,0,1,1280
6145,"1280-09-17 08:50:35",1,0,0,0,0,0,1,1280
6146,"1280-03-09 16:13:31",0,1,0,0,1,0,0,1280
6147,"1280-04-08 01:42:14",0,1,0,0,1,0,0,1280
6148,"1280-10-02 11:54:36",0,1,0,0,1,0,0,1280
6149,"1281-03-14 00:21:26",1,0,0,0,1,0,0,1281
6150,"1281-09-07 01:26:27",1,0,0,0,1,0,0,1281
6151,"1281-02-27 08:24:08",0,1,0,0,0,0,1,1281
6152,"1281-08-22 19:55:49",0,1,1,0,0,0,0,1281
6153,"1282-02-01 09:56:09",1,0,0,0,0,1,0,1282
6154,"1282-03-03 01:10:53",1,0,0,0,0,1,0,1282
6155,"1282-07-29 04:21:11",1,0,0,0,0,1,0,1282
6156,"1282-08-27 15:22:17",1,0,0,0,0,1,0,1282
6157,"1282-02-16 23:05:50",0,1,0,0,0,0,0,1282
6158,"1282-08-12 02:23:49",0,1,0,0,0,0,0,1282
6159,"1283-01-21 20:28:25",1,0,0,0,1,0,0,1283
6160,"1283-07-18 08:30:48",1,0,0,0,1,0,0,1283
6161,"1283-02-06 07:54:45",0,1,1,0,0,0,0,1283
6162,"1283-08-01 15:54:36",0,1,0,0,0,0,1,1283
6163,"1284-01-11 11:36:08",1,0,0,0,0,0,1,1284
6164,"1284-07-06 09:03:56",1,0,0,0,0,0,1,1284
6165,"1284-12-31 02:44:35",1,0,0,0,1,0,0,1284
6166,"1284-01-26 09:28:55",0,1,0,0,1,0,0,1284
6167,"1284-06-22 02:00:59",0,1,0,0,1,0,0,1284
6168,"1284-07-21 08:56:12",0,1,0,0,1,0,0,1284
6169,"1284-12-15 15:22:02",0,1,1,0,0,0,0,1284
6170,"1285-06-25 13:24:08",1,0,0,0,1,0,0,1285
6171,"1285-12-20 13:19:36",1,0,0,0,0,1,0,1285
6172,"1285-06-11 15:41:56",0,1,0,0,0,0,0,1285
6173,"1285-12-04 23:39:27",0,1,0,0,0,0,0,1285
6174,"1286-05-16 17:26:06",1,0,0,0,1,0,0,1286
6175,"1286-11-09 21:41:20",1,0,0,0,1,0,0,1286
6176,"1286-05-31 22:24:15",0,1,1,0,0,0,0,1286
6177,"1286-11-24 13:51:24",0,1,0,0,0,0,1,1286
6178,"1287-05-06 10:29:34",1,0,0,0,0,0,1,1287
6179,"1287-10-29 21:45:44",1,0,0,0,0,0,1,1287
6180,"1287-05-20 23:23:29",0,1,0,0,1,0,0,1287
6181,"1287-10-15 18:47:59",0,1,0,0,1,0,0,1287
6182,"1287-11-14 05:36:14",0,1,0,0,1,0,0,1287
6183,"1288-04-25 01:35:01",1,0,0,0,1,0,0,1288
6184,"1288-10-18 04:10:15",1,0,0,0,0,0,1,1288
6185,"1288-04-09 12:59:37",0,1,1,0,0,0,0,1288
6186,"1288-10-04 04:31:55",0,1,1,0,0,0,0,1288
6187,"1289-03-15 19:27:18",1,0,0,0,0,1,0,1289
6188,"1289-04-14 10:31:20",1,0,0,0,0,1,0,1289
6189,"1289-09-08 08:43:18",1,0,0,0,0,1,0,1289
6190,"1289-10-07 17:26:40",1,0,0,0,0,1,0,1289
6191,"1289-03-30 00:55:12",0,1,0,0,0,0,1,1289
6192,"1289-09-23 07:10:10",0,1,1,0,0,0,0,1289
6193,"1290-03-04 19:16:19",1,0,0,0,1,0,0,1290
6194,"1290-08-29 01:07:41",1,0,0,0,1,0,0,1290
6195,"1290-03-19 17:02:08",0,1,0,0,0,0,1,1290
6196,"1290-09-12 07:05:21",0,1,1,0,0,0,0,1290
6197,"1291-02-21 21:22:52",1,0,0,0,0,0,1,1291
6198,"1291-08-18 13:37:17",1,0,0,0,0,0,1,1291
6199,"1291-02-07 21:09:44",0,1,0,0,1,0,0,1291
6200,"1291-03-09 08:41:53",0,1,0,0,1,0,0,1291
6201,"1291-08-03 01:02:49",0,1,0,0,1,0,0,1291
6202,"1291-09-01 11:43:52",0,1,0,0,1,0,0,1291
6203,"1292-02-11 06:31:27",1,0,0,0,1,0,0,1292
6204,"1292-08-06 19:05:57",1,0,0,0,1,0,0,1292
6205,"1292-01-28 03:46:27",0,1,1,0,0,0,0,1292
6206,"1292-07-22 16:01:23",0,1,0,0,0,0,1,1292
6207,"1293-01-01 10:44:59",1,0,0,0,0,1,0,1293
6208,"1293-01-30 21:07:38",1,0,0,0,0,1,0,1293
6209,"1293-06-27 05:15:42",1,0,0,0,0,1,0,1293
6210,"1293-07-26 19:43:35",1,0,0,0,0,1,0,1293
6211,"1293-12-22 01:02:57",1,0,0,0,1,0,0,1293
6212,"1293-01-16 03:51:47",0,1,1,0,0,0,0,1293
6213,"1293-07-12 09:15:01",0,1,0,0,0,0,1,1293
6214,"1294-06-16 11:31:49",1,0,0,0,1,0,0,1294
6215,"1294-12-11 09:41:16",1,0,0,0,0,0,1,1294
6216,"1294-01-05 03:57:30",0,1,1,0,0,0,0,1294
6217,"1294-07-02 00:00:08",0,1,0,0,0,0,1,1294
6218,"1294-12-25 10:30:41",0,1,0,0,1,0,0,1294
6219,"1295-06-06 00:47:55",1,0,0,0,0,0,1,1295
6220,"1295-11-30 11:10:08",1,0,0,0,1,0,0,1295
6221,"1295-05-22 18:36:51",0,1,0,0,1,0,0,1295
6222,"1295-11-15 13:06:07",0,1,0,0,0,0,1,1295
6223,"1296-04-26 10:31:27",1,0,0,0,0,1,0,1296
6224,"1296-05-25 17:46:52",1,0,0,0,1,0,0,1296
6225,"1296-11-18 10:26:41",1,0,0,0,0,1,0,1296
6226,"1296-05-10 19:04:14",0,1,1,0,0,0,0,1296
6227,"1296-11-04 04:29:53",0,1,0,0,0,0,1,1296
6228,"1297-04-16 00:12:57",1,0,0,0,1,0,0,1297
6229,"1297-10-09 02:19:19",1,0,0,0,1,0,0,1297
6230,"1297-04-29 22:40:22",0,1,1,0,0,0,0,1297
6231,"1297-10-24 15:31:14",0,1,1,0,0,0,0,1297
6232,"1298-04-05 06:58:44",1,0,0,0,0,0,1,1298
6233,"1298-09-28 16:59:35",1,0,0,0,0,0,1,1298
6234,"1298-03-21 00:24:14",0,1,0,0,1,0,0,1298
6235,"1298-04-19 09:24:00",0,1,0,0,1,0,0,1298
6236,"1298-10-13 19:23:39",0,1,0,0,1,0,0,1298
6237,"1299-03-25 07:35:04",1,0,0,0,1,0,0,1299
6238,"1299-09-18 09:25:06",1,0,0,0,1,0,0,1299
6239,"1299-03-10 16:45:59",0,1,0,0,0,0,1,1299
6240,"1299-09-03 02:58:10",0,1,1,0,0,0,0,1299
6241,"1300-02-12 18:06:29",1,0,0,0,0,1,0,1300
6242,"1300-03-14 08:46:37",1,0,0,0,0,1,0,1300
6243,"1300-08-09 11:22:12",1,0,0,0,0,1,0,1300
6244,"1300-09-07 22:55:04",1,0,0,0,0,1,0,1300
6245,"1300-02-28 07:22:30",0,1,0,0,0,0,0,1300
6246,"1300-08-23 09:45:57",0,1,0,0,0,0,0,1300
6247,"1301-02-02 05:05:04",1,0,0,0,1,0,0,1301
6248,"1301-07-29 15:04:11",1,0,0,0,1,0,0,1301
6249,"1301-02-17 15:55:20",0,1,1,0,0,0,0,1301
6250,"1301-08-12 23:31:17",0,1,0,0,0,0,1,1301
6251,"1302-01-22 20:24:29",1,0,0,0,0,0,1,1302
6252,"1302-07-18 15:34:42",1,0,0,0,0,0,1,1302
6253,"1302-02-06 17:18:21",0,1,0,0,1,0,0,1302
6254,"1302-07-04 09:24:20",0,1,0,0,1,0,0,1302
6255,"1302-08-02 16:31:04",0,1,0,0,1,0,0,1302
6256,"1302-12-27 23:42:32",0,1,1,0,0,0,0,1302
6257,"1303-01-12 11:30:05",1,0,0,0,1,0,0,1303
6258,"1303-07-07 20:16:41",1,0,0,0,1,0,0,1303
6259,"1303-06-23 22:42:18",0,1,0,0,0,0,0,1303
6260,"1303-12-17 08:21:32",0,1,0,0,0,0,0,1303
6261,"1304-01-01 21:47:13",1,0,0,0,0,1,0,1304
6262,"1304-05-28 00:55:42",1,0,0,0,0,1,0,1304
6263,"1304-06-26 08:14:26",1,0,0,0,0,1,0,1304
6264,"1304-11-21 05:34:14",1,0,0,0,1,0,0,1304
6265,"1304-06-12 04:58:16",0,1,1,0,0,0,0,1304
6266,"1304-12-05 22:42:06",0,1,0,0,0,0,1,1304
6267,"1305-05-17 18:05:20",1,0,0,0,0,0,1,1305
6268,"1305-11-10 05:44:02",1,0,0,0,0,0,1,1305
6269,"1305-06-01 05:51:00",0,1,0,0,1,0,0,1305
6270,"1305-11-25 14:19:35",0,1,0,0,1,0,0,1305
6271,"1306-05-07 09:02:17",1,0,0,0,0,0,1,1306
6272,"1306-10-30 12:24:19",1,0,0,0,0,0,1,1306
6273,"1306-04-21 20:22:57",0,1,1,0,0,0,0,1306
6274,"1306-10-16 12:18:08",0,1,1,0,0,0,0,1306
6275,"1307-04-26 17:38:50",1,0,0,0,0,1,0,1307
6276,"1307-09-20 16:46:12",1,0,0,0,0,1,0,1307
6277,"1307-10-20 01:49:09",1,0,0,0,0,1,0,1307
6278,"1307-04-11 08:48:28",0,1,0,0,0,0,1,1307
6279,"1307-10-05 14:27:50",0,1,1,0,0,0,0,1307
6280,"1308-03-16 02:39:29",1,0,0,0,1,0,0,1308
6281,"1308-09-09 08:55:52",1,0,0,0,1,0,0,1308
6282,"1308-03-31 01:09:47",0,1,0,0,0,0,1,1308
6283,"1308-09-23 14:18:52",0,1,1,0,0,0,0,1308
6284,"1309-03-05 05:14:29",1,0,0,0,0,0,1,1309
6285,"1309-08-29 20:56:52",1,0,0,0,0,0,1,1309
6286,"1309-02-19 05:28:03",0,1,0,0,1,0,0,1309
6287,"1309-03-20 16:49:09",0,1,0,0,1,0,0,1309
6288,"1309-08-14 08:27:16",0,1,0,0,1,0,0,1309
6289,"1309-09-12 19:14:25",0,1,0,0,1,0,0,1309
6290,"1310-02-22 14:53:10",1,0,0,0,1,0,0,1310
6291,"1310-08-19 01:53:14",1,0,0,0,1,0,0,1310
6292,"1310-02-08 11:46:46",0,1,1,0,0,0,0,1310
6293,"1310-08-03 23:36:41",0,1,0,0,0,0,1,1310
6294,"1311-01-13 19:36:26",1,0,0,0,0,1,0,1311
6295,"1311-02-12 05:47:24",1,0,0,0,0,1,0,1311
6296,"1311-07-09 11:49:31",1,0,0,0,0,1,0,1311
6297,"1311-08-08 02:18:34",1,0,0,0,0,1,0,1311
6298,"1311-01-28 11:46:31",0,1,1,0,0,0,0,1311
6299,"1311-07-24 16:44:00",0,1,0,0,0,0,1,1311
6300,"1312-01-03 09:44:52",1,0,0,0,1,0,0,1312
6301,"1312-06-27 18:32:43",1,0,0,0,1,0,0,1312
6302,"1312-12-22 18:00:55",1,0,0,0,0,0,1,1312
6303,"1312-01-17 12:09:01",0,1,1,0,0,0,0,1312
6304,"1312-07-13 07:08:17",0,1,0,0,0,0,1,1312
6305,"1313-06-17 08:11:05",1,0,0,0,0,0,1,1313
6306,"1313-12-11 19:11:21",1,0,0,0,1,0,0,1313
6307,"1313-01-05 19:07:03",0,1,0,0,1,0,0,1313
6308,"1313-06-03 01:08:24",0,1,0,0,1,0,0,1313
6309,"1313-11-26 21:53:31",0,1,0,0,0,0,1,1313
6310,"1314-06-07 01:17:19",1,0,0,0,1,0,0,1314
6311,"1314-11-30 18:30:07",1,0,0,0,0,1,0,1314
6312,"1314-05-23 01:39:09",0,1,1,0,0,0,0,1314
6313,"1314-11-16 13:04:07",0,1,0,0,0,0,1,1314
6314,"1315-04-28 07:38:03",1,0,0,0,1,0,0,1315
6315,"1315-10-21 10:33:16",1,0,0,0,1,0,0,1315
6316,"1315-05-12 05:43:55",0,1,1,0,0,0,0,1315
6317,"1315-11-05 23:39:01",0,1,1,0,0,0,0,1315
6318,"1316-04-16 14:03:56",1,0,0,0,0,0,1,1316
6319,"1316-10-10 01:17:26",1,0,0,0,0,0,1,1316
6320,"1316-04-01 08:25:57",0,1,0,0,1,0,0,1316
6321,"1316-04-30 16:57:51",0,1,0,0,1,0,0,1316
6322,"1316-10-25 03:01:35",0,1,0,0,1,0,0,1316
6323,"1317-04-05 14:39:02",1,0,0,0,1,0,0,1317
6324,"1317-09-29 17:31:05",1,0,0,0,0,0,1,1317
6325,"1317-03-22 00:59:20",0,1,0,0,0,0,1,1317
6326,"1317-09-14 10:10:17",0,1,1,0,0,0,0,1317
6327,"1318-03-25 16:16:07",1,0,0,0,0,1,0,1318
6328,"1318-08-20 18:27:12",1,0,0,0,0,1,0,1318
6329,"1318-09-19 06:33:55",1,0,0,0,0,1,0,1318
6330,"1318-03-11 15:31:20",0,1,0,0,0,0,0,1318
6331,"1318-09-03 17:16:30",0,1,0,0,0,0,0,1318
6332,"1319-02-13 13:38:17",1,0,0,0,1,0,0,1319
6333,"1319-08-09 21:39:44",1,0,0,0,1,0,0,1319
6334,"1319-02-28 23:48:53",0,1,1,0,0,0,0,1319
6335,"1319-08-24 07:12:35",0,1,0,0,0,0,1,1319
6336,"1320-02-03 05:10:01",1,0,0,0,0,0,1,1320
6337,"1320-07-28 22:09:35",1,0,0,0,0,0,1,1320
6338,"1320-02-18 01:02:27",0,1,0,0,1,0,0,1320
6339,"1320-07-14 16:47:33",0,1,0,0,1,0,0,1320
6340,"1320-08-13 00:09:32",0,1,0,0,1,0,0,1320
6341,"1321-01-22 20:11:32",1,0,0,0,1,0,0,1321
6342,"1321-07-18 03:14:39",1,0,0,0,1,0,0,1321
6343,"1321-01-07 08:02:50",0,1,1,0,0,0,0,1321
6344,"1321-07-04 05:42:09",0,1,0,0,0,0,0,1321
6345,"1321-12-27 17:04:19",0,1,0,0,0,0,0,1321
6346,"1322-01-12 06:11:25",1,0,0,0,0,1,0,1322
6347,"1322-06-08 08:24:36",1,0,0,0,0,1,0,1322
6348,"1322-07-07 15:34:46",1,0,0,0,0,1,0,1322
6349,"1322-12-02 13:30:20",1,0,0,0,0,0,0,1322
6350,"1322-06-23 11:31:04",0,1,1,0,0,0,0,1322
6351,"1322-12-17 07:33:45",0,1,0,0,0,0,1,1322
6352,"1323-05-29 01:37:29",1,0,0,0,0,0,1,1323
6353,"1323-11-21 13:48:56",1,0,0,0,0,0,1,1323
6354,"1323-06-12 12:17:17",0,1,1,0,0,0,0,1323
6355,"1323-12-06 23:05:28",0,1,0,0,1,0,0,1323
6356,"1324-05-17 16:20:55",1,0,0,0,0,0,1,1324
6357,"1324-11-09 20:46:55",1,0,0,0,0,0,1,1324
6358,"1324-05-02 03:39:22",0,1,0,0,1,0,0,1324
6359,"1324-10-26 20:11:59",0,1,1,0,0,0,0,1324
6360,"1325-05-07 00:36:28",1,0,0,0,0,1,0,1325
6361,"1325-10-01 00:57:59",1,0,0,0,0,1,0,1325
6362,"1325-10-30 10:19:42",1,0,0,0,0,1,0,1325
6363,"1325-04-21 16:33:53",0,1,0,0,0,0,1,1325
6364,"1325-10-15 21:54:56",0,1,1,0,0,0,0,1325
6365,"1326-03-27 09:53:06",1,0,0,0,1,0,0,1326
6366,"1326-09-20 16:51:37",1,0,0,0,1,0,0,1326
6367,"1326-04-11 09:09:04",0,1,0,0,0,0,1,1326
6368,"1326-10-04 21:43:21",0,1,1,0,0,0,0,1326
6369,"1327-03-16 12:58:02",1,0,0,0,0,0,1,1327
6370,"1327-09-10 04:21:11",1,0,0,0,0,0,1,1327
6371,"1327-03-02 13:37:09",0,1,0,0,1,0,0,1327
6372,"1327-04-01 00:46:14",0,1,0,0,1,0,0,1327
6373,"1327-09-24 02:54:05",0,1,0,0,1,0,0,1327
6374,"1328-03-04 23:08:13",1,0,0,0,1,0,0,1328
6375,"1328-08-29 08:45:46",1,0,0,0,1,0,0,1328
6376,"1328-02-19 19:39:37",0,1,1,0,0,0,0,1328
6377,"1328-08-14 07:16:07",0,1,0,0,0,0,1,1328
6378,"1329-01-24 04:24:32",1,0,0,0,0,1,0,1329
6379,"1329-02-22 14:20:15",1,0,0,0,0,1,0,1329
6380,"1329-07-19 18:26:48",1,0,0,0,0,1,0,1329
6381,"1329-08-18 09:00:31",1,0,0,0,0,1,0,1329
6382,"1329-02-07 19:35:18",0,1,1,0,0,0,0,1329
6383,"1329-08-04 00:15:49",0,1,0,0,0,0,1,1329
6384,"1330-01-13 18:25:06",1,0,0,0,1,0,0,1330
6385,"1330-07-09 01:35:41",1,0,0,0,1,0,0,1330
6386,"1330-01-27 20:18:24",0,1,1,0,0,0,0,1330
6387,"1330-07-24 14:16:29",0,1,0,0,0,0,1,1330
6388,"1331-01-03 02:20:17",1,0,0,0,0,0,1,1331
6389,"1331-06-28 15:34:11",1,0,0,0,0,0,1,1331
6390,"1331-12-23 03:14:28",1,0,0,0,1,0,0,1331
6391,"1331-01-17 03:43:05",0,1,0,0,1,0,0,1331
6392,"1331-06-14 07:36:24",0,1,0,0,1,0,0,1331
6393,"1331-07-13 21:36:05",0,1,0,0,1,0,0,1331
6394,"1331-12-08 06:44:29",0,1,0,0,0,0,1,1331
6395,"1332-06-17 08:44:50",1,0,0,0,1,0,0,1332
6396,"1332-12-11 02:38:08",1,0,0,0,0,1,0,1332
6397,"1332-06-02 08:10:12",0,1,1,0,0,0,0,1332
6398,"1332-11-26 21:42:50",0,1,0,0,0,0,1,1332
6399,"1333-05-08 14:55:50",1,0,0,0,1,0,0,1333
6400,"1333-10-31 18:54:34",1,0,0,0,1,0,0,1333
6401,"1333-05-22 12:45:05",0,1,1,0,0,0,0,1333
6402,"1333-11-16 07:50:52",0,1,1,0,0,0,0,1333
6403,"1334-04-27 21:01:54",1,0,0,0,0,0,1,1334
6404,"1334-10-21 09:42:39",1,0,0,0,0,0,1,1334
6405,"1334-05-12 00:29:01",0,1,0,0,1,0,0,1334
6406,"1334-11-05 10:45:58",0,1,0,0,1,0,0,1334
6407,"1335-04-16 21:34:46",1,0,0,0,1,0,0,1335
6408,"1335-10-11 01:43:51",1,0,0,0,0,0,1,1335
6409,"1335-04-02 09:04:37",0,1,0,0,0,0,1,1335
6410,"1335-09-25 17:31:45",0,1,0,0,1,0,0,1335
6411,"1336-04-04 23:37:14",1,0,0,0,0,1,0,1336
6412,"1336-09-29 14:20:20",1,0,0,0,0,1,0,1336
6413,"1336-03-21 23:30:02",0,1,0,0,0,0,0,1336
6414,"1336-09-14 00:56:46",0,1,0,0,0,0,0,1336
6415,"1337-02-23 22:03:14",1,0,0,0,1,0,0,1337
6416,"1337-08-20 04:22:35",1,0,0,0,1,0,0,1337
6417,"1337-03-11 07:30:28",0,1,1,0,0,0,0,1337
6418,"1337-09-03 15:02:48",0,1,0,0,0,0,1,1337
6419,"1338-02-13 13:49:01",1,0,0,0,0,0,1,1338
6420,"1338-08-09 04:50:16",1,0,0,0,0,0,1,1338
6421,"1338-02-28 08:37:19",0,1,0,0,1,0,0,1338
6422,"1338-07-26 00:12:10",0,1,0,0,1,0,0,1338
6423,"1338-08-24 07:53:00",0,1,0,0,1,0,0,1338
6424,"1339-02-03 04:48:02",1,0,0,0,1,0,0,1339
6425,"1339-07-29 10:16:35",1,0,0,0,1,0,0,1339
6426,"1339-01-18 16:21:38",0,1,1,0,0,0,0,1339
6427,"1339-07-15 12:40:25",0,1,0,0,0,0,0,1339
6428,"1340-01-23 14:31:44",1,0,0,0,0,1,0,1340
6429,"1340-06-18 15:50:13",1,0,0,0,0,1,0,1340
6430,"1340-07-17 22:56:36",1,0,0,0,0,1,0,1340
6431,"1340-12-12 21:31:42",1,0,0,0,0,0,0,1340
6432,"1340-01-08 01:47:30",0,1,0,0,0,0,0,1340
6433,"1340-07-03 18:00:33",0,1,1,0,0,0,0,1340
6434,"1340-12-27 16:27:46",0,1,0,0,0,0,1,1340
6435,"1341-06-08 09:05:28",1,0,0,0,0,0,1,1341
6436,"1341-12-01 21:59:47",1,0,0,0,0,0,1,1341
6437,"1341-06-22 18:42:09",0,1,1,0,0,0,0,1341
6438,"1341-12-17 07:53:24",0,1,0,0,1,0,0,1341
6439,"1342-05-28 23:34:44",1,0,0,0,0,0,1,1342
6440,"1342-11-21 05:16:34",1,0,0,0,0,0,1,1342
6441,"1342-05-13 10:52:45",0,1,0,0,1,0,0,1342
6442,"1342-11-07 04:12:09",0,1,1,0,0,0,0,1342
6443,"1343-05-18 07:26:47",1,0,0,0,0,1,0,1343
6444,"1343-11-10 18:56:59",1,0,0,0,0,1,0,1343
6445,"1343-05-03 00:14:18",0,1,0,0,0,0,1,1343
6446,"1343-10-27 05:29:27",0,1,1,0,0,0,0,1343
6447,"1344-04-06 16:59:27",1,0,0,0,0,0,0,1344
6448,"1344-10-01 00:53:50",1,0,0,0,1,0,0,1344
6449,"1344-04-21 17:01:39",0,1,0,0,0,0,1,1344
6450,"1344-10-15 05:17:02",0,1,1,0,0,0,0,1344
6451,"1345-03-26 20:34:46",1,0,0,0,0,0,1,1345
6452,"1345-09-20 11:52:54",1,0,0,0,0,0,1,1345
6453,"1345-03-12 21:37:07",0,1,0,0,1,0,0,1345
6454,"1345-04-11 08:34:57",0,1,0,0,1,0,0,1345
6455,"1345-10-04 10:44:05",0,1,0,0,1,0,0,1345
6456,"1346-03-16 07:17:04",1,0,0,0,1,0,0,1346
6457,"1346-09-09 15:44:35",1,0,0,0,1,0,0,1346
6458,"1346-03-02 03:23:52",0,1,1,0,0,0,0,1346
6459,"1346-08-25 15:01:35",0,1,0,0,0,0,1,1346
6460,"1347-02-04 13:07:36",1,0,0,0,0,1,0,1347
6461,"1347-03-05 22:46:28",1,0,0,0,0,1,0,1347
6462,"1347-07-31 01:09:38",1,0,0,0,0,1,0,1347
6463,"1347-08-29 15:50:10",1,0,0,0,0,1,0,1347
6464,"1347-02-19 03:17:12",0,1,1,0,0,0,0,1347
6465,"1347-08-15 07:51:48",0,1,0,0,0,0,1,1347
6466,"1348-01-25 03:00:00",1,0,0,0,1,0,0,1348
6467,"1348-07-19 08:42:42",1,0,0,0,1,0,0,1348
6468,"1348-02-08 04:21:46",0,1,1,0,0,0,0,1348
6469,"1348-08-03 21:27:19",0,1,0,0,0,0,0,1348
6470,"1349-01-13 10:35:53",1,0,0,0,0,0,1,1349
6471,"1349-07-08 22:59:34",1,0,0,0,0,0,1,1349
6472,"1349-01-27 12:15:01",0,1,0,0,1,0,0,1349
6473,"1349-06-24 14:02:35",0,1,0,0,1,0,0,1349
6474,"1349-07-24 04:15:50",0,1,0,0,1,0,0,1349
6475,"1349-12-18 15:36:41",0,1,0,0,0,0,1,1349
6476,"1350-01-02 11:16:03",1,0,0,0,1,0,0,1350
6477,"1350-06-28 16:12:03",1,0,0,0,1,0,0,1350
6478,"1350-12-22 10:49:20",1,0,0,0,0,1,0,1350
6479,"1350-06-13 14:40:14",0,1,1,0,0,0,0,1350
6480,"1350-12-08 06:25:07",0,1,0,0,0,0,1,1350
6481,"1351-05-19 22:04:39",1,0,0,0,0,1,0,1351
6482,"1351-06-18 07:41:01",1,0,0,0,0,1,0,1351
6483,"1351-11-12 03:24:28",1,0,0,0,1,0,0,1351
6484,"1351-06-02 19:42:21",0,1,0,0,0,0,0,1351
6485,"1351-11-27 16:08:21",0,1,1,0,0,0,0,1351
6486,"1352-05-08 03:49:47",1,0,0,0,0,0,1,1352
6487,"1352-10-31 18:15:55",1,0,0,0,0,0,1,1352
6488,"1352-05-22 07:54:47",0,1,0,0,0,0,1,1352
6489,"1352-11-15 18:37:32",0,1,0,0,1,0,0,1352
6490,"1353-04-27 04:22:21",1,0,0,0,0,0,1,1353
6491,"1353-10-21 10:04:33",1,0,0,0,0,0,1,1353
6492,"1353-04-12 17:01:26",0,1,0,0,0,0,1,1353
6493,"1353-10-06 01:04:20",0,1,0,0,1,0,0,1353
6494,"1354-04-16 06:53:06",1,0,0,0,0,1,0,1354
6495,"1354-10-10 22:12:20",1,0,0,0,0,1,0,1354
6496,"1354-04-02 07:20:44",0,1,0,0,0,0,0,1354
6497,"1354-09-25 08:45:05",0,1,0,0,0,0,0,1354
6498,"1355-03-07 06:23:38",1,0,0,0,1,0,0,1355
6499,"1355-08-31 11:10:44",1,0,0,0,1,0,0,1355
6500,"1355-03-22 15:04:19",0,1,1,0,0,0,0,1355
6501,"1355-09-14 22:59:34",0,1,0,0,0,0,1,1355
6502,"1356-02-24 22:21:49",1,0,0,0,0,0,1,1356
6503,"1356-08-19 11:38:25",1,0,0,0,0,0,1,1356
6504,"1356-03-10 16:03:44",0,1,0,0,1,0,0,1356
6505,"1356-08-05 07:39:32",0,1,0,0,1,0,0,1356
6506,"1356-09-03 15:42:35",0,1,0,0,1,0,0,1356
6507,"1357-02-13 13:17:57",1,0,0,0,1,0,0,1357
6508,"1357-08-08 17:26:17",1,0,0,0,1,0,0,1357
6509,"1357-01-29 00:37:19",0,1,1,0,0,0,0,1357
6510,"1357-07-25 19:41:01",0,1,1,0,0,0,0,1357
6511,"1358-02-02 22:45:12",1,0,0,0,0,1,0,1358
6512,"1358-06-29 23:17:54",1,0,0,0,0,1,0,1358
6513,"1358-07-29 06:24:10",1,0,0,0,0,1,0,1358
6514,"1358-12-24 05:33:41",1,0,0,0,0,0,0,1358
6515,"1358-01-18 10:27:48",0,1,0,0,0,0,1,1358
6516,"1358-07-15 00:32:17",0,1,1,0,0,0,0,1358
6517,"1359-06-19 16:30:22",1,0,0,0,1,0,0,1359
6518,"1359-12-13 06:14:54",1,0,0,0,0,0,1,1359
6519,"1359-01-08 01:20:08",0,1,0,0,0,0,1,1359
6520,"1359-07-04 01:07:07",0,1,1,0,0,0,0,1359
6521,"1359-12-28 16:41:28",0,1,0,0,1,0,0,1359
6522,"1360-06-08 06:42:33",1,0,0,0,0,0,1,1360
6523,"1360-12-01 13:51:16",1,0,0,0,0,0,1,1360
6524,"1360-05-23 18:01:44",0,1,0,0,1,0,0,1360
6525,"1360-06-22 04:46:52",0,1,0,0,1,0,0,1360
6526,"1360-11-17 12:17:41",0,1,1,0,0,0,0,1360
6527,"1361-05-28 14:09:49",1,0,0,0,0,1,0,1361
6528,"1361-11-21 03:40:34",1,0,0,0,0,1,0,1361
6529,"1361-05-13 07:48:41",0,1,0,0,0,0,1,1361
6530,"1361-11-06 13:12:31",0,1,1,0,0,0,0,1361
6531,"1362-04-17 23:57:25",1,0,0,0,0,1,0,1362
6532,"1362-10-12 09:02:48",1,0,0,0,1,0,0,1362
6533,"1362-05-03 00:46:55",0,1,0,0,0,0,1,1362
6534,"1362-10-26 13:00:08",0,1,1,0,0,0,0,1362
6535,"1363-04-07 04:04:12",1,0,0,0,0,0,1,1363
6536,"1363-10-01 19:31:05",1,0,0,0,0,0,1,1363
6537,"1363-04-22 16:14:23",0,1,0,0,1,0,0,1363
6538,"1363-10-15 18:43:44",0,1,0,0,1,0,0,1363
6539,"1364-03-26 15:17:15",1,0,0,0,0,0,1,1364
6540,"1364-09-19 22:51:28",1,0,0,0,1,0,0,1364
6541,"1364-03-12 10:57:20",0,1,1,0,0,0,0,1364
6542,"1364-09-04 22:53:46",0,1,0,0,0,0,1,1364
6543,"1365-02-14 21:45:10",1,0,0,0,0,1,0,1365
6544,"1365-03-16 07:05:08",1,0,0,0,0,1,0,1365
6545,"1365-09-08 22:48:27",1,0,0,0,0,1,0,1365
6546,"1365-03-01 10:51:43",0,1,1,0,0,0,0,1365
6547,"1365-08-25 15:32:32",0,1,0,0,0,0,1,1365
6548,"1366-02-04 11:30:05",1,0,0,0,1,0,0,1366
6549,"1366-07-30 15:54:49",1,0,0,0,1,0,0,1366
6550,"1366-02-18 12:20:43",0,1,1,0,0,0,0,1366
6551,"1366-08-15 04:41:10",0,1,0,0,0,0,0,1366
6552,"1367-01-24 18:48:23",1,0,0,0,0,0,1,1367
6553,"1367-07-20 06:26:13",1,0,0,0,0,0,1,1367
6554,"1367-02-07 20:44:08",0,1,0,0,1,0,0,1367
6555,"1367-07-05 20:26:57",0,1,0,0,1,0,0,1367
6556,"1367-08-04 10:56:30",0,1,0,0,1,0,0,1367
6557,"1367-12-30 00:30:25",0,1,0,0,0,0,1,1367
6558,"1368-01-13 19:17:07",1,0,0,0,1,0,0,1368
6559,"1368-07-08 23:39:15",1,0,0,0,1,0,0,1368
6560,"1368-06-23 21:10:01",0,1,1,0,0,0,0,1368
6561,"1368-12-18 15:08:09",0,1,0,0,0,0,0,1368
6562,"1369-01-01 19:00:35",1,0,0,0,0,1,0,1369
6563,"1369-05-30 05:08:38",1,0,0,0,0,1,0,1369
6564,"1369-06-28 14:52:19",1,0,0,0,0,1,0,1369
6565,"1369-11-22 11:59:57",1,0,0,0,1,0,0,1369
6566,"1369-06-13 02:40:25",0,1,0,0,0,0,0,1369
6567,"1369-12-08 00:27:51",0,1,1,0,0,0,0,1369
6568,"1370-05-19 10:32:17",1,0,0,0,0,0,1,1370
6569,"1370-11-12 02:54:28",1,0,0,0,0,0,1,1370
6570,"1370-06-02 15:19:28",0,1,0,0,0,0,1,1370
6571,"1370-11-27 02:33:02",0,1,0,0,1,0,0,1370
6572,"1371-05-08 11:04:01",1,0,0,0,0,0,1,1371
6573,"1371-11-01 18:31:29",1,0,0,0,0,0,1,1371
6574,"1371-04-24 00:51:08",0,1,0,0,0,0,1,1371
6575,"1371-10-17 08:46:29",0,1,0,0,1,0,0,1371
6576,"1372-04-26 14:00:52",1,0,0,0,0,1,0,1372
6577,"1372-10-21 06:12:38",1,0,0,0,0,1,0,1372
6578,"1372-04-12 15:00:01",0,1,0,0,0,0,0,1372
6579,"1372-10-05 16:44:16",0,1,0,0,0,0,0,1372
6580,"1373-03-17 14:35:13",1,0,0,0,1,0,0,1373
6581,"1373-09-10 18:07:45",1,0,0,0,0,0,0,1373
6582,"1373-04-01 22:26:23",0,1,1,0,0,0,0,1373
6583,"1373-09-25 07:05:18",0,1,0,0,0,0,1,1373
6584,"1374-03-07 06:46:18",1,0,0,0,0,0,1,1374
6585,"1374-08-30 18:35:17",1,0,0,0,0,0,1,1374
6586,"1374-03-21 23:20:11",0,1,0,0,1,0,0,1374
6587,"1374-08-16 15:11:03",0,1,0,0,1,0,0,1374
6588,"1374-09-14 23:39:08",0,1,0,0,1,0,0,1374
6589,"1375-02-24 21:40:20",1,0,0,0,1,0,0,1375
6590,"1375-08-20 00:41:45",1,0,0,0,1,0,0,1375
6591,"1375-02-09 08:48:47",0,1,1,0,0,0,0,1375
6592,"1375-08-06 02:41:55",0,1,1,0,0,0,0,1375
6593,"1376-02-14 06:52:25",1,0,0,0,0,1,0,1376
6594,"1376-07-10 06:45:12",1,0,0,0,0,1,0,1376
6595,"1376-08-08 13:55:56",1,0,0,0,0,1,0,1376
6596,"1376-01-29 19:06:08",0,1,0,0,0,0,1,1376
6597,"1376-07-25 07:04:21",0,1,1,0,0,0,0,1376
6598,"1377-01-03 13:36:15",1,0,0,0,0,0,0,1377
6599,"1377-06-29 23:54:08",1,0,0,0,1,0,0,1377
6600,"1377-12-23 14:33:31",1,0,0,0,0,0,1,1377
6601,"1377-01-18 10:10:39",0,1,0,0,0,0,1,1377
6602,"1377-07-14 07:34:39",0,1,1,0,0,0,0,1377
6603,"1378-06-19 13:47:04",1,0,0,0,0,0,1,1378
6604,"1378-12-12 22:30:06",1,0,0,0,0,0,1,1378
6605,"1378-01-08 01:29:16",0,1,0,0,1,0,0,1378
6606,"1378-06-04 01:09:28",0,1,0,0,1,0,0,1378
6607,"1378-07-03 11:36:39",0,1,0,0,1,0,0,1378
6608,"1378-11-28 20:27:12",0,1,0,0,0,0,0,1378
6609,"1379-06-08 20:48:28",1,0,0,0,1,0,0,1379
6610,"1379-12-02 12:28:34",1,0,0,0,0,1,0,1379
6611,"1379-05-24 15:20:13",0,1,0,0,0,0,1,1379
6612,"1379-11-17 21:01:43",0,1,1,0,0,0,0,1379
6613,"1380-04-28 06:48:31",1,0,0,0,0,1,0,1380
6614,"1380-10-22 17:18:53",1,0,0,0,1,0,0,1380
6615,"1380-05-13 08:26:14",0,1,0,0,0,0,1,1380
6616,"1380-11-05 20:52:03",0,1,1,0,0,0,0,1380
6617,"1381-04-17 11:28:07",1,0,0,0,0,0,1,1381
6618,"1381-10-12 03:16:03",1,0,0,0,0,0,1,1381
6619,"1381-05-02 23:46:58",0,1,0,0,1,0,0,1381
6620,"1381-10-26 02:51:44",0,1,0,0,1,0,0,1381
6621,"1382-04-06 23:11:47",1,0,0,0,0,0,1,1382
6622,"1382-10-01 06:06:32",1,0,0,0,1,0,0,1382
6623,"1382-03-23 18:21:41",0,1,1,0,0,0,0,1382
6624,"1382-09-16 06:53:45",0,1,0,0,0,0,1,1382
6625,"1383-02-26 06:15:16",1,0,0,0,0,1,0,1383
6626,"1383-03-27 15:15:41",1,0,0,0,0,1,0,1383
6627,"1383-09-20 05:56:08",1,0,0,0,0,1,0,1383
6628,"1383-03-12 18:17:20",0,1,1,0,0,0,0,1383
6629,"1383-09-05 23:18:59",0,1,0,0,0,0,1,1383
6630,"1384-02-15 19:52:26",1,0,0,0,1,0,0,1384
6631,"1384-08-09 23:13:58",1,0,0,0,1,0,0,1384
6632,"1384-02-29 20:12:08",0,1,1,0,0,0,0,1384
6633,"1384-08-25 12:00:29",0,1,0,0,0,0,0,1384
6634,"1385-02-04 02:52:49",1,0,0,0,0,0,1,1385
6635,"1385-07-30 13:58:14",1,0,0,0,0,0,1,1385
6636,"1385-02-18 05:05:57",0,1,0,0,1,0,0,1385
6637,"1385-07-16 02:53:32",0,1,0,0,1,0,0,1385
6638,"1385-08-14 17:42:59",0,1,0,0,1,0,0,1385
6639,"1386-01-24 03:13:55",1,0,0,0,1,0,0,1386
6640,"1386-07-20 07:07:25",1,0,0,0,1,0,0,1386
6641,"1386-01-09 09:22:52",0,1,0,0,0,0,1,1386
6642,"1386-07-05 03:40:46",0,1,1,0,0,0,0,1386
6643,"1386-12-29 23:51:55",0,1,0,0,0,0,0,1386
6644,"1387-01-13 03:11:53",1,0,0,0,0,1,0,1387
6645,"1387-06-10 12:06:23",1,0,0,0,0,1,0,1387
6646,"1387-07-09 22:01:24",1,0,0,0,0,1,0,1387
6647,"1387-12-03 20:41:44",1,0,0,0,1,0,0,1387
6648,"1387-06-24 09:37:52",0,1,0,0,0,0,0,1387
6649,"1387-12-19 08:49:59",0,1,1,0,0,0,0,1387
6650,"1388-05-29 17:06:37",1,0,0,0,1,0,0,1388
6651,"1388-11-22 11:39:59",1,0,0,0,0,0,1,1388
6652,"1388-06-12 22:41:00",0,1,0,0,0,0,1,1388
6653,"1388-12-07 10:33:50",0,1,0,0,1,0,0,1388
6654,"1389-05-18 17:40:16",1,0,0,0,0,0,1,1389
6655,"1389-11-12 03:04:20",1,0,0,0,0,0,1,1389
6656,"1389-05-04 08:33:52",0,1,0,0,1,0,0,1389
6657,"1389-06-02 15:39:43",0,1,0,0,1,0,0,1389
6658,"1389-10-27 16:38:06",0,1,0,0,1,0,0,1389
6659,"1390-05-07 21:05:25",1,0,0,0,0,0,0,1390
6660,"1390-11-01 14:18:54",1,0,0,0,0,1,0,1390
6661,"1390-04-23 22:32:10",0,1,0,0,0,0,0,1390
6662,"1390-10-17 00:52:02",0,1,0,0,0,0,0,1390
6663,"1391-03-28 22:40:38",1,0,0,0,1,0,0,1391
6664,"1391-09-22 01:11:35",1,0,0,0,0,1,0,1391
6665,"1391-04-13 05:39:16",0,1,1,0,0,0,0,1391
6666,"1391-10-06 15:18:09",0,1,0,0,0,0,1,1391
6667,"1392-03-17 15:03:52",1,0,0,0,0,0,1,1392
6668,"1392-09-10 01:41:26",1,0,0,0,0,0,1,1392
6669,"1392-04-01 06:28:26",0,1,0,0,1,0,0,1392
6670,"1392-09-25 07:42:40",0,1,0,0,1,0,0,1392
6671,"1393-03-07 05:53:54",1,0,0,0,1,0,0,1393
6672,"1393-08-30 08:06:59",1,0,0,0,0,0,1,1393
6673,"1393-02-19 16:54:11",0,1,1,0,0,0,0,1393
6674,"1393-08-16 09:47:55",0,1,1,0,0,0,0,1393
6675,"1394-02-24 14:51:00",1,0,0,0,0,1,0,1394
6676,"1394-07-21 14:15:34",1,0,0,0,0,1,0,1394
6677,"1394-08-19 21:33:52",1,0,0,0,0,1,0,1394
6678,"1394-02-09 03:39:32",0,1,0,0,0,0,1,1394
6679,"1394-08-05 13:40:00",0,1,1,0,0,0,0,1394
6680,"1395-01-14 21:36:25",1,0,0,0,0,0,0,1395
6681,"1395-07-11 07:17:49",1,0,0,0,1,0,0,1395
6682,"1395-01-29 18:57:08",0,1,0,0,0,0,1,1395
6683,"1395-07-25 14:06:02",0,1,1,0,0,0,0,1395
6684,"1396-01-03 22:52:00",1,0,0,0,0,0,1,1396
6685,"1396-06-29 20:48:28",1,0,0,0,0,0,1,1396
6686,"1396-12-23 07:11:05",1,0,0,0,0,0,1,1396
6687,"1396-01-19 10:12:55",0,1,0,0,1,0,0,1396
6688,"1396-06-14 08:15:27",0,1,0,0,1,0,0,1396
6689,"1396-07-13 18:29:37",0,1,0,0,1,0,0,1396
6690,"1396-12-09 04:39:46",0,1,0,0,0,0,0,1396
6691,"1397-06-19 03:23:25",1,0,0,0,1,0,0,1397
6692,"1397-12-12 21:19:17",1,0,0,0,0,1,0,1397
6693,"1397-06-03 22:48:41",0,1,0,0,0,0,1,1397
6694,"1397-11-28 04:56:07",0,1,1,0,0,0,0,1397
6695,"1398-05-09 13:33:45",1,0,0,0,0,1,0,1398
6696,"1398-11-03 01:41:52",1,0,0,0,1,0,0,1398
6697,"1398-05-24 16:00:32",0,1,0,0,0,0,1,1398
6698,"1398-11-17 04:52:26",0,1,1,0,0,0,0,1398
6699,"1399-04-28 18:44:41",1,0,0,0,0,0,1,1399
6700,"1399-10-23 11:08:28",1,0,0,0,0,0,1,1399
6701,"1399-05-14 07:10:16",0,1,0,0,1,0,0,1399
6702,"1399-11-06 11:09:07",0,1,0,0,1,0,0,1399
6703,"1400-04-18 06:58:45",1,0,0,0,0,0,1,1400
6704,"1400-10-12 13:30:31",1,0,0,0,0,0,1,1400
6705,"1400-04-04 01:35:32",0,1,0,0,0,0,0,1400
6706,"1400-09-27 15:01:38",0,1,0,0,0,0,1,1400
6707,"1401-03-09 14:37:46",1,0,0,0,0,1,0,1401
6708,"1401-04-07 23:18:38",1,0,0,0,0,1,0,1401
6709,"1401-10-01 13:14:13",1,0,0,0,0,1,0,1401
6710,"1401-03-24 01:34:39",0,1,1,0,0,0,0,1401
6711,"1401-09-17 07:12:17",0,1,0,0,0,0,1,1401
6712,"1402-02-27 04:08:27",1,0,0,0,1,0,0,1402
6713,"1402-08-22 06:39:02",1,0,0,0,1,0,0,1402
6714,"1402-03-13 03:58:37",0,1,1,0,0,0,0,1402
6715,"1402-09-06 19:23:36",0,1,1,0,0,0,0,1402
6716,"1403-02-16 10:52:03",1,0,0,0,0,0,1,1403
6717,"1403-08-11 21:34:18",1,0,0,0,0,0,1,1403
6718,"1403-03-02 13:23:47",0,1,0,0,1,0,0,1403
6719,"1403-08-27 00:33:37",0,1,0,0,1,0,0,1403
6720,"1404-02-05 11:05:44",1,0,0,0,1,0,0,1404
6721,"1404-07-31 14:38:39",1,0,0,0,1,0,0,1404
6722,"1404-01-21 18:12:47",0,1,0,0,0,0,1,1404
6723,"1404-07-16 10:15:04",0,1,1,0,0,0,0,1404
6724,"1405-01-24 11:20:27",1,0,0,0,0,1,0,1405
6725,"1405-06-21 19:02:15",1,0,0,0,0,1,0,1405
6726,"1405-07-21 05:12:26",1,0,0,0,0,1,0,1405
6727,"1405-12-15 05:25:19",1,0,0,0,1,0,0,1405
6728,"1405-01-10 08:33:40",0,1,0,0,0,0,0,1405
6729,"1405-07-05 16:39:08",0,1,0,0,0,0,0,1405
6730,"1405-12-30 17:10:01",0,1,1,0,0,0,0,1405
6731,"1406-06-10 23:38:31",1,0,0,0,1,0,0,1406
6732,"1406-12-04 20:28:58",1,0,0,0,0,0,1,1406
6733,"1406-06-25 06:04:09",0,1,0,0,0,0,1,1406
6734,"1406-12-19 18:35:58",0,1,0,0,1,0,0,1406
6735,"1407-05-31 00:11:37",1,0,0,0,0,0,1,1407
6736,"1407-11-24 11:42:19",1,0,0,0,0,0,1,1407
6737,"1407-05-16 16:09:27",0,1,0,0,1,0,0,1407
6738,"1407-06-14 23:08:41",0,1,0,0,1,0,0,1407
6739,"1407-11-09 00:38:37",0,1,0,0,1,0,0,1407
6740,"1408-05-19 04:04:27",1,0,0,0,1,0,0,1408
6741,"1408-11-12 22:31:20",1,0,0,0,0,1,0,1408
6742,"1408-05-05 05:54:19",0,1,0,0,0,0,0,1408
6743,"1408-10-28 09:09:10",0,1,0,0,0,0,0,1408
6744,"1409-04-09 06:37:25",1,0,0,0,1,0,0,1409
6745,"1409-10-03 08:26:01",1,0,0,0,0,1,0,1409
6746,"1409-04-24 12:41:29",0,1,1,0,0,0,0,1409
6747,"1409-10-17 23:40:22",0,1,0,0,0,0,1,1409
6748,"1410-03-29 23:12:58",1,0,0,0,0,0,1,1410
6749,"1410-09-22 08:56:42",1,0,0,0,0,0,1,1410
6750,"1410-04-13 13:27:33",0,1,0,0,1,0,0,1410
6751,"1410-10-07 15:52:59",0,1,0,0,1,0,0,1410
6752,"1411-03-19 13:58:52",1,0,0,0,1,0,0,1411
6753,"1411-09-11 15:40:25",1,0,0,0,0,0,1,1411
6754,"1411-03-04 00:53:56",0,1,1,0,0,0,0,1411
6755,"1411-08-28 16:57:31",0,1,1,0,0,0,0,1411
6756,"1412-03-07 22:39:56",1,0,0,0,0,1,0,1412
6757,"1412-08-01 21:48:50",1,0,0,0,0,1,0,1412
6758,"1412-08-31 05:18:53",1,0,0,0,0,1,0,1412
6759,"1412-02-21 12:07:19",0,1,0,0,0,0,1,1412
6760,"1412-08-16 20:20:04",0,1,1,0,0,0,0,1412
6761,"1413-01-26 05:34:16",1,0,0,0,0,0,0,1413
6762,"1413-07-22 14:42:47",1,0,0,0,1,0,0,1413
6763,"1413-02-10 03:39:24",0,1,0,0,0,0,1,1413
6764,"1413-08-05 20:42:45",0,1,1,0,0,0,0,1413
6765,"1414-01-15 07:10:14",1,0,0,0,0,0,1,1414
6766,"1414-07-12 03:49:37",1,0,0,0,0,0,1,1414
6767,"1414-01-30 18:53:01",0,1,0,0,1,0,0,1414
6768,"1414-06-26 15:23:14",0,1,0,0,1,0,0,1414
6769,"1414-07-26 01:27:34",0,1,0,0,1,0,0,1414
6770,"1414-12-21 12:54:08",0,1,0,0,0,0,0,1414
6771,"1415-01-04 15:53:30",1,0,0,0,0,0,1,1415
6772,"1415-07-01 09:55:29",1,0,0,0,1,0,0,1415
6773,"1415-12-25 06:12:18",1,0,0,0,0,1,0,1415
6774,"1415-06-16 06:15:06",0,1,0,0,0,0,1,1415
6775,"1415-12-10 12:54:56",0,1,1,0,0,0,0,1415
6776,"1416-05-20 20:14:46",1,0,0,0,0,1,0,1416
6777,"1416-06-19 10:49:15",1,0,0,0,0,1,0,1416
6778,"1416-11-14 10:10:02",1,0,0,0,1,0,0,1416
6779,"1416-06-04 23:31:13",0,1,0,0,0,0,1,1416
6780,"1416-11-28 12:58:22",0,1,1,0,0,0,0,1416
6781,"1417-05-10 01:57:49",1,0,0,0,1,0,0,1417
6782,"1417-11-03 19:07:35",1,0,0,0,0,0,1,1417
6783,"1417-05-25 14:28:54",0,1,0,0,0,0,1,1417
6784,"1417-11-17 19:33:36",0,1,0,0,1,0,0,1417
6785,"1418-04-29 14:40:47",1,0,0,0,0,0,1,1418
6786,"1418-10-23 21:01:51",1,0,0,0,0,0,1,1418
6787,"1418-04-15 08:40:36",0,1,0,0,1,0,0,1418
6788,"1418-10-08 23:16:41",0,1,0,0,0,0,0,1418
6789,"1419-04-19 07:14:10",1,0,0,0,1,0,0,1419
6790,"1419-10-12 20:42:37",1,0,0,0,0,1,0,1419
6791,"1419-04-04 08:43:28",0,1,1,0,0,0,0,1419
6792,"1419-09-28 15:12:52",0,1,0,0,0,0,1,1419
6793,"1420-03-09 12:13:28",1,0,0,0,1,0,0,1420
6794,"1420-09-01 14:13:39",1,0,0,0,1,0,0,1420
6795,"1420-03-23 11:35:30",0,1,1,0,0,0,0,1420
6796,"1420-09-17 02:54:41",0,1,1,0,0,0,0,1420
6797,"1421-02-26 18:41:01",1,0,0,0,0,0,1,1421
6798,"1421-08-22 05:16:58",1,0,0,0,0,0,1,1421
6799,"1421-03-12 21:33:14",0,1,0,0,1,0,0,1421
6800,"1421-09-06 07:31:25",0,1,0,0,1,0,0,1421
6801,"1422-02-15 18:50:37",1,0,0,0,1,0,0,1422
6802,"1422-08-11 22:13:19",1,0,0,0,1,0,0,1422
6803,"1422-02-01 02:58:16",0,1,0,0,0,0,1,1422
6804,"1422-07-27 16:53:40",0,1,1,0,0,0,0,1422
6805,"1423-02-04 19:25:43",1,0,0,0,0,1,0,1423
6806,"1423-07-03 01:53:04",1,0,0,0,0,1,0,1423
6807,"1423-08-01 12:22:52",1,0,0,0,0,1,0,1423
6808,"1423-12-26 14:12:41",1,0,0,0,1,0,0,1423
6809,"1423-01-21 17:12:56",0,1,0,0,0,0,0,1423
6810,"1423-07-16 23:41:19",0,1,0,0,0,0,0,1423
6811,"1424-06-21 06:05:43",1,0,0,0,1,0,0,1424
6812,"1424-12-15 05:21:23",1,0,0,0,0,0,1,1424
6813,"1424-01-11 01:29:55",0,1,1,0,0,0,0,1424
6814,"1424-07-05 13:27:07",0,1,0,0,0,0,1,1424
6815,"1424-12-30 02:39:09",0,1,0,0,1,0,0,1424
6816,"1425-06-10 06:41:00",1,0,0,0,0,0,1,1425
6817,"1425-12-04 20:24:36",1,0,0,0,0,0,1,1425
6818,"1425-05-26 23:40:14",0,1,0,0,1,0,0,1425
6819,"1425-06-25 06:36:47",0,1,0,0,1,0,0,1425
6820,"1425-11-19 08:47:18",0,1,0,0,1,0,0,1425
6821,"1426-05-30 11:01:48",1,0,0,0,1,0,0,1426
6822,"1426-11-24 06:48:06",1,0,0,0,0,1,0,1426
6823,"1426-05-16 13:10:15",0,1,0,0,0,0,0,1426
6824,"1426-11-08 17:33:24",0,1,0,0,0,0,0,1426
6825,"1427-04-20 14:29:10",1,0,0,0,1,0,0,1427
6826,"1427-05-19 22:32:09",1,0,0,0,0,1,0,1427
6827,"1427-10-14 15:48:21",1,0,0,0,0,1,0,1427
6828,"1427-05-05 19:36:25",0,1,1,0,0,0,0,1427
6829,"1427-10-29 08:09:24",0,1,0,0,0,0,1,1427
6830,"1428-04-09 07:14:03",1,0,0,0,0,0,1,1428
6831,"1428-10-02 16:22:43",1,0,0,0,0,0,1,1428
6832,"1428-04-23 20:18:36",0,1,0,0,1,0,0,1428
6833,"1428-10-18 00:10:56",0,1,0,0,0,0,1,1428
6834,"1429-03-29 21:55:00",1,0,0,0,0,0,1,1429
6835,"1429-09-21 23:23:22",1,0,0,0,0,0,1,1429
6836,"1429-03-14 08:47:03",0,1,0,0,1,0,0,1429
6837,"1429-09-08 00:13:15",0,1,0,0,0,0,0,1429
6838,"1430-03-19 06:19:22",1,0,0,0,0,1,0,1430
6839,"1430-08-13 05:27:37",1,0,0,0,0,1,0,1430
6840,"1430-09-11 13:11:48",1,0,0,0,1,0,0,1430
6841,"1430-03-03 20:28:42",0,1,0,0,0,0,1,1430
6842,"1430-08-28 03:06:44",0,1,1,0,0,0,0,1430
6843,"1431-02-06 13:26:17",1,0,0,0,0,1,0,1431
6844,"1431-08-02 22:09:36",1,0,0,0,1,0,0,1431
6845,"1431-02-21 12:14:43",0,1,0,0,0,0,1,1431
6846,"1431-08-17 03:25:55",0,1,1,0,0,0,0,1431
6847,"1432-01-26 15:25:35",1,0,0,0,0,0,1,1432
6848,"1432-07-22 10:51:13",1,0,0,0,0,0,1,1432
6849,"1432-02-11 03:26:32",0,1,0,0,1,0,0,1432
6850,"1432-07-06 22:32:49",0,1,0,0,1,0,0,1432
6851,"1432-08-05 08:32:06",0,1,0,0,1,0,0,1432
6852,"1432-12-31 21:07:05",0,1,0,0,1,0,0,1432
6853,"1433-01-15 00:33:43",1,0,0,0,0,0,1,1433
6854,"1433-07-11 16:27:54",1,0,0,0,1,0,0,1433
6855,"1433-06-26 13:41:41",0,1,0,0,0,0,1,1433
6856,"1433-12-20 20:56:43",0,1,1,0,0,0,0,1433
6857,"1434-01-04 15:05:39",1,0,0,0,0,1,0,1434
6858,"1434-06-01 02:51:56",1,0,0,0,0,1,0,1434
6859,"1434-06-30 17:12:59",1,0,0,0,0,1,0,1434
6860,"1434-11-25 18:43:42",1,0,0,0,0,1,0,1434
6861,"1434-06-16 06:58:20",0,1,0,0,0,0,1,1434
6862,"1434-12-09 21:10:35",0,1,1,0,0,0,0,1434
6863,"1435-05-21 09:06:13",1,0,0,0,1,0,0,1435
6864,"1435-11-15 03:13:18",1,0,0,0,0,0,1,1435
6865,"1435-06-05 21:40:52",0,1,0,0,0,0,1,1435
6866,"1435-11-29 04:05:10",0,1,0,0,0,0,0,1435
6867,"1436-05-09 22:16:16",1,0,0,0,0,0,1,1436
6868,"1436-11-03 04:42:28",1,0,0,0,0,0,1,1436
6869,"1436-04-25 15:35:10",0,1,0,0,1,0,0,1436
6870,"1436-10-19 07:40:32",0,1,0,0,1,0,0,1436
6871,"1437-04-29 15:03:34",1,0,0,0,1,0,0,1437
6872,"1437-10-23 04:20:00",1,0,0,0,0,1,0,1437
6873,"1437-04-14 15:45:11",0,1,1,0,0,0,0,1437
6874,"1437-10-08 23:19:50",0,1,0,0,0,0,1,1437
6875,"1438-03-20 20:11:02",1,0,0,0,1,0,0,1438
6876,"1438-09-12 21:55:48",1,0,0,0,0,1,0,1438
6877,"1438-04-03 19:07:30",0,1,1,0,0,0,0,1438
6878,"1438-09-28 10:31:15",0,1,1,0,0,0,0,1438
6879,"1439-03-10 02:22:03",1,0,0,0,0,0,1,1439
6880,"1439-09-02 13:05:16",1,0,0,0,0,0,1,1439
6881,"1439-03-24 05:36:47",0,1,0,0,1,0,0,1439
6882,"1439-09-17 14:35:26",0,1,0,0,1,0,0,1439
6883,"1440-02-27 02:28:43",1,0,0,0,1,0,0,1440
6884,"1440-08-22 05:53:14",1,0,0,0,0,0,1,1440
6885,"1440-02-12 11:38:58",0,1,0,0,0,0,1,1440
6886,"1440-08-06 23:38:56",0,1,1,0,0,0,0,1440
6887,"1441-02-15 03:24:47",1,0,0,0,0,1,0,1441
6888,"1441-07-13 08:45:25",1,0,0,0,0,1,0,1441
6889,"1441-08-11 19:38:16",1,0,0,0,0,1,0,1441
6890,"1441-02-01 01:46:02",0,1,0,0,0,0,0,1441
6891,"1441-07-27 06:50:30",0,1,0,0,0,0,1,1441
6892,"1442-01-05 22:59:22",1,0,0,0,1,0,0,1442
6893,"1442-07-02 12:32:21",1,0,0,0,1,0,0,1442
6894,"1442-12-26 14:14:37",1,0,0,0,0,0,1,1442
6895,"1442-01-21 09:45:07",0,1,1,0,0,0,0,1442
6896,"1442-07-16 20:52:56",0,1,0,0,0,0,1,1442
6897,"1443-06-21 13:09:09",1,0,0,0,0,0,1,1443
6898,"1443-12-16 05:08:48",1,0,0,0,0,0,1,1443
6899,"1443-01-10 10:40:36",0,1,0,0,1,0,0,1443
6900,"1443-06-07 07:06:22",0,1,0,0,1,0,0,1443
6901,"1443-07-06 14:04:25",0,1,0,0,1,0,0,1443
6902,"1443-11-30 17:02:11",0,1,0,0,1,0,0,1443
6903,"1444-06-09 17:56:36",1,0,0,0,1,0,0,1444
6904,"1444-12-04 15:09:10",1,0,0,0,0,1,0,1444
6905,"1444-05-26 20:17:59",0,1,0,0,0,0,0,1444
6906,"1444-11-19 02:05:40",0,1,0,0,0,0,0,1444
6907,"1445-04-30 22:13:54",1,0,0,0,0,1,0,1445
6908,"1445-05-30 05:55:47",1,0,0,0,0,1,0,1445
6909,"1445-10-24 23:19:50",1,0,0,0,0,1,0,1445
6910,"1445-05-16 02:22:59",0,1,1,0,0,0,0,1445
6911,"1445-11-08 16:45:33",0,1,0,0,0,0,1,1445
6912,"1446-04-20 15:07:24",1,0,0,0,0,0,1,1446
6913,"1446-10-13 23:58:52",1,0,0,0,1,0,0,1446
6914,"1446-05-05 03:02:28",0,1,0,0,1,0,0,1446
6915,"1446-10-29 08:36:05",0,1,0,0,0,0,1,1446
6916,"1447-04-10 05:40:50",1,0,0,0,0,0,1,1447
6917,"1447-10-03 07:15:55",1,0,0,0,0,0,1,1447
6918,"1447-03-25 16:32:31",0,1,0,0,1,0,0,1447
6919,"1447-09-19 07:34:59",0,1,0,0,1,0,0,1447
6920,"1448-03-29 13:48:35",1,0,0,0,0,1,0,1448
6921,"1448-09-21 21:12:58",1,0,0,0,1,0,0,1448
6922,"1448-03-14 04:43:23",0,1,0,0,0,0,1,1448
6923,"1448-09-07 10:00:31",0,1,1,0,0,0,0,1448
6924,"1449-02-16 21:12:44",1,0,0,0,0,1,0,1449
6925,"1449-08-13 05:40:35",1,0,0,0,1,0,0,1449
6926,"1449-03-03 20:43:37",0,1,0,0,0,0,1,1449
6927,"1449-08-27 10:17:34",0,1,1,0,0,0,0,1449
6928,"1450-02-05 23:38:37",1,0,0,0,0,0,1,1450
6929,"1450-08-02 17:53:41",1,0,0,0,0,0,1,1450
6930,"1450-02-21 11:54:47",0,1,0,0,1,0,0,1450
6931,"1450-07-18 05:45:14",0,1,0,0,1,0,0,1450
6932,"1450-08-16 15:42:26",0,1,0,0,1,0,0,1450
6933,"1451-01-26 09:12:54",1,0,0,0,0,0,1,1451
6934,"1451-07-22 23:01:01",1,0,0,0,1,0,0,1451
6935,"1451-01-12 05:19:07",0,1,0,0,1,0,0,1451
6936,"1451-07-07 21:09:01",0,1,0,0,0,0,1,1451
6937,"1452-01-15 23:57:19",1,0,0,0,0,1,0,1452
6938,"1452-06-11 09:27:43",1,0,0,0,0,1,0,1452
6939,"1452-07-10 23:38:58",1,0,0,0,0,1,0,1452
6940,"1452-12-06 03:20:27",1,0,0,0,0,1,0,1452
6941,"1452-01-01 04:58:53",0,1,1,0,0,0,0,1452
6942,"1452-06-26 14:24:17",0,1,0,0,0,0,1,1452
6943,"1452-12-20 05:25:28",0,1,1,0,0,0,0,1452
6944,"1453-05-31 16:13:33",1,0,0,0,1,0,0,1453
6945,"1453-11-25 11:22:23",1,0,0,0,0,0,1,1453
6946,"1453-06-16 04:50:17",0,1,0,0,0,0,1,1453
6947,"1453-12-09 12:39:59",0,1,1,0,0,0,0,1453
6948,"1454-05-21 05:48:49",1,0,0,0,0,0,1,1454
6949,"1454-11-14 12:29:21",1,0,0,0,0,0,1,1454
6950,"1454-05-06 22:22:43",0,1,0,0,1,0,0,1454
6951,"1454-10-30 16:11:09",0,1,0,0,1,0,0,1454
6952,"1455-05-10 22:45:07",1,0,0,0,1,0,0,1455
6953,"1455-11-03 12:07:05",1,0,0,0,0,0,0,1455
6954,"1455-04-25 22:37:41",0,1,1,0,0,0,0,1455
6955,"1455-10-20 07:34:24",0,1,0,0,0,0,1,1455
6956,"1456-03-31 03:57:13",1,0,0,0,1,0,0,1456
6957,"1456-09-23 05:48:14",1,0,0,0,0,1,0,1456
6958,"1456-04-14 02:30:56",0,1,1,0,0,0,0,1456
6959,"1456-10-08 18:16:07",0,1,1,0,0,0,0,1456
6960,"1457-03-20 09:51:35",1,0,0,0,0,0,1,1457
6961,"1457-09-12 21:02:05",1,0,0,0,0,0,1,1457
6962,"1457-04-03 13:32:03",0,1,0,0,1,0,0,1457
6963,"1457-09-27 21:48:40",0,1,0,0,1,0,0,1457
6964,"1458-03-09 09:58:38",1,0,0,0,0,0,1,1458
6965,"1458-09-02 13:37:34",1,0,0,0,0,0,1,1458
6966,"1458-02-22 20:13:22",0,1,0,0,0,0,1,1458
6967,"1458-08-18 06:30:00",0,1,0,0,1,0,0,1458
6968,"1459-02-26 11:19:06",1,0,0,0,0,1,0,1459
6969,"1459-07-24 15:36:29",1,0,0,0,0,1,0,1459
6970,"1459-08-23 02:56:23",1,0,0,0,0,1,0,1459
6971,"1459-02-12 10:14:27",0,1,0,0,0,0,0,1459
6972,"1459-08-07 14:03:59",0,1,0,0,0,0,1,1459
6973,"1460-01-17 07:45:39",1,0,0,0,1,0,0,1460
6974,"1460-07-12 18:58:16",1,0,0,0,1,0,0,1460
6975,"1460-02-01 17:55:39",0,1,1,0,0,0,0,1460
6976,"1460-07-27 04:21:43",0,1,0,0,0,0,1,1460
6977,"1461-01-05 23:08:35",1,0,0,0,0,0,1,1461
6978,"1461-07-01 19:38:34",1,0,0,0,0,0,1,1461
6979,"1461-12-26 13:53:52",1,0,0,0,0,0,1,1461
6980,"1461-01-20 18:40:11",0,1,0,0,1,0,0,1461
6981,"1461-06-17 14:30:04",0,1,0,0,1,0,0,1461
6982,"1461-07-16 21:33:18",0,1,0,0,1,0,0,1461
6983,"1461-12-11 01:21:44",0,1,0,0,1,0,0,1461
6984,"1462-06-21 00:52:48",1,0,0,0,1,0,0,1462
6985,"1462-12-15 23:32:15",1,0,0,0,0,1,0,1462
6986,"1462-06-07 03:21:53",0,1,0,0,0,0,0,1462
6987,"1462-11-30 10:43:19",0,1,0,0,0,0,0,1462
6988,"1463-05-12 05:53:30",1,0,0,0,0,1,0,1463
6989,"1463-06-10 13:17:16",1,0,0,0,0,1,0,1463
6990,"1463-11-05 06:59:12",1,0,0,0,0,1,0,1463
6991,"1463-05-27 09:02:47",0,1,1,0,0,0,0,1463
6992,"1463-11-20 01:27:42",0,1,0,0,0,0,1,1463
6993,"1464-04-30 22:54:06",1,0,0,0,0,0,1,1464
6994,"1464-10-24 07:44:44",1,0,0,0,1,0,0,1464
6995,"1464-05-15 09:40:56",0,1,1,0,0,0,0,1464
6996,"1464-11-08 17:07:08",0,1,0,0,0,0,1,1464
6997,"1465-04-20 13:18:27",1,0,0,0,0,0,1,1465
6998,"1465-10-13 15:18:27",1,0,0,0,0,0,1,1465
6999,"1465-04-05 00:11:32",0,1,0,0,1,0,0,1465
7000,"1465-09-29 15:04:37",0,1,0,0,1,0,0,1465
7001,"1466-04-09 21:08:12",1,0,0,0,0,1,0,1466
7002,"1466-10-03 05:22:04",1,0,0,0,1,0,0,1466
7003,"1466-03-25 12:51:13",0,1,0,0,0,0,1,1466
7004,"1466-09-18 17:01:54",0,1,1,0,0,0,0,1466
7005,"1467-02-28 04:51:54",1,0,0,0,0,1,0,1467
7006,"1467-08-24 13:16:21",1,0,0,0,1,0,0,1467
7007,"1467-03-15 05:04:44",0,1,0,0,0,0,1,1467
7008,"1467-09-07 17:18:32",0,1,1,0,0,0,0,1467
7009,"1468-02-17 07:44:35",1,0,0,0,0,0,1,1468
7010,"1468-08-13 01:00:09",1,0,0,0,0,0,1,1468
7011,"1468-03-03 20:12:54",0,1,0,0,1,0,0,1468
7012,"1468-08-26 23:02:19",0,1,0,0,1,0,0,1468
7013,"1469-02-05 17:47:24",1,0,0,0,0,0,1,1469
7014,"1469-08-02 05:36:53",1,0,0,0,1,0,0,1469
7015,"1469-01-22 13:26:45",0,1,0,0,1,0,0,1469
7016,"1469-07-18 04:38:29",0,1,0,0,0,0,1,1469
7017,"1470-01-26 08:45:56",1,0,0,0,1,0,0,1470
7018,"1470-06-22 16:02:47",1,0,0,0,0,1,0,1470
7019,"1470-07-22 06:07:19",1,0,0,0,0,1,0,1470
7020,"1470-12-17 12:00:08",1,0,0,0,0,1,0,1470
7021,"1470-01-11 13:00:03",0,1,1,0,0,0,0,1470
7022,"1470-07-07 21:49:05",0,1,0,0,0,0,1,1470
7023,"1470-12-31 13:43:15",0,1,1,0,0,0,0,1470
7024,"1471-06-11 23:17:21",1,0,0,0,1,0,0,1471
7025,"1471-12-06 19:36:33",1,0,0,0,0,0,1,1471
7026,"1471-06-27 11:54:20",0,1,0,0,0,0,1,1471
7027,"1471-12-20 21:19:37",0,1,1,0,0,0,0,1471
7028,"1472-05-31 13:17:17",1,0,0,0,0,0,1,1472
7029,"1472-11-24 20:22:33",1,0,0,0,0,0,1,1472
7030,"1472-05-17 05:02:07",0,1,0,0,1,0,0,1472
7031,"1472-06-15 19:14:34",0,1,0,0,1,0,0,1472
7032,"1472-11-10 00:48:40",0,1,0,0,1,0,0,1472
7033,"1473-05-21 06:22:35",1,0,0,0,1,0,0,1473
7034,"1473-11-13 20:02:38",1,0,0,0,1,0,0,1473
7035,"1473-05-06 05:25:11",0,1,1,0,0,0,0,1473
7036,"1473-10-30 15:55:42",0,1,0,0,0,0,1,1473
7037,"1474-04-11 11:35:40",1,0,0,0,0,1,0,1474
7038,"1474-10-04 13:48:16",1,0,0,0,0,1,0,1474
7039,"1474-04-25 09:50:04",0,1,1,0,0,0,0,1474
7040,"1474-10-20 02:06:33",0,1,1,0,0,0,0,1474
7041,"1475-03-31 17:12:56",1,0,0,0,0,0,1,1475
7042,"1475-09-24 05:06:02",1,0,0,0,0,0,1,1475
7043,"1475-04-14 21:22:03",0,1,0,0,0,0,1,1475
7044,"1475-10-09 05:09:30",0,1,0,0,1,0,0,1475
7045,"1476-03-19 17:19:32",1,0,0,0,0,0,1,1476
7046,"1476-09-12 21:29:19",1,0,0,0,0,0,1,1476
7047,"1476-03-05 04:39:57",0,1,0,0,0,0,1,1476
7048,"1476-08-28 13:30:40",0,1,0,0,1,0,0,1476
7049,"1477-03-08 19:06:11",1,0,0,0,0,1,0,1477
7050,"1477-09-02 10:20:10",1,0,0,0,0,1,0,1477
7051,"1477-02-22 18:34:44",0,1,0,0,0,0,0,1477
7052,"1477-08-17 21:25:19",0,1,0,0,0,0,1,1477
7053,"1478-01-27 16:27:56",1,0,0,0,1,0,0,1478
7054,"1478-07-24 01:27:02",1,0,0,0,1,0,0,1478
7055,"1478-02-12 01:58:32",0,1,1,0,0,0,0,1478
7056,"1478-08-07 11:55:42",0,1,0,0,0,0,1,1478
7057,"1479-01-17 07:59:51",1,0,0,0,0,0,1,1479
7058,"1479-07-13 02:09:11",1,0,0,0,0,0,1,1479
7059,"1479-02-01 02:34:09",0,1,0,0,1,0,0,1479
7060,"1479-06-28 21:50:26",0,1,0,0,1,0,0,1479
7061,"1479-07-28 05:03:39",0,1,0,0,1,0,0,1479
7062,"1479-12-22 09:44:48",0,1,0,0,1,0,0,1479
7063,"1480-01-06 22:37:58",1,0,0,0,0,0,1,1480
7064,"1480-07-01 07:49:54",1,0,0,0,1,0,0,1480
7065,"1480-12-26 07:55:17",1,0,0,0,0,1,0,1480
7066,"1480-06-17 10:20:33",0,1,0,0,0,0,0,1480
7067,"1480-12-10 19:25:07",0,1,0,0,0,0,1,1480
7068,"1481-05-22 13:28:26",1,0,0,0,0,1,0,1481
7069,"1481-06-20 20:38:33",1,0,0,0,0,1,0,1481
7070,"1481-11-15 14:47:19",1,0,0,0,0,1,0,1481
7071,"1481-06-06 15:37:28",0,1,1,0,0,0,0,1481
7072,"1481-11-30 10:15:43",0,1,0,0,0,0,1,1481
7073,"1482-05-12 06:33:32",1,0,0,0,0,0,1,1482
7074,"1482-11-04 15:40:01",1,0,0,0,1,0,0,1482
7075,"1482-05-26 16:13:33",0,1,1,0,0,0,0,1482
7076,"1482-11-20 01:44:18",0,1,0,0,0,0,1,1482
7077,"1483-05-01 20:46:52",1,0,0,0,0,0,1,1483
7078,"1483-10-24 23:30:34",1,0,0,0,0,0,1,1483
7079,"1483-04-16 07:43:48",0,1,0,0,1,0,0,1483
7080,"1483-10-10 22:41:43",0,1,0,0,1,0,0,1483
7081,"1484-04-20 04:17:21",1,0,0,0,0,1,0,1484
7082,"1484-10-13 13:40:10",1,0,0,0,1,0,0,1484
7083,"1484-04-04 20:51:22",0,1,0,0,0,0,1,1484
7084,"1484-09-29 00:12:31",0,1,1,0,0,0,0,1484
7085,"1485-03-10 12:24:22",1,0,0,0,0,1,0,1485
7086,"1485-09-03 20:56:37",1,0,0,0,1,0,0,1485
7087,"1485-03-25 13:18:59",0,1,0,0,0,0,1,1485
7088,"1485-09-18 00:27:44",0,1,1,0,0,0,0,1485
7089,"1486-02-27 15:46:30",1,0,0,0,0,0,1,1486
7090,"1486-08-24 08:09:55",1,0,0,0,0,0,1,1486
7091,"1486-03-15 04:24:34",0,1,0,0,1,0,0,1486
7092,"1486-09-07 06:29:41",0,1,0,0,1,0,0,1486
7093,"1487-02-17 02:17:29",1,0,0,0,0,0,1,1487
7094,"1487-08-13 12:15:54",1,0,0,0,1,0,0,1487
7095,"1487-02-02 21:29:40",0,1,0,0,1,0,0,1487
7096,"1487-07-29 12:10:18",0,1,0,0,0,0,1,1487
7097,"1488-02-06 17:30:11",1,0,0,0,1,0,0,1488
7098,"1488-08-01 12:41:24",1,0,0,0,0,1,0,1488
7099,"1488-12-27 20:38:40",1,0,0,0,0,1,0,1488
7100,"1488-01-22 20:58:27",0,1,1,0,0,0,0,1488
7101,"1488-07-18 05:15:34",0,1,0,0,0,0,1,1488
7102,"1489-06-22 06:23:30",1,0,0,0,1,0,0,1489
7103,"1489-12-17 03:51:51",1,0,0,0,0,0,1,1489
7104,"1489-01-10 21:59:12",0,1,1,0,0,0,0,1489
7105,"1489-07-07 18:59:07",0,1,0,0,0,0,1,1489
7106,"1489-12-31 05:59:48",0,1,1,0,0,0,0,1489
7107,"1490-06-11 20:44:00",1,0,0,0,0,0,1,1490
7108,"1490-12-06 04:20:01",1,0,0,0,0,0,1,1490
7109,"1490-05-28 11:35:48",0,1,0,0,1,0,0,1490
7110,"1490-06-27 01:50:08",0,1,0,0,1,0,0,1490
7111,"1490-11-21 09:31:32",0,1,0,0,1,0,0,1490
7112,"1491-06-01 13:54:49",1,0,0,0,1,0,0,1491
7113,"1491-11-25 04:05:29",1,0,0,0,1,0,0,1491
7114,"1491-05-17 12:06:23",0,1,1,0,0,0,0,1491
7115,"1491-11-11 00:23:35",0,1,0,0,0,0,1,1491
7116,"1492-04-21 19:02:34",1,0,0,0,0,1,0,1492
7117,"1492-05-21 05:16:06",1,0,0,0,0,1,0,1492
7118,"1492-10-14 21:59:10",1,0,0,0,0,1,0,1492
7119,"1492-05-05 17:02:00",0,1,1,0,0,0,0,1492
7120,"1492-10-30 10:05:27",0,1,1,0,0,0,0,1492
7121,"1493-04-11 00:23:26",1,0,0,0,0,0,1,1493
7122,"1493-10-04 13:17:54",1,0,0,0,0,0,1,1493
7123,"1493-04-25 05:05:16",0,1,0,0,0,0,1,1493
7124,"1493-10-19 12:38:26",0,1,0,0,1,0,0,1493
7125,"1494-03-31 00:32:11",1,0,0,0,0,0,1,1494
7126,"1494-09-24 05:27:20",1,0,0,0,0,0,1,1494
7127,"1494-03-16 12:59:12",0,1,0,0,0,0,1,1494
7128,"1494-09-08 20:39:37",0,1,0,0,1,0,0,1494
7129,"1495-03-20 02:45:55",1,0,0,0,0,1,0,1495
7130,"1495-09-13 17:49:15",1,0,0,0,0,1,0,1495
7131,"1495-03-06 02:46:59",0,1,0,0,0,0,0,1495
7132,"1495-08-29 04:53:26",0,1,0,0,0,0,1,1495
7133,"1496-02-08 01:07:19",1,0,0,0,1,0,0,1496
7134,"1496-08-03 07:58:58",1,0,0,0,0,0,0,1496
7135,"1496-02-23 09:54:28",0,1,1,0,0,0,0,1496
7136,"1496-08-17 19:35:14",0,1,0,0,0,0,1,1496
7137,"1497-01-27 16:48:14",1,0,0,0,0,0,1,1497
7138,"1497-07-23 08:44:55",1,0,0,0,0,0,1,1497
7139,"1497-02-11 10:22:50",0,1,0,0,1,0,0,1497
7140,"1497-07-09 05:11:29",0,1,0,0,1,0,0,1497
7141,"1497-08-07 12:38:11",0,1,0,0,1,0,0,1497
7142,"1498-01-17 07:20:34",1,0,0,0,0,0,1,1498
7143,"1498-07-12 14:49:50",1,0,0,0,1,0,0,1498
7144,"1498-01-01 18:10:07",0,1,0,0,1,0,0,1498
7145,"1498-06-28 17:16:38",0,1,1,0,0,0,0,1498
7146,"1498-12-22 04:10:12",0,1,0,0,0,0,1,1498
7147,"1499-01-06 16:18:00",1,0,0,0,0,1,0,1499
7148,"1499-06-02 21:00:38",1,0,0,0,0,1,0,1499
7149,"1499-07-02 04:00:39",1,0,0,0,0,1,0,1499
7150,"1499-11-26 22:40:58",1,0,0,0,0,1,0,1499
7151,"1499-06-17 22:08:43",0,1,1,0,0,0,0,1499
7152,"1499-12-11 19:06:37",0,1,0,0,0,0,1,1499
7153,"1500-05-23 14:07:43",1,0,0,0,1,0,0,1500
7154,"1500-11-15 23:43:40",1,0,0,0,1,0,0,1500
7155,"1500-06-06 22:43:38",0,1,1,0,0,0,0,1500
7156,"1500-12-01 10:25:35",0,1,0,0,0,0,1,1500
7157,"1501-05-13 04:08:33",1,0,0,0,0,0,1,1501
7158,"1501-11-05 07:50:07",1,0,0,0,0,0,1,1501
7159,"1501-04-27 15:11:07",0,1,0,0,1,0,0,1501
7160,"1501-05-27 02:23:04",0,1,0,0,1,0,0,1501
7161,"1501-10-22 06:25:07",0,1,0,0,1,0,0,1501
7162,"1502-05-02 11:17:53",1,0,0,0,0,0,0,1502
7163,"1502-10-25 22:05:50",1,0,0,0,1,0,0,1502
7164,"1502-04-17 04:45:10",0,1,0,0,0,0,1,1502
7165,"1502-10-11 07:31:27",0,1,1,0,0,0,0,1502
7166,"1503-03-22 19:46:51",1,0,0,0,0,1,0,1503
7167,"1503-09-16 04:43:39",1,0,0,0,0,1,0,1503
7168,"1503-04-06 21:23:32",0,1,0,0,0,0,1,1503
7169,"1503-09-30 07:47:51",0,1,1,0,0,0,0,1503
7170,"1504-03-10 23:40:00",1,0,0,0,0,0,1,1504
7171,"1504-09-04 15:25:55",1,0,0,0,0,0,1,1504
7172,"1504-03-26 12:25:18",0,1,0,0,1,0,0,1504
7173,"1504-09-18 14:07:34",0,1,1,0,0,0,0,1504
7174,"1505-02-28 10:40:18",1,0,0,0,0,0,1,1505
7175,"1505-08-24 19:01:15",1,0,0,0,0,0,1,1505
7176,"1505-02-14 05:24:19",0,1,0,0,1,0,0,1505
7177,"1505-08-09 19:47:12",0,1,0,0,0,0,1,1505
7178,"1506-02-18 02:09:24",1,0,0,0,1,0,0,1506
7179,"1506-08-13 19:19:47",1,0,0,0,0,1,0,1506
7180,"1506-02-03 04:53:24",0,1,1,0,0,0,0,1506
7181,"1506-07-30 12:42:16",0,1,0,0,0,0,1,1506
7182,"1507-01-09 05:17:45",1,0,0,0,0,1,0,1507
7183,"1507-07-04 13:29:20",1,0,0,0,1,0,0,1507
7184,"1507-12-29 12:08:22",1,0,0,0,0,0,1,1507
7185,"1507-01-23 06:15:29",0,1,1,0,0,0,0,1507
7186,"1507-07-20 02:01:52",0,1,0,0,0,0,0,1507
7187,"1508-06-23 04:09:24",1,0,0,0,0,0,1,1508
7188,"1508-12-17 12:21:35",1,0,0,0,0,0,1,1508
7189,"1508-01-12 14:40:34",0,1,1,0,0,0,0,1508
7190,"1508-06-08 18:04:21",0,1,0,0,1,0,0,1508
7191,"1508-07-08 08:23:59",0,1,0,0,1,0,0,1508
7192,"1508-12-02 18:19:45",0,1,0,0,1,0,0,1508
7193,"1509-06-12 21:24:42",1,0,0,0,1,0,0,1509
7194,"1509-12-06 12:13:27",1,0,0,0,1,0,0,1509
7195,"1509-05-28 18:45:01",0,1,1,0,0,0,0,1509
7196,"1509-11-22 08:55:38",0,1,0,0,0,0,0,1509
7197,"1510-05-04 02:22:42",1,0,0,0,0,1,0,1510
7198,"1510-06-02 12:33:33",1,0,0,0,0,1,0,1510
7199,"1510-10-27 06:17:26",1,0,0,0,0,1,0,1510
7200,"1510-05-18 00:11:41",0,1,0,0,0,0,0,1510
7201,"1510-11-11 18:09:16",0,1,1,0,0,0,0,1510
7202,"1511-04-23 07:24:34",1,0,0,0,1,0,0,1511
7203,"1511-10-16 21:37:34",1,0,0,0,0,0,1,1511
7204,"1511-05-07 12:42:54",0,1,0,0,0,0,1,1511
7205,"1511-10-31 20:15:16",0,1,0,0,0,0,0,1511
7206,"1512-04-11 07:36:27",1,0,0,0,0,0,1,1512
7207,"1512-10-05 13:32:50",1,0,0,0,0,0,1,1512
7208,"1512-03-27 21:10:02",0,1,0,0,1,0,0,1512
7209,"1512-04-26 05:17:53",0,1,0,0,1,0,0,1512
7210,"1512-09-20 03:59:03",0,1,0,0,1,0,0,1512
7211,"1513-03-31 10:18:23",1,0,0,0,1,0,0,1513
7212,"1513-09-25 01:25:54",1,0,0,0,0,0,0,1513
7213,"1513-03-17 10:49:34",0,1,0,0,0,0,0,1513
7214,"1513-09-09 12:31:25",0,1,0,0,0,0,1,1513
7215,"1514-02-19 09:40:48",1,0,0,0,0,1,0,1514
7216,"1514-08-15 14:35:28",1,0,0,0,0,1,0,1514
7217,"1514-03-06 17:41:03",0,1,1,0,0,0,0,1514
7218,"1514-08-30 03:20:50",0,1,0,0,0,0,1,1514
7219,"1515-02-09 01:31:31",1,0,0,0,0,0,1,1515
7220,"1515-08-04 15:25:33",1,0,0,0,0,0,1,1515
7221,"1515-02-23 18:03:54",0,1,0,0,1,0,0,1515
7222,"1515-07-21 12:32:18",0,1,0,0,1,0,0,1515
7223,"1515-08-19 20:16:58",0,1,0,0,1,0,0,1515
7224,"1516-01-29 15:57:50",1,0,0,0,0,0,1,1516
7225,"1516-07-23 21:54:01",1,0,0,0,0,0,1,1516
7226,"1516-01-14 02:34:24",0,1,0,0,1,0,0,1516
7227,"1516-07-10 00:10:49",0,1,1,0,0,0,0,1516
7228,"1517-01-18 00:37:36",1,0,0,0,0,1,0,1517
7229,"1517-06-14 04:29:52",1,0,0,0,0,1,0,1517
7230,"1517-07-13 11:24:03",1,0,0,0,0,1,0,1517
7231,"1517-12-08 06:39:49",1,0,0,0,0,1,0,1517
7232,"1517-01-02 12:56:30",0,1,0,0,0,0,1,1517
7233,"1517-06-29 04:37:10",0,1,1,0,0,0,0,1517
7234,"1517-12-23 03:59:53",0,1,0,0,0,0,1,1517
7235,"1518-06-03 21:36:35",1,0,0,0,1,0,0,1518
7236,"1518-11-27 07:54:53",1,0,0,0,1,0,0,1518
7237,"1518-06-18 05:11:06",0,1,1,0,0,0,0,1518
7238,"1518-12-12 19:10:37",0,1,0,0,0,0,1,1518
7239,"1519-05-24 11:21:10",1,0,0,0,0,0,1,1519
7240,"1519-11-16 16:18:11",1,0,0,0,0,0,1,1519
7241,"1519-05-08 22:31:34",0,1,0,0,1,0,0,1519
7242,"1519-06-07 09:16:02",0,1,0,0,1,0,0,1519
7243,"1519-11-02 14:16:11",0,1,0,0,1,0,0,1519
7244,"1520-05-12 18:10:01",1,0,0,0,1,0,0,1520
7245,"1520-11-05 06:38:48",1,0,0,0,1,0,0,1520
7246,"1520-04-27 12:32:31",0,1,0,0,0,0,1,1520
7247,"1520-10-21 14:59:05",0,1,1,0,0,0,0,1520
7248,"1521-04-02 03:02:49",1,0,0,0,0,1,0,1521
7249,"1521-09-26 12:37:02",1,0,0,0,0,1,0,1521
7250,"1521-10-25 22:37:13",1,0,0,0,0,1,0,1521
7251,"1521-04-17 05:21:52",0,1,0,0,0,0,1,1521
7252,"1521-10-10 15:17:30",0,1,1,0,0,0,0,1521
7253,"1522-03-22 07:28:25",1,0,0,0,0,0,1,1522
7254,"1522-09-15 22:46:28",1,0,0,0,0,0,1,1522
7255,"1522-04-06 20:18:43",0,1,0,0,0,0,1,1522
7256,"1522-09-29 21:53:26",0,1,1,0,0,0,0,1522
7257,"1523-03-11 18:57:51",1,0,0,0,0,0,1,1523
7258,"1523-09-05 01:52:53",1,0,0,0,0,0,1,1523
7259,"1523-02-25 13:12:30",0,1,0,0,1,0,0,1523
7260,"1523-08-21 03:29:08",0,1,0,0,0,0,1,1523
7261,"1524-02-29 10:41:07",1,0,0,0,1,0,0,1524
7262,"1524-08-24 02:07:04",1,0,0,0,0,1,0,1524
7263,"1524-02-14 12:41:28",0,1,1,0,0,0,0,1524
7264,"1524-08-09 20:13:32",0,1,0,0,0,0,1,1524
7265,"1525-01-19 13:52:45",1,0,0,0,0,1,0,1525
7266,"1525-07-14 20:39:18",1,0,0,0,1,0,0,1525
7267,"1525-02-02 14:27:15",0,1,1,0,0,0,0,1525
7268,"1525-07-30 09:06:58",0,1,0,0,0,0,0,1525
7269,"1526-01-08 20:22:15",1,0,0,0,0,0,1,1526
7270,"1526-07-04 11:35:41",1,0,0,0,0,0,1,1526
7271,"1526-12-28 20:23:46",1,0,0,0,0,0,1,1526
7272,"1526-01-22 23:18:31",0,1,1,0,0,0,0,1526
7273,"1526-06-20 00:30:27",0,1,0,0,1,0,0,1526
7274,"1526-07-19 14:58:33",0,1,0,0,1,0,0,1526
7275,"1526-12-14 03:10:35",0,1,0,0,1,0,0,1526
7276,"1527-06-24 04:50:50",1,0,0,0,1,0,0,1527
7277,"1527-12-17 20:26:04",1,0,0,0,1,0,0,1527
7278,"1527-06-09 01:19:01",0,1,1,0,0,0,0,1527
7279,"1527-12-03 17:32:36",0,1,0,0,0,0,0,1527
7280,"1528-05-14 09:33:14",1,0,0,0,0,1,0,1528
7281,"1528-06-12 19:45:35",1,0,0,0,0,1,0,1528
7282,"1528-11-06 14:44:37",1,0,0,0,0,1,0,1528
7283,"1528-05-28 07:17:06",0,1,0,0,0,0,0,1528
7284,"1528-11-22 02:18:59",0,1,1,0,0,0,0,1528
7285,"1529-05-03 14:16:30",1,0,0,0,1,0,0,1529
7286,"1529-10-27 06:05:36",1,0,0,0,0,0,1,1529
7287,"1529-05-17 20:15:54",0,1,0,0,0,0,1,1529
7288,"1529-11-11 04:00:13",0,1,1,0,0,0,0,1529
7289,"1530-04-22 14:32:27",1,0,0,0,0,0,1,1530
7290,"1530-10-16 21:45:19",1,0,0,0,0,0,1,1530
7291,"1530-04-08 05:12:38",0,1,0,0,1,0,0,1530
7292,"1530-05-07 13:03:23",0,1,0,0,1,0,0,1530
7293,"1530-10-01 11:27:50",0,1,0,0,1,0,0,1530
7294,"1531-04-11 17:44:04",1,0,0,0,1,0,0,1531
7295,"1531-10-06 09:09:30",1,0,0,0,1,0,0,1531
7296,"1531-03-28 18:43:27",0,1,0,0,0,0,0,1531
7297,"1531-09-20 20:18:00",0,1,0,0,0,0,1,1531
7298,"1532-03-01 18:08:04",1,0,0,0,0,1,0,1532
7299,"1532-08-25 21:18:17",1,0,0,0,0,1,0,1532
7300,"1532-03-17 01:17:47",0,1,1,0,0,0,0,1532
7301,"1532-09-09 11:13:54",0,1,0,0,0,0,1,1532
7302,"1533-02-19 10:10:02",1,0,0,0,0,0,1,1533
7303,"1533-08-14 22:12:10",1,0,0,0,0,0,1,1533
7304,"1533-03-06 01:38:20",0,1,0,0,1,0,0,1533
7305,"1533-08-30 04:00:09",0,1,0,0,0,0,1,1533
7306,"1534-02-09 00:30:44",1,0,0,0,0,0,1,1534
7307,"1534-08-04 05:03:14",1,0,0,0,0,0,1,1534
7308,"1534-01-24 10:57:37",0,1,0,0,1,0,0,1534
7309,"1534-07-21 07:04:54",0,1,1,0,0,0,0,1534
7310,"1535-01-29 08:52:31",1,0,0,0,0,1,0,1535
7311,"1535-06-25 11:57:43",1,0,0,0,0,1,0,1535
7312,"1535-07-24 18:50:16",1,0,0,0,0,1,0,1535
7313,"1535-12-19 14:41:35",1,0,0,0,0,1,0,1535
7314,"1535-01-13 21:42:03",0,1,0,0,0,0,1,1535
7315,"1535-07-10 11:04:34",0,1,1,0,0,0,0,1535
7316,"1536-06-14 05:02:49",1,0,0,0,1,0,0,1536
7317,"1536-12-07 16:10:18",1,0,0,0,1,0,0,1536
7318,"1536-01-03 12:53:13",0,1,0,0,0,0,1,1536
7319,"1536-06-28 11:39:38",0,1,1,0,0,0,0,1536
7320,"1536-12-23 03:55:34",0,1,0,0,0,0,1,1536
7321,"1537-06-03 18:29:31",1,0,0,0,0,0,1,1537
7322,"1537-11-27 00:52:10",1,0,0,0,0,0,1,1537
7323,"1537-05-19 05:49:24",0,1,0,0,1,0,0,1537
7324,"1537-06-17 16:10:32",0,1,0,0,1,0,0,1537
7325,"1537-11-12 22:13:14",0,1,0,0,1,0,0,1537
7326,"1538-05-24 00:54:19",1,0,0,0,1,0,0,1538
7327,"1538-11-16 15:18:22",1,0,0,0,1,0,0,1538
7328,"1538-05-08 20:13:51",0,1,0,0,0,0,1,1538
7329,"1538-11-01 22:35:02",0,1,1,0,0,0,0,1538
7330,"1539-04-13 10:09:34",1,0,0,0,0,1,0,1539
7331,"1539-10-07 20:38:19",1,0,0,0,0,1,0,1539
7332,"1539-11-06 07:07:20",1,0,0,0,0,1,0,1539
7333,"1539-04-28 13:11:29",0,1,0,0,0,0,1,1539
7334,"1539-10-21 22:58:08",0,1,1,0,0,0,0,1539
7335,"1540-04-01 15:07:31",1,0,0,0,1,0,0,1540
7336,"1540-09-26 06:15:20",1,0,0,0,1,0,0,1540
7337,"1540-04-17 04:00:49",0,1,0,0,0,0,1,1540
7338,"1540-10-10 05:50:39",0,1,1,0,0,0,0,1540
7339,"1541-03-22 03:07:44",1,0,0,0,0,0,1,1541
7340,"1541-09-15 08:51:12",1,0,0,0,0,0,1,1541
7341,"1541-03-07 20:51:04",0,1,0,0,1,0,0,1541
7342,"1541-08-31 11:16:33",0,1,0,0,1,0,0,1541
7343,"1541-09-29 19:30:33",0,1,0,0,1,0,0,1541
7344,"1542-03-11 19:06:26",1,0,0,0,1,0,0,1542
7345,"1542-09-04 09:01:20",1,0,0,0,0,0,0,1542
7346,"1542-02-24 20:23:50",0,1,1,0,0,0,0,1542
7347,"1542-08-21 03:47:33",0,1,0,0,0,0,1,1542
7348,"1543-01-30 22:24:14",1,0,0,0,0,1,0,1543
7349,"1543-07-26 03:51:32",1,0,0,0,1,0,0,1543
7350,"1543-02-13 22:35:21",0,1,1,0,0,0,0,1543
7351,"1543-08-10 16:12:52",0,1,0,0,0,0,0,1543
7352,"1544-01-20 04:34:21",1,0,0,0,0,0,1,1544
7353,"1544-07-14 19:03:28",1,0,0,0,0,0,1,1544
7354,"1544-02-03 07:54:20",0,1,0,0,0,0,0,1544
7355,"1544-07-29 21:34:49",0,1,0,0,1,0,0,1544
7356,"1544-12-24 12:02:59",0,1,0,0,1,0,0,1544
7357,"1545-01-08 04:25:42",1,0,0,0,0,0,1,1545
7358,"1545-07-04 12:17:35",1,0,0,0,1,0,0,1545
7359,"1545-12-28 04:41:35",1,0,0,0,1,0,0,1545
7360,"1545-06-19 07:54:04",0,1,1,0,0,0,0,1545
7361,"1545-12-14 02:12:15",0,1,0,0,0,0,0,1545
7362,"1546-05-25 16:37:26",1,0,0,0,0,1,0,1546
7363,"1546-06-24 02:54:13",1,0,0,0,0,1,0,1546
7364,"1546-11-17 23:18:09",1,0,0,0,0,1,0,1546
7365,"1546-06-08 14:21:15",0,1,0,0,0,0,0,1546
7366,"1546-12-03 10:32:17",0,1,1,0,0,0,0,1546
7367,"1547-05-14 21:01:09",1,0,0,0,1,0,0,1547
7368,"1547-11-07 14:40:17",1,0,0,0,1,0,0,1547
7369,"1547-05-29 03:45:37",0,1,0,0,0,0,1,1547
7370,"1547-11-22 11:51:00",0,1,1,0,0,0,0,1547
7371,"1548-05-02 21:21:30",1,0,0,0,0,0,1,1548
7372,"1548-10-27 06:05:09",1,0,0,0,0,0,1,1548
7373,"1548-04-18 13:06:43",0,1,0,0,1,0,0,1548
7374,"1548-05-17 20:43:29",0,1,0,0,1,0,0,1548
7375,"1548-10-11 19:07:38",0,1,0,0,1,0,0,1548
7376,"1549-04-22 01:03:35",1,0,0,0,1,0,0,1549
7377,"1549-10-16 16:59:07",1,0,0,0,1,0,0,1549
7378,"1549-04-08 02:27:34",0,1,0,0,0,0,0,1549
7379,"1549-10-01 04:13:06",0,1,0,0,0,0,1,1549
7380,"1550-03-13 02:28:17",1,0,0,0,0,1,0,1550
7381,"1550-04-11 11:51:22",1,0,0,0,0,1,0,1550
7382,"1550-09-06 04:08:11",1,0,0,0,0,1,0,1550
7383,"1550-03-28 08:44:30",0,1,1,0,0,0,0,1550
7384,"1550-09-20 19:14:21",0,1,0,0,0,0,1,1550
7385,"1551-03-02 18:39:56",1,0,0,0,0,0,1,1551
7386,"1551-08-26 05:06:36",1,0,0,0,1,0,0,1551
7387,"1551-03-17 09:02:03",0,1,0,0,1,0,0,1551
7388,"1551-09-10 11:49:44",0,1,0,0,0,0,1,1551
7389,"1552-02-20 08:55:31",1,0,0,0,0,0,1,1552
7390,"1552-08-14 12:19:24",1,0,0,0,0,0,1,1552
7391,"1552-02-04 19:16:37",0,1,0,0,1,0,0,1552
7392,"1552-07-31 14:00:29",0,1,1,0,0,0,0,1552
7393,"1553-02-08 17:00:38",1,0,0,0,0,1,0,1553
7394,"1553-07-05 19:25:57",1,0,0,0,0,1,0,1553
7395,"1553-08-04 02:21:01",1,0,0,0,1,0,0,1553
7396,"1553-12-29 22:46:08",1,0,0,0,0,1,0,1553
7397,"1553-01-24 06:24:57",0,1,0,0,0,0,1,1553
7398,"1553-07-20 17:33:23",0,1,1,0,0,0,0,1553
7399,"1554-06-25 12:24:49",1,0,0,0,1,0,0,1554
7400,"1554-12-19 00:31:17",1,0,0,0,1,0,0,1554
7401,"1554-01-13 21:46:27",0,1,0,0,0,0,1,1554
7402,"1554-07-09 18:07:31",0,1,1,0,0,0,0,1554
7403,"1555-06-15 01:31:46",1,0,0,0,0,0,1,1555
7404,"1555-12-08 09:31:43",1,0,0,0,0,0,1,1555
7405,"1555-01-03 12:42:09",0,1,0,0,0,0,1,1555
7406,"1555-05-30 13:03:08",0,1,0,0,1,0,0,1555
7407,"1555-06-28 23:04:16",0,1,0,0,1,0,0,1555
7408,"1555-11-24 06:16:13",0,1,0,0,1,0,0,1555
7409,"1556-06-03 07:32:58",1,0,0,0,1,0,0,1556
7410,"1556-11-27 00:03:49",1,0,0,0,1,0,0,1556
7411,"1556-05-19 03:50:30",0,1,0,0,0,0,1,1556
7412,"1556-11-12 06:19:08",0,1,1,0,0,0,0,1556
7413,"1557-04-23 17:11:07",1,0,0,0,0,1,0,1557
7414,"1557-05-23 08:19:58",1,0,0,0,0,1,0,1557
7415,"1557-10-18 04:44:54",1,0,0,0,0,1,0,1557
7416,"1557-11-16 15:41:55",1,0,0,0,0,1,0,1557
7417,"1557-05-08 20:56:00",0,1,0,0,0,0,1,1557
7418,"1557-11-01 06:46:24",0,1,1,0,0,0,0,1557
7419,"1558-04-12 22:42:08",1,0,0,0,1,0,0,1558
7420,"1558-10-07 13:50:05",1,0,0,0,1,0,0,1558
7421,"1558-04-28 11:36:20",0,1,0,0,0,0,1,1558
7422,"1558-10-21 13:55:57",0,1,1,0,0,0,0,1558
7423,"1559-04-02 11:10:17",1,0,0,0,0,0,1,1559
7424,"1559-09-26 15:58:00",1,0,0,0,0,0,1,1559
7425,"1559-03-19 04:19:56",0,1,0,0,1,0,0,1559
7426,"1559-09-11 19:10:59",0,1,0,0,1,0,0,1559
7427,"1559-10-11 03:43:51",0,1,0,0,1,0,0,1559
7428,"1560-03-22 03:23:28",1,0,0,0,1,0,0,1560
7429,"1560-09-14 16:05:51",1,0,0,0,1,0,0,1560
7430,"1560-03-07 03:57:45",0,1,1,0,0,0,0,1560
7431,"1560-08-31 11:27:56",0,1,0,0,0,0,1,1560
7432,"1561-02-10 06:48:06",1,0,0,0,0,1,0,1561
7433,"1561-08-05 11:10:52",1,0,0,0,0,1,0,1561
7434,"1561-02-24 06:36:24",0,1,1,0,0,0,0,1561
7435,"1561-08-20 23:24:10",0,1,1,0,0,0,0,1561
7436,"1562-01-30 12:40:44",1,0,0,0,0,0,1,1562
7437,"1562-07-26 02:33:25",1,0,0,0,0,0,1,1562
7438,"1562-02-13 16:24:41",0,1,0,0,0,0,1,1562
7439,"1562-08-10 04:13:47",0,1,0,0,1,0,0,1562
7440,"1563-01-19 12:25:34",1,0,0,0,0,0,1,1563
7441,"1563-07-15 19:43:33",1,0,0,0,0,0,1,1563
7442,"1563-01-04 20:55:44",0,1,0,0,1,0,0,1563
7443,"1563-06-30 14:28:05",0,1,1,0,0,0,0,1563
7444,"1563-12-25 10:52:56",0,1,0,0,0,0,0,1563
7445,"1564-01-08 12:57:00",1,0,0,0,1,0,0,1564
7446,"1564-06-04 23:34:14",1,0,0,0,0,1,0,1564
7447,"1564-07-04 10:00:16",1,0,0,0,0,1,0,1564
7448,"1564-11-28 07:58:42",1,0,0,0,0,1,0,1564
7449,"1564-12-27 20:13:46",1,0,0,0,0,1,0,1564
7450,"1564-06-18 21:23:58",0,1,0,0,0,0,1,1564
7451,"1564-12-13 18:49:15",0,1,1,0,0,0,0,1564
7452,"1565-05-25 03:38:26",1,0,0,0,1,0,0,1565
7453,"1565-11-17 23:21:00",1,0,0,0,1,0,0,1565
7454,"1565-06-08 11:12:11",0,1,0,0,0,0,1,1565
7455,"1565-12-02 19:47:06",0,1,1,0,0,0,0,1565
7456,"1566-05-14 04:04:09",1,0,0,0,0,0,1,1566
7457,"1566-11-07 14:31:19",1,0,0,0,0,0,1,1566
7458,"1566-04-29 20:53:09",0,1,0,0,1,0,0,1566
7459,"1566-05-29 04:18:10",0,1,0,0,1,0,0,1566
7460,"1566-10-23 02:56:45",0,1,0,0,1,0,0,1566
7461,"1567-05-03 08:16:03",1,0,0,0,1,0,0,1567
7462,"1567-10-28 00:56:17",1,0,0,0,1,0,0,1567
7463,"1567-04-19 10:01:21",0,1,0,0,0,0,0,1567
7464,"1567-10-12 12:17:43",0,1,0,0,0,0,1,1567
7465,"1568-03-23 10:41:42",1,0,0,0,0,1,0,1568
7466,"1568-04-21 19:36:18",1,0,0,0,0,1,0,1568
7467,"1568-09-16 11:05:50",1,0,0,0,0,1,0,1568
7468,"1568-04-07 16:01:37",0,1,1,0,0,0,0,1568
7469,"1568-10-01 03:22:18",0,1,0,0,0,0,1,1568
7470,"1569-03-13 03:03:25",1,0,0,0,0,0,1,1569
7471,"1569-09-05 12:09:39",1,0,0,0,1,0,0,1569
7472,"1569-03-27 16:18:37",0,1,0,0,0,0,0,1569
7473,"1569-09-20 19:45:32",0,1,0,0,0,0,1,1569
7474,"1570-03-02 17:13:49",1,0,0,0,0,0,1,1570
7475,"1570-08-25 19:41:53",1,0,0,0,0,0,1,1570
7476,"1570-02-15 03:32:15",0,1,0,0,1,0,0,1570
7477,"1570-08-11 20:57:36",0,1,0,0,1,0,0,1570
7478,"1571-02-20 01:01:59",1,0,0,0,0,1,0,1571
7479,"1571-08-15 09:57:04",1,0,0,0,1,0,0,1571
7480,"1571-02-04 15:04:57",0,1,0,0,0,0,1,1571
7481,"1571-08-01 00:04:40",0,1,1,0,0,0,0,1571
7482,"1572-01-10 06:48:54",1,0,0,0,0,1,0,1572
7483,"1572-07-05 19:47:02",1,0,0,0,1,0,0,1572
7484,"1572-12-29 08:53:31",1,0,0,0,1,0,0,1572
7485,"1572-01-25 06:35:35",0,1,0,0,0,0,1,1572
7486,"1572-07-20 00:40:06",0,1,1,0,0,0,0,1572
7487,"1573-06-25 08:31:25",1,0,0,0,0,0,1,1573
7488,"1573-12-18 18:13:42",1,0,0,0,0,0,1,1573
7489,"1573-01-13 21:25:56",0,1,0,0,0,0,1,1573
7490,"1573-06-09 20:15:59",0,1,0,0,1,0,0,1573
7491,"1573-07-09 06:01:08",0,1,0,0,1,0,0,1573
7492,"1573-12-04 14:22:05",0,1,0,0,1,0,0,1573
7493,"1574-06-14 14:06:40",1,0,0,0,1,0,0,1574
7494,"1574-12-08 08:53:11",1,0,0,0,1,0,0,1574
7495,"1574-05-30 11:23:09",0,1,0,0,0,0,1,1574
7496,"1574-11-23 14:09:45",0,1,1,0,0,0,0,1574
7497,"1575-05-05 00:03:36",1,0,0,0,0,1,0,1575
7498,"1575-06-03 14:49:04",1,0,0,0,0,1,0,1575
7499,"1575-10-29 12:59:47",1,0,0,0,0,1,0,1575
7500,"1575-11-28 00:22:41",1,0,0,0,0,1,0,1575
7501,"1575-05-20 04:32:13",0,1,0,0,0,0,1,1575
7502,"1575-11-12 14:44:56",0,1,1,0,0,0,0,1575
7503,"1576-04-23 06:08:46",1,0,0,0,1,0,0,1576
7504,"1576-10-17 21:32:42",1,0,0,0,1,0,0,1576
7505,"1576-05-08 19:02:11",0,1,0,0,0,0,1,1576
7506,"1576-10-31 22:10:40",0,1,1,0,0,0,0,1576
7507,"1577-04-12 19:05:45",1,0,0,0,0,0,1,1577
7508,"1577-10-06 23:13:39",1,0,0,0,0,0,1,1577
7509,"1577-03-29 11:38:43",0,1,0,0,1,0,0,1577
7510,"1577-09-22 03:12:55",0,1,0,0,1,0,0,1577
7511,"1577-10-21 12:05:39",0,1,0,0,1,0,0,1577
7512,"1578-04-02 11:32:55",1,0,0,0,1,0,0,1578
7513,"1578-09-25 23:19:02",1,0,0,0,1,0,0,1578
7514,"1578-03-18 11:24:25",0,1,1,0,0,0,0,1578
7515,"1578-09-11 19:12:41",0,1,0,0,0,0,1,1578
7516,"1579-02-21 15:06:11",1,0,0,0,0,1,0,1579
7517,"1579-08-16 18:35:17",1,0,0,0,0,1,0,1579
7518,"1579-03-07 14:32:22",0,1,1,0,0,0,0,1579
7519,"1579-09-01 06:39:08",0,1,1,0,0,0,0,1579
7520,"1580-02-10 20:41:16",1,0,0,0,0,0,1,1580
7521,"1580-08-05 10:07:35",1,0,0,0,0,0,1,1580
7522,"1580-02-25 00:49:53",0,1,0,0,0,0,1,1580
7523,"1580-08-20 10:57:39",0,1,0,0,1,0,0,1580
7524,"1581-01-29 20:22:35",1,0,0,0,0,0,1,1581
7525,"1581-07-26 03:10:54",1,0,0,0,0,0,1,1581
7526,"1581-01-15 05:47:34",0,1,0,0,1,0,0,1581
7527,"1581-07-10 21:04:36",0,1,0,0,1,0,0,1581
7528,"1582-01-18 21:11:55",1,0,0,0,1,0,0,1582
7529,"1582-06-16 06:27:13",1,0,0,0,0,1,0,1582
7530,"1582-07-15 17:05:40",1,0,0,0,0,1,0,1582
7531,"1582-12-09 16:42:50",1,0,0,0,0,1,0,1582
7532,"1582-01-04 19:32:59",0,1,0,0,0,0,0,1582
7533,"1582-06-30 04:28:08",0,1,0,0,0,0,1,1582
7534,"1582-12-25 03:06:21",0,1,1,0,0,0,0,1582
7535,"1583-01-08 04:52:44",1,0,0,0,0,1,0,1583
7536,"1583-06-05 10:10:05",1,0,0,0,1,0,0,1583
7537,"1583-11-29 08:06:36",1,0,0,0,1,0,0,1583
7538,"1583-06-19 18:37:16",0,1,0,0,0,0,1,1583
7539,"1583-12-14 03:46:21",0,1,1,0,0,0,0,1583
7540,"1584-05-24 10:42:54",1,0,0,0,0,0,1,1584
7541,"1584-11-17 23:02:12",1,0,0,0,0,0,1,1584
7542,"1584-05-10 04:32:45",0,1,0,0,1,0,0,1584
7543,"1584-06-08 11:50:07",0,1,0,0,1,0,0,1584
7544,"1584-11-02 10:54:38",0,1,0,0,1,0,0,1584
7545,"1585-05-13 15:24:52",1,0,0,0,1,0,0,1585
7546,"1585-11-07 08:59:34",1,0,0,0,1,0,0,1585
7547,"1585-04-29 17:26:42",0,1,0,0,0,0,0,1585
7548,"1585-10-22 20:31:13",0,1,0,0,0,0,1,1585
7549,"1586-04-03 18:46:55",1,0,0,0,0,1,0,1586
7550,"1586-05-03 03:14:24",1,0,0,0,0,1,0,1586
7551,"1586-09-27 18:12:20",1,0,0,0,0,1,0,1586
7552,"1586-04-18 23:07:56",0,1,1,0,0,0,0,1586
7553,"1586-10-12 11:38:20",0,1,0,0,0,0,1,1586
7554,"1587-03-24 11:17:36",1,0,0,0,0,0,1,1587
7555,"1587-09-16 19:22:55",1,0,0,0,1,0,0,1587
7556,"1587-04-07 23:24:55",0,1,1,0,0,0,0,1587
7557,"1587-10-02 03:49:12",0,1,0,0,0,0,1,1587
7558,"1588-03-13 01:21:25",1,0,0,0,0,0,1,1588
7559,"1588-09-05 03:13:50",1,0,0,0,0,0,1,1588
7560,"1588-02-26 11:40:29",0,1,0,0,1,0,0,1588
7561,"1588-08-22 03:59:32",0,1,0,0,1,0,0,1588
7562,"1589-03-02 08:54:42",1,0,0,0,0,1,0,1589
7563,"1589-08-25 17:38:17",1,0,0,0,1,0,0,1589
7564,"1589-02-14 23:40:12",0,1,0,0,0,0,1,1589
7565,"1589-08-11 06:38:57",0,1,1,0,0,0,0,1589
7566,"1590-01-20 14:51:14",1,0,0,0,0,1,0,1590
7567,"1590-07-17 03:07:49",1,0,0,0,1,0,0,1590
7568,"1590-02-04 15:21:58",0,1,0,0,0,0,1,1590
7569,"1590-07-31 07:15:34",0,1,1,0,0,0,0,1590
7570,"1591-01-09 17:17:17",1,0,0,0,1,0,0,1591
7571,"1591-07-06 15:27:25",1,0,0,0,0,0,1,1591
7572,"1591-12-30 02:58:32",1,0,0,0,0,0,1,1591
7573,"1591-01-25 06:07:14",0,1,0,0,0,0,0,1591
7574,"1591-06-21 03:26:50",0,1,0,0,1,0,0,1591
7575,"1591-07-20 13:00:10",0,1,0,0,1,0,0,1591
7576,"1591-12-15 22:31:46",0,1,0,0,1,0,0,1591
7577,"1592-06-24 20:38:09",1,0,0,0,1,0,0,1592
7578,"1592-12-18 17:44:57",1,0,0,0,1,0,0,1592
7579,"1592-06-09 18:53:48",0,1,0,0,0,0,1,1592
7580,"1592-12-03 22:05:14",0,1,1,0,0,0,0,1592
7581,"1593-05-15 06:53:14",1,0,0,0,0,1,0,1593
7582,"1593-06-13 21:17:50",1,0,0,0,0,1,0,1593
7583,"1593-11-08 21:20:03",1,0,0,0,0,1,0,1593
7584,"1593-12-08 09:06:28",1,0,0,0,0,1,0,1593
7585,"1593-05-30 12:05:29",0,1,0,0,0,0,1,1593
7586,"1593-11-22 22:50:05",0,1,1,0,0,0,0,1593
7587,"1594-05-04 13:30:43",1,0,0,0,1,0,0,1594
7588,"1594-10-29 05:21:45",1,0,0,0,1,0,0,1594
7589,"1594-05-20 02:21:15",0,1,0,0,0,0,1,1594
7590,"1594-11-12 06:32:54",0,1,0,0,0,0,0,1594
7591,"1595-04-24 02:54:46",1,0,0,0,0,0,1,1595
7592,"1595-10-18 06:38:09",1,0,0,0,0,0,1,1595
7593,"1595-04-09 18:48:04",0,1,0,0,1,0,0,1595
7594,"1595-10-03 11:22:38",0,1,0,0,1,0,0,1595
7595,"1595-11-01 20:35:00",0,1,0,0,1,0,0,1595
7596,"1596-04-12 19:33:34",1,0,0,0,1,0,0,1596
7597,"1596-10-06 06:43:14",1,0,0,0,1,0,0,1596
7598,"1596-03-28 18:41:23",0,1,1,0,0,0,0,1596
7599,"1596-09-22 03:05:06",0,1,0,0,0,0,1,1596
7600,"1597-03-03 23:14:59",1,0,0,0,0,1,0,1597
7601,"1597-08-27 02:06:51",1,0,0,0,0,1,0,1597
7602,"1597-09-25 12:38:56",1,0,0,0,0,1,0,1597
7603,"1597-03-17 22:20:45",0,1,1,0,0,0,0,1597
7604,"1597-09-11 13:59:27",0,1,1,0,0,0,0,1597
7605,"1598-02-21 04:33:34",1,0,0,0,1,0,0,1598
7606,"1598-08-16 17:46:05",1,0,0,0,0,0,1,1598
7607,"1598-03-07 09:08:11",0,1,0,0,0,0,1,1598
7608,"1598-08-31 17:46:52",0,1,0,0,0,0,0,1598
7609,"1599-02-10 04:12:43",1,0,0,0,0,0,1,1599
7610,"1599-08-06 10:40:15",1,0,0,0,0,0,1,1599
7611,"1599-01-26 14:35:16",0,1,0,0,1,0,0,1599
7612,"1599-07-22 03:43:29",0,1,0,0,1,0,0,1599
7613,"1600-01-30 05:23:38",1,0,0,0,1,0,0,1600
7614,"1600-07-26 00:11:28",1,0,0,0,0,1,0,1600
7615,"1600-12-20 01:30:06",1,0,0,0,0,1,0,1600
7616,"1600-01-16 04:10:55",0,1,1,0,0,0,0,1600
7617,"1600-07-10 11:34:09",0,1,0,0,0,0,1,1600
7618,"1601-01-18 13:30:34",1,0,0,0,0,1,0,1601
7619,"1601-06-15 16:37:46",1,0,0,0,1,0,0,1601
7620,"1601-12-09 16:56:45",1,0,0,0,1,0,0,1601
7621,"1601-01-04 11:22:49",0,1,1,0,0,0,0,1601
7622,"1601-06-30 02:02:12",0,1,0,0,0,0,1,1601
7623,"1601-12-24 11:48:43",0,1,1,0,0,0,0,1601
7624,"1602-06-04 17:16:26",1,0,0,0,0,0,1,1602
7625,"1602-11-29 07:38:40",1,0,0,0,0,0,1,1602
7626,"1602-05-21 12:04:51",0,1,0,0,1,0,0,1602
7627,"1602-06-19 19:17:32",0,1,0,0,1,0,0,1602
7628,"1602-11-13 19:01:28",0,1,0,0,1,0,0,1602
7629,"1603-05-24 22:29:10",1,0,0,0,1,0,0,1603
7630,"1603-11-18 17:08:46",1,0,0,0,1,0,0,1603
7631,"1603-05-11 00:43:12",0,1,1,0,0,0,0,1603
7632,"1603-11-03 04:53:12",0,1,0,0,0,0,1,1603
7633,"1604-04-14 02:45:22",1,0,0,0,0,1,0,1604
7634,"1604-05-13 10:48:04",1,0,0,0,0,1,0,1604
7635,"1604-10-08 01:27:59",1,0,0,0,0,1,0,1604
7636,"1604-04-29 06:05:38",0,1,1,0,0,0,0,1604
7637,"1604-10-22 20:02:05",0,1,0,0,0,0,1,1604
7638,"1605-04-03 19:25:20",1,0,0,0,1,0,0,1605
7639,"1605-09-27 02:44:21",1,0,0,0,1,0,0,1605
7640,"1605-04-18 06:25:03",0,1,1,0,0,0,0,1605
7641,"1605-10-12 11:58:15",0,1,0,0,0,0,1,1605
7642,"1606-03-24 09:21:38",1,0,0,0,0,0,1,1606
7643,"1606-09-16 10:53:41",1,0,0,0,0,0,1,1606
7644,"1606-03-08 19:44:06",0,1,0,0,1,0,0,1606
7645,"1606-09-02 11:05:36",0,1,0,0,1,0,0,1606
7646,"1607-03-13 16:37:14",1,0,0,0,0,0,0,1607
7647,"1607-09-06 01:27:04",1,0,0,0,1,0,0,1607
7648,"1607-02-26 08:08:59",0,1,0,0,0,0,1,1607
7649,"1607-08-22 13:19:09",0,1,1,0,0,0,0,1607
7650,"1608-01-31 22:48:44",1,0,0,0,0,1,0,1608
7651,"1608-07-27 10:31:25",1,0,0,0,1,0,0,1608
7652,"1608-08-25 18:18:32",1,0,0,0,0,1,0,1608
7653,"1608-02-16 00:01:50",0,1,0,0,0,0,1,1608
7654,"1608-08-10 13:58:29",0,1,1,0,0,0,0,1608
7655,"1609-01-20 01:38:04",1,0,0,0,1,0,0,1609
7656,"1609-07-16 22:24:13",1,0,0,0,0,0,1,1609
7657,"1609-02-04 14:42:03",0,1,0,0,0,0,0,1609
7658,"1609-07-30 20:05:38",0,1,0,0,1,0,0,1609
7659,"1609-12-26 06:41:53",0,1,0,0,1,0,0,1609
7660,"1610-01-09 11:43:01",1,0,0,0,0,0,1,1610
7661,"1610-07-06 03:06:29",1,0,0,0,1,0,0,1610
7662,"1610-12-30 02:38:20",1,0,0,0,1,0,0,1610
7663,"1610-06-21 02:21:26",0,1,0,0,0,0,1,1610
7664,"1610-12-15 06:05:14",0,1,1,0,0,0,0,1610
7665,"1611-05-26 13:36:31",1,0,0,0,0,1,0,1611
7666,"1611-06-25 03:43:35",1,0,0,0,0,1,0,1611
7667,"1611-11-20 05:46:43",1,0,0,0,0,1,0,1611
7668,"1611-12-19 17:52:49",1,0,0,0,0,1,0,1611
7669,"1611-06-10 19:32:53",0,1,0,0,0,0,1,1611
7670,"1611-12-04 07:02:11",0,1,1,0,0,0,0,1611
7671,"1612-05-14 20:46:46",1,0,0,0,1,0,0,1612
7672,"1612-11-08 13:18:25",1,0,0,0,1,0,0,1612
7673,"1612-05-30 09:32:55",0,1,0,0,0,0,1,1612
7674,"1612-11-22 15:03:07",0,1,0,0,0,0,0,1612
7675,"1613-05-04 10:37:33",1,0,0,0,0,0,1,1613
7676,"1613-10-28 14:10:11",1,0,0,0,0,0,1,1613
7677,"1613-04-20 01:47:55",0,1,0,0,1,0,0,1613
7678,"1613-05-19 16:41:57",0,1,0,0,1,0,0,1613
7679,"1613-10-13 19:38:53",0,1,0,0,1,0,0,1613
7680,"1613-11-12 05:10:49",0,1,0,0,1,0,0,1613
7681,"1614-04-24 03:27:19",1,0,0,0,1,0,0,1614
7682,"1614-10-17 14:16:48",1,0,0,0,1,0,0,1614
7683,"1614-04-09 01:51:30",0,1,1,0,0,0,0,1614
7684,"1614-10-03 11:03:22",0,1,0,0,0,0,1,1614
7685,"1615-03-15 07:14:47",1,0,0,0,0,1,0,1615
7686,"1615-04-13 18:37:01",1,0,0,0,0,1,0,1615
7687,"1615-09-07 09:45:53",1,0,0,0,0,1,0,1615
7688,"1615-10-06 20:28:48",1,0,0,0,0,1,0,1615
7689,"1615-03-29 06:01:57",0,1,1,0,0,0,0,1615
7690,"1615-09-22 21:25:54",0,1,1,0,0,0,0,1615
7691,"1616-03-03 12:18:02",1,0,0,0,1,0,0,1616
7692,"1616-08-27 01:30:24",1,0,0,0,0,0,1,1616
7693,"1616-03-17 17:20:22",0,1,0,0,0,0,1,1616
7694,"1616-09-11 00:42:38",0,1,1,0,0,0,0,1616
7695,"1617-02-20 11:57:29",1,0,0,0,0,0,1,1617
7696,"1617-08-16 18:13:46",1,0,0,0,0,0,1,1617
7697,"1617-02-05 23:18:56",0,1,0,0,1,0,0,1617
7698,"1617-03-07 09:04:12",0,1,0,0,1,0,0,1617
7699,"1617-08-01 10:28:26",0,1,0,0,1,0,0,1617
7700,"1618-02-09 13:32:00",1,0,0,0,1,0,0,1618
7701,"1618-08-06 07:18:21",1,0,0,0,0,1,0,1618
7702,"1618-12-31 10:18:36",1,0,0,0,0,1,0,1618
7703,"1618-01-26 12:45:20",0,1,1,0,0,0,0,1618
7704,"1618-07-21 18:43:08",0,1,0,0,0,0,1,1618
7705,"1619-01-29 22:05:45",1,0,0,0,0,1,0,1619
7706,"1619-06-26 23:03:27",1,0,0,0,1,0,0,1619
7707,"1619-12-21 01:48:07",1,0,0,0,1,0,0,1619
7708,"1619-01-15 19:36:45",0,1,1,0,0,0,0,1619
7709,"1619-07-11 09:28:38",0,1,0,0,0,0,1,1619
7710,"1620-06-14 23:49:29",1,0,0,0,0,0,1,1620
7711,"1620-12-09 16:17:54",1,0,0,0,0,0,1,1620
7712,"1620-01-04 19:49:44",0,1,1,0,0,0,0,1620
7713,"1620-05-31 19:32:18",0,1,0,0,1,0,0,1620
7714,"1620-06-30 02:45:03",0,1,0,0,1,0,0,1620
7715,"1620-11-24 03:15:25",0,1,0,0,1,0,0,1620
7716,"1621-06-04 05:31:26",1,0,0,0,1,0,0,1621
7717,"1621-11-29 01:21:43",1,0,0,0,1,0,0,1621
7718,"1621-05-21 07:52:23",0,1,1,0,0,0,0,1621
7719,"1621-11-13 13:21:56",0,1,0,0,0,0,1,1621
7720,"1622-04-25 10:36:30",1,0,0,0,0,1,0,1622
7721,"1622-05-24 18:16:59",1,0,0,0,0,1,0,1622
7722,"1622-10-19 08:53:20",1,0,0,0,0,1,0,1622
7723,"1622-05-10 12:54:17",0,1,1,0,0,0,0,1622
7724,"1622-11-03 04:33:31",0,1,0,0,0,0,1,1622
7725,"1623-04-15 03:22:16",1,0,0,0,1,0,0,1623
7726,"1623-10-08 10:17:27",1,0,0,0,1,0,0,1623
7727,"1623-04-29 13:14:45",0,1,1,0,0,0,0,1623
7728,"1623-10-23 20:15:52",0,1,0,0,0,0,1,1623
7729,"1624-04-03 17:10:53",1,0,0,0,0,0,1,1624
7730,"1624-09-26 18:43:10",1,0,0,0,0,0,1,1624
7731,"1624-03-19 03:39:30",0,1,0,0,1,0,0,1624
7732,"1624-04-17 16:15:15",0,1,0,0,1,0,0,1624
7733,"1624-09-12 18:18:04",0,1,0,0,1,0,0,1624
7734,"1624-10-12 07:52:29",0,1,0,0,1,0,0,1624
7735,"1625-03-24 00:10:15",1,0,0,0,1,0,0,1625
7736,"1625-09-16 09:23:03",1,0,0,0,1,0,0,1625
7737,"1625-03-08 16:31:26",0,1,0,0,0,0,1,1625
7738,"1625-09-01 20:05:44",0,1,1,0,0,0,0,1625
7739,"1626-02-11 06:42:43",1,0,0,0,0,1,0,1626
7740,"1626-08-07 17:55:12",1,0,0,0,0,1,0,1626
7741,"1626-09-06 02:04:47",1,0,0,0,0,1,0,1626
7742,"1626-02-26 08:36:14",0,1,0,0,0,0,1,1626
7743,"1626-08-21 20:46:31",0,1,1,0,0,0,0,1626
7744,"1627-01-31 09:58:06",1,0,0,0,1,0,0,1627
7745,"1627-07-28 05:20:29",1,0,0,0,0,0,1,1627
7746,"1627-02-15 23:12:16",0,1,0,0,0,0,0,1627
7747,"1627-08-11 03:16:08",0,1,0,0,0,0,0,1627
7748,"1628-01-20 20:26:16",1,0,0,0,0,0,1,1628
7749,"1628-07-16 09:35:48",1,0,0,0,0,0,1,1628
7750,"1628-01-06 14:51:36",0,1,0,0,1,0,0,1628
7751,"1628-07-01 09:49:30",0,1,0,0,0,0,1,1628
7752,"1628-12-25 14:07:39",0,1,1,0,0,0,0,1628
7753,"1629-01-09 11:31:38",1,0,0,0,1,0,0,1629
7754,"1629-07-05 10:10:29",1,0,0,0,0,1,0,1629
7755,"1629-11-30 14:16:25",1,0,0,0,0,1,0,1629
7756,"1629-12-30 02:39:23",1,0,0,0,0,1,0,1629
7757,"1629-06-21 02:58:16",0,1,0,0,0,0,1,1629
7758,"1629-12-14 15:18:00",0,1,1,0,0,0,0,1629
7759,"1630-05-26 04:00:15",1,0,0,0,1,0,0,1630
7760,"1630-11-19 21:19:50",1,0,0,0,1,0,0,1630
7761,"1630-06-10 16:39:58",0,1,0,0,0,0,0,1630
7762,"1630-12-03 23:37:56",0,1,0,0,0,0,0,1630
7763,"1631-05-15 18:14:36",1,0,0,0,0,0,1,1631
7764,"1631-11-08 21:50:32",1,0,0,0,0,0,1,1631
7765,"1631-05-01 08:38:14",0,1,0,0,1,0,0,1631
7766,"1631-05-30 23:24:24",0,1,0,0,1,0,0,1631
7767,"1631-10-25 04:03:09",0,1,0,0,1,0,0,1631
7768,"1631-11-23 13:52:42",0,1,0,0,1,0,0,1631
7769,"1632-05-04 11:14:00",1,0,0,0,1,0,0,1632
7770,"1632-10-27 21:59:28",1,0,0,0,1,0,0,1632
7771,"1632-04-19 08:53:27",0,1,1,0,0,0,0,1632
7772,"1632-10-13 19:08:33",0,1,0,0,0,0,1,1632
7773,"1633-03-25 15:04:26",1,0,0,0,0,1,0,1633
7774,"1633-04-24 02:16:40",1,0,0,0,0,1,0,1633
7775,"1633-09-17 17:33:51",1,0,0,0,0,1,0,1633
7776,"1633-10-17 04:28:14",1,0,0,0,0,1,0,1633
7777,"1633-04-08 13:36:03",0,1,1,0,0,0,0,1633
7778,"1633-10-03 04:59:35",0,1,1,0,0,0,0,1633
7779,"1634-03-14 19:51:59",1,0,0,0,1,0,0,1634
7780,"1634-09-07 09:20:48",1,0,0,0,1,0,0,1634
7781,"1634-03-29 01:24:12",0,1,0,0,0,0,1,1634
7782,"1634-09-22 07:46:01",0,1,1,0,0,0,0,1634
7783,"1635-03-03 19:33:49",1,0,0,0,0,0,1,1635
7784,"1635-08-28 01:52:00",1,0,0,0,0,0,1,1635
7785,"1635-02-17 07:56:20",0,1,0,0,1,0,0,1635
7786,"1635-03-18 17:23:51",0,1,0,0,1,0,0,1635
7787,"1635-08-12 17:19:16",0,1,0,0,1,0,0,1635
7788,"1636-02-20 21:33:49",1,0,0,0,1,0,0,1636
7789,"1636-08-16 14:28:56",1,0,0,0,1,0,0,1636
7790,"1636-02-06 21:13:32",0,1,1,0,0,0,0,1636
7791,"1636-08-01 01:57:17",0,1,0,0,0,0,1,1636
7792,"1637-01-10 19:07:50",1,0,0,0,0,1,0,1637
7793,"1637-02-09 06:37:44",1,0,0,0,0,1,0,1637
7794,"1637-07-07 05:27:11",1,0,0,0,0,0,0,1637
7795,"1637-12-31 10:41:27",1,0,0,0,1,0,0,1637
7796,"1637-01-26 03:47:33",0,1,1,0,0,0,0,1637
7797,"1637-07-21 16:56:10",0,1,0,0,0,0,1,1637
7798,"1638-06-26 06:20:50",1,0,0,0,0,0,1,1638
7799,"1638-12-21 00:59:42",1,0,0,0,0,0,1,1638
7800,"1638-01-15 03:50:56",0,1,1,0,0,0,0,1638
7801,"1638-06-12 02:54:38",0,1,0,0,1,0,0,1638
7802,"1638-07-11 10:10:53",0,1,0,0,1,0,0,1638
7803,"1638-12-05 11:35:49",0,1,0,0,1,0,0,1638
7804,"1639-06-15 12:31:46",1,0,0,0,1,0,0,1639
7805,"1639-12-10 09:38:54",1,0,0,0,1,0,0,1639
7806,"1639-01-04 03:55:33",0,1,0,0,1,0,0,1639
7807,"1639-06-01 14:54:17",0,1,1,0,0,0,0,1639
7808,"1639-11-24 21:58:01",0,1,0,0,0,0,1,1639
7809,"1640-05-05 18:22:40",1,0,0,0,0,1,0,1640
7810,"1640-06-04 01:44:11",1,0,0,0,0,1,0,1640
7811,"1640-10-29 16:26:16",1,0,0,0,0,1,0,1640
7812,"1640-05-20 19:36:57",0,1,1,0,0,0,0,1640
7813,"1640-11-13 13:10:25",0,1,0,0,0,0,1,1640
7814,"1641-04-25 11:13:42",1,0,0,0,1,0,0,1641
7815,"1641-10-18 17:59:32",1,0,0,0,1,0,0,1641
7816,"1641-05-09 20:00:26",0,1,1,0,0,0,0,1641
7817,"1641-11-03 04:39:14",0,1,0,0,0,0,1,1641
7818,"1642-04-15 00:51:26",1,0,0,0,0,0,1,1642
7819,"1642-10-08 02:41:27",1,0,0,0,0,0,1,1642
7820,"1642-03-30 11:28:45",0,1,0,0,1,0,0,1642
7821,"1642-04-28 23:29:01",0,1,0,0,1,0,0,1642
7822,"1642-09-24 01:36:37",0,1,0,0,1,0,0,1642
7823,"1642-10-23 15:47:31",0,1,0,0,1,0,0,1642
7824,"1643-04-04 07:32:42",1,0,0,0,1,0,0,1643
7825,"1643-09-27 17:27:23",1,0,0,0,1,0,0,1643
7826,"1643-03-20 00:46:27",0,1,0,0,0,0,1,1643
7827,"1643-09-13 03:00:30",0,1,1,0,0,0,0,1643
7828,"1644-02-22 14:28:35",1,0,0,0,0,1,0,1644
7829,"1644-08-18 01:24:27",1,0,0,0,0,1,0,1644
7830,"1644-09-16 09:58:57",1,0,0,0,0,1,0,1644
7831,"1644-03-08 17:01:52",0,1,0,0,0,0,1,1644
7832,"1644-09-01 03:44:38",0,1,1,0,0,0,0,1644
7833,"1645-02-10 18:12:57",1,0,0,0,1,0,0,1645
7834,"1645-08-07 12:18:36",1,0,0,0,0,0,1,1645
7835,"1645-02-26 07:34:13",0,1,0,0,0,0,0,1645
7836,"1645-08-21 10:33:33",0,1,0,0,0,0,0,1645
7837,"1646-01-31 05:06:16",1,0,0,0,0,0,1,1646
7838,"1646-07-27 16:05:48",1,0,0,0,0,0,1,1646
7839,"1646-01-16 22:58:23",0,1,0,0,1,0,0,1646
7840,"1646-07-12 17:17:31",0,1,0,0,0,0,1,1646
7841,"1647-01-20 20:22:22",1,0,0,0,1,0,0,1647
7842,"1647-07-16 16:38:26",1,0,0,0,0,1,0,1647
7843,"1647-12-11 22:50:27",1,0,0,0,0,1,0,1647
7844,"1647-01-05 22:10:12",0,1,1,0,0,0,0,1647
7845,"1647-07-02 10:20:34",0,1,0,0,0,0,1,1647
7846,"1647-12-25 23:37:48",0,1,1,0,0,0,0,1647
7847,"1648-01-10 11:25:28",1,0,0,0,0,1,0,1648
7848,"1648-06-05 11:10:53",1,0,0,0,1,0,0,1648
7849,"1648-11-30 05:25:56",1,0,0,0,1,0,0,1648
7850,"1648-06-20 23:42:34",0,1,0,0,0,0,0,1648
7851,"1648-12-14 08:17:12",0,1,0,0,0,0,0,1648
7852,"1649-05-26 01:47:51",1,0,0,0,0,0,1,1649
7853,"1649-11-19 05:38:09",1,0,0,0,0,0,1,1649
7854,"1649-05-11 15:21:16",0,1,0,0,1,0,0,1649
7855,"1649-06-10 06:01:44",0,1,0,0,1,0,0,1649
7856,"1649-11-04 12:34:22",0,1,0,0,1,0,0,1649
7857,"1649-12-03 22:39:55",0,1,0,0,1,0,0,1649
7858,"1650-05-15 18:53:34",1,0,0,0,1,0,0,1650
7859,"1650-11-08 05:51:41",1,0,0,0,1,0,0,1650
7860,"1650-04-30 15:48:06",0,1,1,0,0,0,0,1650
7861,"1650-10-25 03:20:40",0,1,0,0,0,0,1,1650
7862,"1651-04-05 22:44:46",1,0,0,0,0,1,0,1651
7863,"1651-05-05 09:47:56",1,0,0,0,0,1,0,1651
7864,"1651-09-29 01:30:25",1,0,0,0,0,1,0,1651
7865,"1651-10-28 12:36:52",1,0,0,0,0,1,0,1651
7866,"1651-04-19 21:03:53",0,1,1,0,0,0,0,1651
7867,"1651-10-14 12:40:13",0,1,1,0,0,0,0,1651
7868,"1652-03-25 03:16:48",1,0,0,0,1,0,0,1652
7869,"1652-09-17 17:18:47",1,0,0,0,1,0,0,1652
7870,"1652-04-08 09:21:48",0,1,0,0,0,0,1,1652
7871,"1652-10-02 14:57:47",0,1,1,0,0,0,0,1652
7872,"1653-03-14 03:03:49",1,0,0,0,0,0,1,1653
7873,"1653-09-07 09:34:45",1,0,0,0,0,0,1,1653
7874,"1653-02-27 16:28:05",0,1,0,0,1,0,0,1653
7875,"1653-03-29 01:37:24",0,1,0,0,1,0,0,1653
7876,"1653-08-23 00:16:53",0,1,0,0,1,0,0,1653
7877,"1653-09-21 14:55:10",0,1,0,0,1,0,0,1653
7878,"1654-03-03 05:30:48",1,0,0,0,1,0,0,1654
7879,"1654-08-27 21:43:20",1,0,0,0,1,0,0,1654
7880,"1654-02-17 05:35:56",0,1,1,0,0,0,0,1654
7881,"1654-08-12 09:17:04",0,1,0,0,0,0,1,1654
7882,"1655-01-22 03:54:04",1,0,0,0,0,1,0,1655
7883,"1655-02-20 15:03:13",1,0,0,0,0,1,0,1655
7884,"1655-07-18 11:52:30",1,0,0,0,0,1,0,1655
7885,"1655-02-06 11:51:14",0,1,1,0,0,0,0,1655
7886,"1655-08-02 00:27:57",0,1,0,0,0,0,1,1655
7887,"1656-01-11 19:32:55",1,0,0,0,1,0,0,1656
7888,"1656-07-06 12:55:00",1,0,0,0,0,0,1,1656
7889,"1656-12-31 09:40:24",1,0,0,0,0,0,1,1656
7890,"1656-01-26 11:47:31",0,1,1,0,0,0,0,1656
7891,"1656-07-21 17:39:06",0,1,0,0,0,0,0,1656
7892,"1656-12-15 19:59:24",0,1,0,0,1,0,0,1656
7893,"1657-06-25 19:33:12",1,0,0,0,0,0,1,1657
7894,"1657-12-20 17:57:22",1,0,0,0,1,0,0,1657
7895,"1657-01-14 12:07:44",0,1,0,0,1,0,0,1657
7896,"1657-06-11 21:51:28",0,1,1,0,0,0,0,1657
7897,"1657-12-05 06:39:00",0,1,0,0,0,0,1,1657
7898,"1658-05-17 02:01:16",1,0,0,0,0,1,0,1658
7899,"1658-06-15 09:07:23",1,0,0,0,0,1,0,1658
7900,"1658-11-10 00:08:47",1,0,0,0,0,1,0,1658
7901,"1658-12-09 19:10:10",1,0,0,0,0,1,0,1658
7902,"1658-06-01 02:11:00",0,1,1,0,0,0,0,1658
7903,"1658-11-24 21:54:05",0,1,0,0,0,0,1,1658
7904,"1659-05-06 18:55:36",1,0,0,0,1,0,0,1659
7905,"1659-10-30 01:52:16",1,0,0,0,1,0,0,1659
7906,"1659-05-21 02:38:18",0,1,1,0,0,0,0,1659
7907,"1659-11-14 13:09:30",0,1,0,0,0,0,1,1659
7908,"1660-04-25 08:21:25",1,0,0,0,0,0,1,1660
7909,"1660-10-18 10:49:33",1,0,0,0,0,0,1,1660
7910,"1660-04-09 19:09:45",0,1,0,0,1,0,0,1660
7911,"1660-05-09 06:36:20",0,1,0,0,1,0,0,1660
7912,"1660-10-04 09:03:00",0,1,0,0,1,0,0,1660
7913,"1660-11-02 23:49:52",0,1,0,0,1,0,0,1660
7914,"1661-04-14 14:45:44",1,0,0,0,1,0,0,1661
7915,"1661-10-08 01:38:29",1,0,0,0,1,0,0,1661
7916,"1661-03-30 08:54:50",0,1,0,0,0,0,1,1661
7917,"1661-09-23 10:02:00",0,1,1,0,0,0,0,1661
7918,"1662-03-04 22:09:34",1,0,0,0,0,1,0,1662
7919,"1662-08-29 08:56:27",1,0,0,0,0,1,0,1662
7920,"1662-09-27 17:58:48",1,0,0,0,0,1,0,1662
7921,"1662-03-20 01:21:14",0,1,0,0,0,0,1,1662
7922,"1662-09-12 10:50:11",0,1,1,0,0,0,0,1662
7923,"1663-02-22 02:23:01",1,0,0,0,1,0,0,1663
7924,"1663-08-18 19:19:35",1,0,0,0,1,0,0,1663
7925,"1663-03-09 15:48:05",0,1,0,0,0,0,0,1663
7926,"1663-09-01 17:58:39",0,1,0,0,0,0,0,1663
7927,"1664-02-11 13:42:43",1,0,0,0,0,0,1,1664
7928,"1664-08-06 22:39:32",1,0,0,0,0,0,1,1664
7929,"1664-01-28 07:01:53",0,1,0,0,1,0,0,1664
7930,"1664-07-23 00:48:14",0,1,0,0,1,0,0,1664
7931,"1664-08-21 07:57:57",0,1,0,0,1,0,0,1664
7932,"1665-01-31 05:09:49",1,0,0,0,1,0,0,1665
7933,"1665-07-26 23:11:04",1,0,0,0,0,0,0,1665
7934,"1665-12-22 07:25:11",1,0,0,0,0,1,0,1665
7935,"1665-01-16 06:11:20",0,1,1,0,0,0,0,1665
7936,"1665-07-12 17:43:34",0,1,0,0,0,0,1,1665
7937,"1666-01-20 20:08:42",1,0,0,0,0,1,0,1666
7938,"1666-06-16 18:20:10",1,0,0,0,1,0,0,1666
7939,"1666-12-11 13:35:05",1,0,0,0,1,0,0,1666
7940,"1666-01-05 07:58:20",0,1,1,0,0,0,0,1666
7941,"1666-07-02 06:41:58",0,1,0,0,0,0,0,1666
7942,"1666-12-25 16:58:47",0,1,0,0,0,0,0,1666
7943,"1667-06-06 09:17:59",1,0,0,0,0,0,1,1667
7944,"1667-11-30 13:30:56",1,0,0,0,0,0,1,1667
7945,"1667-05-22 21:57:26",0,1,0,0,1,0,0,1667
7946,"1667-06-21 12:35:32",0,1,0,0,1,0,0,1667
7947,"1667-11-15 21:11:34",0,1,0,0,1,0,0,1667
7948,"1667-12-15 07:29:31",0,1,0,0,1,0,0,1667
7949,"1668-05-26 02:28:17",1,0,0,0,1,0,0,1668
7950,"1668-11-18 13:51:49",1,0,0,0,1,0,0,1668
7951,"1668-05-10 22:36:57",0,1,1,0,0,0,0,1668
7952,"1668-11-04 11:39:34",0,1,0,0,0,0,0,1668
7953,"1669-04-16 06:15:05",1,0,0,0,0,1,0,1669
7954,"1669-05-15 17:11:27",1,0,0,0,0,1,0,1669
7955,"1669-10-09 09:35:31",1,0,0,0,0,1,0,1669
7956,"1669-11-07 20:53:38",1,0,0,0,0,1,0,1669
7957,"1669-04-30 04:25:38",0,1,0,0,0,0,0,1669
7958,"1669-10-24 20:27:36",0,1,1,0,0,0,0,1669
7959,"1670-04-05 10:31:05",1,0,0,0,1,0,0,1670
7960,"1670-09-29 01:24:27",1,0,0,0,1,0,0,1670
7961,"1670-04-19 17:11:54",0,1,0,0,0,0,1,1670
7962,"1670-10-13 22:18:31",0,1,1,0,0,0,0,1670
7963,"1671-03-25 10:23:07",1,0,0,0,0,0,1,1671
7964,"1671-09-18 17:24:48",1,0,0,0,0,0,1,1671
7965,"1671-03-11 00:50:26",0,1,0,0,1,0,0,1671
7966,"1671-04-09 09:40:56",0,1,0,0,1,0,0,1671
7967,"1671-09-03 07:23:39",0,1,0,0,1,0,0,1671
7968,"1671-10-02 22:13:02",0,1,0,0,1,0,0,1671
7969,"1672-03-13 13:20:20",1,0,0,0,1,0,0,1672
7970,"1672-09-07 05:03:00",1,0,0,0,1,0,0,1672
7971,"1672-02-28 13:50:15",0,1,1,0,0,0,0,1672
7972,"1672-08-22 16:43:41",0,1,0,0,0,0,1,1672
7973,"1673-02-01 12:37:47",1,0,0,0,0,1,0,1673
7974,"1673-03-02 23:23:33",1,0,0,0,0,1,0,1673
7975,"1673-07-28 18:19:48",1,0,0,0,0,1,0,1673
7976,"1673-02-16 19:48:52",0,1,1,0,0,0,0,1673
7977,"1673-08-12 08:03:39",0,1,0,0,0,0,1,1673
7978,"1674-01-22 04:23:30",1,0,0,0,1,0,0,1674
7979,"1674-07-17 19:29:45",1,0,0,0,0,0,1,1674
7980,"1674-02-05 19:41:10",0,1,1,0,0,0,0,1674
7981,"1674-08-02 01:07:30",0,1,0,0,0,0,1,1674
7982,"1674-12-27 04:27:17",0,1,0,0,1,0,0,1674
7983,"1675-01-11 18:21:18",1,0,0,0,0,0,1,1675
7984,"1675-07-07 02:35:46",1,0,0,0,0,0,1,1675
7985,"1675-01-25 20:19:33",0,1,0,0,1,0,0,1675
7986,"1675-06-23 04:44:09",0,1,1,0,0,0,0,1675
7987,"1675-12-16 15:23:40",0,1,0,0,0,0,1,1675
7988,"1676-01-01 02:15:53",1,0,0,0,1,0,0,1676
7989,"1676-05-27 09:37:03",1,0,0,0,0,1,0,1676
7990,"1676-06-25 16:31:41",1,0,0,0,0,1,0,1676
7991,"1676-11-20 07:57:59",1,0,0,0,0,1,0,1676
7992,"1676-12-20 03:11:19",1,0,0,0,0,1,0,1676
7993,"1676-06-11 08:42:13",0,1,1,0,0,0,0,1676
7994,"1676-12-05 06:41:44",0,1,0,0,0,0,1,1676
7995,"1677-05-17 02:32:34",1,0,0,0,1,0,0,1677
7996,"1677-11-09 09:52:17",1,0,0,0,1,0,0,1677
7997,"1677-05-31 09:13:30",0,1,1,0,0,0,0,1677
7998,"1677-11-24 21:43:38",0,1,0,0,0,0,1,1677
7999,"1678-05-06 15:43:57",1,0,0,0,0,0,1,1678
8000,"1678-10-29 19:05:57",1,0,0,0,0,0,1,1678
8001,"1678-04-21 02:45:36",0,1,0,0,1,0,0,1678
8002,"1678-05-20 13:40:28",0,1,0,0,1,0,0,1678
8003,"1678-10-15 16:36:27",0,1,0,0,1,0,0,1678
8004,"1678-11-14 07:57:39",0,1,0,0,1,0,0,1678
8005,"1679-04-25 21:48:06",1,0,0,0,1,0,0,1679
8006,"1679-10-19 09:58:31",1,0,0,0,1,0,0,1679
8007,"1679-04-10 16:54:51",0,1,0,0,0,0,1,1679
8008,"1679-10-04 17:13:34",0,1,1,0,0,0,0,1679
8009,"1680-03-15 05:41:29",1,0,0,0,0,1,0,1680
8010,"1680-04-13 22:17:40",1,0,0,0,0,1,0,1680
8011,"1680-09-08 16:34:56",1,0,0,0,0,1,0,1680
8012,"1680-10-08 02:06:04",1,0,0,0,0,1,0,1680
8013,"1680-03-30 09:31:38",0,1,0,0,0,0,1,1680
8014,"1680-09-22 18:06:02",0,1,1,0,0,0,0,1680
8015,"1681-03-04 10:26:11",1,0,0,0,1,0,0,1681
8016,"1681-08-29 02:25:36",1,0,0,0,1,0,0,1681
8017,"1681-03-19 23:52:34",0,1,0,0,0,0,0,1681
8018,"1681-09-12 01:32:54",0,1,0,0,0,0,0,1681
8019,"1682-02-21 22:12:51",1,0,0,0,0,0,1,1682
8020,"1682-08-18 05:16:51",1,0,0,0,0,0,1,1682
8021,"1682-02-07 14:58:55",0,1,0,0,1,0,0,1682
8022,"1682-08-03 08:20:50",0,1,0,0,1,0,0,1682
8023,"1682-09-01 15:42:08",0,1,0,0,1,0,0,1682
8024,"1683-02-11 13:52:14",1,0,0,0,1,0,0,1683
8025,"1683-08-07 05:48:33",1,0,0,0,1,0,0,1683
8026,"1683-01-27 14:09:49",0,1,1,0,0,0,0,1683
8027,"1683-07-24 01:06:39",0,1,0,0,0,0,1,1683
8028,"1684-01-02 16:00:14",1,0,0,0,0,1,0,1684
8029,"1684-02-01 04:47:31",1,0,0,0,0,1,0,1684
8030,"1684-06-27 01:29:51",1,0,0,0,1,0,0,1684
8031,"1684-12-21 21:47:05",1,0,0,0,1,0,0,1684
8032,"1684-01-16 16:18:32",0,1,1,0,0,0,0,1684
8033,"1684-07-12 13:40:14",0,1,0,0,0,0,0,1684
8034,"1685-06-16 16:45:23",1,0,0,0,0,0,1,1685
8035,"1685-12-10 21:29:03",1,0,0,0,0,0,1,1685
8036,"1685-01-05 01:42:33",0,1,0,0,0,0,0,1685
8037,"1685-07-01 19:05:43",0,1,0,0,1,0,0,1685
8038,"1685-11-26 05:54:21",0,1,0,0,1,0,0,1685
8039,"1685-12-25 16:22:17",0,1,0,0,1,0,0,1685
8040,"1686-06-06 09:58:09",1,0,0,0,1,0,0,1686
8041,"1686-11-29 21:59:28",1,0,0,0,1,0,0,1686
8042,"1686-05-22 05:21:03",0,1,1,0,0,0,0,1686
8043,"1686-11-15 20:04:39",0,1,0,0,0,0,0,1686
8044,"1687-04-27 13:35:43",1,0,0,0,0,1,0,1687
8045,"1687-05-27 00:27:53",1,0,0,0,0,1,0,1687
8046,"1687-10-20 17:49:46",1,0,0,0,0,1,0,1687
8047,"1687-11-19 05:18:29",1,0,0,0,0,1,0,1687
8048,"1687-05-11 11:42:10",0,1,0,0,0,0,0,1687
8049,"1687-11-05 04:22:06",0,1,1,0,0,0,0,1687
8050,"1688-04-15 17:37:02",1,0,0,0,1,0,0,1688
8051,"1688-10-09 09:37:00",1,0,0,0,1,0,0,1688
8052,"1688-04-30 00:57:17",0,1,0,0,0,0,1,1688
8053,"1688-10-24 05:46:22",0,1,1,0,0,0,0,1688
8054,"1689-04-04 17:36:19",1,0,0,0,0,0,1,1689
8055,"1689-09-29 01:20:57",1,0,0,0,0,0,1,1689
8056,"1689-03-21 09:06:19",0,1,0,0,1,0,0,1689
8057,"1689-04-19 17:39:03",0,1,0,0,1,0,0,1689
8058,"1689-09-13 14:39:14",0,1,0,0,1,0,0,1689
8059,"1689-10-13 05:39:52",0,1,0,0,1,0,0,1689
8060,"1690-03-24 21:02:44",1,0,0,0,1,0,0,1690
8061,"1690-09-18 12:28:18",1,0,0,0,1,0,0,1690
8062,"1690-03-10 21:55:41",0,1,1,0,0,0,0,1690
8063,"1690-09-03 00:17:31",0,1,0,0,0,0,1,1690
8064,"1691-02-12 21:16:17",1,0,0,0,0,1,0,1691
8065,"1691-03-14 07:36:24",1,0,0,0,0,1,0,1691
8066,"1691-08-09 00:52:03",1,0,0,0,0,1,0,1691
8067,"1691-02-28 03:37:24",0,1,1,0,0,0,0,1691
8068,"1691-08-23 15:45:40",0,1,0,0,0,0,1,1691
8069,"1692-02-02 13:08:23",1,0,0,0,1,0,0,1692
8070,"1692-07-28 02:10:38",1,0,0,0,1,0,0,1692
8071,"1692-02-17 03:26:39",0,1,1,0,0,0,0,1692
8072,"1692-08-12 08:40:47",0,1,0,0,0,0,1,1692
8073,"1693-01-22 02:58:18",1,0,0,0,0,0,1,1693
8074,"1693-07-17 09:40:45",1,0,0,0,0,0,1,1693
8075,"1693-01-06 12:55:27",0,1,0,0,1,0,0,1693
8076,"1693-02-05 04:27:03",0,1,0,0,1,0,0,1693
8077,"1693-07-03 11:33:30",0,1,0,0,1,0,0,1693
8078,"1693-12-27 00:10:35",0,1,0,0,0,0,1,1693
8079,"1694-01-11 10:32:49",1,0,0,0,1,0,0,1694
8080,"1694-06-07 17:07:56",1,0,0,0,0,1,0,1694
8081,"1694-07-06 23:55:08",1,0,0,0,1,0,0,1694
8082,"1694-12-01 15:54:13",1,0,0,0,0,1,0,1694
8083,"1694-12-31 11:13:42",1,0,0,0,0,1,0,1694
8084,"1694-06-22 15:08:29",0,1,1,0,0,0,0,1694
8085,"1694-12-16 15:32:55",0,1,0,0,0,0,1,1694
8086,"1695-05-28 10:01:41",1,0,0,0,1,0,0,1695
8087,"1695-11-20 18:01:50",1,0,0,0,1,0,0,1695
8088,"1695-06-11 15:44:09",0,1,1,0,0,0,0,1695
8089,"1695-12-06 06:23:00",0,1,0,0,0,0,1,1695
8090,"1696-05-16 22:58:04",1,0,0,0,0,0,1,1696
8091,"1696-11-09 03:30:05",1,0,0,0,0,0,1,1696
8092,"1696-05-01 10:15:14",0,1,0,0,1,0,0,1696
8093,"1696-05-30 20:41:15",0,1,0,0,1,0,0,1696
8094,"1696-10-26 00:16:43",0,1,0,0,1,0,0,1696
8095,"1696-11-24 16:10:14",0,1,0,0,1,0,0,1696
8096,"1697-05-06 04:42:38",1,0,0,0,1,0,0,1697
8097,"1697-10-29 18:25:44",1,0,0,0,1,0,0,1697
8098,"1697-04-21 00:49:07",0,1,0,0,0,0,1,1697
8099,"1697-10-15 00:33:26",0,1,1,0,0,0,0,1697
8100,"1698-03-26 13:06:21",1,0,0,0,0,1,0,1698
8101,"1698-04-25 05:11:18",1,0,0,0,0,1,0,1698
8102,"1698-09-20 00:18:23",1,0,0,0,0,1,0,1698
8103,"1698-10-19 10:20:16",1,0,0,0,0,1,0,1698
8104,"1698-04-10 17:34:11",0,1,0,0,0,0,1,1698
8105,"1698-10-04 01:31:10",0,1,1,0,0,0,0,1698
8106,"1699-03-15 18:23:37",1,0,0,0,1,0,0,1699
8107,"1699-09-09 09:36:55",1,0,0,0,1,0,0,1699
8108,"1699-03-31 07:48:27",0,1,0,0,0,0,0,1699
8109,"1699-09-23 09:16:00",0,1,0,0,0,0,0,1699
8110,"1700-03-05 06:37:13",1,0,0,0,0,0,1,1700
8111,"1700-08-29 12:01:10",1,0,0,0,0,0,1,1700
8112,"1700-02-18 22:49:16",0,1,0,0,1,0,0,1700
8113,"1700-08-14 15:58:51",0,1,0,0,1,0,0,1700
8114,"1700-09-12 23:34:08",0,1,0,0,1,0,0,1700
8115,"1701-02-22 22:29:42",1,0,0,0,1,0,0,1701
8116,"1701-08-18 12:32:03",1,0,0,0,1,0,0,1701
8117,"1701-02-07 22:04:40",0,1,1,0,0,0,0,1701
8118,"1701-08-04 08:31:29",0,1,0,0,0,0,1,1701
8119,"1702-01-14 00:33:23",1,0,0,0,0,1,0,1702
8120,"1702-02-12 13:21:12",1,0,0,0,0,1,0,1702
8121,"1702-07-09 08:41:19",1,0,0,0,0,1,0,1702
8122,"1702-01-28 00:36:55",0,1,1,0,0,0,0,1702
8123,"1702-07-24 20:38:37",0,1,0,0,0,0,0,1702
8124,"1703-01-03 05:57:53",1,0,0,0,1,0,0,1703
8125,"1703-06-29 00:12:33",1,0,0,0,0,0,1,1703
8126,"1703-12-23 05:29:40",1,0,0,0,0,0,1,1703
8127,"1703-01-17 10:24:14",0,1,0,0,0,0,1,1703
8128,"1703-07-14 01:36:16",0,1,0,0,1,0,0,1703
8129,"1703-12-08 14:41:13",0,1,0,0,1,0,0,1703
8130,"1704-06-17 17:25:32",1,0,0,0,0,0,1,1704
8131,"1704-12-11 06:11:16",1,0,0,0,1,0,0,1704
8132,"1704-01-07 01:14:38",0,1,0,0,1,0,0,1704
8133,"1704-06-02 12:02:26",0,1,1,0,0,0,0,1704
8134,"1704-11-27 04:33:37",0,1,0,0,0,0,0,1704
8135,"1705-05-08 20:47:34",1,0,0,0,0,1,0,1705
8136,"1705-06-07 07:38:49",1,0,0,0,0,1,0,1705
8137,"1705-11-01 02:12:32",1,0,0,0,0,1,0,1705
8138,"1705-11-30 13:49:50",1,0,0,0,0,1,0,1705
8139,"1705-05-22 18:54:53",0,1,0,0,0,0,0,1705
8140,"1705-11-16 12:22:53",0,1,1,0,0,0,0,1705
8141,"1706-04-28 00:31:32",1,0,0,0,1,0,0,1706
8142,"1706-10-21 17:58:08",1,0,0,0,1,0,0,1706
8143,"1706-05-12 08:34:56",0,1,0,0,0,0,1,1706
8144,"1706-11-05 13:23:43",0,1,1,0,0,0,0,1706
8145,"1707-04-17 00:39:23",1,0,0,0,0,0,1,1707
8146,"1707-10-11 09:24:46",1,0,0,0,0,0,1,1707
8147,"1707-04-02 17:12:07",0,1,0,0,1,0,0,1707
8148,"1707-05-02 01:28:01",0,1,0,0,1,0,0,1707
8149,"1707-09-25 22:05:03",0,1,0,0,1,0,0,1707
8150,"1707-10-25 13:17:17",0,1,0,0,1,0,0,1707
8151,"1708-04-05 04:37:32",1,0,0,0,1,0,0,1708
8152,"1708-09-29 20:00:52",1,0,0,0,1,0,0,1708
8153,"1708-03-22 05:51:22",0,1,1,0,0,0,0,1708
8154,"1708-09-14 08:00:11",0,1,0,0,0,0,1,1708
8155,"1709-02-24 05:50:27",1,0,0,0,0,1,0,1709
8156,"1709-03-25 15:43:19",1,0,0,0,0,1,0,1709
8157,"1709-08-20 07:27:43",1,0,0,0,0,1,0,1709
8158,"1709-09-18 23:30:32",1,0,0,0,0,1,0,1709
8159,"1709-03-11 11:18:22",0,1,1,0,0,0,0,1709
8160,"1709-09-03 23:32:14",0,1,0,0,0,0,1,1709
8161,"1710-02-13 21:50:02",1,0,0,0,1,0,0,1710
8162,"1710-08-09 08:55:35",1,0,0,0,1,0,0,1710
8163,"1710-02-28 11:07:17",0,1,1,0,0,0,0,1710
8164,"1710-08-24 16:17:01",0,1,0,0,0,0,1,1710
8165,"1711-02-03 11:31:17",1,0,0,0,0,0,1,1711
8166,"1711-07-29 16:50:12",1,0,0,0,0,0,1,1711
8167,"1711-01-18 21:23:35",0,1,0,0,1,0,0,1711
8168,"1711-02-17 12:30:13",0,1,0,0,1,0,0,1711
8169,"1711-07-15 18:21:53",0,1,0,0,1,0,0,1711
8170,"1712-01-23 18:46:56",1,0,0,0,1,0,0,1712
8171,"1712-07-18 07:21:35",1,0,0,0,1,0,0,1712
8172,"1712-12-12 23:53:39",1,0,0,0,0,1,0,1712
8173,"1712-01-08 08:58:28",0,1,0,0,0,0,1,1712
8174,"1712-07-03 21:34:45",0,1,1,0,0,0,0,1712
8175,"1712-12-28 00:24:42",0,1,0,0,0,0,1,1712
8176,"1713-01-11 19:14:40",1,0,0,0,0,1,0,1713
8177,"1713-06-08 17:28:02",1,0,0,0,1,0,0,1713
8178,"1713-12-02 02:16:56",1,0,0,0,1,0,0,1713
8179,"1713-06-22 22:15:27",0,1,1,0,0,0,0,1713
8180,"1713-12-17 15:04:06",0,1,0,0,0,0,0,1713
8181,"1714-05-29 06:04:50",1,0,0,0,0,0,1,1714
8182,"1714-11-21 12:01:31",1,0,0,0,0,0,1,1714
8183,"1714-05-13 17:39:33",0,1,0,0,1,0,0,1714
8184,"1714-06-12 03:39:56",0,1,0,0,1,0,0,1714
8185,"1714-11-07 08:04:13",0,1,0,0,1,0,0,1714
8186,"1714-12-07 00:26:46",0,1,0,0,1,0,0,1714
8187,"1715-05-18 11:28:40",1,0,0,0,1,0,0,1715
8188,"1715-11-11 03:00:02",1,0,0,0,1,0,0,1715
8189,"1715-05-03 08:36:18",0,1,0,0,0,0,1,1715
8190,"1715-10-27 08:02:36",0,1,1,0,0,0,0,1715
8191,"1716-04-06 20:22:19",1,0,0,0,0,1,0,1716
8192,"1716-05-06 11:57:30",1,0,0,0,0,1,0,1716
8193,"1716-10-01 08:09:57",1,0,0,0,0,1,0,1716
8194,"1716-10-30 18:42:08",1,0,0,0,0,1,0,1716
8195,"1716-04-22 01:28:20",0,1,0,0,0,0,1,1716
8196,"1716-10-15 09:07:26",0,1,1,0,0,0,0,1716
8197,"1717-03-27 02:13:28",1,0,0,0,1,0,0,1717
8198,"1717-09-20 16:54:12",1,0,0,0,1,0,0,1717
8199,"1717-04-11 15:34:25",0,1,0,0,0,0,0,1717
8200,"1717-10-04 17:08:17",0,1,0,0,0,0,0,1717
8201,"1718-03-16 14:54:23",1,0,0,0,0,0,1,1718
8202,"1718-09-09 18:52:16",1,0,0,0,0,0,1,1718
8203,"1718-03-02 06:31:19",0,1,0,0,1,0,0,1718
8204,"1718-08-25 23:41:33",0,1,0,0,1,0,0,1718
8205,"1718-09-24 07:34:10",0,1,0,0,1,0,0,1718
8206,"1719-03-06 06:59:00",1,0,0,0,1,0,0,1719
8207,"1719-08-29 19:23:51",1,0,0,0,1,0,0,1719
8208,"1719-02-19 05:52:46",0,1,1,0,0,0,0,1719
8209,"1719-08-15 15:59:38",0,1,0,0,0,0,1,1719
8210,"1720-01-25 09:03:55",1,0,0,0,0,1,0,1720
8211,"1720-02-23 21:48:21",1,0,0,0,0,1,0,1720
8212,"1720-07-19 15:55:21",1,0,0,0,0,1,0,1720
8213,"1720-08-18 01:31:36",1,0,0,0,0,1,0,1720
8214,"1720-02-08 08:52:19",0,1,1,0,0,0,0,1720
8215,"1720-08-04 03:38:02",0,1,1,0,0,0,0,1720
8216,"1721-01-13 14:08:06",1,0,0,0,1,0,0,1721
8217,"1721-07-09 07:39:34",1,0,0,0,0,0,1,1721
8218,"1721-01-27 19:05:01",0,1,0,0,0,0,1,1721
8219,"1721-07-24 08:06:40",0,1,0,0,1,0,0,1721
8220,"1721-12-18 23:31:35",0,1,0,0,1,0,0,1721
8221,"1722-01-02 13:32:40",1,0,0,0,0,0,1,1722
8222,"1722-06-29 00:49:03",1,0,0,0,0,0,1,1722
8223,"1722-12-22 14:28:18",1,0,0,0,1,0,0,1722
8224,"1722-01-17 10:06:58",0,1,0,0,1,0,0,1722
8225,"1722-06-13 18:40:10",0,1,0,0,1,0,0,1722
8226,"1722-12-08 13:07:20",0,1,1,0,0,0,0,1722
8227,"1723-05-20 03:51:42",1,0,0,0,0,1,0,1723
8228,"1723-06-18 14:45:22",1,0,0,0,0,1,0,1723
8229,"1723-11-12 10:42:21",1,0,0,0,0,1,0,1723
8230,"1723-12-11 22:25:38",1,0,0,0,0,1,0,1723
8231,"1723-06-03 02:05:01",0,1,0,0,0,0,1,1723
8232,"1723-11-27 20:28:03",0,1,1,0,0,0,0,1723
8233,"1724-05-08 07:19:30",1,0,0,0,1,0,0,1724
8234,"1724-11-01 02:25:56",1,0,0,0,1,0,0,1724
8235,"1724-05-22 16:09:57",0,1,0,0,0,0,1,1724
8236,"1724-11-15 21:07:24",0,1,1,0,0,0,0,1724
8237,"1725-04-27 07:36:57",1,0,0,0,0,0,1,1725
8238,"1725-10-21 17:34:28",1,0,0,0,0,0,1,1725
8239,"1725-04-13 01:11:04",0,1,0,0,1,0,0,1725
8240,"1725-05-12 09:12:04",0,1,0,0,1,0,0,1725
8241,"1725-10-06 05:39:41",0,1,0,0,1,0,0,1725
8242,"1725-11-04 21:02:47",0,1,0,0,1,0,0,1725
8243,"1726-04-16 12:06:18",1,0,0,0,1,0,0,1726
8244,"1726-10-11 03:40:19",1,0,0,0,1,0,0,1726
8245,"1726-04-02 13:38:01",0,1,1,0,0,0,0,1726
8246,"1726-09-25 15:51:34",0,1,0,0,0,0,1,1726
8247,"1727-03-07 14:16:23",1,0,0,0,0,1,0,1727
8248,"1727-04-05 23:41:38",1,0,0,0,0,1,0,1727
8249,"1727-08-31 14:11:50",1,0,0,0,0,1,0,1727
8250,"1727-09-30 06:39:58",1,0,0,0,0,1,0,1727
8251,"1727-03-22 18:47:42",0,1,1,0,0,0,0,1727
8252,"1727-09-15 07:27:18",0,1,0,0,0,0,1,1727
8253,"1728-02-25 06:24:11",1,0,0,0,1,0,0,1728
8254,"1728-08-19 15:48:27",1,0,0,0,1,0,0,1728
8255,"1728-03-10 18:38:43",0,1,1,0,0,0,0,1728
8256,"1728-09-03 23:59:07",0,1,0,0,0,0,1,1728
8257,"1729-02-13 19:57:30",1,0,0,0,0,0,1,1729
8258,"1729-08-09 00:05:03",1,0,0,0,0,0,1,1729
8259,"1729-01-29 05:48:40",0,1,0,0,1,0,0,1729
8260,"1729-02-27 20:27:00",0,1,0,0,1,0,0,1729
8261,"1729-07-26 01:10:20",0,1,0,0,1,0,0,1729
8262,"1729-08-24 12:48:06",0,1,0,0,1,0,0,1729
8263,"1730-02-03 02:55:31",1,0,0,0,1,0,0,1730
8264,"1730-07-29 14:49:32",1,0,0,0,1,0,0,1730
8265,"1730-12-24 07:57:50",1,0,0,0,0,1,0,1730
8266,"1730-01-18 17:45:03",0,1,0,0,0,0,1,1730
8267,"1730-07-15 03:58:55",0,1,1,0,0,0,0,1730
8268,"1731-01-23 03:13:58",1,0,0,0,0,1,0,1731
8269,"1731-06-20 00:49:29",1,0,0,0,1,0,0,1731
8270,"1731-12-13 10:37:52",1,0,0,0,1,0,0,1731
8271,"1731-01-08 09:17:31",0,1,0,0,0,0,1,1731
8272,"1731-07-04 04:46:12",0,1,1,0,0,0,0,1731
8273,"1731-12-28 23:46:37",0,1,0,0,0,0,0,1731
8274,"1732-06-08 13:05:57",1,0,0,0,0,0,1,1732
8275,"1732-12-01 20:39:28",1,0,0,0,0,0,1,1732
8276,"1732-06-22 10:38:41",0,1,0,0,1,0,0,1732
8277,"1732-11-17 15:58:29",0,1,0,0,1,0,0,1732
8278,"1732-12-17 08:46:32",0,1,0,0,1,0,0,1732
8279,"1733-05-28 18:07:56",1,0,0,0,1,0,0,1733
8280,"1733-11-21 11:40:41",1,0,0,0,1,0,0,1733
8281,"1733-05-13 16:18:16",0,1,0,0,0,0,1,1733
8282,"1733-11-06 15:40:01",0,1,1,0,0,0,0,1733
8283,"1734-04-18 03:32:11",1,0,0,0,0,1,0,1734
8284,"1734-05-17 18:37:58",1,0,0,0,0,1,0,1734
8285,"1734-10-12 16:07:49",1,0,0,0,0,1,0,1734
8286,"1734-11-11 03:10:18",1,0,0,0,0,1,0,1734
8287,"1734-05-03 09:15:42",0,1,0,0,0,0,1,1734
8288,"1734-10-26 16:53:13",0,1,1,0,0,0,0,1734
8289,"1735-04-07 09:56:37",1,0,0,0,1,0,0,1735
8290,"1735-10-02 00:18:59",1,0,0,0,1,0,0,1735
8291,"1735-04-22 23:11:19",0,1,0,0,0,0,0,1735
8292,"1735-10-16 01:10:21",0,1,0,0,0,0,0,1735
8293,"1736-03-26 23:05:39",1,0,0,0,0,0,1,1736
8294,"1736-09-20 01:50:46",1,0,0,0,0,0,1,1736
8295,"1736-03-12 14:05:37",0,1,0,0,1,0,0,1736
8296,"1736-04-11 06:17:43",0,1,0,0,1,0,0,1736
8297,"1736-09-05 07:30:10",0,1,0,0,1,0,0,1736
8298,"1736-10-04 15:41:22",0,1,0,0,1,0,0,1736
8299,"1737-03-16 15:21:58",1,0,0,0,1,0,0,1737
8300,"1737-09-09 02:23:58",1,0,0,0,1,0,0,1737
8301,"1737-03-01 13:35:04",0,1,1,0,0,0,0,1737
8302,"1737-08-25 23:31:52",0,1,0,0,0,0,1,1737
8303,"1738-02-04 17:28:46",1,0,0,0,0,1,0,1738
8304,"1738-03-06 06:07:02",1,0,0,0,0,1,0,1738
8305,"1738-07-30 23:13:10",1,0,0,0,0,1,0,1738
8306,"1738-08-29 08:51:03",1,0,0,0,0,1,0,1738
8307,"1738-02-18 17:02:16",0,1,1,0,0,0,0,1738
8308,"1738-08-15 10:39:57",0,1,1,0,0,0,0,1738
8309,"1739-01-24 22:13:59",1,0,0,0,1,0,0,1739
8310,"1739-07-20 15:08:57",1,0,0,0,0,0,1,1739
8311,"1739-02-08 03:41:01",0,1,0,0,0,0,1,1739
8312,"1739-08-04 14:40:39",0,1,1,0,0,0,0,1739
8313,"1739-12-30 08:21:44",0,1,0,0,1,0,0,1739
8314,"1740-01-13 21:33:18",1,0,0,0,0,0,1,1740
8315,"1740-07-09 08:13:01",1,0,0,0,0,0,1,1740
8316,"1740-01-28 18:54:45",0,1,0,0,1,0,0,1740
8317,"1740-06-24 01:18:44",0,1,0,0,1,0,0,1740
8318,"1740-12-18 21:42:59",0,1,1,0,0,0,0,1740
8319,"1741-01-01 22:46:50",1,0,0,0,1,0,0,1741
8320,"1741-06-28 21:47:30",1,0,0,0,0,1,0,1741
8321,"1741-11-22 19:19:17",1,0,0,0,0,1,0,1741
8322,"1741-12-22 07:05:25",1,0,0,0,0,1,0,1741
8323,"1741-06-13 09:12:33",0,1,0,0,0,0,1,1741
8324,"1741-12-08 04:37:44",0,1,1,0,0,0,0,1741
8325,"1742-05-19 13:58:21",1,0,0,0,1,0,0,1742
8326,"1742-11-12 11:01:27",1,0,0,0,1,0,0,1742
8327,"1742-06-02 23:39:42",0,1,0,0,0,0,1,1742
8328,"1742-11-27 04:58:43",0,1,1,0,0,0,0,1742
8329,"1743-05-08 14:25:52",1,0,0,0,0,0,1,1743
8330,"1743-11-02 01:52:16",1,0,0,0,0,0,1,1743
8331,"1743-04-24 08:59:47",0,1,0,0,1,0,0,1743
8332,"1743-05-23 16:48:37",0,1,0,0,1,0,0,1743
8333,"1743-10-17 13:25:38",0,1,0,0,1,0,0,1743
8334,"1743-11-16 04:58:16",0,1,0,0,1,0,0,1743
8335,"1744-04-26 19:28:51",1,0,0,0,1,0,0,1744
8336,"1744-10-21 11:26:12",1,0,0,0,1,0,0,1744
8337,"1744-04-12 21:15:06",0,1,1,0,0,0,0,1744
8338,"1744-10-05 23:51:10",0,1,0,0,0,0,1,1744
8339,"1745-03-17 22:36:58",1,0,0,0,0,1,0,1745
8340,"1745-04-16 07:34:37",1,0,0,0,0,1,0,1745
8341,"1745-09-10 21:02:14",1,0,0,0,0,1,0,1745
8342,"1745-10-10 13:56:39",1,0,0,0,0,1,0,1745
8343,"1745-04-02 02:09:02",0,1,1,0,0,0,0,1745
8344,"1745-09-25 15:28:39",0,1,0,0,0,0,1,1745
8345,"1746-03-07 14:52:01",1,0,0,0,1,0,0,1746
8346,"1746-08-30 22:48:00",1,0,0,0,1,0,0,1746
8347,"1746-03-22 02:02:33",0,1,1,0,0,0,0,1746
8348,"1746-09-15 07:46:19",0,1,0,0,0,0,1,1746
8349,"1747-02-25 04:17:26",1,0,0,0,0,0,1,1747
8350,"1747-08-20 07:26:43",1,0,0,0,0,0,1,1747
8351,"1747-02-09 14:11:11",0,1,0,0,1,0,0,1747
8352,"1747-03-11 04:18:02",0,1,0,0,1,0,0,1747
8353,"1747-08-06 08:00:57",0,1,0,0,1,0,0,1747
8354,"1747-09-04 20:07:28",0,1,0,0,1,0,0,1747
8355,"1748-02-14 10:57:49",1,0,0,0,1,0,0,1748
8356,"1748-08-08 22:23:11",1,0,0,0,1,0,0,1748
8357,"1748-01-30 02:28:58",0,1,0,0,0,0,1,1748
8358,"1748-07-25 10:26:45",0,1,1,0,0,0,0,1748
8359,"1749-01-03 16:02:50",1,0,0,0,0,1,0,1749
8360,"1749-02-02 11:09:23",1,0,0,0,0,1,0,1749
8361,"1749-06-30 08:09:00",1,0,0,0,1,0,0,1749
8362,"1749-07-29 15:30:43",1,0,0,0,0,1,0,1749
8363,"1749-12-23 19:01:53",1,0,0,0,1,0,0,1749
8364,"1749-01-18 18:08:39",0,1,0,0,0,0,1,1749
8365,"1749-07-14 11:19:03",0,1,1,0,0,0,0,1749
8366,"1750-06-19 20:02:45",1,0,0,0,0,0,1,1750
8367,"1750-12-13 05:21:29",1,0,0,0,0,0,1,1750
8368,"1750-01-08 08:28:23",0,1,0,0,0,0,0,1750
8369,"1750-07-03 17:38:40",0,1,0,0,1,0,0,1750
8370,"1750-11-28 23:57:49",0,1,0,0,1,0,0,1750
8371,"1750-12-28 17:06:23",0,1,0,0,1,0,0,1750
8372,"1751-06-09 00:41:41",1,0,0,0,1,0,0,1751
8373,"1751-12-02 20:26:34",1,0,0,0,1,0,0,1751
8374,"1751-05-24 23:54:59",0,1,0,0,0,0,1,1751
8375,"1751-11-17 23:25:44",0,1,1,0,0,0,0,1751
8376,"1752-04-28 10:34:50",1,0,0,0,0,1,0,1752
8377,"1752-05-28 01:13:41",1,0,0,0,0,1,0,1752
8378,"1752-10-23 00:12:37",1,0,0,0,0,1,0,1752
8379,"1752-11-21 11:43:41",1,0,0,0,0,1,0,1752
8380,"1752-05-13 16:56:11",0,1,0,0,0,0,1,1752
8381,"1752-11-06 00:47:56",0,1,1,0,0,0,0,1752
8382,"1753-04-17 17:33:00",1,0,0,0,1,0,0,1753
8383,"1753-10-12 07:51:11",1,0,0,0,1,0,0,1753
8384,"1753-05-03 06:39:20",0,1,0,0,0,0,0,1753
8385,"1753-10-26 09:21:44",0,1,0,0,0,0,0,1753
8386,"1754-04-07 07:07:43",1,0,0,0,0,0,1,1754
8387,"1754-10-01 08:58:10",1,0,0,0,0,0,1,1754
8388,"1754-03-23 21:28:37",0,1,0,0,1,0,0,1754
8389,"1754-04-22 13:25:30",0,1,0,0,1,0,0,1754
8390,"1754-09-16 15:25:22",0,1,0,0,1,0,0,1754
8391,"1754-10-15 23:57:30",0,1,0,0,1,0,0,1754
8392,"1755-03-27 23:36:07",1,0,0,0,1,0,0,1755
8393,"1755-09-20 09:33:50",1,0,0,0,1,0,0,1755
8394,"1755-03-12 21:09:16",0,1,1,0,0,0,0,1755
8395,"1755-09-06 07:09:25",0,1,0,0,0,0,1,1755
8396,"1756-02-16 01:47:33",1,0,0,0,0,1,0,1756
8397,"1756-03-16 14:17:30",1,0,0,0,0,1,0,1756
8398,"1756-08-10 06:36:28",1,0,0,0,0,1,0,1756
8399,"1756-09-08 16:19:11",1,0,0,0,0,1,0,1756
8400,"1756-03-01 01:06:50",0,1,1,0,0,0,0,1756
8401,"1756-08-25 17:45:58",0,1,1,0,0,0,0,1756
8402,"1757-02-04 06:16:35",1,0,0,0,1,0,0,1757
8403,"1757-07-30 22:39:29",1,0,0,0,1,0,0,1757
8404,"1757-02-18 12:13:56",0,1,0,0,0,0,1,1757
8405,"1757-08-14 21:16:25",0,1,1,0,0,0,0,1757
8406,"1758-01-24 05:33:55",1,0,0,0,0,0,1,1758
8407,"1758-07-20 15:36:25",1,0,0,0,0,0,1,1758
8408,"1758-01-09 17:13:19",0,1,0,0,1,0,0,1758
8409,"1758-02-08 03:40:32",0,1,0,0,1,0,0,1758
8410,"1758-07-05 07:57:31",0,1,0,0,1,0,0,1758
8411,"1758-12-30 06:19:51",0,1,1,0,0,0,0,1758
8412,"1759-01-13 07:06:16",1,0,0,0,1,0,0,1759
8413,"1759-07-10 04:48:38",1,0,0,0,0,1,0,1759
8414,"1759-12-04 04:01:39",1,0,0,0,0,1,0,1759
8415,"1759-06-24 16:20:40",0,1,0,0,0,0,1,1759
8416,"1759-12-19 12:49:46",0,1,1,0,0,0,0,1759
8417,"1760-01-02 15:47:06",1,0,0,0,0,1,0,1760
8418,"1760-05-29 20:33:21",1,0,0,0,1,0,0,1760
8419,"1760-11-22 19:41:17",1,0,0,0,1,0,0,1760
8420,"1760-06-13 07:08:56",0,1,0,0,0,0,1,1760
8421,"1760-12-07 12:53:25",0,1,1,0,0,0,0,1760
8422,"1761-05-18 21:11:39",1,0,0,0,0,0,1,1761
8423,"1761-11-12 10:15:27",1,0,0,0,0,0,1,1761
8424,"1761-05-04 16:42:44",0,1,0,0,1,0,0,1761
8425,"1761-06-03 00:22:16",0,1,0,0,1,0,0,1761
8426,"1761-11-26 13:00:15",0,1,0,0,1,0,0,1761
8427,"1762-05-08 02:45:17",1,0,0,0,1,0,0,1762
8428,"1762-11-01 19:19:29",1,0,0,0,1,0,0,1762
8429,"1762-04-24 04:41:47",0,1,1,0,0,0,0,1762
8430,"1762-10-17 08:00:17",0,1,0,0,0,0,1,1762
8431,"1763-03-29 06:48:55",1,0,0,0,0,1,0,1763
8432,"1763-04-27 15:20:17",1,0,0,0,0,1,0,1763
8433,"1763-09-22 04:02:42",1,0,0,0,0,1,0,1763
8434,"1763-10-21 21:22:23",1,0,0,0,0,1,0,1763
8435,"1763-04-13 09:19:11",0,1,1,0,0,0,0,1763
8436,"1763-10-06 23:38:44",0,1,0,0,0,0,1,1763
8437,"1764-03-17 23:10:45",1,0,0,0,1,0,0,1764
8438,"1764-09-10 05:58:08",1,0,0,0,1,0,0,1764
8439,"1764-04-01 09:16:56",0,1,1,0,0,0,0,1764
8440,"1764-09-25 15:41:21",0,1,0,0,0,0,1,1764
8441,"1765-03-07 12:28:36",1,0,0,0,0,0,1,1765
8442,"1765-08-30 14:55:11",1,0,0,0,0,0,1,1765
8443,"1765-02-19 22:28:28",0,1,0,0,1,0,0,1765
8444,"1765-03-21 12:01:35",0,1,0,0,1,0,0,1765
8445,"1765-08-16 14:53:33",0,1,0,0,1,0,0,1765
8446,"1765-09-15 03:32:03",0,1,0,0,1,0,0,1765
8447,"1766-02-24 18:52:30",1,0,0,0,1,0,0,1766
8448,"1766-08-20 06:01:22",1,0,0,0,1,0,0,1766
8449,"1766-02-09 11:09:25",0,1,0,0,0,0,1,1766
8450,"1766-08-05 16:56:37",0,1,1,0,0,0,0,1766
8451,"1767-01-15 00:07:52",1,0,0,0,0,1,0,1767
8452,"1767-02-13 18:58:40",1,0,0,0,0,1,0,1767
8453,"1767-07-11 15:26:53",1,0,0,0,0,1,0,1767
8454,"1767-08-09 23:02:32",1,0,0,0,0,1,0,1767
8455,"1767-01-30 02:56:35",0,1,0,0,0,0,1,1767
8456,"1767-07-25 17:55:27",0,1,1,0,0,0,0,1767
8457,"1768-01-04 03:29:11",1,0,0,0,1,0,0,1768
8458,"1768-06-30 02:55:59",1,0,0,0,0,0,1,1768
8459,"1768-12-23 14:06:52",1,0,0,0,0,0,1,1768
8460,"1768-01-19 17:09:06",0,1,0,0,0,0,0,1768
8461,"1768-07-14 00:40:41",0,1,0,0,0,0,0,1768
8462,"1768-12-09 08:01:10",0,1,0,0,1,0,0,1768
8463,"1769-06-19 07:11:19",1,0,0,0,0,0,1,1769
8464,"1769-12-13 05:16:43",1,0,0,0,1,0,0,1769
8465,"1769-01-08 01:26:11",0,1,0,0,1,0,0,1769
8466,"1769-06-04 07:28:14",0,1,0,0,0,0,1,1769
8467,"1769-11-28 07:18:20",0,1,1,0,0,0,0,1769
8468,"1770-06-08 07:44:52",1,0,0,0,0,1,0,1770
8469,"1770-11-03 08:24:08",1,0,0,0,0,1,0,1770
8470,"1770-12-02 20:22:11",1,0,0,0,0,1,0,1770
8471,"1770-05-25 00:29:51",0,1,0,0,0,0,1,1770
8472,"1770-11-17 08:51:32",0,1,1,0,0,0,0,1770
8473,"1771-04-29 01:03:48",1,0,0,0,1,0,0,1771
8474,"1771-10-23 15:30:02",1,0,0,0,1,0,0,1771
8475,"1771-05-14 13:59:39",0,1,0,0,0,0,0,1771
8476,"1771-11-06 17:40:42",0,1,0,0,0,0,0,1771
8477,"1772-04-17 15:04:24",1,0,0,0,0,0,1,1772
8478,"1772-10-11 16:14:20",1,0,0,0,0,0,1,1772
8479,"1772-04-03 04:43:28",0,1,0,0,1,0,0,1772
8480,"1772-05-02 20:26:12",0,1,0,0,1,0,0,1772
8481,"1772-09-26 23:27:56",0,1,0,0,1,0,0,1772
8482,"1772-10-26 08:20:58",0,1,0,0,1,0,0,1772
8483,"1773-04-07 07:43:09",1,0,0,0,1,0,0,1773
8484,"1773-09-30 16:52:45",1,0,0,0,1,0,0,1773
8485,"1773-03-23 04:36:38",0,1,1,0,0,0,0,1773
8486,"1773-09-16 14:52:00",0,1,0,0,0,0,1,1773
8487,"1774-02-26 09:58:31",1,0,0,0,0,1,0,1774
8488,"1774-03-27 22:18:41",1,0,0,0,0,1,0,1774
8489,"1774-08-21 14:06:16",1,0,0,0,0,1,0,1774
8490,"1774-09-19 23:56:44",1,0,0,0,0,1,0,1774
8491,"1774-03-12 09:04:53",0,1,1,0,0,0,0,1774
8492,"1774-09-06 00:57:19",0,1,1,0,0,0,0,1774
8493,"1775-02-15 14:10:36",1,0,0,0,1,0,0,1775
8494,"1775-08-11 06:15:24",1,0,0,0,1,0,0,1775
8495,"1775-03-01 20:39:00",0,1,0,0,0,0,1,1775
8496,"1775-08-26 03:59:18",0,1,1,0,0,0,0,1775
8497,"1776-02-04 13:29:29",1,0,0,0,0,0,1,1776
8498,"1776-07-30 23:01:41",1,0,0,0,0,0,1,1776
8499,"1776-01-21 02:02:02",0,1,0,0,1,0,0,1776
8500,"1776-02-19 12:19:48",0,1,0,0,1,0,0,1776
8501,"1776-07-15 14:39:15",0,1,0,0,1,0,0,1776
8502,"1776-08-14 04:22:42",0,1,0,0,1,0,0,1776
8503,"1777-01-23 15:23:47",1,0,0,0,1,0,0,1777
8504,"1777-07-20 11:48:25",1,0,0,0,1,0,0,1777
8505,"1777-12-14 12:48:37",1,0,0,0,0,1,0,1777
8506,"1777-01-09 14:55:11",0,1,1,0,0,0,0,1777
8507,"1777-07-04 23:29:08",0,1,0,0,0,0,1,1777
8508,"1777-12-29 21:03:07",0,1,1,0,0,0,0,1777
8509,"1778-01-13 00:29:03",1,0,0,0,0,1,0,1778
8510,"1778-06-10 03:00:48",1,0,0,0,0,1,0,1778
8511,"1778-12-04 04:27:31",1,0,0,0,1,0,0,1778
8512,"1778-06-24 14:34:35",0,1,0,0,0,0,1,1778
8513,"1778-12-18 20:53:32",0,1,1,0,0,0,0,1778
8514,"1779-05-30 03:51:49",1,0,0,0,0,0,1,1779
8515,"1779-11-23 18:44:25",1,0,0,0,0,0,1,1779
8516,"1779-05-16 00:17:09",0,1,0,0,1,0,0,1779
8517,"1779-06-14 07:51:04",0,1,0,0,1,0,0,1779
8518,"1779-12-07 21:08:42",0,1,0,0,1,0,0,1779
8519,"1780-05-18 09:57:56",1,0,0,0,1,0,0,1780
8520,"1780-11-12 03:19:30",1,0,0,0,1,0,0,1780
8521,"1780-05-04 12:00:16",0,1,1,0,0,0,0,1780
8522,"1780-10-27 16:18:08",0,1,0,0,0,0,1,1780
8523,"1781-04-08 14:54:46",1,0,0,0,0,1,0,1781
8524,"1781-05-07 23:00:46",1,0,0,0,0,1,0,1781
8525,"1781-11-01 04:55:48",1,0,0,0,0,1,0,1781
8526,"1781-04-23 16:21:04",0,1,1,0,0,0,0,1781
8527,"1781-10-17 07:55:37",0,1,0,0,0,0,1,1781
8528,"1782-03-29 07:22:46",1,0,0,0,1,0,0,1782
8529,"1782-09-21 13:17:12",1,0,0,0,1,0,0,1782
8530,"1782-04-12 16:24:26",0,1,1,0,0,0,0,1782
8531,"1782-10-06 23:42:56",0,1,0,0,0,0,1,1782
8532,"1783-03-18 20:31:09",1,0,0,0,0,0,1,1783
8533,"1783-09-10 22:32:45",1,0,0,0,0,0,1,1783
8534,"1783-03-03 06:40:19",0,1,0,0,1,0,0,1783
8535,"1783-04-01 19:38:27",0,1,0,0,1,0,0,1783
8536,"1783-08-27 21:51:35",0,1,0,0,1,0,0,1783
8537,"1783-09-26 11:03:46",0,1,0,0,1,0,0,1783
8538,"1784-03-07 02:39:21",1,0,0,0,1,0,0,1784
8539,"1784-08-30 13:45:35",1,0,0,0,1,0,0,1784
8540,"1784-02-20 19:45:18",0,1,0,0,0,0,1,1784
8541,"1784-08-15 23:31:31",0,1,1,0,0,0,0,1784
8542,"1785-01-25 08:10:37",1,0,0,0,0,1,0,1785
8543,"1785-02-24 02:41:59",1,0,0,0,0,1,0,1785
8544,"1785-07-21 22:45:26",1,0,0,0,0,1,0,1785
8545,"1785-08-20 06:38:16",1,0,0,0,0,1,0,1785
8546,"1785-02-09 11:40:20",0,1,0,0,0,0,1,1785
8547,"1785-08-05 00:37:01",0,1,1,0,0,0,0,1785
8548,"1786-01-14 11:55:35",1,0,0,0,1,0,0,1786
8549,"1786-07-11 09:46:58",1,0,0,0,0,0,1,1786
8550,"1786-01-30 01:45:02",0,1,0,0,0,0,0,1786
8551,"1786-07-25 07:46:15",0,1,0,0,0,0,1,1786
8552,"1786-12-20 16:06:56",0,1,0,0,1,0,0,1786
8553,"1787-01-03 22:53:16",1,0,0,0,0,0,1,1787
8554,"1787-06-30 13:39:10",1,0,0,0,0,0,1,1787
8555,"1787-12-24 14:08:08",1,0,0,0,1,0,0,1787
8556,"1787-01-19 09:42:41",0,1,0,0,1,0,0,1787
8557,"1787-06-15 14:59:04",0,1,0,0,0,0,1,1787
8558,"1787-12-09 15:15:18",0,1,1,0,0,0,0,1787
8559,"1788-06-18 14:15:03",1,0,0,0,0,1,0,1788
8560,"1788-11-13 16:42:14",1,0,0,0,0,1,0,1788
8561,"1788-12-13 05:04:06",1,0,0,0,0,1,0,1788
8562,"1788-06-04 07:59:09",0,1,0,0,0,0,1,1788
8563,"1788-11-27 17:02:33",0,1,1,0,0,0,0,1788
8564,"1789-05-09 08:28:18",1,0,0,0,1,0,0,1789
8565,"1789-11-02 23:16:44",1,0,0,0,1,0,0,1789
8566,"1789-05-24 21:11:36",0,1,0,0,0,0,0,1789
8567,"1789-11-17 02:08:15",0,1,0,0,0,0,0,1789
8568,"1790-04-28 22:53:18",1,0,0,0,0,0,1,1790
8569,"1790-10-22 23:40:20",1,0,0,0,0,0,1,1790
8570,"1790-04-14 11:47:50",0,1,0,0,1,0,0,1790
8571,"1790-05-14 03:16:53",0,1,0,0,1,0,0,1790
8572,"1790-10-08 07:38:28",0,1,0,0,1,0,0,1790
8573,"1790-11-06 16:52:52",0,1,0,0,1,0,0,1790
8574,"1791-04-18 15:41:08",1,0,0,0,1,0,0,1791
8575,"1791-10-12 00:23:00",1,0,0,0,1,0,0,1791
8576,"1791-04-03 11:54:55",0,1,1,0,0,0,0,1791
8577,"1791-09-27 22:42:07",0,1,0,0,0,0,1,1791
8578,"1792-03-08 18:02:00",1,0,0,0,0,1,0,1792
8579,"1792-04-07 06:11:41",1,0,0,0,0,1,0,1792
8580,"1792-08-31 21:42:21",1,0,0,0,0,1,0,1792
8581,"1792-09-30 07:42:46",1,0,0,0,0,1,0,1792
8582,"1792-03-22 16:57:14",0,1,1,0,0,0,0,1792
8583,"1792-09-16 08:13:31",0,1,1,0,0,0,0,1792
8584,"1793-02-25 21:59:13",1,0,0,0,1,0,0,1793
8585,"1793-08-21 13:55:02",1,0,0,0,1,0,0,1793
8586,"1793-03-12 04:59:48",0,1,0,0,0,0,1,1793
8587,"1793-09-05 10:47:03",0,1,1,0,0,0,0,1793
8588,"1794-02-14 21:20:56",1,0,0,0,0,0,1,1794
8589,"1794-08-11 06:29:01",1,0,0,0,0,0,1,1794
8590,"1794-01-31 10:48:20",0,1,0,0,1,0,0,1794
8591,"1794-03-01 20:53:38",0,1,0,0,1,0,0,1794
8592,"1794-07-26 21:24:16",0,1,0,0,1,0,0,1794
8593,"1794-08-25 11:08:43",0,1,0,0,1,0,0,1794
8594,"1795-02-03 23:39:25",1,0,0,0,1,0,0,1795
8595,"1795-07-31 18:50:15",1,0,0,0,1,0,0,1795
8596,"1795-12-25 21:37:14",1,0,0,0,0,1,0,1795
8597,"1795-01-20 23:28:51",0,1,1,0,0,0,0,1795
8598,"1795-07-16 06:41:18",0,1,0,0,0,0,1,1795
8599,"1796-01-24 09:09:01",1,0,0,0,0,1,0,1796
8600,"1796-06-20 09:27:49",1,0,0,0,0,1,0,1796
8601,"1796-12-14 13:16:22",1,0,0,0,1,0,0,1796
8602,"1796-01-10 05:14:33",0,1,1,0,0,0,0,1796
8603,"1796-07-04 22:02:35",0,1,0,0,0,0,1,1796
8604,"1796-12-29 04:54:39",0,1,1,0,0,0,0,1796
8605,"1797-06-09 10:30:04",1,0,0,0,0,0,1,1797
8606,"1797-12-04 03:17:38",1,0,0,0,0,0,1,1797
8607,"1797-06-24 15:17:52",0,1,0,0,0,0,1,1797
8608,"1797-12-18 05:21:40",0,1,0,0,1,0,0,1797
8609,"1798-05-29 17:07:07",1,0,0,0,0,0,1,1798
8610,"1798-11-23 11:25:05",1,0,0,0,1,0,0,1798
8611,"1798-05-15 19:10:09",0,1,1,0,0,0,0,1798
8612,"1798-11-08 00:44:22",0,1,0,0,0,0,1,1798
8613,"1799-04-19 22:51:56",1,0,0,0,0,1,0,1799
8614,"1799-05-19 06:35:41",1,0,0,0,0,1,0,1799
8615,"1799-11-12 12:38:00",1,0,0,0,0,1,0,1799
8616,"1799-05-04 23:12:49",0,1,1,0,0,0,0,1799
8617,"1799-10-28 16:21:28",0,1,0,0,0,0,1,1799
8618,"1800-04-09 15:25:43",1,0,0,0,1,0,0,1800
8619,"1800-10-02 20:46:22",1,0,0,0,1,0,0,1800
8620,"1800-04-23 23:23:42",0,1,1,0,0,0,0,1800
8621,"1800-10-18 07:51:33",0,1,0,0,0,0,1,1800
8622,"1801-03-30 04:23:47",1,0,0,0,0,0,1,1801
8623,"1801-09-22 06:18:37",1,0,0,0,0,0,1,1801
8624,"1801-03-14 14:45:27",0,1,0,0,1,0,0,1801
8625,"1801-04-13 03:07:57",0,1,0,0,1,0,0,1801
8626,"1801-09-08 04:54:12",0,1,0,0,1,0,0,1801
8627,"1801-10-07 18:42:06",0,1,0,0,1,0,0,1801
8628,"1802-03-19 10:15:10",1,0,0,0,1,0,0,1802
8629,"1802-09-11 21:36:29",1,0,0,0,1,0,0,1802
8630,"1802-03-04 04:14:13",0,1,0,0,0,0,1,1802
8631,"1802-08-28 06:11:42",0,1,1,0,0,0,0,1802
8632,"1803-02-06 16:10:26",1,0,0,0,0,1,0,1803
8633,"1803-03-08 10:17:20",1,0,0,0,0,1,0,1803
8634,"1803-08-03 06:04:53",1,0,0,0,0,1,0,1803
8635,"1803-09-01 14:18:51",1,0,0,0,0,1,0,1803
8636,"1803-02-21 20:18:29",0,1,0,0,0,0,1,1803
8637,"1803-08-17 07:24:46",0,1,1,0,0,0,0,1803
8638,"1804-01-26 20:21:04",1,0,0,0,1,0,0,1804
8639,"1804-07-22 16:37:44",1,0,0,0,1,0,0,1804
8640,"1804-02-11 10:16:13",0,1,0,0,0,0,0,1804
8641,"1804-08-05 14:56:59",0,1,0,0,0,0,1,1804
8642,"1805-01-15 07:40:41",1,0,0,0,0,0,1,1805
8643,"1805-07-11 20:04:36",1,0,0,0,0,0,1,1805
8644,"1805-01-01 00:14:33",0,1,0,0,1,0,0,1805
8645,"1805-01-30 17:56:34",0,1,0,0,1,0,0,1805
8646,"1805-06-26 22:27:24",0,1,0,0,1,0,0,1805
8647,"1805-07-26 05:14:08",0,1,0,0,1,0,0,1805
8648,"1805-12-20 23:17:23",0,1,1,0,0,0,0,1805
8649,"1806-01-04 23:01:47",1,0,0,0,1,0,0,1806
8650,"1806-06-30 20:44:21",1,0,0,0,0,0,0,1806
8651,"1806-11-26 01:05:21",1,0,0,0,0,1,0,1806
8652,"1806-12-25 13:47:47",1,0,0,0,0,1,0,1806
8653,"1806-06-16 15:24:10",0,1,0,0,0,0,1,1806
8654,"1806-12-10 01:19:24",0,1,1,0,0,0,0,1806
8655,"1807-05-21 15:49:16",1,0,0,0,1,0,0,1807
8656,"1807-11-15 07:09:43",1,0,0,0,1,0,0,1807
8657,"1807-06-06 04:18:14",0,1,0,0,0,0,0,1807
8658,"1807-11-29 10:41:54",0,1,0,0,0,0,0,1807
8659,"1808-05-10 06:38:00",1,0,0,0,0,0,1,1808
8660,"1808-11-03 07:13:22",1,0,0,0,0,0,1,1808
8661,"1808-05-25 10:02:14",0,1,0,0,1,0,0,1808
8662,"1808-10-19 15:55:11",0,1,0,0,1,0,0,1808
8663,"1808-11-18 01:29:49",0,1,0,0,1,0,0,1808
8664,"1809-04-29 23:32:46",1,0,0,0,1,0,0,1809
8665,"1809-10-23 08:02:30",1,0,0,0,1,0,0,1809
8666,"1809-04-14 19:06:58",0,1,1,0,0,0,0,1809
8667,"1809-10-09 06:38:23",0,1,0,0,0,0,1,1809
8668,"1810-03-21 01:54:31",1,0,0,0,0,1,0,1810
8669,"1810-04-19 13:53:51",1,0,0,0,0,1,0,1810
8670,"1810-09-13 05:26:54",1,0,0,0,0,1,0,1810
8671,"1810-10-12 15:39:05",1,0,0,0,0,1,0,1810
8672,"1810-04-04 00:41:03",0,1,1,0,0,0,0,1810
8673,"1810-09-28 15:37:09",0,1,1,0,0,0,0,1810
8674,"1811-03-10 05:37:23",1,0,0,0,1,0,0,1811
8675,"1811-09-02 21:41:36",1,0,0,0,1,0,0,1811
8676,"1811-03-24 13:11:59",0,1,0,0,0,0,1,1811
8677,"1811-09-17 17:43:29",0,1,1,0,0,0,0,1811
8678,"1812-02-27 05:04:35",1,0,0,0,0,0,1,1812
8679,"1812-08-22 14:01:05",1,0,0,0,0,0,1,1812
8680,"1812-02-12 19:28:19",0,1,0,0,1,0,0,1812
8681,"1812-03-13 05:19:13",0,1,0,0,1,0,0,1812
8682,"1812-08-07 04:15:44",0,1,0,0,1,0,0,1812
8683,"1812-09-05 18:04:01",0,1,0,0,1,0,0,1812
8684,"1813-02-15 07:50:30",1,0,0,0,1,0,0,1813
8685,"1813-08-12 01:52:33",1,0,0,0,1,0,0,1813
8686,"1813-02-01 07:58:08",0,1,1,0,0,0,0,1813
8687,"1813-07-27 13:55:20",0,1,0,0,0,0,1,1813
8688,"1814-01-06 06:28:03",1,0,0,0,0,1,0,1814
8689,"1814-02-04 17:46:45",1,0,0,0,0,1,0,1814
8690,"1814-07-02 15:51:14",1,0,0,0,0,1,0,1814
8691,"1814-12-26 22:08:11",1,0,0,0,1,0,0,1814
8692,"1814-01-21 13:24:30",0,1,1,0,0,0,0,1814
8693,"1814-07-17 05:30:13",0,1,0,0,0,0,1,1814
8694,"1815-06-21 17:06:16",1,0,0,0,0,0,1,1815
8695,"1815-12-16 11:54:49",1,0,0,0,0,0,1,1815
8696,"1815-01-10 12:56:50",0,1,1,0,0,0,0,1815
8697,"1815-07-06 22:42:49",0,1,0,0,0,0,1,1815
8698,"1815-12-30 13:38:30",0,1,0,0,1,0,0,1815
8699,"1816-06-10 00:14:09",1,0,0,0,0,0,1,1816
8700,"1816-12-04 19:34:57",1,0,0,0,1,0,0,1816
8701,"1816-05-27 02:13:02",0,1,1,0,0,0,0,1816
8702,"1816-11-19 09:17:08",0,1,0,0,0,0,1,1816
8703,"1817-05-01 06:43:47",1,0,0,0,0,1,0,1817
8704,"1817-05-30 14:07:13",1,0,0,0,0,1,0,1817
8705,"1817-11-23 20:26:39",1,0,0,0,0,1,0,1817
8706,"1817-05-16 05:57:57",0,1,1,0,0,0,0,1817
8707,"1817-11-09 00:53:36",0,1,0,0,0,0,1,1817
8708,"1818-04-20 23:20:13",1,0,0,0,1,0,0,1818
8709,"1818-10-14 04:25:11",1,0,0,0,1,0,0,1818
8710,"1818-05-05 06:15:34",0,1,1,0,0,0,0,1818
8711,"1818-10-29 16:06:51",0,1,0,0,0,0,1,1818
8712,"1819-04-10 12:07:36",1,0,0,0,0,0,1,1819
8713,"1819-10-03 14:13:11",1,0,0,0,0,0,1,1819
8714,"1819-03-25 22:44:24",0,1,0,0,1,0,0,1819
8715,"1819-04-24 10:31:50",0,1,0,0,1,0,0,1819
8716,"1819-09-19 12:03:20",0,1,0,0,1,0,0,1819
8717,"1819-10-19 02:26:51",0,1,0,0,1,0,0,1819
8718,"1820-03-29 17:42:26",1,0,0,0,1,0,0,1820
8719,"1820-09-22 05:34:53",1,0,0,0,1,0,0,1820
8720,"1820-03-14 12:37:00",0,1,0,0,0,0,1,1820
8721,"1820-09-07 12:59:42",0,1,1,0,0,0,0,1820
8722,"1821-02-17 00:05:04",1,0,0,0,0,1,0,1821
8723,"1821-03-18 17:44:40",1,0,0,0,0,1,0,1821
8724,"1821-08-13 13:26:28",1,0,0,0,0,1,0,1821
8725,"1821-09-11 22:04:38",1,0,0,0,0,1,0,1821
8726,"1821-03-04 04:49:56",0,1,0,0,0,0,1,1821
8727,"1821-08-27 14:19:26",0,1,1,0,0,0,0,1821
8728,"1822-02-06 04:43:11",1,0,0,0,1,0,0,1822
8729,"1822-08-02 23:29:51",1,0,0,0,1,0,0,1822
8730,"1822-02-21 18:40:22",0,1,0,0,0,0,0,1822
8731,"1822-08-16 22:14:21",0,1,0,0,0,0,1,1822
8732,"1823-01-26 16:24:38",1,0,0,0,0,0,1,1823
8733,"1823-07-23 02:32:08",1,0,0,0,0,0,1,1823
8734,"1823-01-12 08:19:50",0,1,0,0,1,0,0,1823
8735,"1823-02-11 02:02:37",0,1,0,0,1,0,0,1823
8736,"1823-07-08 05:56:13",0,1,0,0,1,0,0,1823
8737,"1823-08-06 12:45:31",0,1,0,0,1,0,0,1823
8738,"1824-01-16 07:53:54",1,0,0,0,1,0,0,1824
8739,"1824-07-11 03:14:44",1,0,0,0,1,0,0,1824
8740,"1824-12-06 09:32:26",1,0,0,0,0,1,0,1824
8741,"1824-01-01 07:20:56",0,1,1,0,0,0,0,1824
8742,"1824-06-26 22:46:18",0,1,0,0,0,0,1,1824
8743,"1824-12-20 09:40:21",0,1,1,0,0,0,0,1824
8744,"1825-01-04 22:31:38",1,0,0,0,0,1,0,1825
8745,"1825-05-31 23:06:04",1,0,0,0,1,0,0,1825
8746,"1825-11-25 15:09:12",1,0,0,0,1,0,0,1825
8747,"1825-06-16 11:18:48",0,1,0,0,0,0,0,1825
8748,"1825-12-09 19:21:32",0,1,0,0,0,0,1,1825
8749,"1826-05-21 14:15:12",1,0,0,0,0,0,1,1826
8750,"1826-11-14 14:56:01",1,0,0,0,0,0,1,1826
8751,"1826-06-05 16:38:47",0,1,0,0,1,0,0,1826
8752,"1826-10-31 00:20:22",0,1,0,0,1,0,0,1826
8753,"1826-11-29 10:13:56",0,1,0,0,1,0,0,1826
8754,"1827-05-11 07:16:44",1,0,0,0,1,0,0,1827
8755,"1827-11-03 15:51:43",1,0,0,0,1,0,0,1827
8756,"1827-04-26 02:11:05",0,1,1,0,0,0,0,1827
8757,"1827-10-20 14:41:49",0,1,0,0,0,0,0,1827
8758,"1828-03-31 09:38:32",1,0,0,0,0,1,0,1828
8759,"1828-04-29 21:28:27",1,0,0,0,0,1,0,1828
8760,"1828-09-23 13:19:29",1,0,0,0,0,1,0,1828
8761,"1828-10-22 23:44:31",1,0,0,0,0,1,0,1828
8762,"1828-04-14 08:19:26",0,1,0,0,0,0,0,1828
8763,"1828-10-08 23:07:35",0,1,1,0,0,0,0,1828
8764,"1829-03-20 13:08:02",1,0,0,0,1,0,0,1829
8765,"1829-09-13 05:33:16",1,0,0,0,1,0,0,1829
8766,"1829-04-03 21:18:26",0,1,0,0,0,0,1,1829
8767,"1829-09-28 00:46:41",0,1,1,0,0,0,0,1829
8768,"1830-03-09 12:42:46",1,0,0,0,0,0,1,1830
8769,"1830-09-02 21:37:45",1,0,0,0,0,0,1,1830
8770,"1830-02-23 04:03:57",0,1,0,0,1,0,0,1830
8771,"1830-03-24 13:38:31",0,1,0,0,1,0,0,1830
8772,"1830-08-18 11:13:36",0,1,0,0,1,0,0,1830
8773,"1830-09-17 01:08:08",0,1,0,0,1,0,0,1830
8774,"1831-02-26 15:56:11",1,0,0,0,1,0,0,1831
8775,"1831-08-23 08:59:47",1,0,0,0,1,0,0,1831
8776,"1831-02-12 16:21:32",0,1,1,0,0,0,0,1831
8777,"1831-08-07 21:15:51",0,1,0,0,0,0,1,1831
8778,"1832-01-17 15:18:04",1,0,0,0,0,1,0,1832
8779,"1832-02-16 02:20:32",1,0,0,0,0,1,0,1832
8780,"1832-07-12 22:15:48",1,0,0,0,0,1,0,1832
8781,"1832-08-11 13:14:44",1,0,0,0,0,1,0,1832
8782,"1832-02-01 21:30:05",0,1,1,0,0,0,0,1832
8783,"1832-07-27 13:00:57",0,1,0,0,0,0,1,1832
8784,"1833-01-06 06:59:35",1,0,0,0,1,0,0,1833
8785,"1833-07-01 23:43:13",1,0,0,0,1,0,0,1833
8786,"1833-12-26 20:32:45",1,0,0,0,0,0,1,1833
8787,"1833-01-20 20:56:47",0,1,1,0,0,0,0,1833
8788,"1833-07-17 06:07:51",0,1,0,0,0,0,1,1833
8789,"1834-06-21 07:19:36",1,0,0,0,0,0,1,1834
8790,"1834-12-16 03:47:58",1,0,0,0,1,0,0,1834
8791,"1834-01-09 21:55:30",0,1,0,0,1,0,0,1834
8792,"1834-06-07 09:08:24",0,1,0,0,1,0,0,1834
8793,"1834-11-30 17:56:28",0,1,0,0,0,0,1,1834
8794,"1835-05-12 14:28:36",1,0,0,0,0,1,0,1835
8795,"1835-06-10 21:35:44",1,0,0,0,1,0,0,1835
8796,"1835-12-05 04:20:09",1,0,0,0,0,1,0,1835
8797,"1835-05-27 12:35:34",0,1,1,0,0,0,0,1835
8798,"1835-11-20 09:31:50",0,1,0,0,0,0,1,1835
8799,"1836-05-01 07:06:40",1,0,0,0,1,0,0,1836
8800,"1836-10-24 12:14:35",1,0,0,0,1,0,0,1836
8801,"1836-05-15 13:01:31",0,1,1,0,0,0,0,1836
8802,"1836-11-09 00:29:16",0,1,0,0,0,0,1,1836
8803,"1837-04-20 19:40:37",1,0,0,0,0,0,1,1837
8804,"1837-10-13 22:16:58",1,0,0,0,0,0,1,1837
8805,"1837-04-05 06:35:33",0,1,0,0,1,0,0,1837
8806,"1837-05-04 17:48:28",0,1,0,0,1,0,0,1837
8807,"1837-10-29 10:19:08",0,1,0,0,1,0,0,1837
8808,"1838-04-10 00:58:40",1,0,0,0,1,0,0,1838
8809,"1838-10-03 13:41:20",1,0,0,0,1,0,0,1838
8810,"1838-03-25 20:52:09",0,1,0,0,0,0,1,1838
8811,"1838-09-18 19:55:49",0,1,1,0,0,0,0,1838
8812,"1839-02-28 07:53:34",1,0,0,0,0,1,0,1839
8813,"1839-03-30 01:02:55",1,0,0,0,0,1,0,1839
8814,"1839-08-24 20:52:05",1,0,0,0,0,1,0,1839
8815,"1839-09-23 05:57:30",1,0,0,0,0,1,0,1839
8816,"1839-03-15 13:13:34",0,1,0,0,0,0,1,1839
8817,"1839-09-07 21:23:19",0,1,1,0,0,0,0,1839
8818,"1840-02-17 13:02:27",1,0,0,0,1,0,0,1840
8819,"1840-08-13 06:23:01",1,0,0,0,1,0,0,1840
8820,"1840-03-04 02:58:12",0,1,0,0,0,0,0,1840
8821,"1840-08-27 05:37:26",0,1,0,0,0,0,1,1840
8822,"1841-02-06 01:07:05",1,0,0,0,0,0,1,1841
8823,"1841-08-02 09:00:44",1,0,0,0,0,0,1,1841
8824,"1841-01-22 16:24:02",0,1,0,0,1,0,0,1841
8825,"1841-02-21 10:03:39",0,1,0,0,1,0,0,1841
8826,"1841-07-18 13:25:07",0,1,0,0,1,0,0,1841
8827,"1841-08-16 20:20:20",0,1,0,0,1,0,0,1841
8828,"1842-01-26 16:44:19",1,0,0,0,1,0,0,1842
8829,"1842-07-22 09:47:31",1,0,0,0,1,0,0,1842
8830,"1842-12-17 18:02:22",1,0,0,0,0,1,0,1842
8831,"1842-01-11 15:25:35",0,1,1,0,0,0,0,1842
8832,"1842-07-08 06:06:18",0,1,0,0,0,0,1,1842
8833,"1842-12-31 18:04:16",0,1,1,0,0,0,0,1842
8834,"1843-01-16 07:14:16",1,0,0,0,0,1,0,1843
8835,"1843-06-12 06:22:08",1,0,0,0,0,1,0,1843
8836,"1843-07-11 15:49:45",1,0,0,0,0,1,0,1843
8837,"1843-12-06 23:11:23",1,0,0,0,1,0,0,1843
8838,"1843-06-27 18:16:55",0,1,0,0,0,0,0,1843
8839,"1843-12-21 04:03:19",0,1,0,0,0,0,1,1843
8840,"1844-05-31 21:50:35",1,0,0,0,0,0,1,1844
8841,"1844-11-24 22:44:44",1,0,0,0,0,0,1,1844
8842,"1844-06-15 23:13:10",0,1,0,0,1,0,0,1844
8843,"1844-11-10 08:51:33",0,1,0,0,1,0,0,1844
8844,"1844-12-09 19:01:31",0,1,0,0,1,0,0,1844
8845,"1845-05-21 14:54:22",1,0,0,0,0,0,1,1845
8846,"1845-11-13 23:49:34",1,0,0,0,1,0,0,1845
8847,"1845-05-06 09:08:56",0,1,1,0,0,0,0,1845
8848,"1845-10-30 22:51:46",0,1,0,0,0,0,0,1845
8849,"1846-04-11 17:11:26",1,0,0,0,0,1,0,1846
8850,"1846-05-11 04:53:35",1,0,0,0,0,1,0,1846
8851,"1846-10-04 21:21:29",1,0,0,0,0,1,0,1846
8852,"1846-11-03 07:59:15",1,0,0,0,0,1,0,1846
8853,"1846-04-25 15:50:22",0,1,0,0,0,0,0,1846
8854,"1846-10-20 06:46:03",0,1,1,0,0,0,0,1846
8855,"1847-03-31 20:26:54",1,0,0,0,1,0,0,1847
8856,"1847-09-24 13:33:35",1,0,0,0,1,0,0,1847
8857,"1847-04-15 05:16:05",0,1,0,0,0,0,1,1847
8858,"1847-10-09 08:00:13",0,1,1,0,0,0,0,1847
8859,"1848-03-19 20:12:03",1,0,0,0,0,0,1,1848
8860,"1848-09-13 05:19:15",1,0,0,0,0,0,1,1848
8861,"1848-03-05 12:31:20",0,1,0,0,1,0,0,1848
8862,"1848-04-03 21:48:56",0,1,0,0,1,0,0,1848
8863,"1848-08-28 18:18:25",0,1,0,0,1,0,0,1848
8864,"1848-09-27 08:21:16",0,1,0,0,1,0,0,1848
8865,"1849-03-08 23:55:39",1,0,0,0,1,0,0,1849
8866,"1849-09-02 16:10:08",1,0,0,0,1,0,0,1849
8867,"1849-02-23 00:37:57",0,1,1,0,0,0,0,1849
8868,"1849-08-18 04:40:42",0,1,0,0,0,0,1,1849
8869,"1850-01-28 00:05:56",1,0,0,0,0,1,0,1850
8870,"1850-02-26 10:48:03",1,0,0,0,0,1,0,1850
8871,"1850-07-24 04:40:06",1,0,0,0,0,1,0,1850
8872,"1850-08-22 19:54:51",1,0,0,0,0,1,0,1850
8873,"1850-02-12 05:29:27",0,1,1,0,0,0,0,1850
8874,"1850-08-07 20:33:45",0,1,0,0,0,0,1,1850
8875,"1851-01-17 15:50:37",1,0,0,0,1,0,0,1851
8876,"1851-07-13 06:21:31",1,0,0,0,1,0,0,1851
8877,"1851-02-01 04:54:17",0,1,1,0,0,0,0,1851
8878,"1851-07-28 13:33:30",0,1,0,0,0,0,1,1851
8879,"1852-01-07 05:10:34",1,0,0,0,0,0,1,1852
8880,"1852-07-01 14:26:02",1,0,0,0,0,0,1,1852
8881,"1852-12-26 12:02:56",1,0,0,0,1,0,0,1852
8882,"1852-01-21 06:12:14",0,1,0,0,1,0,0,1852
8883,"1852-06-17 15:59:34",0,1,0,0,1,0,0,1852
8884,"1852-12-11 02:40:36",0,1,0,0,0,0,1,1852
8885,"1853-06-21 05:01:38",1,0,0,0,1,0,0,1853
8886,"1853-12-15 12:18:32",1,0,0,0,0,1,0,1853
8887,"1853-06-06 19:07:11",0,1,1,0,0,0,0,1853
8888,"1853-11-30 18:15:28",0,1,0,0,0,0,1,1853
8889,"1854-05-12 14:45:59",1,0,0,0,1,0,0,1854
8890,"1854-11-04 20:12:38",1,0,0,0,1,0,0,1854
8891,"1854-05-26 19:42:43",0,1,1,0,0,0,0,1854
8892,"1854-11-20 08:56:47",0,1,0,0,0,0,1,1854
8893,"1855-05-02 03:05:13",1,0,0,0,0,0,1,1855
8894,"1855-10-25 06:29:30",1,0,0,0,0,0,1,1855
8895,"1855-05-16 01:01:08",0,1,0,0,1,0,0,1855
8896,"1855-11-09 18:17:33",0,1,0,0,1,0,0,1855
8897,"1856-04-20 08:06:36",1,0,0,0,1,0,0,1856
8898,"1856-10-13 21:54:23",1,0,0,0,1,0,0,1856
8899,"1856-04-05 05:00:52",0,1,0,0,0,0,1,1856
8900,"1856-09-29 02:59:35",0,1,1,0,0,0,0,1856
8901,"1857-04-09 08:13:08",1,0,0,0,0,1,0,1857
8902,"1857-09-04 04:22:06",1,0,0,0,0,1,0,1857
8903,"1857-10-03 13:56:46",1,0,0,0,0,1,0,1857
8904,"1857-03-25 21:29:28",0,1,0,0,0,0,1,1857
8905,"1857-09-18 04:35:55",0,1,1,0,0,0,0,1857
8906,"1858-02-27 21:14:11",1,0,0,0,1,0,0,1858
8907,"1858-08-24 13:20:37",1,0,0,0,1,0,0,1858
8908,"1858-03-15 11:05:16",0,1,0,0,0,0,0,1858
8909,"1858-09-07 13:09:21",0,1,0,0,0,0,1,1858
8910,"1859-02-17 09:43:19",1,0,0,0,0,0,1,1859
8911,"1859-08-13 15:34:16",1,0,0,0,0,0,1,1859
8912,"1859-02-03 00:22:27",0,1,0,0,1,0,0,1859
8913,"1859-03-04 17:54:32",0,1,0,0,1,0,0,1859
8914,"1859-07-29 20:56:48",0,1,0,0,1,0,0,1859
8915,"1859-08-28 04:01:54",0,1,0,0,1,0,0,1859
8916,"1860-02-07 01:29:36",1,0,0,0,1,0,0,1860
8917,"1860-08-01 16:24:53",1,0,0,0,1,0,0,1860
8918,"1860-12-28 02:33:46",1,0,0,0,0,1,0,1860
8919,"1860-01-22 23:27:24",0,1,1,0,0,0,0,1860
8920,"1860-07-18 13:26:14",0,1,0,0,0,0,1,1860
8921,"1861-01-26 15:53:52",1,0,0,0,0,1,0,1861
8922,"1861-06-22 13:35:05",1,0,0,0,0,1,0,1861
8923,"1861-07-21 22:50:28",1,0,0,0,0,1,0,1861
8924,"1861-12-17 07:18:34",1,0,0,0,1,0,0,1861
8925,"1861-01-11 02:29:14",0,1,1,0,0,0,0,1861
8926,"1861-07-08 01:10:16",0,1,1,0,0,0,0,1861
8927,"1861-12-31 12:48:58",0,1,0,0,0,0,1,1861
8928,"1862-06-12 05:20:54",1,0,0,0,0,0,1,1862
8929,"1862-12-06 06:40:12",1,0,0,0,0,0,1,1862
8930,"1862-06-27 05:42:09",0,1,0,0,1,0,0,1862
8931,"1862-11-21 17:29:34",0,1,0,0,1,0,0,1862
8932,"1862-12-21 03:52:54",0,1,0,0,1,0,0,1862
8933,"1863-06-01 22:26:05",1,0,0,0,0,0,1,1863
8934,"1863-11-25 07:56:02",1,0,0,0,1,0,0,1863
8935,"1863-05-17 16:00:41",0,1,0,0,1,0,0,1863
8936,"1863-11-11 07:08:50",0,1,1,0,0,0,0,1863
8937,"1864-05-21 12:11:54",1,0,0,0,0,1,0,1864
8938,"1864-10-15 05:30:37",1,0,0,0,0,1,0,1864
8939,"1864-11-13 16:21:17",1,0,0,0,0,1,0,1864
8940,"1864-05-05 23:16:39",0,1,0,0,0,0,0,1864
8941,"1864-10-30 14:30:22",0,1,1,0,0,0,0,1864
8942,"1865-04-11 03:38:02",1,0,0,0,1,0,0,1865
8943,"1865-10-04 21:39:53",1,0,0,0,1,0,0,1865
8944,"1865-04-25 13:08:27",0,1,0,0,0,0,1,1865
8945,"1865-10-19 15:21:06",0,1,1,0,0,0,0,1865
8946,"1866-03-31 03:33:28",1,0,0,0,0,0,1,1866
8947,"1866-09-24 13:07:07",1,0,0,0,0,0,1,1866
8948,"1866-03-16 20:51:11",0,1,0,0,1,0,0,1866
8949,"1866-04-15 05:51:31",0,1,0,0,1,0,0,1866
8950,"1866-10-08 15:44:22",0,1,0,0,1,0,0,1866
8951,"1867-03-20 07:48:55",1,0,0,0,1,0,0,1867
8952,"1867-09-13 23:26:22",1,0,0,0,1,0,0,1867
8953,"1867-03-06 08:46:39",0,1,1,0,0,0,0,1867
8954,"1867-08-29 12:13:04",0,1,0,0,0,0,1,1867
8955,"1868-02-08 08:49:34",1,0,0,0,0,1,0,1868
8956,"1868-03-08 19:09:44",1,0,0,0,0,1,0,1868
8957,"1868-08-03 11:09:08",1,0,0,0,0,1,0,1868
8958,"1868-09-02 02:41:24",1,0,0,0,0,1,0,1868
8959,"1868-02-23 13:21:26",0,1,1,0,0,0,0,1868
8960,"1868-08-18 04:12:06",0,1,0,0,0,0,1,1868
8961,"1869-01-28 00:38:23",1,0,0,0,1,0,0,1869
8962,"1869-07-23 13:02:42",1,0,0,0,1,0,0,1869
8963,"1869-02-11 12:46:37",0,1,1,0,0,0,0,1869
8964,"1869-08-07 21:01:00",0,1,0,0,0,0,1,1869
8965,"1870-01-17 13:46:31",1,0,0,0,0,0,1,1870
8966,"1870-07-12 21:34:22",1,0,0,0,0,0,1,1870
8967,"1870-01-31 14:26:31",0,1,0,0,1,0,0,1870
8968,"1870-06-28 22:46:34",0,1,0,0,1,0,0,1870
8969,"1870-07-28 10:02:18",0,1,0,0,1,0,0,1870
8970,"1870-12-22 11:27:33",0,1,0,0,0,0,1,1870
8971,"1871-01-06 20:16:39",1,0,0,0,1,0,0,1871
8972,"1871-07-02 12:27:47",1,0,0,0,1,0,0,1871
8973,"1871-12-26 20:19:32",1,0,0,0,0,1,0,1871
8974,"1871-06-18 01:35:00",0,1,1,0,0,0,0,1871
8975,"1871-12-12 03:03:38",0,1,0,0,0,0,1,1871
8976,"1872-05-22 22:18:24",1,0,0,0,1,0,0,1872
8977,"1872-11-15 04:19:38",1,0,0,0,1,0,0,1872
8978,"1872-06-06 02:20:03",0,1,1,0,0,0,0,1872
8979,"1872-11-30 17:29:32",0,1,0,0,0,0,0,1872
8980,"1873-05-12 10:20:26",1,0,0,0,0,0,1,1873
8981,"1873-11-04 14:51:04",1,0,0,0,0,0,1,1873
8982,"1873-05-26 08:09:02",0,1,0,0,1,0,0,1873
8983,"1873-11-20 02:22:45",0,1,0,0,1,0,0,1873
8984,"1874-05-01 15:03:18",1,0,0,0,1,0,0,1874
8985,"1874-10-25 06:16:23",1,0,0,0,0,0,1,1874
8986,"1874-04-16 13:00:55",0,1,0,0,0,0,1,1874
8987,"1874-10-10 10:13:35",0,1,1,0,0,0,0,1874
8988,"1875-04-20 15:15:22",1,0,0,0,0,1,0,1875
8989,"1875-09-15 11:57:31",1,0,0,0,0,1,0,1875
8990,"1875-10-14 22:02:56",1,0,0,0,0,1,0,1875
8991,"1875-04-06 05:37:27",0,1,0,0,0,0,1,1875
8992,"1875-09-29 11:58:11",0,1,1,0,0,0,0,1875
8993,"1876-03-10 05:21:33",1,0,0,0,1,0,0,1876
8994,"1876-09-03 20:22:35",1,0,0,0,1,0,0,1876
8995,"1876-03-25 19:05:06",0,1,0,0,0,0,0,1876
8996,"1876-09-17 20:49:18",0,1,0,0,0,0,1,1876
8997,"1877-02-27 18:15:40",1,0,0,0,0,0,1,1877
8998,"1877-08-23 22:11:38",1,0,0,0,0,0,1,1877
8999,"1877-03-15 01:38:03",0,1,0,0,1,0,0,1877
9000,"1877-08-09 04:30:25",0,1,0,0,1,0,0,1877
9001,"1877-09-07 11:48:47",0,1,0,0,1,0,0,1877
9002,"1878-02-17 10:11:08",1,0,0,0,1,0,0,1878
9003,"1878-08-12 23:08:25",1,0,0,0,1,0,0,1878
9004,"1878-02-02 07:27:57",0,1,1,0,0,0,0,1878
9005,"1878-07-29 20:47:19",0,1,0,0,0,0,1,1878
9006,"1879-01-08 11:04:14",1,0,0,0,0,1,0,1879
9007,"1879-02-07 00:28:36",1,0,0,0,0,1,0,1879
9008,"1879-07-03 20:50:31",1,0,0,0,0,1,0,1879
9009,"1879-08-02 05:57:46",1,0,0,0,0,1,0,1879
9010,"1879-12-28 15:26:25",1,0,0,0,1,0,0,1879
9011,"1879-01-22 10:53:11",0,1,1,0,0,0,0,1879
9012,"1879-07-19 08:04:35",0,1,1,0,0,0,0,1879
9013,"1880-06-22 12:50:30",1,0,0,0,0,0,1,1880
9014,"1880-12-16 14:39:07",1,0,0,0,0,0,1,1880
9015,"1880-01-11 21:34:29",0,1,0,0,0,0,1,1880
9016,"1880-07-07 12:10:29",0,1,1,0,0,0,0,1880
9017,"1880-12-02 02:11:31",0,1,0,0,1,0,0,1880
9018,"1880-12-31 12:45:05",0,1,0,0,1,0,0,1880
9019,"1881-06-12 05:53:47",1,0,0,0,0,0,1,1881
9020,"1881-12-05 16:08:37",1,0,0,0,1,0,0,1881
9021,"1881-05-27 22:48:50",0,1,0,0,1,0,0,1881
9022,"1881-11-21 15:31:10",0,1,1,0,0,0,0,1881
9023,"1882-06-01 19:22:02",1,0,0,0,0,1,0,1882
9024,"1882-11-25 00:51:05",1,0,0,0,0,1,0,1882
9025,"1882-05-17 06:36:32",0,1,0,0,0,0,1,1882
9026,"1882-11-10 22:22:25",0,1,1,0,0,0,0,1882
9027,"1883-04-22 10:38:33",1,0,0,0,1,0,0,1883
9028,"1883-10-16 05:54:19",1,0,0,0,1,0,0,1883
9029,"1883-05-06 20:53:54",0,1,0,0,0,0,1,1883
9030,"1883-10-30 22:50:58",0,1,1,0,0,0,0,1883
9031,"1884-04-10 10:46:38",1,0,0,0,0,0,1,1884
9032,"1884-10-04 21:01:59",1,0,0,0,0,0,1,1884
9033,"1884-03-27 05:02:07",0,1,0,0,1,0,0,1884
9034,"1884-04-25 13:46:19",0,1,0,0,1,0,0,1884
9035,"1884-10-18 23:17:53",0,1,0,0,1,0,0,1884
9036,"1885-03-30 15:34:11",1,0,0,0,1,0,0,1885
9037,"1885-09-24 06:48:16",1,0,0,0,1,0,0,1885
9038,"1885-03-16 16:45:44",0,1,1,0,0,0,0,1885
9039,"1885-09-08 19:51:59",0,1,0,0,0,0,1,1885
9040,"1886-02-18 17:29:04",1,0,0,0,0,1,0,1886
9041,"1886-03-20 03:24:22",1,0,0,0,0,1,0,1886
9042,"1886-08-14 17:42:07",1,0,0,0,0,1,0,1886
9043,"1886-09-13 09:34:47",1,0,0,0,0,1,0,1886
9044,"1886-03-05 21:05:30",0,1,1,0,0,0,0,1886
9045,"1886-08-29 11:55:27",0,1,0,0,0,0,1,1886
9046,"1887-02-08 09:22:08",1,0,0,0,1,0,0,1887
9047,"1887-08-03 19:48:57",1,0,0,0,1,0,0,1887
9048,"1887-02-22 20:33:08",0,1,1,0,0,0,0,1887
9049,"1887-08-19 04:32:08",0,1,0,0,0,0,1,1887
9050,"1888-01-28 22:20:05",1,0,0,0,0,0,1,1888
9051,"1888-07-23 04:44:51",1,0,0,0,0,0,1,1888
9052,"1888-02-11 22:38:27",0,1,0,0,1,0,0,1888
9053,"1888-07-09 05:30:48",0,1,0,0,1,0,0,1888
9054,"1888-08-07 17:05:39",0,1,0,0,1,0,0,1888
9055,"1889-01-17 04:29:43",1,0,0,0,1,0,0,1889
9056,"1889-07-12 19:53:56",1,0,0,0,1,0,0,1889
9057,"1889-01-01 20:16:56",0,1,0,0,0,0,1,1889
9058,"1889-06-28 08:00:04",0,1,1,0,0,0,0,1889
9059,"1889-12-22 11:54:18",0,1,0,0,0,0,1,1889
9060,"1890-01-06 04:21:29",1,0,0,0,0,1,0,1890
9061,"1890-06-03 05:44:46",1,0,0,0,0,1,0,1890
9062,"1890-07-02 13:08:40",1,0,0,0,0,1,0,1890
9063,"1890-11-26 12:33:52",1,0,0,0,1,0,0,1890
9064,"1890-06-17 08:55:09",0,1,1,0,0,0,0,1890
9065,"1890-12-12 02:05:31",0,1,0,0,0,0,0,1890
9066,"1891-05-23 17:29:16",1,0,0,0,0,0,1,1891
9067,"1891-11-15 23:18:51",1,0,0,0,0,0,1,1891
9068,"1891-06-06 15:15:45",0,1,1,0,0,0,0,1891
9069,"1891-12-01 10:31:05",0,1,0,0,1,0,0,1891
9070,"1892-05-11 21:53:24",1,0,0,0,1,0,0,1892
9071,"1892-11-04 14:44:57",1,0,0,0,0,0,1,1892
9072,"1892-04-26 20:55:26",0,1,0,0,0,0,1,1892
9073,"1892-10-20 17:36:12",0,1,0,0,1,0,0,1892
9074,"1893-04-30 22:09:02",1,0,0,0,0,1,0,1893
9075,"1893-09-25 19:39:07",1,0,0,0,0,1,0,1893
9076,"1893-10-25 06:16:19",1,0,0,0,0,1,0,1893
9077,"1893-04-16 13:36:16",0,1,0,0,0,0,1,1893
9078,"1893-10-09 19:30:27",0,1,1,0,0,0,0,1893
9079,"1894-03-21 13:20:33",1,0,0,0,1,0,0,1894
9080,"1894-09-15 03:31:31",1,0,0,0,1,0,0,1894
9081,"1894-04-06 02:53:44",0,1,0,0,0,0,0,1894
9082,"1894-09-29 04:39:08",0,1,0,0,0,0,1,1894
9083,"1895-03-11 02:39:15",1,0,0,0,0,0,1,1895
9084,"1895-09-04 04:56:57",1,0,0,0,0,0,1,1895
9085,"1895-03-26 09:09:31",0,1,0,0,1,0,0,1895
9086,"1895-08-20 12:09:20",0,1,0,0,1,0,0,1895
9087,"1895-09-18 19:44:08",0,1,0,0,1,0,0,1895
9088,"1896-02-28 18:45:45",1,0,0,0,1,0,0,1896
9089,"1896-08-23 05:57:23",1,0,0,0,1,0,0,1896
9090,"1896-02-13 15:23:20",0,1,1,0,0,0,0,1896
9091,"1896-08-09 04:09:03",0,1,0,0,0,0,1,1896
9092,"1897-01-18 19:33:14",1,0,0,0,0,1,0,1897
9093,"1897-02-17 08:57:47",1,0,0,0,0,1,0,1897
9094,"1897-07-14 04:05:25",1,0,0,0,0,1,0,1897
9095,"1897-08-12 13:08:41",1,0,0,0,0,1,0,1897
9096,"1897-02-01 19:15:20",0,1,1,0,0,0,0,1897
9097,"1897-07-29 14:57:02",0,1,1,0,0,0,0,1897
9098,"1898-01-07 23:34:50",1,0,0,0,1,0,0,1898
9099,"1898-07-03 20:17:23",1,0,0,0,1,0,0,1898
9100,"1898-12-27 22:41:55",1,0,0,0,0,0,1,1898
9101,"1898-01-22 06:19:17",0,1,0,0,0,0,1,1898
9102,"1898-07-18 18:36:56",0,1,1,0,0,0,0,1898
9103,"1898-12-13 10:58:10",0,1,0,0,1,0,0,1898
9104,"1899-06-23 13:17:55",1,0,0,0,0,0,1,1899
9105,"1899-12-17 00:25:47",1,0,0,0,1,0,0,1899
9106,"1899-01-11 21:38:05",0,1,0,0,1,0,0,1899
9107,"1899-06-08 05:33:52",0,1,0,0,1,0,0,1899
9108,"1899-12-02 23:57:26",0,1,1,0,0,0,0,1899
9109,"1900-06-13 03:42:23",1,0,0,0,0,0,0,1900
9110,"1900-12-06 10:41:14",1,0,0,0,0,1,0,1900
9111,"1900-05-28 15:08:42",0,1,0,0,0,0,1,1900
9112,"1900-11-22 07:34:27",0,1,1,0,0,0,0,1900
9113,"1901-05-03 18:30:38",1,0,0,0,0,0,0,1901
9114,"1901-10-27 15:15:17",1,0,0,0,1,0,0,1901
9115,"1901-05-18 05:33:49",0,1,0,0,0,0,1,1901
9116,"1901-11-11 07:28:21",0,1,1,0,0,0,0,1901
9117,"1902-04-22 18:52:39",1,0,0,0,0,0,1,1902
9118,"1902-10-17 06:03:24",1,0,0,0,0,0,1,1902
9119,"1902-04-08 14:04:57",0,1,0,0,1,0,0,1902
9120,"1902-05-07 22:34:13",0,1,0,0,1,0,0,1902
9121,"1902-10-31 08:00:22",0,1,0,0,1,0,0,1902
9122,"1903-04-12 00:12:57",1,0,0,0,1,0,0,1903
9123,"1903-10-06 15:17:30",1,0,0,0,1,0,0,1903
9124,"1903-03-29 01:35:17",0,1,1,0,0,0,0,1903
9125,"1903-09-21 04:39:52",0,1,0,0,0,0,1,1903
9126,"1904-03-02 03:02:29",1,0,0,0,0,1,0,1904
9127,"1904-03-31 12:32:25",1,0,0,0,0,1,0,1904
9128,"1904-09-24 17:34:41",1,0,0,0,0,1,0,1904
9129,"1904-03-17 05:40:40",0,1,1,0,0,0,0,1904
9130,"1904-09-09 20:44:17",0,1,0,0,0,0,1,1904
9131,"1905-02-19 18:59:57",1,0,0,0,1,0,0,1905
9132,"1905-08-15 03:40:53",1,0,0,0,1,0,0,1905
9133,"1905-03-06 05:12:21",0,1,1,0,0,0,0,1905
9134,"1905-08-30 13:07:19",0,1,0,0,0,0,1,1905
9135,"1906-02-09 07:46:51",1,0,0,0,0,0,1,1906
9136,"1906-08-04 13:00:03",1,0,0,0,0,0,1,1906
9137,"1906-02-23 07:43:22",0,1,0,0,1,0,0,1906
9138,"1906-07-21 13:14:04",0,1,0,0,1,0,0,1906
9139,"1906-08-20 01:12:33",0,1,0,0,1,0,0,1906
9140,"1907-01-29 13:37:52",1,0,0,0,1,0,0,1907
9141,"1907-07-25 04:22:19",1,0,0,0,1,0,0,1907
9142,"1907-01-14 06:05:38",0,1,0,0,0,0,1,1907
9143,"1907-07-10 15:24:24",0,1,1,0,0,0,0,1907
9144,"1908-01-18 13:21:28",1,0,0,0,0,1,0,1908
9145,"1908-06-14 14:06:23",1,0,0,0,0,1,0,1908
9146,"1908-07-13 21:33:46",1,0,0,0,0,1,0,1908
9147,"1908-12-07 21:55:00",1,0,0,0,0,0,0,1908
9148,"1908-01-03 21:45:13",0,1,0,0,0,0,1,1908
9149,"1908-06-28 16:29:42",0,1,1,0,0,0,0,1908
9150,"1908-12-23 11:44:17",0,1,0,0,0,0,0,1908
9151,"1909-06-04 01:28:40",1,0,0,0,0,0,1,1909
9152,"1909-11-27 08:54:30",1,0,0,0,0,0,1,1909
9153,"1909-06-17 23:18:32",0,1,0,0,0,0,0,1909
9154,"1909-12-12 19:44:30",0,1,0,0,1,0,0,1909
9155,"1910-05-24 05:34:04",1,0,0,0,0,0,1,1910
9156,"1910-11-17 00:20:40",1,0,0,0,0,0,1,1910
9157,"1910-05-09 05:42:02",0,1,0,0,0,0,1,1910
9158,"1910-11-02 02:08:21",0,1,0,0,1,0,0,1910
9159,"1911-05-13 05:56:10",1,0,0,0,0,1,0,1911
9160,"1911-11-06 15:36:30",1,0,0,0,0,1,0,1911
9161,"1911-04-28 22:27:09",0,1,0,0,0,0,1,1911
9162,"1911-10-22 04:12:49",0,1,1,0,0,0,0,1911
9163,"1912-04-01 22:14:02",1,0,0,0,1,0,0,1912
9164,"1912-09-26 11:44:36",1,0,0,0,1,0,0,1912
9165,"1912-04-17 11:34:06",0,1,0,0,0,0,0,1912
9166,"1912-10-10 13:36:00",0,1,0,0,0,0,1,1912
9167,"1913-03-22 11:57:34",1,0,0,0,0,0,1,1913
9168,"1913-09-15 12:48:03",1,0,0,0,0,0,1,1913
9169,"1913-04-06 17:32:45",0,1,0,0,1,0,0,1913
9170,"1913-08-31 20:51:54",0,1,0,0,1,0,0,1913
9171,"1913-09-30 04:45:34",0,1,0,0,1,0,0,1913
9172,"1914-03-12 04:12:51",1,0,0,0,1,0,0,1914
9173,"1914-09-04 13:54:39",1,0,0,0,1,0,0,1914
9174,"1914-02-25 00:12:47",0,1,1,0,0,0,0,1914
9175,"1914-08-21 12:34:07",0,1,0,0,0,0,1,1914
9176,"1915-01-31 04:57:27",1,0,0,0,0,1,0,1915
9177,"1915-03-01 18:19:13",1,0,0,0,0,1,0,1915
9178,"1915-07-26 12:24:22",1,0,0,0,0,1,0,1915
9179,"1915-08-24 21:26:58",1,0,0,0,0,1,0,1915
9180,"1915-02-14 04:33:03",0,1,1,0,0,0,0,1915
9181,"1915-08-10 22:52:06",0,1,1,0,0,0,0,1915
9182,"1916-01-20 08:39:22",1,0,0,0,1,0,0,1916
9183,"1916-07-15 04:45:48",1,0,0,0,1,0,0,1916
9184,"1916-02-03 16:00:04",0,1,0,0,0,0,1,1916
9185,"1916-07-30 02:05:50",0,1,1,0,0,0,0,1916
9186,"1916-12-24 20:45:56",0,1,0,0,1,0,0,1916
9187,"1917-01-08 07:44:29",1,0,0,0,0,0,1,1917
9188,"1917-07-04 21:38:44",1,0,0,0,0,0,1,1917
9189,"1917-12-28 09:46:11",1,0,0,0,0,0,1,1917
9190,"1917-01-23 07:28:11",0,1,0,0,1,0,0,1917
9191,"1917-06-19 13:16:08",0,1,0,0,1,0,0,1917
9192,"1917-07-19 02:42:29",0,1,0,0,1,0,0,1917
9193,"1917-12-14 09:26:55",0,1,1,0,0,0,0,1917
9194,"1918-06-24 09:27:43",1,0,0,0,1,0,0,1918
9195,"1918-12-17 19:05:40",1,0,0,0,0,1,0,1918
9196,"1918-06-08 21:07:24",0,1,0,0,0,0,1,1918
9197,"1918-12-03 15:21:40",0,1,1,0,0,0,0,1918
9198,"1919-05-15 00:13:38",1,0,0,0,0,1,0,1919
9199,"1919-11-07 23:44:07",1,0,0,0,1,0,0,1919
9200,"1919-05-29 12:08:33",0,1,0,0,0,0,1,1919
9201,"1919-11-22 15:13:50",0,1,1,0,0,0,0,1919
9202,"1920-05-03 01:50:46",1,0,0,0,0,0,1,1920
9203,"1920-10-27 14:11:16",1,0,0,0,0,0,1,1920
9204,"1920-05-18 06:14:31",0,1,0,0,1,0,0,1920
9205,"1920-11-10 15:51:59",0,1,0,0,1,0,0,1920
9206,"1921-04-22 07:44:17",1,0,0,0,0,0,1,1921
9207,"1921-10-16 22:53:37",1,0,0,0,1,0,0,1921
9208,"1921-04-08 09:14:35",0,1,1,0,0,0,0,1921
9209,"1921-10-01 12:35:39",0,1,0,0,0,0,1,1921
9210,"1922-03-13 11:28:24",1,0,0,0,0,1,0,1922
9211,"1922-04-11 20:31:50",1,0,0,0,0,1,0,1922
9212,"1922-10-06 00:43:28",1,0,0,0,0,1,0,1922
9213,"1922-03-28 13:05:03",0,1,1,0,0,0,0,1922
9214,"1922-09-21 04:40:08",0,1,0,0,0,0,1,1922
9215,"1923-03-03 03:31:46",1,0,0,0,1,0,0,1923
9216,"1923-08-26 10:39:28",1,0,0,0,1,0,0,1923
9217,"1923-03-17 12:44:35",0,1,1,0,0,0,0,1923
9218,"1923-09-10 20:47:05",0,1,0,0,0,0,1,1923
9219,"1924-02-20 16:08:32",1,0,0,0,0,0,1,1924
9220,"1924-08-14 19:20:07",1,0,0,0,0,0,1,1924
9221,"1924-03-05 15:44:04",0,1,0,0,1,0,0,1924
9222,"1924-07-31 18:57:47",0,1,0,0,1,0,0,1924
9223,"1924-08-30 07:22:27",0,1,0,0,1,0,0,1924
9224,"1925-02-08 21:41:58",1,0,0,0,1,0,0,1925
9225,"1925-08-04 11:52:33",1,0,0,0,1,0,0,1925
9226,"1925-01-24 14:53:41",0,1,0,0,0,0,1,1925
9227,"1925-07-20 21:48:17",0,1,1,0,0,0,0,1925
9228,"1926-01-28 21:20:01",1,0,0,0,0,1,0,1926
9229,"1926-06-25 20:24:43",1,0,0,0,0,1,0,1926
9230,"1926-07-25 03:59:48",1,0,0,0,0,1,0,1926
9231,"1926-12-19 06:19:44",1,0,0,0,0,0,0,1926
9232,"1926-01-14 06:36:34",0,1,0,0,0,0,1,1926
9233,"1926-07-09 22:05:38",0,1,1,0,0,0,0,1926
9234,"1927-06-15 07:24:17",1,0,0,0,0,0,1,1927
9235,"1927-12-08 17:34:46",1,0,0,0,0,0,1,1927
9236,"1927-01-03 20:22:28",0,1,0,0,0,0,0,1927
9237,"1927-06-29 05:23:06",0,1,0,0,0,0,1,1927
9238,"1927-12-24 03:59:10",0,1,0,0,1,0,0,1927
9239,"1928-06-03 11:09:33",1,0,0,0,0,0,1,1928
9240,"1928-11-27 09:01:22",1,0,0,0,0,0,1,1928
9241,"1928-05-19 12:23:56",0,1,0,0,0,0,0,1928
9242,"1928-06-17 19:27:10",0,1,0,0,1,0,0,1928
9243,"1928-11-12 09:48:02",0,1,0,0,1,0,0,1928
9244,"1929-05-23 11:37:20",1,0,0,0,0,1,0,1929
9245,"1929-11-17 00:02:48",1,0,0,0,0,1,0,1929
9246,"1929-05-09 05:10:09",0,1,0,0,0,0,1,1929
9247,"1929-11-01 12:04:46",0,1,1,0,0,0,0,1929
9248,"1930-04-13 05:58:30",1,0,0,0,1,0,0,1930
9249,"1930-10-07 19:06:46",1,0,0,0,1,0,0,1930
9250,"1930-04-28 19:03:09",0,1,0,0,0,0,0,1930
9251,"1930-10-21 21:43:30",0,1,0,0,0,0,1,1930
9252,"1931-04-02 20:07:31",1,0,0,0,0,0,1,1931
9253,"1931-09-26 19:48:04",1,0,0,0,0,0,1,1931
9254,"1931-04-18 00:45:04",0,1,0,0,1,0,0,1931
9255,"1931-09-12 04:40:58",0,1,0,0,1,0,0,1931
9256,"1931-10-11 12:55:17",0,1,0,0,1,0,0,1931
9257,"1932-03-22 12:32:15",1,0,0,0,1,0,0,1932
9258,"1932-09-14 21:00:36",1,0,0,0,1,0,0,1932
9259,"1932-03-07 07:55:29",0,1,1,0,0,0,0,1932
9260,"1932-08-31 20:03:14",0,1,0,0,0,0,1,1932
9261,"1933-02-10 13:17:11",1,0,0,0,0,1,0,1933
9262,"1933-03-12 02:32:38",1,0,0,0,0,1,0,1933
9263,"1933-08-05 19:45:42",1,0,0,0,0,1,0,1933
9264,"1933-09-04 04:51:54",1,0,0,0,0,1,0,1933
9265,"1933-02-24 12:46:15",0,1,1,0,0,0,0,1933
9266,"1933-08-21 05:48:47",0,1,1,0,0,0,0,1933
9267,"1934-01-30 16:42:18",1,0,0,0,1,0,0,1934
9268,"1934-07-26 12:15:14",1,0,0,0,1,0,0,1934
9269,"1934-02-14 00:38:18",0,1,0,0,0,0,1,1934
9270,"1934-08-10 08:37:23",0,1,1,0,0,0,0,1934
9271,"1935-01-19 15:47:11",1,0,0,0,0,0,1,1935
9272,"1935-07-16 04:59:41",1,0,0,0,0,0,1,1935
9273,"1935-01-05 05:35:15",0,1,0,0,1,0,0,1935
9274,"1935-02-03 16:15:55",0,1,0,0,1,0,0,1935
9275,"1935-06-30 19:59:31",0,1,0,0,1,0,0,1935
9276,"1935-07-30 09:16:10",0,1,0,0,1,0,0,1935
9277,"1935-12-25 17:59:23",0,1,1,0,0,0,0,1935
9278,"1936-01-08 18:09:34",1,0,0,0,0,0,1,1936
9279,"1936-07-04 17:24:59",1,0,0,0,1,0,0,1936
9280,"1936-12-28 03:48:45",1,0,0,0,0,1,0,1936
9281,"1936-06-19 05:20:09",0,1,0,0,0,0,1,1936
9282,"1936-12-13 23:27:47",0,1,1,0,0,0,0,1936
9283,"1937-05-25 07:51:10",1,0,0,0,0,1,0,1937
9284,"1937-11-18 08:19:01",1,0,0,0,1,0,0,1937
9285,"1937-06-08 20:40:38",0,1,0,0,0,0,1,1937
9286,"1937-12-02 23:05:21",0,1,1,0,0,0,0,1937
9287,"1938-05-14 06:43:36",1,0,0,0,0,0,1,1938
9288,"1938-11-07 21:26:18",1,0,0,0,0,0,1,1938
9289,"1938-05-29 11:49:52",0,1,0,0,0,0,1,1938
9290,"1938-11-21 22:52:07",0,1,0,0,1,0,0,1938
9291,"1939-05-03 14:11:18",1,0,0,0,0,0,1,1939
9292,"1939-10-28 06:36:19",1,0,0,0,1,0,0,1939
9293,"1939-04-19 15:45:25",0,1,1,0,0,0,0,1939
9294,"1939-10-12 20:40:03",0,1,0,0,0,0,1,1939
9295,"1940-03-23 18:47:53",1,0,0,0,0,1,0,1940
9296,"1940-04-22 03:26:01",1,0,0,0,0,1,0,1940
9297,"1940-10-16 07:00:53",1,0,0,0,0,1,0,1940
9298,"1940-04-07 19:20:56",0,1,1,0,0,0,0,1940
9299,"1940-10-01 11:43:41",0,1,0,0,0,0,1,1940
9300,"1941-03-13 10:55:22",1,0,0,0,1,0,0,1941
9301,"1941-09-05 16:46:49",1,0,0,0,1,0,0,1941
9302,"1941-03-27 19:07:44",0,1,1,0,0,0,0,1941
9303,"1941-09-21 03:33:37",0,1,0,0,0,0,1,1941
9304,"1942-03-02 23:21:28",1,0,0,0,0,0,1,1942
9305,"1942-08-26 01:48:00",1,0,0,0,0,0,1,1942
9306,"1942-03-16 22:36:49",0,1,0,0,1,0,0,1942
9307,"1942-08-12 00:44:36",0,1,0,0,1,0,0,1942
9308,"1942-09-10 14:38:59",0,1,0,0,1,0,0,1942
9309,"1943-02-20 04:37:57",1,0,0,0,1,0,0,1943
9310,"1943-08-15 17:28:19",1,0,0,0,1,0,0,1943
9311,"1943-02-04 22:37:46",0,1,0,0,0,0,1,1943
9312,"1943-08-01 02:15:47",0,1,1,0,0,0,0,1943
9313,"1944-02-09 04:14:31",1,0,0,0,0,1,0,1944
9314,"1944-07-06 02:39:34",1,0,0,0,0,1,0,1944
9315,"1944-08-04 10:26:25",1,0,0,0,0,1,0,1944
9316,"1944-12-29 13:49:08",1,0,0,0,0,0,0,1944
9317,"1944-01-25 14:26:16",0,1,0,0,0,0,1,1944
9318,"1944-07-20 03:42:46",0,1,1,0,0,0,0,1944
9319,"1945-06-25 13:13:54",1,0,0,0,1,0,0,1945
9320,"1945-12-19 01:20:20",1,0,0,0,0,0,1,1945
9321,"1945-01-14 04:01:15",0,1,1,0,0,0,0,1945
9322,"1945-07-09 11:27:21",0,1,0,0,0,0,1,1945
9323,"1946-06-14 16:38:49",1,0,0,0,0,0,1,1946
9324,"1946-12-08 16:48:01",1,0,0,0,0,0,1,1946
9325,"1946-01-03 11:15:36",0,1,0,0,1,0,0,1946
9326,"1946-05-30 18:59:57",0,1,0,0,1,0,0,1946
9327,"1946-06-29 01:51:35",0,1,0,0,1,0,0,1946
9328,"1946-11-23 16:36:47",0,1,0,0,1,0,0,1946
9329,"1947-06-03 18:15:15",1,0,0,0,1,0,0,1947
9330,"1947-11-28 07:34:00",1,0,0,0,0,1,0,1947
9331,"1947-05-20 12:47:19",0,1,0,0,0,0,1,1947
9332,"1947-11-12 19:05:09",0,1,1,0,0,0,0,1947
9333,"1948-04-23 12:38:50",1,0,0,0,1,0,0,1948
9334,"1948-10-18 01:35:13",1,0,0,0,0,0,0,1948
9335,"1948-05-09 01:25:34",0,1,0,0,0,0,0,1948
9336,"1948-11-01 04:58:50",0,1,0,0,0,0,1,1948
9337,"1949-04-13 03:10:57",1,0,0,0,0,0,1,1949
9338,"1949-10-07 01:56:26",1,0,0,0,0,0,1,1949
9339,"1949-04-28 06:48:20",0,1,0,0,1,0,0,1949
9340,"1949-10-21 20:12:32",0,1,0,0,1,0,0,1949
9341,"1950-04-02 19:44:05",1,0,0,0,0,0,1,1950
9342,"1950-09-26 03:16:42",1,0,0,0,0,0,1,1950
9343,"1950-03-18 14:31:36",0,1,0,0,0,0,0,1950
9344,"1950-09-12 02:38:14",0,1,0,0,0,0,1,1950
9345,"1951-03-23 09:37:03",1,0,0,0,0,1,0,1951
9346,"1951-08-17 02:14:11",1,0,0,0,0,1,0,1951
9347,"1951-09-15 11:26:36",1,0,0,0,0,1,0,1951
9348,"1951-03-07 19:53:11",0,1,1,0,0,0,0,1951
9349,"1951-09-01 11:51:21",0,1,1,0,0,0,0,1951
9350,"1952-02-10 23:39:18",1,0,0,0,1,0,0,1952
9351,"1952-08-05 18:47:25",1,0,0,0,1,0,0,1952
9352,"1952-02-25 08:11:06",0,1,0,0,0,0,1,1952
9353,"1952-08-20 14:13:05",0,1,1,0,0,0,0,1952
9354,"1953-01-29 22:47:19",1,0,0,0,0,0,1,1953
9355,"1953-07-26 11:20:40",1,0,0,0,0,0,1,1953
9356,"1953-02-13 23:58:58",0,1,0,0,1,0,0,1953
9357,"1953-07-11 01:43:54",0,1,0,0,1,0,0,1953
9358,"1953-08-09 14:54:39",0,1,0,0,1,0,0,1953
9359,"1954-01-19 01:31:51",1,0,0,0,0,0,1,1954
9360,"1954-07-15 23:20:21",1,0,0,0,1,0,0,1954
9361,"1954-01-05 01:31:26",0,1,1,0,0,0,0,1954
9362,"1954-06-30 11:32:09",0,1,0,0,0,0,1,1954
9363,"1954-12-25 06:36:12",0,1,1,0,0,0,0,1954
9364,"1955-01-08 11:32:50",1,0,0,0,0,1,0,1955
9365,"1955-06-05 13:22:52",1,0,0,0,0,1,0,1955
9366,"1955-11-29 15:59:29",1,0,0,0,1,0,0,1955
9367,"1955-06-20 03:10:12",0,1,0,0,0,0,1,1955
9368,"1955-12-14 06:01:54",0,1,1,0,0,0,0,1955
9369,"1956-05-24 14:31:21",1,0,0,0,1,0,0,1956
9370,"1956-11-18 05:47:45",1,0,0,0,0,0,1,1956
9371,"1956-06-08 20:20:06",0,1,0,0,0,0,1,1956
9372,"1956-12-02 07:00:09",0,1,0,0,1,0,0,1956
9373,"1957-05-13 21:30:56",1,0,0,0,0,0,1,1957
9374,"1957-11-07 13:26:58",1,0,0,0,0,0,1,1957
9375,"1957-04-29 23:04:51",0,1,0,0,0,0,0,1957
9376,"1957-10-23 03:53:34",0,1,0,0,0,0,0,1957
9377,"1958-04-04 02:59:41",1,0,0,0,0,1,0,1958
9378,"1958-05-03 11:12:57",1,0,0,0,1,0,0,1958
9379,"1958-10-27 14:27:18",1,0,0,0,0,1,0,1958
9380,"1958-04-19 02:26:44",0,1,1,0,0,0,0,1958
9381,"1958-10-12 19:54:55",0,1,0,0,0,0,1,1958
9382,"1959-03-24 19:11:24",1,0,0,0,1,0,0,1959
9383,"1959-09-17 00:03:03",1,0,0,0,0,1,0,1959
9384,"1959-04-08 02:23:36",0,1,1,0,0,0,0,1959
9385,"1959-10-02 11:26:26",0,1,0,0,0,0,1,1959
9386,"1960-03-13 07:27:48",1,0,0,0,0,0,1,1960
9387,"1960-09-05 10:21:18",1,0,0,0,0,0,1,1960
9388,"1960-03-27 06:24:41",0,1,0,0,1,0,0,1960
9389,"1960-09-20 21:59:15",0,1,0,0,1,0,0,1960
9390,"1961-03-02 12:28:06",1,0,0,0,1,0,0,1961
9391,"1961-08-26 02:08:17",1,0,0,0,1,0,0,1961
9392,"1961-02-15 07:19:16",0,1,0,0,0,0,1,1961
9393,"1961-08-11 09:46:13",0,1,1,0,0,0,0,1961
9394,"1962-02-19 12:03:09",1,0,0,0,0,1,0,1962
9395,"1962-07-17 10:54:14",1,0,0,0,0,1,0,1962
9396,"1962-08-15 18:56:57",1,0,0,0,0,1,0,1962
9397,"1962-02-04 23:12:04",0,1,0,0,0,0,1,1962
9398,"1962-07-31 11:24:58",0,1,1,0,0,0,0,1962
9399,"1963-01-09 22:19:08",1,0,0,0,0,0,0,1963
9400,"1963-07-06 21:02:24",1,0,0,0,1,0,0,1963
9401,"1963-12-30 10:06:50",1,0,0,0,0,0,1,1963
9402,"1963-01-25 12:36:36",0,1,1,0,0,0,0,1963
9403,"1963-07-20 19:35:41",0,1,0,0,0,0,1,1963
9404,"1964-06-25 00:06:15",1,0,0,0,0,0,1,1964
9405,"1964-12-19 01:37:18",1,0,0,0,0,0,1,1964
9406,"1964-01-14 19:29:27",0,1,0,0,1,0,0,1964
9407,"1964-06-10 03:33:32",0,1,0,0,1,0,0,1964
9408,"1964-07-09 10:17:22",0,1,0,0,1,0,0,1964
9409,"1964-12-04 00:31:22",0,1,0,0,1,0,0,1964
9410,"1965-06-14 00:48:50",1,0,0,0,1,0,0,1965
9411,"1965-12-08 16:09:55",1,0,0,0,0,1,0,1965
9412,"1965-05-30 20:16:54",0,1,0,0,0,0,1,1965
9413,"1965-11-23 03:14:16",0,1,1,0,0,0,0,1965
9414,"1966-05-04 20:11:30",1,0,0,0,0,1,0,1966
9415,"1966-10-29 09:12:17",1,0,0,0,0,1,0,1966
9416,"1966-05-20 08:38:24",0,1,0,0,0,0,0,1966
9417,"1966-11-12 13:22:51",0,1,0,0,0,0,1,1966
9418,"1967-04-24 11:06:26",1,0,0,0,0,0,1,1967
9419,"1967-10-18 09:15:10",1,0,0,0,0,0,1,1967
9420,"1967-05-09 13:42:06",0,1,0,0,1,0,0,1967
9421,"1967-11-02 04:38:18",0,1,0,0,0,0,0,1967
9422,"1968-04-13 03:47:22",1,0,0,0,0,0,1,1968
9423,"1968-10-06 10:41:56",1,0,0,0,0,0,1,1968
9424,"1968-03-28 21:59:56",0,1,0,0,1,0,0,1968
9425,"1968-09-22 10:18:03",0,1,0,0,0,0,1,1968
9426,"1969-04-02 17:32:25",1,0,0,0,0,1,0,1969
9427,"1969-08-27 09:47:38",1,0,0,0,0,1,0,1969
9428,"1969-09-25 19:09:38",1,0,0,0,0,1,0,1969
9429,"1969-03-18 03:54:18",0,1,1,0,0,0,0,1969
9430,"1969-09-11 18:58:19",0,1,1,0,0,0,0,1969
9431,"1970-02-21 07:30:04",1,0,0,0,1,0,0,1970
9432,"1970-08-17 02:23:26",1,0,0,0,1,0,0,1970
9433,"1970-03-07 16:37:50",0,1,0,0,0,0,1,1970
9434,"1970-08-31 20:54:49",0,1,1,0,0,0,0,1970
9435,"1971-02-10 06:44:40",1,0,0,0,0,0,1,1971
9436,"1971-08-06 18:43:10",1,0,0,0,0,0,1,1971
9437,"1971-02-25 08:37:25",0,1,0,0,1,0,0,1971
9438,"1971-07-22 08:31:25",0,1,0,0,1,0,0,1971
9439,"1971-08-20 21:38:56",0,1,0,0,1,0,0,1971
9440,"1972-01-30 09:53:23",1,0,0,0,0,0,1,1972
9441,"1972-07-26 06:15:38",1,0,0,0,1,0,0,1972
9442,"1972-01-16 10:02:36",0,1,1,0,0,0,0,1972
9443,"1972-07-10 18:45:57",0,1,0,0,0,0,1,1972
9444,"1973-01-18 20:17:13",1,0,0,0,0,1,0,1973
9445,"1973-06-15 19:49:57",1,0,0,0,0,1,0,1973
9446,"1973-07-15 10:38:33",1,0,0,0,0,1,0,1973
9447,"1973-12-10 00:44:22",1,0,0,0,1,0,0,1973
9448,"1973-01-04 14:45:37",0,1,1,0,0,0,0,1973
9449,"1973-06-30 10:37:56",0,1,0,0,0,0,1,1973
9450,"1973-12-24 14:01:59",0,1,1,0,0,0,0,1973
9451,"1974-06-04 20:15:59",1,0,0,0,1,0,0,1974
9452,"1974-11-29 14:13:22",1,0,0,0,0,0,1,1974
9453,"1974-06-20 02:47:17",0,1,0,0,0,0,1,1974
9454,"1974-12-13 15:12:34",0,1,0,0,1,0,0,1974
9455,"1975-05-25 03:48:01",1,0,0,0,0,0,1,1975
9456,"1975-11-18 21:23:26",1,0,0,0,0,0,1,1975
9457,"1975-05-11 05:16:41",0,1,0,0,1,0,0,1975
9458,"1975-11-03 12:15:12",0,1,0,0,1,0,0,1975
9459,"1976-05-13 17:54:21",1,0,0,0,1,0,0,1976
9460,"1976-11-06 22:01:13",1,0,0,0,0,1,0,1976
9461,"1976-04-29 08:23:30",0,1,1,0,0,0,0,1976
9462,"1976-10-23 04:12:58",0,1,0,0,0,0,1,1976
9463,"1977-04-04 02:18:15",1,0,0,0,1,0,0,1977
9464,"1977-09-27 07:29:20",1,0,0,0,0,1,0,1977
9465,"1977-04-18 08:30:42",0,1,1,0,0,0,0,1977
9466,"1977-10-12 19:26:38",0,1,0,0,0,0,1,1977
9467,"1978-03-24 15:22:21",1,0,0,0,0,0,1,1978
9468,"1978-09-16 17:04:12",1,0,0,0,0,0,1,1978
9469,"1978-04-07 13:03:04",0,1,0,0,1,0,0,1978
9470,"1978-10-02 05:27:47",0,1,0,0,1,0,0,1978
9471,"1979-03-13 20:08:02",1,0,0,0,1,0,0,1979
9472,"1979-09-06 08:54:12",1,0,0,0,0,0,1,1979
9473,"1979-02-26 15:54:17",0,1,0,0,0,0,1,1979
9474,"1979-08-22 15:21:48",0,1,1,0,0,0,0,1979
9475,"1980-03-01 19:45:13",1,0,0,0,0,1,0,1980
9476,"1980-07-27 17:08:07",1,0,0,0,0,1,0,1980
9477,"1980-08-26 01:30:30",1,0,0,0,0,1,0,1980
9478,"1980-02-16 07:53:10",0,1,0,0,0,0,1,1980
9479,"1980-08-10 17:11:30",0,1,1,0,0,0,0,1980
9480,"1981-01-20 06:49:57",1,0,0,0,0,0,0,1981
9481,"1981-07-17 02:46:48",1,0,0,0,1,0,0,1981
9482,"1981-02-04 21:08:31",0,1,1,0,0,0,0,1981
9483,"1981-07-31 01:45:46",0,1,0,0,0,0,1,1981
9484,"1982-01-09 18:55:51",1,0,0,0,0,0,1,1982
9485,"1982-07-06 05:30:54",1,0,0,0,0,0,1,1982
9486,"1982-12-30 10:28:44",1,0,0,0,0,0,1,1982
9487,"1982-01-25 03:41:55",0,1,0,0,1,0,0,1982
9488,"1982-06-21 10:03:41",0,1,0,0,1,0,0,1982
9489,"1982-07-20 16:43:54",0,1,0,0,1,0,0,1982
9490,"1982-12-15 08:31:19",0,1,0,0,1,0,0,1982
9491,"1983-06-25 06:22:18",1,0,0,0,1,0,0,1983
9492,"1983-12-20 00:49:03",1,0,0,0,0,1,0,1983
9493,"1983-06-11 02:42:39",0,1,0,0,0,0,1,1983
9494,"1983-12-04 11:30:22",0,1,1,0,0,0,0,1983
9495,"1984-05-15 02:40:09",1,0,0,0,0,1,0,1984
9496,"1984-06-13 12:25:44",1,0,0,0,0,1,0,1984
9497,"1984-11-08 16:55:15",1,0,0,0,0,1,0,1984
9498,"1984-05-30 14:44:47",0,1,1,0,0,0,0,1984
9499,"1984-11-22 21:53:23",0,1,0,0,0,0,1,1984
9500,"1985-05-04 17:56:24",1,0,0,0,0,0,1,1985
9501,"1985-10-28 16:42:22",1,0,0,0,0,0,1,1985
9502,"1985-05-19 19:28:41",0,1,0,0,1,0,0,1985
9503,"1985-11-12 13:10:32",0,1,0,0,0,0,1,1985
9504,"1986-04-24 10:42:35",1,0,0,0,0,0,1,1986
9505,"1986-10-17 18:17:59",1,0,0,0,0,0,1,1986
9506,"1986-04-09 04:20:32",0,1,0,0,1,0,0,1986
9507,"1986-10-03 18:05:15",0,1,0,0,0,0,0,1986
9508,"1987-04-14 00:18:53",1,0,0,0,0,1,0,1987
9509,"1987-10-07 03:01:34",1,0,0,0,0,1,0,1987
9510,"1987-03-29 10:48:53",0,1,0,0,0,0,0,1987
9511,"1987-09-23 01:11:26",0,1,1,0,0,0,0,1987
9512,"1988-03-03 15:12:45",1,0,0,0,0,0,0,1988
9513,"1988-08-27 09:04:33",1,0,0,0,1,0,0,1988
9514,"1988-03-18 00:58:01",0,1,0,0,0,0,1,1988
9515,"1988-09-11 02:43:32",0,1,1,0,0,0,0,1988
9516,"1989-02-20 14:35:22",1,0,0,0,0,0,1,1989
9517,"1989-08-17 01:08:11",1,0,0,0,0,0,1,1989
9518,"1989-03-07 17:07:43",0,1,0,0,1,0,0,1989
9519,"1989-08-31 03:30:56",0,1,0,0,1,0,0,1989
9520,"1990-02-09 18:11:05",1,0,0,0,0,0,1,1990
9521,"1990-08-06 12:12:18",1,0,0,0,1,0,0,1990
9522,"1990-01-26 18:30:22",0,1,1,0,0,0,0,1990
9523,"1990-07-22 01:02:13",0,1,0,0,0,0,1,1990
9524,"1991-01-30 04:58:39",1,0,0,0,0,1,0,1991
9525,"1991-06-27 01:14:44",1,0,0,0,0,1,0,1991
9526,"1991-07-26 16:07:50",1,0,0,0,0,1,0,1991
9527,"1991-12-21 09:33:02",1,0,0,0,1,0,0,1991
9528,"1991-01-15 22:52:53",0,1,1,0,0,0,0,1991
9529,"1991-07-11 17:06:03",0,1,0,0,0,0,1,1991
9530,"1992-06-15 02:56:59",1,0,0,0,1,0,0,1992
9531,"1992-12-09 22:44:06",1,0,0,0,0,0,1,1992
9532,"1992-01-04 22:04:39",0,1,1,0,0,0,0,1992
9533,"1992-06-30 10:10:22",0,1,0,0,0,0,1,1992
9534,"1992-12-23 23:30:48",0,1,0,0,1,0,0,1992
9535,"1993-06-04 11:00:27",1,0,0,0,0,0,1,1993
9536,"1993-11-29 05:26:06",1,0,0,0,0,0,1,1993
9537,"1993-05-21 12:19:09",0,1,0,0,1,0,0,1993
9538,"1993-11-13 20:44:54",0,1,0,0,1,0,0,1993
9539,"1994-05-25 01:30:20",1,0,0,0,1,0,0,1994
9540,"1994-11-18 05:43:53",1,0,0,0,0,1,0,1994
9541,"1994-05-10 15:11:26",0,1,1,0,0,0,0,1994
9542,"1994-11-03 12:39:05",0,1,0,0,0,0,1,1994
9543,"1995-04-15 10:18:03",1,0,0,0,1,0,0,1995
9544,"1995-10-08 15:04:11",1,0,0,0,0,1,0,1995
9545,"1995-04-29 15:32:20",0,1,1,0,0,0,0,1995
9546,"1995-10-24 03:32:29",0,1,0,0,0,0,1,1995
9547,"1996-04-03 22:09:45",1,0,0,0,0,0,1,1996
9548,"1996-09-27 00:54:22",1,0,0,0,0,0,1,1996
9549,"1996-04-17 20:37:16",0,1,0,0,1,0,0,1996
9550,"1996-10-12 12:01:56",0,1,0,0,1,0,0,1996
9551,"1997-03-24 03:39:26",1,0,0,0,1,0,0,1997
9552,"1997-09-16 16:46:39",1,0,0,0,0,0,1,1997
9553,"1997-03-09 00:23:50",0,1,0,0,0,0,1,1997
9554,"1997-09-01 22:03:46",0,1,0,0,1,0,0,1997
9555,"1998-03-13 03:20:06",1,0,0,0,0,1,0,1998
9556,"1998-08-08 00:24:52",1,0,0,0,0,1,0,1998
9557,"1998-09-06 09:10:08",1,0,0,0,0,1,0,1998
9558,"1998-02-26 16:28:23",0,1,0,0,0,0,1,1998
9559,"1998-08-22 00:06:08",0,1,1,0,0,0,0,1998
9560,"1999-01-31 15:17:30",1,0,0,0,0,0,0,1999
9561,"1999-07-28 09:33:42",1,0,0,0,1,0,0,1999
9562,"1999-02-16 05:33:33",0,1,1,0,0,0,0,1999
9563,"1999-08-11 09:03:06",0,1,0,0,0,0,1,1999
9564,"2000-01-21 03:43:30",1,0,0,0,0,0,1,2000
9565,"2000-07-16 11:55:35",1,0,0,0,0,0,1,2000
9566,"2000-02-05 11:49:16",0,1,0,0,1,0,0,2000
9567,"2000-07-01 17:32:29",0,1,0,0,1,0,0,2000
9568,"2000-07-31 00:13:06",0,1,0,0,1,0,0,2000
9569,"2000-12-25 16:34:56",0,1,0,0,1,0,0,2000
9570,"2001-01-09 19:20:35",1,0,0,0,0,0,1,2001
9571,"2001-07-05 12:55:19",1,0,0,0,1,0,0,2001
9572,"2001-12-30 09:29:18",1,0,0,0,0,1,0,2001
9573,"2001-06-21 10:03:41",0,1,0,0,0,0,1,2001
9574,"2001-12-14 19:51:58",0,1,1,0,0,0,0,2001
9575,"2002-05-26 10:03:23",1,0,0,0,0,1,0,2002
9576,"2002-06-24 19:27:09",1,0,0,0,0,1,0,2002
9577,"2002-11-20 00:46:37",1,0,0,0,0,1,0,2002
9578,"2002-06-10 21:44:18",0,1,1,0,0,0,0,2002
9579,"2002-12-04 06:31:12",0,1,0,0,0,0,1,2002
9580,"2003-05-16 01:40:09",1,0,0,0,0,0,1,2003
9581,"2003-11-09 00:18:34",1,0,0,0,0,0,1,2003
9582,"2003-05-31 02:08:16",0,1,1,0,0,0,0,2003
9583,"2003-11-23 21:49:18",0,1,0,0,0,0,1,2003
9584,"2004-05-04 18:30:13",1,0,0,0,0,0,1,2004
9585,"2004-10-28 01:04:07",1,0,0,0,0,0,1,2004
9586,"2004-04-19 11:34:06",0,1,0,0,1,0,0,2004
9587,"2004-10-14 00:59:14",0,1,0,0,1,0,0,2004
9588,"2005-04-24 07:54:50",1,0,0,0,0,1,0,2005
9589,"2005-10-17 10:03:22",1,0,0,0,1,0,0,2005
9590,"2005-04-08 18:35:47",0,1,0,0,0,0,0,2005
9591,"2005-10-03 08:31:43",0,1,1,0,0,0,0,2005
9592,"2006-03-14 22:47:30",1,0,0,0,0,0,0,2006
9593,"2006-09-07 16:51:20",1,0,0,0,1,0,0,2006
9594,"2006-03-29 08:11:18",0,1,0,0,0,0,1,2006
9595,"2006-09-22 09:40:11",0,1,1,0,0,0,0,2006
9596,"2007-03-03 22:20:53",1,0,0,0,0,0,1,2007
9597,"2007-08-28 08:37:22",1,0,0,0,0,0,1,2007
9598,"2007-03-19 01:31:51",0,1,0,0,1,0,0,2007
9599,"2007-09-11 10:31:24",0,1,0,0,1,0,0,2007
9600,"2008-02-21 02:26:04",1,0,0,0,0,0,1,2008
9601,"2008-08-16 19:10:07",1,0,0,0,1,0,0,2008
9602,"2008-02-07 02:55:01",0,1,1,0,0,0,0,2008
9603,"2008-08-01 08:21:10",0,1,0,0,0,0,1,2008
9604,"2009-02-09 13:38:15",1,0,0,0,0,1,0,2009
9605,"2009-07-07 07:38:38",1,0,0,0,0,1,0,2009
9606,"2009-08-05 22:39:10",1,0,0,0,0,1,0,2009
9607,"2009-12-31 18:22:40",1,0,0,0,1,0,0,2009
9608,"2009-01-26 06:58:38",0,1,1,0,0,0,0,2009
9609,"2009-07-22 00:35:18",0,1,0,0,0,0,1,2009
9610,"2010-06-26 09:38:28",1,0,0,0,1,0,0,2010
9611,"2010-12-21 07:16:58",1,0,0,0,0,0,1,2010
9612,"2010-01-15 06:06:34",0,1,1,0,0,0,0,2010
9613,"2010-07-11 17:33:30",0,1,0,0,0,0,1,2010
9614,"2011-06-15 18:12:37",1,0,0,0,0,0,1,2011
9615,"2011-12-10 13:31:50",1,0,0,0,0,0,1,2011
9616,"2011-01-04 07:50:42",0,1,0,0,1,0,0,2011
9617,"2011-06-01 19:16:05",0,1,0,0,1,0,0,2011
9618,"2011-07-01 06:38:12",0,1,0,0,1,0,0,2011
9619,"2011-11-25 05:20:22",0,1,0,0,1,0,0,2011
9620,"2012-06-04 09:03:14",1,0,0,0,1,0,0,2012
9621,"2012-11-28 13:33:00",1,0,0,0,0,1,0,2012
9622,"2012-05-20 21:52:47",0,1,1,0,0,0,0,2012
9623,"2012-11-13 21:11:48",0,1,0,0,0,0,1,2012
9624,"2013-04-25 18:07:30",1,0,0,0,1,0,0,2013
9625,"2013-05-25 02:09:59",1,0,0,0,0,1,0,2013
9626,"2013-10-18 21:50:18",1,0,0,0,0,1,0,2013
9627,"2013-05-09 22:25:13",0,1,1,0,0,0,0,2013
9628,"2013-11-03 11:46:29",0,1,0,0,0,0,1,2013
9629,"2014-04-15 05:45:41",1,0,0,0,0,0,1,2014
9630,"2014-10-08 08:54:37",1,0,0,0,0,0,1,2014
9631,"2014-04-29 04:03:31",0,1,0,0,0,0,0,2014
9632,"2014-10-23 19:44:26",0,1,0,0,1,0,0,2014
9633,"2015-04-04 10:00:16",1,0,0,0,0,0,1,2015
9634,"2015-09-28 00:47:09",1,0,0,0,0,0,1,2015
9635,"2015-03-20 08:45:41",0,1,0,0,0,0,1,2015
9636,"2015-09-13 04:54:12",0,1,0,0,1,0,0,2015
9637,"2016-03-23 10:47:14",1,0,0,0,0,1,0,2016
9638,"2016-09-16 16:54:19",1,0,0,0,0,1,0,2016
9639,"2016-03-09 00:57:11",0,1,0,0,0,0,1,2016
9640,"2016-09-01 07:06:55",0,1,1,0,0,0,0,2016
9641,"2017-02-10 23:43:53",1,0,0,0,0,1,0,2017
9642,"2017-08-07 16:20:29",1,0,0,0,1,0,0,2017
9643,"2017-02-26 13:53:23",0,1,1,0,0,0,0,2017
9644,"2017-08-21 16:25:32",0,1,0,0,0,0,1,2017
9645,"2018-01-31 12:29:51",1,0,0,0,0,0,1,2018
9646,"2018-07-27 18:21:45",1,0,0,0,0,0,1,2018
9647,"2018-02-15 19:51:18",0,1,0,0,1,0,0,2018
9648,"2018-07-13 01:01:06",0,1,0,0,1,0,0,2018
9649,"2018-08-11 07:46:21",0,1,0,0,1,0,0,2018
9650,"2019-01-21 04:12:18",1,0,0,0,0,0,1,2019
9651,"2019-07-16 19:30:46",1,0,0,0,1,0,0,2019
9652,"2019-01-06 00:41:32",0,1,0,0,1,0,0,2019
9653,"2019-07-02 17:22:57",0,1,0,0,0,0,1,2019
9654,"2019-12-26 04:17:45",0,1,1,0,0,0,0,2019
9655,"2020-01-10 18:10:02",1,0,0,0,0,1,0,2020
9656,"2020-06-05 17:25:05",1,0,0,0,0,1,0,2020
9657,"2020-07-05 02:30:03",1,0,0,0,0,1,0,2020
9658,"2020-11-30 08:42:53",1,0,0,0,0,1,0,2020
9659,"2020-06-21 04:40:06",0,1,1,0,0,0,0,2020
9660,"2020-12-14 15:13:31",0,1,0,0,0,0,1,2020
9661,"2021-05-26 09:18:44",1,0,0,0,0,0,1,2021
9662,"2021-11-19 08:02:57",1,0,0,0,1,0,0,2021
9663,"2021-06-10 08:41:56",0,1,1,0,0,0,0,2021
9664,"2021-12-04 06:33:29",0,1,0,0,0,0,1,2021
9665,"2022-05-16 02:11:33",1,0,0,0,0,0,1,2022
9666,"2022-11-08 09:59:13",1,0,0,0,0,0,1,2022
9667,"2022-04-30 18:41:34",0,1,0,0,1,0,0,2022
9668,"2022-10-25 09:00:05",0,1,0,0,1,0,0,2022
9669,"2023-05-05 15:22:55",1,0,0,0,0,1,0,2023
9670,"2023-10-28 18:14:08",1,0,0,0,1,0,0,2023
9671,"2023-04-20 02:16:47",0,1,0,0,0,0,0,2023
9672,"2023-10-14 15:59:31",0,1,1,0,0,0,0,2023
9673,"2024-03-25 06:12:51",1,0,0,0,0,1,0,2024
9674,"2024-09-18 00:44:17",1,0,0,0,1,0,0,2024
9675,"2024-04-08 16:17:21",0,1,0,0,0,0,1,2024
9676,"2024-10-02 16:45:04",0,1,1,0,0,0,0,2024
9677,"2025-03-14 05:58:47",1,0,0,0,0,0,1,2025
9678,"2025-09-07 16:11:49",1,0,0,0,0,0,1,2025
9679,"2025-03-29 09:47:25",0,1,0,0,1,0,0,2025
9680,"2025-09-21 17:42:00",0,1,0,0,1,0,0,2025
9681,"2026-03-03 10:33:43",1,0,0,0,0,0,1,2026
9682,"2026-08-28 02:12:55",1,0,0,0,1,0,0,2026
9683,"2026-02-17 11:11:52",0,1,1,0,0,0,0,2026
9684,"2026-08-12 15:46:00",0,1,0,0,0,0,1,2026
9685,"2027-02-20 22:12:56",1,0,0,0,0,1,0,2027
9686,"2027-07-18 14:03:01",1,0,0,0,0,1,0,2027
9687,"2027-08-17 05:13:49",1,0,0,0,0,1,0,2027
9688,"2027-02-06 14:59:38",0,1,1,0,0,0,0,2027
9689,"2027-08-02 08:06:41",0,1,0,0,0,0,1,2027
9690,"2028-01-12 03:13:04",1,0,0,0,1,0,0,2028
9691,"2028-07-06 16:19:48",1,0,0,0,1,0,0,2028
9692,"2028-12-31 15:52:06",1,0,0,0,0,0,1,2028
9693,"2028-01-26 14:07:50",0,1,1,0,0,0,0,2028
9694,"2028-07-22 00:55:29",0,1,0,0,0,0,1,2028
9695,"2029-06-26 01:22:13",1,0,0,0,0,0,1,2029
9696,"2029-12-20 21:42:03",1,0,0,0,0,0,1,2029
9697,"2029-01-14 16:12:44",0,1,0,0,1,0,0,2029
9698,"2029-06-12 02:04:56",0,1,0,0,1,0,0,2029
9699,"2029-07-11 13:35:59",0,1,0,0,1,0,0,2029
9700,"2029-12-05 14:02:52",0,1,0,0,1,0,0,2029
9701,"2030-06-15 16:33:24",1,0,0,0,1,0,0,2030
9702,"2030-12-09 21:27:42",1,0,0,0,0,1,0,2030
9703,"2030-06-01 04:28:03",0,1,1,0,0,0,0,2030
9704,"2030-11-25 05:50:27",0,1,0,0,0,0,1,2030
9705,"2031-05-07 01:50:52",1,0,0,0,0,1,0,2031
9706,"2031-06-05 09:44:08",1,0,0,0,0,1,0,2031
9707,"2031-10-30 06:45:35",1,0,0,0,0,1,0,2031
9708,"2031-05-21 05:14:55",0,1,1,0,0,0,0,2031
9709,"2031-11-14 20:06:21",0,1,0,0,0,0,0,2031
9710,"2032-04-25 13:13:42",1,0,0,0,0,0,1,2032
9711,"2032-10-18 17:02:31",1,0,0,0,0,0,1,2032
9712,"2032-05-09 11:25:38",0,1,1,0,0,0,0,2032
9713,"2032-11-03 04:32:58",0,1,0,0,1,0,0,2032
9714,"2033-04-14 17:12:42",1,0,0,0,0,0,1,2033
9715,"2033-10-08 08:55:13",1,0,0,0,0,0,1,2033
9716,"2033-03-30 16:01:28",0,1,0,0,0,0,1,2033
9717,"2033-09-23 11:53:24",0,1,0,0,1,0,0,2033
9718,"2034-04-03 17:05:51",1,0,0,0,0,1,0,2034
9719,"2034-09-28 00:46:28",1,0,0,0,1,0,0,2034
9720,"2034-03-20 09:17:36",0,1,0,0,0,0,1,2034
9721,"2034-09-12 14:18:19",0,1,1,0,0,0,0,2034
9722,"2035-02-22 08:05:02",1,0,0,0,0,1,0,2035
9723,"2035-08-18 23:11:06",1,0,0,0,1,0,0,2035
9724,"2035-03-09 22:04:44",0,1,1,0,0,0,0,2035
9725,"2035-09-01 23:55:38",0,1,0,0,0,0,1,2035
9726,"2036-02-11 21:11:57",1,0,0,0,0,0,1,2036
9727,"2036-08-07 00:51:23",1,0,0,0,0,0,1,2036
9728,"2036-02-27 03:45:34",0,1,0,0,1,0,0,2036
9729,"2036-07-23 08:30:56",0,1,0,0,1,0,0,2036
9730,"2036-08-21 15:24:38",0,1,0,0,1,0,0,2036
9731,"2037-01-31 13:00:29",1,0,0,0,0,0,1,2037
9732,"2037-07-27 02:08:44",1,0,0,0,1,0,0,2037
9733,"2037-01-16 08:47:50",0,1,0,0,1,0,0,2037
9734,"2037-07-13 00:39:25",0,1,0,0,0,0,1,2037
9735,"2038-01-21 02:48:43",1,0,0,0,0,1,0,2038
9736,"2038-06-17 00:43:53",1,0,0,0,0,1,0,2038
9737,"2038-07-16 09:34:47",1,0,0,0,0,1,0,2038
9738,"2038-12-11 16:43:51",1,0,0,0,0,1,0,2038
9739,"2038-01-05 12:46:03",0,1,1,0,0,0,0,2038
9740,"2038-07-02 11:31:46",0,1,1,0,0,0,0,2038
9741,"2038-12-25 23:59:01",0,1,0,0,0,0,1,2038
9742,"2039-06-06 16:53:16",1,0,0,0,1,0,0,2039
9743,"2039-11-30 15:55:18",1,0,0,0,1,0,0,2039
9744,"2039-06-21 15:11:43",0,1,1,0,0,0,0,2039
9745,"2039-12-15 15:22:36",0,1,0,0,0,0,1,2039
9746,"2040-05-26 09:45:12",1,0,0,0,0,0,1,2040
9747,"2040-11-18 18:03:31",1,0,0,0,0,0,1,2040
9748,"2040-05-11 01:42:00",0,1,0,0,1,0,0,2040
9749,"2040-11-04 18:07:47",0,1,0,0,1,0,0,2040
9750,"2041-05-15 22:41:53",1,0,0,0,1,0,0,2041
9751,"2041-11-08 03:33:55",1,0,0,0,1,0,0,2041
9752,"2041-04-30 09:51:13",0,1,0,0,0,0,1,2041
9753,"2041-10-24 23:35:12",0,1,1,0,0,0,0,2041
9754,"2042-04-05 12:29:03",1,0,0,0,0,1,0,2042
9755,"2042-09-29 08:44:39",1,0,0,0,0,1,0,2042
9756,"2042-04-20 00:16:21",0,1,0,0,0,0,1,2042
9757,"2042-10-13 23:59:33",0,1,1,0,0,0,0,2042
9758,"2043-03-25 13:30:54",1,0,0,0,0,0,1,2043
9759,"2043-09-18 23:50:41",1,0,0,0,0,0,1,2043
9760,"2043-04-09 16:56:38",0,1,0,0,0,0,0,2043
9761,"2043-10-03 01:00:45",0,1,0,0,0,0,0,2043
9762,"2044-03-13 18:37:23",1,0,0,0,0,0,1,2044
9763,"2044-09-07 09:19:35",1,0,0,0,0,0,1,2044
9764,"2044-02-28 19:23:25",0,1,1,0,0,0,0,2044
9765,"2044-08-22 23:15:56",0,1,0,0,0,0,1,2044
9766,"2045-03-03 06:42:16",1,0,0,0,0,1,0,2045
9767,"2045-08-27 11:53:40",1,0,0,0,0,1,0,2045
9768,"2045-02-16 22:54:57",0,1,1,0,0,0,0,2045
9769,"2045-08-12 15:41:30",0,1,0,0,0,0,1,2045
9770,"2046-01-22 12:01:28",1,0,0,0,1,0,0,2046
9771,"2046-07-17 23:04:56",1,0,0,0,1,0,0,2046
9772,"2046-02-05 22:05:17",0,1,1,0,0,0,0,2046
9773,"2046-08-02 08:20:03",0,1,0,0,0,0,1,2046
9774,"2047-01-12 00:25:05",1,0,0,0,0,0,1,2047
9775,"2047-07-07 08:34:36",1,0,0,0,0,0,1,2047
9776,"2047-01-26 00:32:14",0,1,0,0,1,0,0,2047
9777,"2047-06-23 08:51:13",0,1,0,0,1,0,0,2047
9778,"2047-07-22 20:34:59",0,1,0,0,1,0,0,2047
9779,"2047-12-16 22:49:06",0,1,0,0,1,0,0,2047
9780,"2048-01-01 05:52:46",1,0,0,0,0,0,1,2048
9781,"2048-06-26 00:01:19",1,0,0,0,1,0,0,2048
9782,"2048-12-20 05:26:39",1,0,0,0,0,1,0,2048
9783,"2048-06-11 10:57:43",0,1,1,0,0,0,0,2048
9784,"2048-12-05 14:34:17",0,1,0,0,0,0,1,2048
9785,"2049-05-17 09:25:29",1,0,0,0,0,1,0,2049
9786,"2049-06-15 17:13:03",1,0,0,0,0,1,0,2049
9787,"2049-11-09 14:51:01",1,0,0,0,0,1,0,2049
9788,"2049-05-31 11:58:50",0,1,1,0,0,0,0,2049
9789,"2049-11-25 04:32:38",0,1,0,0,0,0,0,2049
9790,"2050-05-06 20:30:53",1,0,0,0,0,0,1,2050
9791,"2050-10-30 02:20:38",1,0,0,0,0,0,1,2050
9792,"2050-05-20 18:41:45",0,1,0,0,0,0,0,2050
9793,"2050-11-14 12:29:39",0,1,0,0,1,0,0,2050
9794,"2051-04-26 00:15:19",1,0,0,0,0,0,1,2051
9795,"2051-10-19 17:10:41",1,0,0,0,0,0,1,2051
9796,"2051-04-11 00:09:30",0,1,0,0,1,0,0,2051
9797,"2051-10-04 19:01:08",0,1,0,0,1,0,0,2051
9798,"2052-04-14 00:16:57",1,0,0,0,0,1,0,2052
9799,"2052-10-08 08:44:49",1,0,0,0,1,0,0,2052
9800,"2052-03-30 17:30:43",0,1,0,0,0,0,1,2052
9801,"2052-09-22 21:38:01",0,1,1,0,0,0,0,2052
9802,"2053-03-04 16:21:00",1,0,0,0,0,1,0,2053
9803,"2053-08-29 06:04:41",1,0,0,0,0,0,0,2053
9804,"2053-03-20 06:07:10",0,1,1,0,0,0,0,2053
9805,"2053-09-12 07:33:00",0,1,0,0,0,0,1,2053
9806,"2054-02-22 05:50:18",1,0,0,0,0,0,1,2054
9807,"2054-08-18 07:25:21",1,0,0,0,0,0,1,2054
9808,"2054-03-09 11:32:26",0,1,0,0,1,0,0,2054
9809,"2054-08-03 16:02:51",0,1,0,0,1,0,0,2054
9810,"2054-09-01 23:08:26",0,1,0,0,1,0,0,2054
9811,"2055-02-11 21:45:08",1,0,0,0,0,0,1,2055
9812,"2055-08-07 08:52:09",1,0,0,0,1,0,0,2055
9813,"2055-01-27 16:53:01",0,1,0,0,1,0,0,2055
9814,"2055-07-24 07:56:38",0,1,0,0,0,0,1,2055
9815,"2056-02-01 11:24:57",1,0,0,0,0,1,0,2056
9816,"2056-06-27 08:02:00",1,0,0,0,0,1,0,2056
9817,"2056-07-26 16:42:16",1,0,0,0,0,1,0,2056
9818,"2056-12-22 00:47:47",1,0,0,0,0,1,0,2056
9819,"2056-01-16 21:15:37",0,1,1,0,0,0,0,2056
9820,"2056-07-12 18:20:50",0,1,1,0,0,0,0,2056
9821,"2057-06-17 00:25:11",1,0,0,0,1,0,0,2057
9822,"2057-12-10 23:52:29",1,0,0,0,1,0,0,2057
9823,"2057-01-05 08:46:43",0,1,0,0,0,0,1,2057
9824,"2057-07-01 21:39:05",0,1,1,0,0,0,0,2057
9825,"2057-12-26 00:13:25",0,1,0,0,0,0,1,2057
9826,"2058-06-06 17:14:39",1,0,0,0,0,0,1,2058
9827,"2058-11-30 02:15:09",1,0,0,0,0,0,1,2058
9828,"2058-05-22 08:38:24",0,1,0,0,1,0,0,2058
9829,"2058-06-20 22:18:32",0,1,0,0,1,0,0,2058
9830,"2058-11-16 02:21:52",0,1,0,0,1,0,0,2058
9831,"2059-05-27 05:54:25",1,0,0,0,1,0,0,2059
9832,"2059-11-19 12:00:27",1,0,0,0,1,0,0,2059
9833,"2059-05-11 17:21:08",0,1,0,0,0,0,1,2059
9834,"2059-11-05 08:17:05",0,1,1,0,0,0,0,2059
9835,"2060-04-15 19:35:56",1,0,0,0,0,1,0,2060
9836,"2060-10-09 16:52:24",1,0,0,0,0,1,0,2060
9837,"2060-11-08 03:03:04",1,0,0,0,0,1,0,2060
9838,"2060-04-30 08:08:51",0,1,0,0,0,0,1,2060
9839,"2060-10-24 07:23:01",0,1,1,0,0,0,0,2060
9840,"2061-04-04 19:52:56",1,0,0,0,0,0,1,2061
9841,"2061-09-29 07:37:04",1,0,0,0,0,0,1,2061
9842,"2061-04-20 00:55:38",0,1,0,0,0,0,1,2061
9843,"2061-10-13 08:31:05",0,1,1,0,0,0,0,2061
9844,"2062-03-25 02:32:41",1,0,0,0,0,0,1,2062
9845,"2062-09-18 16:32:53",1,0,0,0,0,0,1,2062
9846,"2062-03-11 03:25:02",0,1,0,0,1,0,0,2062
9847,"2062-09-03 06:53:22",0,1,0,0,1,0,0,2062
9848,"2063-03-14 15:04:39",1,0,0,0,1,0,0,2063
9849,"2063-09-07 18:40:02",1,0,0,0,0,1,0,2063
9850,"2063-02-28 06:42:21",0,1,1,0,0,0,0,2063
9851,"2063-08-23 23:21:02",0,1,0,0,0,0,1,2063
9852,"2064-02-02 20:47:48",1,0,0,0,1,0,0,2064
9853,"2064-07-28 05:51:39",1,0,0,0,1,0,0,2064
9854,"2064-02-17 05:59:15",0,1,1,0,0,0,0,2064
9855,"2064-08-12 15:44:56",0,1,0,0,0,0,1,2064
9856,"2065-01-22 08:57:50",1,0,0,0,0,0,1,2065
9857,"2065-07-17 15:47:31",1,0,0,0,0,0,1,2065
9858,"2065-02-05 08:51:22",0,1,0,0,1,0,0,2065
9859,"2065-07-03 15:32:34",0,1,0,0,1,0,0,2065
9860,"2065-08-02 03:32:59",0,1,0,0,1,0,0,2065
9861,"2065-12-27 07:38:49",0,1,0,0,1,0,0,2065
9862,"2066-01-11 14:03:38",1,0,0,0,0,0,1,2066
9863,"2066-07-07 07:29:20",1,0,0,0,1,0,0,2066
9864,"2066-12-31 13:29:01",1,0,0,0,0,1,0,2066
9865,"2066-06-22 17:24:38",0,1,1,0,0,0,0,2066
9866,"2066-12-16 23:22:31",0,1,0,0,0,0,1,2066
9867,"2067-05-28 16:54:58",1,0,0,0,0,1,0,2067
9868,"2067-06-27 00:39:56",1,0,0,0,0,1,0,2067
9869,"2067-11-20 23:03:32",1,0,0,0,0,1,0,2067
9870,"2067-06-11 18:41:17",0,1,1,0,0,0,0,2067
9871,"2067-12-06 13:02:34",0,1,0,0,0,0,0,2067
9872,"2068-05-17 03:41:08",1,0,0,0,1,0,0,2068
9873,"2068-11-09 10:45:51",1,0,0,0,0,0,1,2068
9874,"2068-05-31 01:55:33",0,1,0,0,0,0,1,2068
9875,"2068-11-24 20:31:15",0,1,0,0,1,0,0,2068
9876,"2069-05-06 07:08:47",1,0,0,0,0,0,1,2069
9877,"2069-10-30 02:33:57",1,0,0,0,0,0,1,2069
9878,"2069-04-21 08:10:01",0,1,0,0,1,0,0,2069
9879,"2069-05-20 15:52:15",0,1,0,0,1,0,0,2069
9880,"2069-10-15 02:18:50",0,1,0,0,1,0,0,2069
9881,"2070-04-25 07:20:15",1,0,0,0,0,0,0,2070
9882,"2070-10-19 16:50:03",1,0,0,0,1,0,0,2070
9883,"2070-04-11 00:35:00",0,1,0,0,0,0,1,2070
9884,"2070-10-04 05:07:49",0,1,1,0,0,0,0,2070
9885,"2071-03-16 00:30:00",1,0,0,0,0,1,0,2071
9886,"2071-09-09 13:04:31",1,0,0,0,0,1,0,2071
9887,"2071-03-31 12:59:56",0,1,1,0,0,0,0,2071
9888,"2071-09-23 15:19:19",0,1,0,0,0,0,1,2071
9889,"2072-03-04 14:21:58",1,0,0,0,0,0,1,2072
9890,"2072-08-28 14:04:33",1,0,0,0,0,0,1,2072
9891,"2072-03-19 19:09:17",0,1,0,0,1,0,0,2072
9892,"2072-09-12 06:58:12",0,1,0,0,0,0,1,2072
9893,"2073-02-22 06:23:44",1,0,0,0,0,0,1,2073
9894,"2073-08-17 15:41:32",1,0,0,0,0,0,1,2073
9895,"2073-02-07 00:54:55",0,1,0,0,1,0,0,2073
9896,"2073-08-03 15:14:10",0,1,0,0,0,0,1,2073
9897,"2074-02-11 19:54:49",1,0,0,0,0,1,0,2074
9898,"2074-07-08 15:20:28",1,0,0,0,0,1,0,2074
9899,"2074-08-06 23:54:55",1,0,0,0,0,1,0,2074
9900,"2074-01-27 05:43:07",0,1,1,0,0,0,0,2074
9901,"2074-07-24 01:09:23",0,1,1,0,0,0,0,2074
9902,"2075-01-02 08:53:54",1,0,0,0,0,1,0,2075
9903,"2075-06-28 07:54:26",1,0,0,0,1,0,0,2075
9904,"2075-12-22 07:54:46",1,0,0,0,1,0,0,2075
9905,"2075-01-16 17:34:55",0,1,0,0,0,0,1,2075
9906,"2075-07-13 04:04:34",0,1,1,0,0,0,0,2075
9907,"2076-06-17 00:38:37",1,0,0,0,0,0,1,2076
9908,"2076-12-10 10:33:42",1,0,0,0,0,0,1,2076
9909,"2076-01-06 09:06:18",0,1,0,0,0,0,1,2076
9910,"2076-06-01 15:30:22",0,1,0,0,1,0,0,2076
9911,"2076-07-01 04:49:41",0,1,0,0,1,0,0,2076
9912,"2076-11-26 10:41:45",0,1,0,0,1,0,0,2076
9913,"2077-06-06 12:58:43",1,0,0,0,1,0,0,2077
9914,"2077-11-29 20:34:44",1,0,0,0,1,0,0,2077
9915,"2077-05-22 00:44:58",0,1,0,0,0,0,1,2077
9916,"2077-11-15 16:06:46",0,1,1,0,0,0,0,2077
9917,"2078-04-27 02:34:36",1,0,0,0,0,1,0,2078
9918,"2078-10-21 01:06:55",1,0,0,0,0,1,0,2078
9919,"2078-11-19 11:38:53",1,0,0,0,0,1,0,2078
9920,"2078-05-11 15:55:46",0,1,0,0,0,0,1,2078
9921,"2078-11-04 15:54:35",0,1,1,0,0,0,0,2078
9922,"2079-04-16 03:09:36",1,0,0,0,1,0,0,2079
9923,"2079-10-10 15:29:21",1,0,0,0,0,0,1,2079
9924,"2079-05-01 08:49:02",0,1,0,0,0,0,1,2079
9925,"2079-10-24 16:10:16",0,1,1,0,0,0,0,2079
9926,"2080-04-04 09:22:29",1,0,0,0,0,0,1,2080
9927,"2080-09-28 23:51:33",1,0,0,0,0,0,1,2080
9928,"2080-03-21 11:19:00",0,1,0,0,1,0,0,2080
9929,"2080-09-13 14:37:04",0,1,0,0,1,0,0,2080
9930,"2081-03-24 23:20:51",1,0,0,0,1,0,0,2081
9931,"2081-09-18 01:34:16",1,0,0,0,0,1,0,2081
9932,"2081-03-10 14:22:21",0,1,1,0,0,0,0,2081
9933,"2081-09-03 07:06:21",0,1,0,0,0,0,1,2081
9934,"2082-02-13 05:28:10",1,0,0,0,1,0,0,2082
9935,"2082-08-08 12:45:33",1,0,0,0,0,0,0,2082
9936,"2082-02-27 13:45:51",0,1,1,0,0,0,0,2082
9937,"2082-08-23 23:15:11",0,1,0,0,0,0,1,2082
9938,"2083-02-02 17:25:37",1,0,0,0,0,0,1,2083
9939,"2083-07-28 23:04:25",1,0,0,0,0,0,1,2083
9940,"2083-02-16 17:05:32",0,1,0,0,1,0,0,2083
9941,"2083-07-14 22:13:04",0,1,0,0,1,0,0,2083
9942,"2083-08-13 10:33:24",0,1,0,0,1,0,0,2083
9943,"2084-01-22 22:11:51",1,0,0,0,0,0,1,2084
9944,"2084-07-17 14:57:42",1,0,0,0,1,0,0,2084
9945,"2084-01-07 16:29:17",0,1,0,0,1,0,0,2084
9946,"2084-07-02 23:49:17",0,1,1,0,0,0,0,2084
9947,"2084-12-27 08:12:38",0,1,0,0,0,0,1,2084
9948,"2085-01-10 21:31:20",1,0,0,0,0,1,0,2085
9949,"2085-06-08 00:16:27",1,0,0,0,0,1,0,2085
9950,"2085-07-07 08:03:30",1,0,0,0,0,1,0,2085
9951,"2085-12-01 07:24:26",1,0,0,0,0,1,0,2085
9952,"2085-06-22 01:20:07",0,1,1,0,0,0,0,2085
9953,"2085-12-16 21:36:38",0,1,1,0,0,0,0,2085
9954,"2086-05-28 10:42:37",1,0,0,0,1,0,0,2086
9955,"2086-11-20 19:18:33",1,0,0,0,1,0,0,2086
9956,"2086-06-11 09:06:08",0,1,0,0,0,0,1,2086
9957,"2086-12-06 04:37:42",0,1,0,0,1,0,0,2086
9958,"2087-05-17 13:54:11",1,0,0,0,0,0,1,2087
9959,"2087-11-10 11:04:24",1,0,0,0,0,0,1,2087
9960,"2087-05-02 16:03:34",0,1,0,0,1,0,0,2087
9961,"2087-05-31 23:26:10",0,1,0,0,1,0,0,2087
9962,"2087-10-26 10:45:51",0,1,0,0,1,0,0,2087
9963,"2088-05-05 14:15:41",1,0,0,0,1,0,0,2088
9964,"2088-10-30 01:02:11",1,0,0,0,1,0,0,2088
9965,"2088-04-21 08:30:40",0,1,0,0,0,0,1,2088
9966,"2088-10-14 12:46:57",0,1,1,0,0,0,0,2088
9967,"2089-03-26 08:33:04",1,0,0,0,0,1,0,2089
9968,"2089-09-19 20:10:07",1,0,0,0,0,1,0,2089
9969,"2089-04-10 20:43:32",0,1,1,0,0,0,0,2089
9970,"2089-10-03 23:14:14",0,1,0,0,0,0,1,2089
9971,"2090-03-15 22:47:21",1,0,0,0,0,0,1,2090
9972,"2090-09-08 20:51:20",1,0,0,0,0,0,1,2090
9973,"2090-03-31 01:36:55",0,1,0,0,1,0,0,2090
9974,"2090-09-23 14:55:28",0,1,0,0,0,0,1,2090
9975,"2091-03-05 14:57:13",1,0,0,0,0,0,1,2091
9976,"2091-08-28 22:37:16",1,0,0,0,0,0,1,2091
9977,"2091-02-18 08:53:36",0,1,0,0,1,0,0,2091
9978,"2091-08-14 22:33:29",0,1,0,0,0,0,1,2091
9979,"2092-02-23 04:19:51",1,0,0,0,0,1,0,2092
9980,"2092-07-18 22:40:48",1,0,0,0,0,1,0,2092
9981,"2092-08-17 07:12:50",1,0,0,0,0,1,0,2092
9982,"2092-02-07 14:09:12",0,1,1,0,0,0,0,2092
9983,"2092-08-03 07:58:24",0,1,1,0,0,0,0,2092
9984,"2093-01-12 16:58:53",1,0,0,0,0,1,0,2093
9985,"2093-07-08 15:23:08",1,0,0,0,1,0,0,2093
9986,"2093-01-27 02:21:07",0,1,0,0,0,0,1,2093
9987,"2093-07-23 10:30:54",0,1,1,0,0,0,0,2093
9988,"2094-01-01 15:58:57",1,0,0,0,1,0,0,2094
9989,"2094-06-28 08:00:48",1,0,0,0,0,0,1,2094
9990,"2094-12-21 18:55:23",1,0,0,0,0,0,1,2094
9991,"2094-01-16 17:57:53",0,1,0,0,0,0,1,2094
9992,"2094-06-12 22:21:13",0,1,0,0,1,0,0,2094
9993,"2094-07-12 11:23:32",0,1,0,0,1,0,0,2094
9994,"2094-12-07 19:04:39",0,1,0,0,1,0,0,2094
9995,"2095-06-17 19:59:01",1,0,0,0,1,0,0,2095
9996,"2095-12-11 05:13:52",1,0,0,0,1,0,0,2095
9997,"2095-06-02 08:06:33",0,1,0,0,0,0,1,2095
9998,"2095-11-27 00:01:47",0,1,1,0,0,0,0,2095
9999,"2096-05-07 09:23:35",1,0,0,0,0,1,0,2096
10000,"2096-06-06 00:42:31",1,0,0,0,0,1,0,2096
10001,"2096-10-31 10:29:15",1,0,0,0,0,1,0,2096
10002,"2096-11-29 20:21:11",1,0,0,0,0,1,0,2096
10003,"2096-05-21 23:36:05",0,1,0,0,0,0,1,2096
10004,"2096-11-14 23:35:06",0,1,1,0,0,0,0,2096
10005,"2097-04-26 10:17:08",1,0,0,0,1,0,0,2097
10006,"2097-10-20 23:29:46",1,0,0,0,0,0,1,2097
10007,"2097-05-11 16:33:20",0,1,0,0,0,0,1,2097
10008,"2097-11-04 01:00:20",0,1,1,0,0,0,0,2097
10009,"2098-04-15 17:03:39",1,0,0,0,0,0,1,2098
10010,"2098-10-10 07:18:49",1,0,0,0,0,0,1,2098
10011,"2098-04-01 18:01:16",0,1,0,0,1,0,0,2098
10012,"2098-09-24 22:30:11",0,1,0,0,1,0,0,2098
10013,"2098-10-24 08:35:13",0,1,0,0,1,0,0,2098
10014,"2099-04-05 06:29:46",1,0,0,0,1,0,0,2099
10015,"2099-09-29 08:35:28",1,0,0,0,0,0,0,2099
10016,"2099-03-21 21:53:22",0,1,1,0,0,0,0,2099
10017,"2099-09-14 14:56:44",0,1,0,0,0,0,1,2099
