"id","apofasal","apoperi_id","apoperico","aporico","date","estival","fasal","invernal","invertido","lleno","luna_id","nuevo","otonyal","perico","primaveral","selecto","soe_id","year"
1,0,,0,0,"0001-06-22 22:45:50",1,1,0,0,1,44,0,0,0,0,0,2,1
2,0,,0,0,"0001-06-22 22:45:50",1,1,0,0,1,103887,0,0,0,0,0,2,1
3,0,,0,0,"0002-09-23 15:23:20",0,1,0,0,0,106,1,1,0,0,0,7,2
4,0,,0,0,"0002-09-23 15:23:20",0,1,0,0,0,103949,1,1,0,0,0,7,2
5,0,,0,0,"0002-12-21 08:02:33",0,1,1,0,0,118,1,0,0,0,0,8,2
6,0,,0,0,"0002-12-21 08:02:33",0,1,1,0,0,103961,1,0,0,0,0,8,2
7,0,,0,0,"0005-06-22 22:05:37",1,1,0,0,0,242,1,0,0,0,0,18,5
8,0,,0,0,"0005-06-22 22:05:37",1,1,0,0,0,104085,1,0,0,0,0,18,5
9,0,,0,0,"0006-09-23 14:45:35",0,1,0,0,1,304,0,1,0,0,0,23,6
10,0,,0,0,"0006-09-23 14:45:35",0,1,0,0,1,104147,0,1,0,0,0,23,6
11,0,,0,0,"0006-12-21 07:40:04",0,1,1,0,1,316,0,0,0,0,0,24,6
12,0,,0,0,"0006-12-21 07:40:04",0,1,1,0,1,104159,0,0,0,0,0,24,6
13,0,,0,0,"0007-03-21 10:47:10",0,1,0,0,1,328,0,0,0,1,0,25,7
14,0,,0,0,"0007-03-21 10:47:10",0,1,0,0,1,104171,0,0,0,1,0,25,7
15,0,,0,0,"0010-09-23 14:06:55",0,1,0,0,0,502,1,1,0,0,0,39,10
16,0,,0,0,"0010-09-23 14:06:55",0,1,0,0,0,104345,1,1,0,0,0,39,10
17,0,,0,0,"0011-03-21 09:57:27",0,1,0,0,0,526,1,0,0,1,0,41,11
18,0,,0,0,"0011-03-21 09:57:27",0,1,0,0,0,104369,1,0,0,1,0,41,11
19,0,,0,0,"0017-09-23 06:37:54",0,1,0,0,1,848,0,1,0,0,0,67,17
20,0,,0,0,"0017-09-23 06:37:54",0,1,0,0,1,104691,0,1,0,0,0,67,17
21,0,,0,0,"0020-06-22 12:56:21",1,1,0,0,1,984,0,0,0,0,0,78,20
22,0,,0,0,"0020-06-22 12:56:21",1,1,0,0,1,104827,0,0,0,0,0,78,20
23,0,,0,0,"0021-09-23 05:59:11",0,1,0,0,0,1046,1,1,0,0,0,83,21
24,0,,0,0,"0021-09-23 05:59:11",0,1,0,0,0,104889,1,1,0,0,0,83,21
25,0,,0,0,"0021-12-20 22:54:54",0,1,1,0,0,1058,1,0,0,0,0,84,21
26,0,,0,0,"0021-12-20 22:54:54",0,1,1,0,0,104901,1,0,0,0,0,84,21
27,0,,0,0,"0024-06-22 12:21:49",1,1,0,0,0,1182,1,0,0,0,0,94,24
28,0,,0,0,"0024-06-22 12:21:49",1,1,0,0,0,105025,1,0,0,0,0,94,24
29,0,,0,0,"0025-09-23 05:22:00",0,1,0,0,1,1244,0,1,0,0,0,99,25
30,0,,0,0,"0025-09-23 05:22:00",0,1,0,0,1,105087,0,1,0,0,0,99,25
31,0,,0,0,"0025-12-20 22:14:10",0,1,1,0,1,1256,0,0,0,0,0,100,25
32,0,,0,0,"0025-12-20 22:14:10",0,1,1,0,1,105099,0,0,0,0,0,100,25
33,0,,0,0,"0030-03-21 00:24:12",0,1,0,0,0,1466,1,0,0,1,0,117,30
34,0,,0,0,"0030-03-21 00:24:12",0,1,0,0,0,105309,1,0,0,1,0,117,30
35,0,,0,0,"0034-03-20 23:36:37",0,1,0,0,1,1664,0,0,0,1,0,133,34
36,0,,0,0,"0034-03-20 23:36:37",0,1,0,0,1,105507,0,0,0,1,0,133,34
37,0,,0,0,"0036-09-22 21:15:39",0,1,0,0,1,1788,0,1,0,0,0,143,36
38,0,,0,0,"0036-09-22 21:15:39",0,1,0,0,1,105631,0,1,0,0,0,143,36
39,0,,0,0,"0036-12-20 14:11:45",0,1,1,0,1,1800,0,0,0,0,0,144,36
40,0,,0,0,"0036-12-20 14:11:45",0,1,1,0,1,105643,0,0,0,0,0,144,36
41,0,,0,0,"0039-06-23 03:09:16",1,1,0,0,1,1924,0,0,0,0,0,154,39
42,0,,0,0,"0039-06-23 03:09:16",1,1,0,0,1,105767,0,0,0,0,0,154,39
43,0,,0,0,"0040-09-22 20:38:55",0,1,0,0,0,1986,1,1,0,0,0,159,40
44,0,,0,0,"0040-09-22 20:38:55",0,1,0,0,0,105829,1,1,0,0,0,159,40
45,0,,0,0,"0040-12-20 13:42:07",0,1,1,0,0,1998,1,0,0,0,0,160,40
46,0,,0,0,"0040-12-20 13:42:07",0,1,1,0,0,105841,1,0,0,0,0,160,40
47,0,,0,0,"0043-06-23 02:28:30",1,1,0,0,0,2122,1,0,0,0,0,170,43
48,0,,0,0,"0043-06-23 02:28:30",1,1,0,0,0,105965,1,0,0,0,0,170,43
49,0,,0,0,"0044-12-20 13:04:39",0,1,1,0,1,2196,0,0,0,0,0,176,44
50,0,,0,0,"0044-12-20 13:04:39",0,1,1,0,1,106039,0,0,0,0,0,176,44
51,0,,0,0,"0049-03-20 14:48:18",0,1,0,0,0,2406,1,0,0,1,0,193,49
52,0,,0,0,"0049-03-20 14:48:18",0,1,0,0,0,106249,1,0,0,1,0,193,49
53,0,,0,0,"0053-03-20 13:54:09",0,1,0,0,1,2604,0,0,0,1,0,209,53
54,0,,0,0,"0053-03-20 13:54:09",0,1,0,0,1,106447,0,0,0,1,0,209,53
55,0,,0,0,"0054-06-22 18:08:20",1,1,0,0,0,2666,1,0,0,0,0,214,54
56,0,,0,0,"0054-06-22 18:08:20",1,1,0,0,0,106509,1,0,0,0,0,214,54
57,0,,0,0,"0055-09-23 11:51:36",0,1,0,0,1,2728,0,1,0,0,0,219,55
58,0,,0,0,"0055-09-23 11:51:36",0,1,0,0,1,106571,0,1,0,0,0,219,55
59,0,,0,0,"0055-12-21 05:02:25",0,1,1,0,1,2740,0,0,0,0,0,220,55
60,0,,0,0,"0055-12-21 05:02:25",0,1,1,0,1,106583,0,0,0,0,0,220,55
61,0,,0,0,"0058-06-22 17:30:38",1,1,0,0,1,2864,0,0,0,0,0,230,58
62,0,,0,0,"0058-06-22 17:30:38",1,1,0,0,1,106707,0,0,0,0,0,230,58
63,0,,0,0,"0059-09-23 11:11:32",0,1,0,0,0,2926,1,1,0,0,0,235,59
64,0,,0,0,"0059-09-23 11:11:32",0,1,0,0,0,106769,1,1,0,0,0,235,59
65,0,,0,0,"0059-12-21 04:24:18",0,1,1,0,0,2938,1,0,0,0,0,236,59
66,0,,0,0,"0059-12-21 04:24:18",0,1,1,0,0,106781,1,0,0,0,0,236,59
67,0,,0,0,"0062-06-22 16:42:38",1,1,0,0,0,3062,1,0,0,0,0,246,62
68,0,,0,0,"0062-06-22 16:42:38",1,1,0,0,0,106905,1,0,0,0,0,246,62
69,0,,0,0,"0064-03-20 05:51:43",0,1,0,0,1,3148,0,0,0,1,0,253,64
70,0,,0,0,"0064-03-20 05:51:43",0,1,0,0,1,106991,0,0,0,1,0,253,64
71,0,,0,0,"0068-03-20 05:16:18",0,1,0,0,0,3346,1,0,0,1,0,269,68
72,0,,0,0,"0068-03-20 05:16:18",0,1,0,0,0,107189,1,0,0,1,0,269,68
73,0,,0,0,"0072-03-20 04:17:58",0,1,0,0,1,3544,0,0,0,1,0,285,72
74,0,,0,0,"0072-03-20 04:17:58",0,1,0,0,1,107387,0,0,0,1,0,285,72
75,0,,0,0,"0073-06-22 08:31:02",1,1,0,0,0,3606,1,0,0,0,0,290,73
76,0,,0,0,"0073-06-22 08:31:02",1,1,0,0,0,107449,1,0,0,0,0,290,73
77,0,,0,0,"0074-12-20 19:46:25",0,1,1,0,1,3680,0,0,0,0,0,296,74
78,0,,0,0,"0074-12-20 19:46:25",0,1,1,0,1,107523,0,0,0,0,0,296,74
79,0,,0,0,"0077-06-22 07:42:35",1,1,0,0,1,3804,0,0,0,0,0,306,77
80,0,,0,0,"0077-06-22 07:42:35",1,1,0,0,1,107647,0,0,0,0,0,306,77
81,0,,0,0,"0078-09-23 01:45:14",0,1,0,0,0,3866,1,1,0,0,0,311,78
82,0,,0,0,"0078-09-23 01:45:14",0,1,0,0,0,107709,1,1,0,0,0,311,78
83,0,,0,0,"0078-12-20 19:17:53",0,1,1,0,0,3878,1,0,0,0,0,312,78
84,0,,0,0,"0078-12-20 19:17:53",0,1,1,0,0,107721,1,0,0,0,0,312,78
85,0,,0,0,"0082-09-23 01:04:55",0,1,0,0,1,4064,0,1,0,0,0,327,82
86,0,,0,0,"0082-09-23 01:04:55",0,1,0,0,1,107907,0,1,0,0,0,327,82
87,0,,0,0,"0083-03-20 20:22:42",0,1,0,0,1,4088,0,0,0,1,0,329,83
88,0,,0,0,"0083-03-20 20:22:42",0,1,0,0,1,107931,0,0,0,1,0,329,83
89,0,,0,0,"0087-03-20 19:35:53",0,1,0,0,0,4286,1,0,0,1,0,345,87
90,0,,0,0,"0087-03-20 19:35:53",0,1,0,0,0,108129,1,0,0,1,0,345,87
91,0,,0,0,"0092-06-21 22:44:16",1,1,0,0,0,4546,1,0,0,0,0,366,92
92,0,,0,0,"0092-06-21 22:44:16",1,1,0,0,0,108389,1,0,0,0,0,366,92
93,0,,0,0,"0093-12-20 10:36:48",0,1,1,0,1,4620,0,0,0,0,0,372,93
94,0,,0,0,"0093-12-20 10:36:48",0,1,1,0,1,108463,0,0,0,0,0,372,93
95,0,,0,0,"0096-06-21 21:57:26",1,1,0,0,1,4744,0,0,0,0,0,382,96
96,0,,0,0,"0096-06-21 21:57:26",1,1,0,0,1,108587,0,0,0,0,0,382,96
97,0,,0,0,"0097-09-22 16:18:53",0,1,0,0,0,4806,1,1,0,0,0,387,97
98,0,,0,0,"0097-09-22 16:18:53",0,1,0,0,0,108649,1,1,0,0,0,387,97
99,0,,0,0,"0097-12-20 09:55:08",0,1,1,0,0,4818,1,0,0,0,0,388,97
100,0,,0,0,"0097-12-20 09:55:08",0,1,1,0,0,108661,1,0,0,0,0,388,97
101,0,,0,0,"0098-03-20 11:29:28",0,1,0,0,0,4830,1,0,0,1,0,389,98
102,0,,0,0,"0098-03-20 11:29:28",0,1,0,0,0,108673,1,0,0,1,0,389,98
103,0,,0,0,"0101-09-23 15:46:18",0,1,0,0,1,5004,0,1,0,0,0,403,101
104,0,,0,0,"0101-09-23 15:46:18",0,1,0,0,1,108847,0,1,0,0,0,403,101
105,0,,0,0,"0102-03-21 10:55:14",0,1,0,0,1,5028,0,0,0,1,0,405,102
106,0,,0,0,"0102-03-21 10:55:14",0,1,0,0,1,108871,0,0,0,1,0,405,102
107,0,,0,0,"0106-03-21 10:09:16",0,1,0,0,0,5226,1,0,0,1,0,421,106
108,0,,0,0,"0106-03-21 10:09:16",0,1,0,0,0,109069,1,0,0,1,0,421,106
109,0,,0,0,"0111-06-23 12:48:20",1,1,0,0,0,5486,1,0,0,0,0,442,111
110,0,,0,0,"0111-06-23 12:48:20",1,1,0,0,0,109329,1,0,0,0,0,442,111
111,0,,0,0,"0112-09-23 07:36:03",0,1,0,0,1,5548,0,1,0,0,0,447,112
112,0,,0,0,"0112-09-23 07:36:03",0,1,0,0,1,109391,0,1,0,0,0,447,112
113,0,,0,0,"0112-12-21 01:24:49",0,1,1,0,1,5560,0,0,0,0,0,448,112
114,0,,0,0,"0112-12-21 01:24:49",0,1,1,0,1,109403,0,0,0,0,0,448,112
115,0,,0,0,"0115-06-23 12:05:39",1,1,0,0,1,5684,0,0,0,0,0,458,115
116,0,,0,0,"0115-06-23 12:05:39",1,1,0,0,1,109527,0,0,0,0,0,458,115
117,0,,0,0,"0116-09-23 06:53:12",0,1,0,0,0,5746,1,1,0,0,0,463,116
118,0,,0,0,"0116-09-23 06:53:12",0,1,0,0,0,109589,1,1,0,0,0,463,116
119,0,,0,0,"0116-12-21 00:43:27",0,1,1,0,0,5758,1,0,0,0,0,464,116
120,0,,0,0,"0116-12-21 00:43:27",0,1,1,0,0,109601,1,0,0,0,0,464,116
121,0,,0,0,"0117-03-21 02:00:59",0,1,0,0,0,5770,1,0,0,1,0,465,117
122,0,,0,0,"0117-03-21 02:00:59",0,1,0,0,0,109613,1,0,0,1,0,465,117
123,0,,0,0,"0120-09-23 06:25:07",0,1,0,0,1,5944,0,1,0,0,0,479,120
124,0,,0,0,"0120-09-23 06:25:07",0,1,0,0,1,109787,0,1,0,0,0,479,120
125,0,,0,0,"0120-12-21 00:06:15",0,1,1,0,1,5956,0,0,0,0,0,480,120
126,0,,0,0,"0120-12-21 00:06:15",0,1,1,0,1,109799,0,0,0,0,0,480,120
127,0,,0,0,"0121-03-21 01:18:37",0,1,0,0,1,5968,0,0,0,1,0,481,121
128,0,,0,0,"0121-03-21 01:18:37",0,1,0,0,1,109811,0,0,0,1,0,481,121
129,0,,0,0,"0125-03-21 00:31:19",0,1,0,0,0,6166,1,0,0,1,0,497,125
130,0,,0,0,"0125-03-21 00:31:19",0,1,0,0,0,110009,1,0,0,1,0,497,125
131,0,,0,0,"0130-06-23 03:08:55",1,1,0,0,0,6426,1,0,0,0,0,518,130
132,0,,0,0,"0130-06-23 03:08:55",1,1,0,0,0,110269,1,0,0,0,0,518,130
133,0,,0,0,"0131-09-23 22:10:02",0,1,0,0,1,6488,0,1,0,0,0,523,131
134,0,,0,0,"0131-09-23 22:10:02",0,1,0,0,1,110331,0,1,0,0,0,523,131
135,0,,0,0,"0131-12-21 16:01:51",0,1,1,0,1,6500,0,0,0,0,0,524,131
136,0,,0,0,"0131-12-21 16:01:51",0,1,1,0,1,110343,0,0,0,0,0,524,131
137,0,,0,0,"0134-06-23 02:19:07",1,1,0,0,1,6624,0,0,0,0,0,534,134
138,0,,0,0,"0134-06-23 02:19:07",1,1,0,0,1,110467,0,0,0,0,0,534,134
139,0,,0,0,"0135-09-23 21:33:32",0,1,0,0,0,6686,1,1,0,0,0,539,135
140,0,,0,0,"0135-09-23 21:33:32",0,1,0,0,0,110529,1,1,0,0,0,539,135
141,0,,0,0,"0135-12-21 15:32:37",0,1,1,0,0,6698,1,0,0,0,0,540,135
142,0,,0,0,"0135-12-21 15:32:37",0,1,1,0,0,110541,1,0,0,0,0,540,135
143,0,,0,0,"0139-09-23 20:57:32",0,1,0,0,1,6884,0,1,0,0,0,555,139
144,0,,0,0,"0139-09-23 20:57:32",0,1,0,0,1,110727,0,1,0,0,0,555,139
145,0,,0,0,"0139-12-21 14:58:13",0,1,1,0,1,6896,0,0,0,0,0,556,139
146,0,,0,0,"0139-12-21 14:58:13",0,1,1,0,1,110739,0,0,0,0,0,556,139
147,0,,0,0,"0140-03-20 15:43:49",0,1,0,0,1,6908,0,0,0,1,0,557,140
148,0,,0,0,"0140-03-20 15:43:49",0,1,0,0,1,110751,0,0,0,1,0,557,140
149,0,,0,0,"0144-03-20 14:50:37",0,1,0,0,0,7106,1,0,0,1,0,573,144
150,0,,0,0,"0144-03-20 14:50:37",0,1,0,0,0,110949,1,0,0,1,0,573,144
151,0,,0,0,"0146-09-23 13:28:21",0,1,0,0,0,7230,1,1,0,0,0,583,146
152,0,,0,0,"0146-09-23 13:28:21",0,1,0,0,0,111073,1,1,0,0,0,583,146
153,0,,0,0,"0149-06-22 17:22:45",1,1,0,0,0,7366,1,0,0,0,0,594,149
154,0,,0,0,"0149-06-22 17:22:45",1,1,0,0,0,111209,1,0,0,0,0,594,149
155,0,,0,0,"0150-09-23 12:42:43",0,1,0,0,1,7428,0,1,0,0,0,599,150
156,0,,0,0,"0150-09-23 12:42:43",0,1,0,0,1,111271,0,1,0,0,0,599,150
157,0,,0,0,"0150-12-21 06:55:26",0,1,1,0,1,7440,0,0,0,0,0,600,150
158,0,,0,0,"0150-12-21 06:55:26",0,1,1,0,1,111283,0,0,0,0,0,600,150
159,0,,0,0,"0153-06-22 16:40:57",1,1,0,0,1,7564,0,0,0,0,0,610,153
160,0,,0,0,"0153-06-22 16:40:57",1,1,0,0,1,111407,0,0,0,0,0,610,153
161,0,,0,0,"0154-09-23 12:04:50",0,1,0,0,0,7626,1,1,0,0,0,615,154
162,0,,0,0,"0154-09-23 12:04:50",0,1,0,0,0,111469,1,1,0,0,0,615,154
163,0,,0,0,"0154-12-21 06:13:25",0,1,1,0,0,7638,1,0,0,0,0,616,154
164,0,,0,0,"0154-12-21 06:13:25",0,1,1,0,0,111481,1,0,0,0,0,616,154
165,0,,0,0,"0157-06-22 16:01:55",1,1,0,0,0,7762,1,0,0,0,0,626,157
166,0,,0,0,"0157-06-22 16:01:55",1,1,0,0,0,111605,1,0,0,0,0,626,157
167,0,,0,0,"0158-12-21 05:46:19",0,1,1,0,1,7836,0,0,0,0,0,632,158
168,0,,0,0,"0158-12-21 05:46:19",0,1,1,0,1,111679,0,0,0,0,0,632,158
169,0,,0,0,"0159-03-21 06:02:49",0,1,0,0,1,7848,0,0,0,1,0,633,159
170,0,,0,0,"0159-03-21 06:02:49",0,1,0,0,1,111691,0,0,0,1,0,633,159
171,0,,0,0,"0163-03-21 05:17:27",0,1,0,0,0,8046,1,0,0,1,0,649,163
172,0,,0,0,"0163-03-21 05:17:27",0,1,0,0,0,111889,1,0,0,1,0,649,163
173,0,,0,0,"0164-06-22 08:31:51",1,1,0,0,1,8108,0,0,0,0,0,654,164
174,0,,0,0,"0164-06-22 08:31:51",1,1,0,0,1,111951,0,0,0,0,0,654,164
175,0,,0,0,"0165-09-23 03:58:34",0,1,0,0,0,8170,1,1,0,0,0,659,165
176,0,,0,0,"0165-09-23 03:58:34",0,1,0,0,0,112013,1,1,0,0,0,659,165
177,0,,0,0,"0165-12-20 22:18:19",0,1,1,0,0,8182,1,0,0,0,0,660,165
178,0,,0,0,"0165-12-20 22:18:19",0,1,1,0,0,112025,1,0,0,0,0,660,165
179,0,,0,0,"0168-06-22 07:39:08",1,1,0,0,0,8306,1,0,0,0,0,670,168
180,0,,0,0,"0168-06-22 07:39:08",1,1,0,0,0,112149,1,0,0,0,0,670,168
181,0,,0,0,"0169-09-23 03:17:15",0,1,0,0,1,8368,0,1,0,0,0,675,169
182,0,,0,0,"0169-09-23 03:17:15",0,1,0,0,1,112211,0,1,0,0,0,675,169
183,0,,0,0,"0169-12-20 21:37:02",0,1,1,0,1,8380,0,0,0,0,0,676,169
184,0,,0,0,"0169-12-20 21:37:02",0,1,1,0,1,112223,0,0,0,0,0,676,169
185,0,,0,0,"0172-06-22 06:50:15",1,1,0,0,1,8504,0,0,0,0,0,686,172
186,0,,0,0,"0172-06-22 06:50:15",1,1,0,0,1,112347,0,0,0,0,0,686,172
187,0,,0,0,"0173-09-23 02:40:08",0,1,0,0,0,8566,1,1,0,0,0,691,173
188,0,,0,0,"0173-09-23 02:40:08",0,1,0,0,0,112409,1,1,0,0,0,691,173
189,0,,0,0,"0173-12-20 21:06:18",0,1,1,0,0,8578,1,0,0,0,0,692,173
190,0,,0,0,"0173-12-20 21:06:18",0,1,1,0,0,112421,1,0,0,0,0,692,173
191,0,,0,0,"0178-03-20 20:38:12",0,1,0,0,1,8788,0,0,0,1,0,709,178
192,0,,0,0,"0178-03-20 20:38:12",0,1,0,0,1,112631,0,0,0,1,0,709,178
193,0,,0,0,"0182-03-20 19:36:06",0,1,0,0,0,8986,1,0,0,1,0,725,182
194,0,,0,0,"0182-03-20 19:36:06",0,1,0,0,0,112829,1,0,0,1,0,725,182
195,0,,0,0,"0183-06-22 22:37:55",1,1,0,0,1,9048,0,0,0,0,0,730,183
196,0,,0,0,"0183-06-22 22:37:55",1,1,0,0,1,112891,0,0,0,0,0,730,183
197,0,,0,0,"0184-12-20 13:06:07",0,1,1,0,0,9122,1,0,0,0,0,736,184
198,0,,0,0,"0184-12-20 13:06:07",0,1,1,0,0,112965,1,0,0,0,0,736,184
199,0,,0,0,"0187-06-22 21:46:57",1,1,0,0,0,9246,1,0,0,0,0,746,187
200,0,,0,0,"0187-06-22 21:46:57",1,1,0,0,0,113089,1,0,0,0,0,746,187
201,0,,0,0,"0188-09-22 17:45:52",0,1,0,0,1,9308,0,1,0,0,0,751,188
202,0,,0,0,"0188-09-22 17:45:52",0,1,0,0,1,113151,0,1,0,0,0,751,188
203,0,,0,0,"0188-12-20 12:20:11",0,1,1,0,1,9320,0,0,0,0,0,752,188
204,0,,0,0,"0188-12-20 12:20:11",0,1,1,0,1,113163,0,0,0,0,0,752,188
205,0,,0,0,"0191-06-22 21:04:29",1,1,0,0,1,9444,0,0,0,0,0,762,191
206,0,,0,0,"0191-06-22 21:04:29",1,1,0,0,1,113287,0,0,0,0,0,762,191
207,0,,0,0,"0192-09-22 17:19:13",0,1,0,0,0,9506,1,1,0,0,0,767,192
208,0,,0,0,"0192-09-22 17:19:13",0,1,0,0,0,113349,1,1,0,0,0,767,192
209,0,,0,0,"0192-12-20 11:46:21",0,1,1,0,0,9518,1,0,0,0,0,768,192
210,0,,0,0,"0192-12-20 11:46:21",0,1,1,0,0,113361,1,0,0,0,0,768,192
211,0,,0,0,"0193-03-20 11:39:05",0,1,0,0,0,9530,1,0,0,1,0,769,193
212,0,,0,0,"0193-03-20 11:39:05",0,1,0,0,0,113373,1,0,0,1,0,769,193
213,0,,0,0,"0197-03-20 11:05:13",0,1,0,0,1,9728,0,0,0,1,0,785,197
214,0,,0,0,"0197-03-20 11:05:13",0,1,0,0,1,113571,0,0,0,1,0,785,197
215,0,,0,0,"0201-03-21 10:10:55",0,1,0,0,0,9926,1,0,0,1,0,801,201
216,0,,0,0,"0201-03-21 10:10:55",0,1,0,0,0,113769,1,0,0,1,0,801,201
217,0,,0,0,"0202-06-23 12:52:26",1,1,0,0,1,9988,0,0,0,0,0,806,202
218,0,,0,0,"0202-06-23 12:52:26",1,1,0,0,1,113831,0,0,0,0,0,806,202
219,0,,0,0,"0203-12-22 03:43:08",0,1,1,0,0,10062,1,0,0,0,0,812,203
220,0,,0,0,"0203-12-22 03:43:08",0,1,1,0,0,113905,1,0,0,0,0,812,203
221,0,,0,0,"0206-06-23 11:52:27",1,1,0,0,0,10186,1,0,0,0,0,822,206
222,0,,0,0,"0206-06-23 11:52:27",1,1,0,0,0,114029,1,0,0,0,0,822,206
223,0,,0,0,"0207-09-24 08:23:03",0,1,0,0,1,10248,0,1,0,0,0,827,207
224,0,,0,0,"0207-09-24 08:23:03",0,1,0,0,1,114091,0,1,0,0,0,827,207
225,0,,0,0,"0207-12-22 03:08:52",0,1,1,0,1,10260,0,0,0,0,0,828,207
226,0,,0,0,"0207-12-22 03:08:52",0,1,1,0,1,114103,0,0,0,0,0,828,207
227,0,,0,0,"0211-09-24 07:48:36",0,1,0,0,0,10446,1,1,0,0,0,843,211
228,0,,0,0,"0211-09-24 07:48:36",0,1,0,0,0,114289,1,1,0,0,0,843,211
229,0,,0,0,"0211-12-22 02:35:45",0,1,1,0,0,10458,1,0,0,0,0,844,211
230,0,,0,0,"0211-12-22 02:35:45",0,1,1,0,0,114301,1,0,0,0,0,844,211
231,0,,0,0,"0212-03-21 02:09:18",0,1,0,0,0,10470,1,0,0,1,0,845,212
232,0,,0,0,"0212-03-21 02:09:18",0,1,0,0,0,114313,1,0,0,1,0,845,212
233,0,,0,0,"0216-03-21 01:21:06",0,1,0,0,1,10668,0,0,0,1,0,861,216
234,0,,0,0,"0216-03-21 01:21:06",0,1,0,0,1,114511,0,0,0,1,0,861,216
235,0,,0,0,"0221-06-23 03:02:28",1,1,0,0,1,10928,0,0,0,0,0,882,221
236,0,,0,0,"0221-06-23 03:02:28",1,1,0,0,1,114771,0,0,0,0,0,882,221
237,0,,0,0,"0225-06-23 02:12:57",1,1,0,0,0,11126,1,0,0,0,0,898,225
238,0,,0,0,"0225-06-23 02:12:57",1,1,0,0,0,114969,1,0,0,0,0,898,225
239,0,,0,0,"0226-09-23 22:55:47",0,1,0,0,1,11188,0,1,0,0,0,903,226
240,0,,0,0,"0226-09-23 22:55:47",0,1,0,0,1,115031,0,1,0,0,0,903,226
241,0,,0,0,"0226-12-21 17:46:42",0,1,1,0,1,11200,0,0,0,0,0,904,226
242,0,,0,0,"0226-12-21 17:46:42",0,1,1,0,1,115043,0,0,0,0,0,904,226
243,0,,0,0,"0230-09-23 22:24:15",0,1,0,0,0,11386,1,1,0,0,0,919,230
244,0,,0,0,"0230-09-23 22:24:15",0,1,0,0,0,115229,1,1,0,0,0,919,230
245,0,,0,0,"0230-12-21 17:26:36",0,1,1,0,0,11398,1,0,0,0,0,920,230
246,0,,0,0,"0230-12-21 17:26:36",0,1,1,0,0,115241,1,0,0,0,0,920,230
247,0,,0,0,"0231-03-21 16:28:55",0,1,0,0,0,11410,1,0,0,1,0,921,231
248,0,,0,0,"0231-03-21 16:28:55",0,1,0,0,0,115253,1,0,0,1,0,921,231
249,0,,0,0,"0235-03-21 15:46:21",0,1,0,0,1,11608,0,0,0,1,0,937,235
250,0,,0,0,"0235-03-21 15:46:21",0,1,0,0,1,115451,0,0,0,1,0,937,235
251,0,,0,0,"0240-06-22 17:19:21",1,1,0,0,1,11868,0,0,0,0,0,958,240
252,0,,0,0,"0240-06-22 17:19:21",1,1,0,0,1,115711,0,0,0,0,0,958,240
253,0,,0,0,"0241-09-23 14:10:34",0,1,0,0,0,11930,1,1,0,0,0,963,241
254,0,,0,0,"0241-09-23 14:10:34",0,1,0,0,0,115773,1,1,0,0,0,963,241
255,0,,0,0,"0244-06-22 16:26:15",1,1,0,0,0,12066,1,0,0,0,0,974,244
256,0,,0,0,"0244-06-22 16:26:15",1,1,0,0,0,115909,1,0,0,0,0,974,244
257,0,,0,0,"0245-09-23 13:29:53",0,1,0,0,1,12128,0,1,0,0,0,979,245
258,0,,0,0,"0245-09-23 13:29:53",0,1,0,0,1,115971,0,1,0,0,0,979,245
259,0,,0,0,"0245-12-21 08:39:43",0,1,1,0,1,12140,0,0,0,0,0,980,245
260,0,,0,0,"0245-12-21 08:39:43",0,1,1,0,1,115983,0,0,0,0,0,980,245
261,0,,0,0,"0248-06-22 15:55:25",1,1,0,0,1,12264,0,0,0,0,0,990,248
262,0,,0,0,"0248-06-22 15:55:25",1,1,0,0,1,116107,0,0,0,0,0,990,248
263,0,,0,0,"0249-09-23 12:53:49",0,1,0,0,0,12326,1,1,0,0,0,995,249
264,0,,0,0,"0249-09-23 12:53:49",0,1,0,0,0,116169,1,1,0,0,0,995,249
265,0,,0,0,"0249-12-21 08:05:44",0,1,1,0,0,12338,1,0,0,0,0,996,249
266,0,,0,0,"0249-12-21 08:05:44",0,1,1,0,0,116181,1,0,0,0,0,996,249
267,0,,0,0,"0250-03-21 07:00:22",0,1,0,0,0,12350,1,0,0,1,0,997,250
268,0,,0,0,"0250-03-21 07:00:22",0,1,0,0,0,116193,1,0,0,1,0,997,250
269,0,,0,0,"0254-03-21 06:04:27",0,1,0,0,1,12548,0,0,0,1,0,1013,254
270,0,,0,0,"0254-03-21 06:04:27",0,1,0,0,1,116391,0,0,0,1,0,1013,254
271,0,,0,0,"0259-06-23 07:30:59",1,1,0,0,1,12808,0,0,0,0,0,1034,259
272,0,,0,0,"0259-06-23 07:30:59",1,1,0,0,1,116651,0,0,0,0,0,1034,259
273,0,,0,0,"0260-09-23 04:39:00",0,1,0,0,0,12870,1,1,0,0,0,1039,260
274,0,,0,0,"0260-09-23 04:39:00",0,1,0,0,0,116713,1,1,0,0,0,1039,260
275,0,,0,0,"0260-12-20 23:58:15",0,1,1,0,0,12882,1,0,0,0,0,1040,260
276,0,,0,0,"0260-12-20 23:58:15",0,1,1,0,0,116725,1,0,0,0,0,1040,260
277,0,,0,0,"0263-06-23 06:42:23",1,1,0,0,0,13006,1,0,0,0,0,1050,263
278,0,,0,0,"0263-06-23 06:42:23",1,1,0,0,0,116849,1,0,0,0,0,1050,263
279,0,,0,0,"0264-09-23 04:11:26",0,1,0,0,1,13068,0,1,0,0,0,1055,264
280,0,,0,0,"0264-09-23 04:11:26",0,1,0,0,1,116911,0,1,0,0,0,1055,264
281,0,,0,0,"0264-12-20 23:25:04",0,1,1,0,1,13080,0,0,0,0,0,1056,264
282,0,,0,0,"0264-12-20 23:25:04",0,1,1,0,1,116923,0,0,0,0,0,1056,264
283,0,,0,0,"0267-06-23 05:57:40",1,1,0,0,1,13204,0,0,0,0,0,1066,267
284,0,,0,0,"0267-06-23 05:57:40",1,1,0,0,1,117047,0,0,0,0,0,1066,267
285,0,,0,0,"0268-09-23 03:26:57",0,1,0,0,0,13266,1,1,0,0,0,1071,268
286,0,,0,0,"0268-09-23 03:26:57",0,1,0,0,0,117109,1,1,0,0,0,1071,268
287,0,,0,0,"0268-12-20 22:52:18",0,1,1,0,0,13278,1,0,0,0,0,1072,268
288,0,,0,0,"0268-12-20 22:52:18",0,1,1,0,0,117121,1,0,0,0,0,1072,268
289,0,,0,0,"0269-03-20 21:32:02",0,1,0,0,0,13290,1,0,0,1,0,1073,269
290,0,,0,0,"0269-03-20 21:32:02",0,1,0,0,0,117133,1,0,0,1,0,1073,269
291,0,,0,0,"0273-03-20 20:42:23",0,1,0,0,1,13488,0,0,0,1,0,1089,273
292,0,,0,0,"0273-03-20 20:42:23",0,1,0,0,1,117331,0,0,0,1,0,1089,273
293,0,,0,0,"0278-06-22 21:36:42",1,1,0,0,1,13748,0,0,0,0,0,1110,278
294,0,,0,0,"0278-06-22 21:36:42",1,1,0,0,1,117591,0,0,0,0,0,1110,278
295,0,,0,0,"0279-09-23 19:19:41",0,1,0,0,0,13810,1,1,0,0,0,1115,279
296,0,,0,0,"0279-09-23 19:19:41",0,1,0,0,0,117653,1,1,0,0,0,1115,279
297,0,,0,0,"0279-12-21 14:46:40",0,1,1,0,0,13822,1,0,0,0,0,1116,279
298,0,,0,0,"0279-12-21 14:46:40",0,1,1,0,0,117665,1,0,0,0,0,1116,279
299,0,,0,0,"0282-06-22 20:51:47",1,1,0,0,0,13946,1,0,0,0,0,1126,282
300,0,,0,0,"0282-06-22 20:51:47",1,1,0,0,0,117789,1,0,0,0,0,1126,282
301,0,,0,0,"0283-09-23 18:39:27",0,1,0,0,1,14008,0,1,0,0,0,1131,283
302,0,,0,0,"0283-09-23 18:39:27",0,1,0,0,1,117851,0,1,0,0,0,1131,283
303,0,,0,0,"0283-12-21 14:10:57",0,1,1,0,1,14020,0,0,0,0,0,1132,283
304,0,,0,0,"0283-12-21 14:10:57",0,1,1,0,1,117863,0,0,0,0,0,1132,283
305,0,,0,0,"0286-06-22 20:10:47",1,1,0,0,1,14144,0,0,0,0,0,1142,286
306,0,,0,0,"0286-06-22 20:10:47",1,1,0,0,1,117987,0,0,0,0,0,1142,286
307,0,,0,0,"0287-12-21 13:32:41",0,1,1,0,0,14218,1,0,0,0,0,1148,287
308,0,,0,0,"0287-12-21 13:32:41",0,1,1,0,0,118061,1,0,0,0,0,1148,287
309,0,,0,0,"0288-03-20 11:48:50",0,1,0,0,0,14230,1,0,0,1,0,1149,288
310,0,,0,0,"0288-03-20 11:48:50",0,1,0,0,0,118073,1,0,0,1,0,1149,288
311,0,,0,0,"0292-03-20 11:09:58",0,1,0,0,1,14428,0,0,0,1,0,1165,292
312,0,,0,0,"0292-03-20 11:09:58",0,1,0,0,1,118271,0,0,0,1,0,1165,292
313,0,,0,0,"0293-06-22 12:49:30",1,1,0,0,0,14490,1,0,0,0,0,1170,293
314,0,,0,0,"0293-06-22 12:49:30",1,1,0,0,0,118333,1,0,0,0,0,1170,293
315,0,,0,0,"0296-03-20 10:13:57",0,1,0,0,0,14626,1,0,0,1,0,1181,296
316,0,,0,0,"0296-03-20 10:13:57",0,1,0,0,0,118469,1,0,0,1,0,1181,296
317,0,,0,0,"0297-06-22 11:53:30",1,1,0,0,1,14688,0,0,0,0,0,1186,297
318,0,,0,0,"0297-06-22 11:53:30",1,1,0,0,1,118531,0,0,0,0,0,1186,297
319,0,,0,0,"0298-09-23 09:53:39",0,1,0,0,0,14750,1,1,0,0,0,1191,298
320,0,,0,0,"0298-09-23 09:53:39",0,1,0,0,0,118593,1,1,0,0,0,1191,298
321,0,,0,0,"0298-12-21 05:25:59",0,1,1,0,0,14762,1,0,0,0,0,1192,298
322,0,,0,0,"0298-12-21 05:25:59",0,1,1,0,0,118605,1,0,0,0,0,1192,298
323,0,,0,0,"0301-06-23 11:05:18",1,1,0,0,0,14886,1,0,0,0,0,1202,301
324,0,,0,0,"0301-06-23 11:05:18",1,1,0,0,0,118729,1,0,0,0,0,1202,301
325,0,,0,0,"0302-09-24 09:13:19",0,1,0,0,1,14948,0,1,0,0,0,1207,302
326,0,,0,0,"0302-09-24 09:13:19",0,1,0,0,1,118791,0,1,0,0,0,1207,302
327,0,,0,0,"0302-12-22 05:02:01",0,1,1,0,1,14960,0,0,0,0,0,1208,302
328,0,,0,0,"0302-12-22 05:02:01",0,1,1,0,1,118803,0,0,0,0,0,1208,302
329,0,,0,0,"0307-03-22 02:18:20",0,1,0,0,0,15170,1,0,0,1,0,1225,307
330,0,,0,0,"0307-03-22 02:18:20",0,1,0,0,0,119013,1,0,0,1,0,1225,307
331,0,,0,0,"0311-03-22 01:25:09",0,1,0,0,1,15368,0,0,0,1,0,1241,311
332,0,,0,0,"0311-03-22 01:25:09",0,1,0,0,1,119211,0,0,0,1,0,1241,311
333,0,,0,0,"0312-06-23 03:05:44",1,1,0,0,0,15430,1,0,0,0,0,1246,312
334,0,,0,0,"0312-06-23 03:05:44",1,1,0,0,0,119273,1,0,0,0,0,1246,312
335,0,,0,0,"0315-03-22 00:35:04",0,1,0,0,0,15566,1,0,0,1,0,1257,315
336,0,,0,0,"0315-03-22 00:35:04",0,1,0,0,0,119409,1,0,0,1,0,1257,315
337,0,,0,0,"0316-06-23 02:02:23",1,1,0,0,1,15628,0,0,0,0,0,1262,316
338,0,,0,0,"0316-06-23 02:02:23",1,1,0,0,1,119471,0,0,0,0,0,1262,316
339,0,,0,0,"0317-09-24 00:19:58",0,1,0,0,0,15690,1,1,0,0,0,1267,317
340,0,,0,0,"0317-09-24 00:19:58",0,1,0,0,0,119533,1,1,0,0,0,1267,317
341,0,,0,0,"0317-12-21 20:18:30",0,1,1,0,0,15702,1,0,0,0,0,1268,317
342,0,,0,0,"0317-12-21 20:18:30",0,1,1,0,0,119545,1,0,0,0,0,1268,317
343,0,,0,0,"0320-06-23 01:29:32",1,1,0,0,0,15826,1,0,0,0,0,1278,320
344,0,,0,0,"0320-06-23 01:29:32",1,1,0,0,0,119669,1,0,0,0,0,1278,320
345,0,,0,0,"0321-09-23 23:45:17",0,1,0,0,1,15888,0,1,0,0,0,1283,321
346,0,,0,0,"0321-09-23 23:45:17",0,1,0,0,1,119731,0,1,0,0,0,1283,321
347,0,,0,0,"0321-12-21 19:42:19",0,1,1,0,1,15900,0,0,0,0,0,1284,321
348,0,,0,0,"0321-12-21 19:42:19",0,1,1,0,1,119743,0,0,0,0,0,1284,321
349,0,,0,0,"0322-03-21 17:25:03",0,1,0,0,1,15912,0,0,0,1,0,1285,322
350,0,,0,0,"0322-03-21 17:25:03",0,1,0,0,1,119755,0,0,0,1,0,1285,322
351,0,,0,0,"0326-03-21 16:39:28",0,1,0,0,0,16110,1,0,0,1,0,1301,326
352,0,,0,0,"0326-03-21 16:39:28",0,1,0,0,0,119953,1,0,0,1,0,1301,326
353,0,,0,0,"0330-03-21 15:58:24",0,1,0,0,1,16308,0,0,0,1,0,1317,330
354,0,,0,0,"0330-03-21 15:58:24",0,1,0,0,1,120151,0,0,0,1,0,1317,330
355,0,,0,0,"0331-06-23 17:16:17",1,1,0,0,0,16370,1,0,0,0,0,1322,331
356,0,,0,0,"0331-06-23 17:16:17",1,1,0,0,0,120213,1,0,0,0,0,1322,331
357,0,,0,0,"0335-06-23 16:19:40",1,1,0,0,1,16568,0,0,0,0,0,1338,335
358,0,,0,0,"0335-06-23 16:19:40",1,1,0,0,1,120411,0,0,0,0,0,1338,335
359,0,,0,0,"0336-09-23 14:59:49",0,1,0,0,0,16630,1,1,0,0,0,1343,336
360,0,,0,0,"0336-09-23 14:59:49",0,1,0,0,0,120473,1,1,0,0,0,1343,336
361,0,,0,0,"0336-12-21 11:06:38",0,1,1,0,0,16642,1,0,0,0,0,1344,336
362,0,,0,0,"0336-12-21 11:06:38",0,1,1,0,0,120485,1,0,0,0,0,1344,336
363,0,,0,0,"0340-09-23 14:17:25",0,1,0,0,1,16828,0,1,0,0,0,1359,340
364,0,,0,0,"0340-09-23 14:17:25",0,1,0,0,1,120671,0,1,0,0,0,1359,340
365,0,,0,0,"0340-12-21 10:30:10",0,1,1,0,1,16840,0,0,0,0,0,1360,340
366,0,,0,0,"0340-12-21 10:30:10",0,1,1,0,1,120683,0,0,0,0,0,1360,340
367,0,,0,0,"0341-03-21 07:59:01",0,1,0,0,1,16852,0,0,0,1,0,1361,341
368,0,,0,0,"0341-03-21 07:59:01",0,1,0,0,1,120695,0,0,0,1,0,1361,341
369,0,,0,0,"0344-09-23 13:45:44",0,1,0,0,0,17026,1,1,0,0,0,1375,344
370,0,,0,0,"0344-09-23 13:45:44",0,1,0,0,0,120869,1,1,0,0,0,1375,344
371,0,,0,0,"0345-03-21 07:10:52",0,1,0,0,0,17050,1,0,0,1,0,1377,345
372,0,,0,0,"0345-03-21 07:10:52",0,1,0,0,0,120893,1,0,0,1,0,1377,345
373,0,,0,0,"0350-06-23 07:18:21",1,1,0,0,0,17310,1,0,0,0,0,1398,350
374,0,,0,0,"0350-06-23 07:18:21",1,1,0,0,0,121153,1,0,0,0,0,1398,350
375,0,,0,0,"0354-06-23 06:32:17",1,1,0,0,1,17508,0,0,0,0,0,1414,354
376,0,,0,0,"0354-06-23 06:32:17",1,1,0,0,1,121351,0,0,0,0,0,1414,354
377,0,,0,0,"0355-09-24 05:30:44",0,1,0,0,0,17570,1,1,0,0,0,1419,355
378,0,,0,0,"0355-09-24 05:30:44",0,1,0,0,0,121413,1,1,0,0,0,1419,355
379,0,,0,0,"0355-12-22 01:47:07",0,1,1,0,0,17582,1,0,0,0,0,1420,355
380,0,,0,0,"0355-12-22 01:47:07",0,1,1,0,0,121425,1,0,0,0,0,1420,355
381,0,,0,0,"0358-06-23 05:49:37",1,1,0,0,0,17706,1,0,0,0,0,1430,358
382,0,,0,0,"0358-06-23 05:49:37",1,1,0,0,0,121549,1,0,0,0,0,1430,358
383,0,,0,0,"0359-09-24 04:58:22",0,1,0,0,1,17768,0,1,0,0,0,1435,359
384,0,,0,0,"0359-09-24 04:58:22",0,1,0,0,1,121611,0,1,0,0,0,1435,359
385,0,,0,0,"0359-12-22 01:13:17",0,1,1,0,1,17780,0,0,0,0,0,1436,359
386,0,,0,0,"0359-12-22 01:13:17",0,1,1,0,1,121623,0,0,0,0,0,1436,359
387,0,,0,0,"0360-03-20 22:15:33",0,1,0,0,1,17792,0,0,0,1,0,1437,360
388,0,,0,0,"0360-03-20 22:15:33",0,1,0,0,1,121635,0,0,0,1,0,1437,360
389,0,,0,0,"0363-09-24 04:19:10",0,1,0,0,0,17966,1,1,0,0,0,1451,363
390,0,,0,0,"0363-09-24 04:19:10",0,1,0,0,0,121809,1,1,0,0,0,1451,363
391,0,,0,0,"0364-03-20 21:44:01",0,1,0,0,0,17990,1,0,0,1,0,1453,364
392,0,,0,0,"0364-03-20 21:44:01",0,1,0,0,0,121833,1,0,0,1,0,1453,364
393,0,,0,0,"0370-09-23 20:52:40",0,1,0,0,1,18312,0,1,0,0,0,1479,370
394,0,,0,0,"0370-09-23 20:52:40",0,1,0,0,1,122155,0,1,0,0,0,1479,370
395,0,,0,0,"0373-06-22 20:42:29",1,1,0,0,1,18448,0,0,0,0,0,1490,373
396,0,,0,0,"0373-06-22 20:42:29",1,1,0,0,1,122291,0,0,0,0,0,1490,373
397,0,,0,0,"0374-09-23 20:06:37",0,1,0,0,0,18510,1,1,0,0,0,1495,374
398,0,,0,0,"0374-09-23 20:06:37",0,1,0,0,0,122353,1,1,0,0,0,1495,374
399,0,,0,0,"0374-12-21 16:37:01",0,1,1,0,0,18522,1,0,0,0,0,1496,374
400,0,,0,0,"0374-12-21 16:37:01",0,1,1,0,0,122365,1,0,0,0,0,1496,374
401,0,,0,0,"0377-06-22 19:59:03",1,1,0,0,0,18646,1,0,0,0,0,1506,377
402,0,,0,0,"0377-06-22 19:59:03",1,1,0,0,0,122489,1,0,0,0,0,1506,377
403,0,,0,0,"0378-09-23 19:24:59",0,1,0,0,1,18708,0,1,0,0,0,1511,378
404,0,,0,0,"0378-09-23 19:24:59",0,1,0,0,1,122551,0,1,0,0,0,1511,378
405,0,,0,0,"0378-12-21 15:59:49",0,1,1,0,1,18720,0,0,0,0,0,1512,378
406,0,,0,0,"0378-12-21 15:59:49",0,1,1,0,1,122563,0,0,0,0,0,1512,378
407,0,,0,0,"0379-03-21 12:44:14",0,1,0,0,1,18732,0,0,0,1,0,1513,379
408,0,,0,0,"0379-03-21 12:44:14",0,1,0,0,1,122575,0,0,0,1,0,1513,379
409,0,,0,0,"0382-12-21 15:22:11",0,1,1,0,0,18918,1,0,0,0,0,1528,382
410,0,,0,0,"0382-12-21 15:22:11",0,1,1,0,0,122761,1,0,0,0,0,1528,382
411,0,,0,0,"0383-03-21 11:58:12",0,1,0,0,0,18930,1,0,0,1,0,1529,383
412,0,,0,0,"0383-03-21 11:58:12",0,1,0,0,0,122773,1,0,0,1,0,1529,383
413,0,,0,0,"0388-06-22 11:48:17",1,1,0,0,0,19190,1,0,0,0,0,1550,388
414,0,,0,0,"0388-06-22 11:48:17",1,1,0,0,0,123033,1,0,0,0,0,1550,388
415,0,,0,0,"0389-09-23 11:17:27",0,1,0,0,1,19252,0,1,0,0,0,1555,389
416,0,,0,0,"0389-09-23 11:17:27",0,1,0,0,1,123095,0,1,0,0,0,1555,389
417,0,,0,0,"0392-06-22 11:04:23",1,1,0,0,1,19388,0,0,0,0,0,1566,392
418,0,,0,0,"0392-06-22 11:04:23",1,1,0,0,1,123231,0,0,0,0,0,1566,392
419,0,,0,0,"0393-09-23 10:38:20",0,1,0,0,0,19450,1,1,0,0,0,1571,393
420,0,,0,0,"0393-09-23 10:38:20",0,1,0,0,0,123293,1,1,0,0,0,1571,393
421,0,,0,0,"0393-12-21 07:19:15",0,1,1,0,0,19462,1,0,0,0,0,1572,393
422,0,,0,0,"0393-12-21 07:19:15",0,1,1,0,0,123305,1,0,0,0,0,1572,393
423,0,,0,0,"0396-06-22 10:12:19",1,1,0,0,0,19586,1,0,0,0,0,1582,396
424,0,,0,0,"0396-06-22 10:12:19",1,1,0,0,0,123429,1,0,0,0,0,1582,396
425,0,,0,0,"0397-09-23 09:56:28",0,1,0,0,1,19648,0,1,0,0,0,1587,397
426,0,,0,0,"0397-09-23 09:56:28",0,1,0,0,1,123491,0,1,0,0,0,1587,397
427,0,,0,0,"0397-12-21 06:48:46",0,1,1,0,1,19660,0,0,0,0,0,1588,397
428,0,,0,0,"0397-12-21 06:48:46",0,1,1,0,1,123503,0,0,0,0,0,1588,397
429,0,,0,0,"0398-03-21 03:09:01",0,1,0,0,1,19672,0,0,0,1,0,1589,398
430,0,,0,0,"0398-03-21 03:09:01",0,1,0,0,1,123515,0,0,0,1,0,1589,398
431,0,,0,0,"0401-12-21 06:13:31",0,1,1,0,0,19858,1,0,0,0,0,1604,401
432,0,,0,0,"0401-12-21 06:13:31",0,1,1,0,0,123701,1,0,0,0,0,1604,401
433,0,,0,0,"0402-03-21 02:30:23",0,1,0,0,0,19870,1,0,0,1,0,1605,402
434,0,,0,0,"0402-03-21 02:30:23",0,1,0,0,0,123713,1,0,0,1,0,1605,402
435,0,,0,0,"0406-03-21 01:29:00",0,1,0,0,1,20068,0,0,0,1,0,1621,406
436,0,,0,0,"0406-03-21 01:29:00",0,1,0,0,1,123911,0,0,0,1,0,1621,406
437,0,,0,0,"0407-06-23 02:01:21",1,1,0,0,0,20130,1,0,0,0,0,1626,407
438,0,,0,0,"0407-06-23 02:01:21",1,1,0,0,0,123973,1,0,0,0,0,1626,407
439,0,,0,0,"0408-09-23 01:52:48",0,1,0,0,1,20192,0,1,0,0,0,1631,408
440,0,,0,0,"0408-09-23 01:52:48",0,1,0,0,1,124035,0,1,0,0,0,1631,408
441,0,,0,0,"0408-12-20 22:51:12",0,1,1,0,1,20204,0,0,0,0,0,1632,408
442,0,,0,0,"0408-12-20 22:51:12",0,1,1,0,1,124047,0,0,0,0,0,1632,408
443,0,,0,0,"0411-06-23 01:09:11",1,1,0,0,1,20328,0,0,0,0,0,1642,411
444,0,,0,0,"0411-06-23 01:09:11",1,1,0,0,1,124171,0,0,0,0,0,1642,411
445,0,,0,0,"0412-09-23 01:01:55",0,1,0,0,0,20390,1,1,0,0,0,1647,412
446,0,,0,0,"0412-09-23 01:01:55",0,1,0,0,0,124233,1,1,0,0,0,1647,412
447,0,,0,0,"0412-12-20 22:07:33",0,1,1,0,0,20402,1,0,0,0,0,1648,412
448,0,,0,0,"0412-12-20 22:07:33",0,1,1,0,0,124245,1,0,0,0,0,1648,412
449,0,,0,0,"0415-06-23 00:34:44",1,1,0,0,0,20526,1,0,0,0,0,1658,415
450,0,,0,0,"0415-06-23 00:34:44",1,1,0,0,0,124369,1,0,0,0,0,1658,415
451,0,,0,0,"0416-12-20 21:28:23",0,1,1,0,1,20600,0,0,0,0,0,1664,416
452,0,,0,0,"0416-12-20 21:28:23",0,1,1,0,1,124443,0,0,0,0,0,1664,416
453,0,,0,0,"0417-03-20 17:36:36",0,1,0,0,1,20612,0,0,0,1,0,1665,417
454,0,,0,0,"0417-03-20 17:36:36",0,1,0,0,1,124455,0,0,0,1,0,1665,417
455,0,,0,0,"0421-03-20 16:56:38",0,1,0,0,0,20810,1,0,0,1,0,1681,421
456,0,,0,0,"0421-03-20 16:56:38",0,1,0,0,0,124653,1,0,0,1,0,1681,421
457,0,,0,0,"0422-06-22 17:06:19",1,1,0,0,1,20872,0,0,0,0,0,1686,422
458,0,,0,0,"0422-06-22 17:06:19",1,1,0,0,1,124715,0,0,0,0,0,1686,422
459,0,,0,0,"0425-03-20 15:59:56",0,1,0,0,1,21008,0,0,0,1,0,1697,425
460,0,,0,0,"0425-03-20 15:59:56",0,1,0,0,1,124851,0,0,0,1,0,1697,425
461,0,,0,0,"0426-06-22 16:11:33",1,1,0,0,0,21070,1,0,0,0,0,1702,426
462,0,,0,0,"0426-06-22 16:11:33",1,1,0,0,0,124913,1,0,0,0,0,1702,426
463,0,,0,0,"0427-09-23 16:23:03",0,1,0,0,1,21132,0,1,0,0,0,1707,427
464,0,,0,0,"0427-09-23 16:23:03",0,1,0,0,1,124975,0,1,0,0,0,1707,427
465,0,,0,0,"0427-12-21 13:26:02",0,1,1,0,1,21144,0,0,0,0,0,1708,427
466,0,,0,0,"0427-12-21 13:26:02",0,1,1,0,1,124987,0,0,0,0,0,1708,427
467,0,,0,0,"0430-06-22 15:19:09",1,1,0,0,1,21268,0,0,0,0,0,1718,430
468,0,,0,0,"0430-06-22 15:19:09",1,1,0,0,1,125111,0,0,0,0,0,1718,430
469,0,,0,0,"0431-09-23 15:38:48",0,1,0,0,0,21330,1,1,0,0,0,1723,431
470,0,,0,0,"0431-09-23 15:38:48",0,1,0,0,0,125173,1,1,0,0,0,1723,431
471,0,,0,0,"0431-12-21 12:50:30",0,1,1,0,0,21342,1,0,0,0,0,1724,431
472,0,,0,0,"0431-12-21 12:50:30",0,1,1,0,0,125185,1,0,0,0,0,1724,431
473,0,,0,0,"0435-09-23 15:07:07",0,1,0,0,1,21528,0,1,0,0,0,1739,435
474,0,,0,0,"0435-09-23 15:07:07",0,1,0,0,1,125371,0,1,0,0,0,1739,435
475,0,,0,0,"0436-03-20 08:11:53",0,1,0,0,1,21552,0,0,0,1,0,1741,436
476,0,,0,0,"0436-03-20 08:11:53",0,1,0,0,1,125395,0,0,0,1,0,1741,436
477,0,,0,0,"0440-03-20 07:21:51",0,1,0,0,0,21750,1,0,0,1,0,1757,440
478,0,,0,0,"0440-03-20 07:21:51",0,1,0,0,0,125593,1,0,0,1,0,1757,440
479,0,,0,0,"0441-06-22 07:14:44",1,1,0,0,1,21812,0,0,0,0,0,1762,441
480,0,,0,0,"0441-06-22 07:14:44",1,1,0,0,1,125655,0,0,0,0,0,1762,441
481,0,,0,0,"0444-03-20 06:24:43",0,1,0,0,1,21948,0,0,0,1,0,1773,444
482,0,,0,0,"0444-03-20 06:24:43",0,1,0,0,1,125791,0,0,0,1,0,1773,444
483,0,,0,0,"0445-06-22 06:17:20",1,1,0,0,0,22010,1,0,0,0,0,1778,445
484,0,,0,0,"0445-06-22 06:17:20",1,1,0,0,0,125853,1,0,0,0,0,1778,445
485,0,,0,0,"0446-12-21 04:14:28",0,1,1,0,1,22084,0,0,0,0,0,1784,446
486,0,,0,0,"0446-12-21 04:14:28",0,1,1,0,1,125927,0,0,0,0,0,1784,446
487,0,,0,0,"0449-06-22 05:32:44",1,1,0,0,1,22208,0,0,0,0,0,1794,449
488,0,,0,0,"0449-06-22 05:32:44",1,1,0,0,1,126051,0,0,0,0,0,1794,449
489,0,,0,0,"0450-09-23 06:11:10",0,1,0,0,0,22270,1,1,0,0,0,1799,450
490,0,,0,0,"0450-09-23 06:11:10",0,1,0,0,0,126113,1,1,0,0,0,1799,450
491,0,,0,0,"0450-12-21 03:31:26",0,1,1,0,0,22282,1,0,0,0,0,1800,450
492,0,,0,0,"0450-12-21 03:31:26",0,1,1,0,0,126125,1,0,0,0,0,1800,450
493,0,,0,0,"0451-03-20 23:08:13",0,1,0,0,0,22294,1,0,0,1,0,1801,451
494,0,,0,0,"0451-03-20 23:08:13",0,1,0,0,0,126137,1,0,0,1,0,1801,451
495,0,,0,0,"0454-09-23 05:43:19",0,1,0,0,1,22468,0,1,0,0,0,1815,454
496,0,,0,0,"0454-09-23 05:43:19",0,1,0,0,1,126311,0,1,0,0,0,1815,454
497,0,,0,0,"0455-03-20 22:25:31",0,1,0,0,1,22492,0,0,0,1,0,1817,455
498,0,,0,0,"0455-03-20 22:25:31",0,1,0,0,1,126335,0,0,0,1,0,1817,455
499,0,,0,0,"0459-03-20 21:47:57",0,1,0,0,0,22690,1,0,0,1,0,1833,459
500,0,,0,0,"0459-03-20 21:47:57",0,1,0,0,0,126533,1,0,0,1,0,1833,459
501,0,,0,0,"0460-06-21 21:28:42",1,1,0,0,1,22752,0,0,0,0,0,1838,460
502,0,,0,0,"0460-06-21 21:28:42",1,1,0,0,1,126595,0,0,0,0,0,1838,460
503,0,,0,0,"0464-06-21 20:38:52",1,1,0,0,0,22950,1,0,0,0,0,1854,464
504,0,,0,0,"0464-06-21 20:38:52",1,1,0,0,0,126793,1,0,0,0,0,1854,464
505,0,,0,0,"0468-06-21 19:43:07",1,1,0,0,1,23148,0,0,0,0,0,1870,468
506,0,,0,0,"0468-06-21 19:43:07",1,1,0,0,1,126991,0,0,0,0,0,1870,468
507,0,,0,0,"0469-09-22 20:44:26",0,1,0,0,0,23210,1,1,0,0,0,1875,469
508,0,,0,0,"0469-09-22 20:44:26",0,1,0,0,0,127053,1,1,0,0,0,1875,469
509,0,,0,0,"0469-12-20 18:21:13",0,1,1,0,0,23222,1,0,0,0,0,1876,469
510,0,,0,0,"0469-12-20 18:21:13",0,1,1,0,0,127065,1,0,0,0,0,1876,469
511,0,,0,0,"0470-03-20 13:34:19",0,1,0,0,0,23234,1,0,0,1,0,1877,470
512,0,,0,0,"0470-03-20 13:34:19",0,1,0,0,0,127077,1,0,0,1,0,1877,470
513,0,,0,0,"0473-09-22 20:06:48",0,1,0,0,1,23408,0,1,0,0,0,1891,473
514,0,,0,0,"0473-09-22 20:06:48",0,1,0,0,1,127251,0,1,0,0,0,1891,473
515,0,,0,0,"0473-12-20 17:49:40",0,1,1,0,1,23420,0,0,0,0,0,1892,473
516,0,,0,0,"0473-12-20 17:49:40",0,1,1,0,1,127263,0,0,0,0,0,1892,473
517,0,,0,0,"0474-03-20 12:55:59",0,1,0,0,1,23432,0,0,0,1,0,1893,474
518,0,,0,0,"0474-03-20 12:55:59",0,1,0,0,1,127275,0,0,0,1,0,1893,474
519,0,,0,0,"0478-03-20 12:03:52",0,1,0,0,0,23630,1,0,0,1,0,1909,478
520,0,,0,0,"0478-03-20 12:03:52",0,1,0,0,0,127473,1,0,0,1,0,1909,478
521,0,,0,0,"0483-06-22 10:51:52",1,1,0,0,0,23890,1,0,0,0,0,1930,483
522,0,,0,0,"0483-06-22 10:51:52",1,1,0,0,0,127733,1,0,0,0,0,1930,483
523,0,,0,0,"0484-09-22 11:52:32",0,1,0,0,1,23952,0,1,0,0,0,1935,484
524,0,,0,0,"0484-09-22 11:52:32",0,1,0,0,1,127795,0,1,0,0,0,1935,484
525,0,,0,0,"0487-06-22 10:03:59",1,1,0,0,1,24088,0,0,0,0,0,1946,487
526,0,,0,0,"0487-06-22 10:03:59",1,1,0,0,1,127931,0,0,0,0,0,1946,487
527,0,,0,0,"0488-09-22 11:17:45",0,1,0,0,0,24150,1,1,0,0,0,1951,488
528,0,,0,0,"0488-09-22 11:17:45",0,1,0,0,0,127993,1,1,0,0,0,1951,488
529,0,,0,0,"0488-12-20 09:02:30",0,1,1,0,0,24162,1,0,0,0,0,1952,488
530,0,,0,0,"0488-12-20 09:02:30",0,1,1,0,0,128005,1,0,0,0,0,1952,488
531,0,,0,0,"0489-03-20 03:53:38",0,1,0,0,0,24174,1,0,0,1,0,1953,489
532,0,,0,0,"0489-03-20 03:53:38",0,1,0,0,0,128017,1,0,0,1,0,1953,489
533,0,,0,0,"0492-09-22 10:36:06",0,1,0,0,1,24348,0,1,0,0,0,1967,492
534,0,,0,0,"0492-09-22 10:36:06",0,1,0,0,1,128191,0,1,0,0,0,1967,492
535,0,,0,0,"0492-12-20 08:39:02",0,1,1,0,1,24360,0,0,0,0,0,1968,492
536,0,,0,0,"0492-12-20 08:39:02",0,1,1,0,1,128203,0,0,0,0,0,1968,492
537,0,,0,0,"0493-03-20 03:28:40",0,1,0,0,1,24372,0,0,0,1,0,1969,493
538,0,,0,0,"0493-03-20 03:28:40",0,1,0,0,1,128215,0,0,0,1,0,1969,493
539,0,,0,0,"0497-03-20 02:35:50",0,1,0,0,0,24570,1,0,0,1,0,1985,497
540,0,,0,0,"0497-03-20 02:35:50",0,1,0,0,0,128413,1,0,0,1,0,1985,497
541,0,,0,0,"0499-09-23 03:18:58",0,1,0,0,0,24694,1,1,0,0,0,1995,499
542,0,,0,0,"0499-09-23 03:18:58",0,1,0,0,0,128537,1,1,0,0,0,1995,499
543,0,,0,0,"0502-06-23 00:58:03",1,1,0,0,0,24830,1,0,0,0,0,2006,502
544,0,,0,0,"0502-06-23 00:58:03",1,1,0,0,0,128673,1,0,0,0,0,2006,502
545,0,,0,0,"0503-09-24 02:24:56",0,1,0,0,1,24892,0,1,0,0,0,2011,503
546,0,,0,0,"0503-09-24 02:24:56",0,1,0,0,1,128735,0,1,0,0,0,2011,503
547,0,,0,0,"0503-12-22 00:30:19",0,1,1,0,1,24904,0,0,0,0,0,2012,503
548,0,,0,0,"0503-12-22 00:30:19",0,1,1,0,1,128747,0,0,0,0,0,2012,503
549,0,,0,0,"0506-06-23 00:10:09",1,1,0,0,1,25028,0,0,0,0,0,2022,506
550,0,,0,0,"0506-06-23 00:10:09",1,1,0,0,1,128871,0,0,0,0,0,2022,506
551,0,,0,0,"0507-09-24 01:49:25",0,1,0,0,0,25090,1,1,0,0,0,2027,507
552,0,,0,0,"0507-09-24 01:49:25",0,1,0,0,0,128933,1,1,0,0,0,2027,507
553,0,,0,0,"0507-12-21 23:54:35",0,1,1,0,0,25102,1,0,0,0,0,2028,507
554,0,,0,0,"0507-12-21 23:54:35",0,1,1,0,0,128945,1,0,0,0,0,2028,507
555,0,,0,0,"0511-12-21 23:11:34",0,1,1,0,1,25300,0,0,0,0,0,2044,511
556,0,,0,0,"0511-12-21 23:11:34",0,1,1,0,1,129143,0,0,0,0,0,2044,511
557,0,,0,0,"0512-03-20 17:54:32",0,1,0,0,1,25312,0,0,0,1,0,2045,512
558,0,,0,0,"0512-03-20 17:54:32",0,1,0,0,1,129155,0,0,0,1,0,2045,512
559,0,,0,0,"0516-03-20 17:03:43",0,1,0,0,0,25510,1,0,0,1,0,2061,516
560,0,,0,0,"0516-03-20 17:03:43",0,1,0,0,0,129353,1,0,0,1,0,2061,516
561,0,,0,0,"0517-06-22 16:01:38",1,1,0,0,1,25572,0,0,0,0,0,2066,517
562,0,,0,0,"0517-06-22 16:01:38",1,1,0,0,1,129415,0,0,0,0,0,2066,517
563,0,,0,0,"0518-09-23 17:49:59",0,1,0,0,0,25634,1,1,0,0,0,2071,518
564,0,,0,0,"0518-09-23 17:49:59",0,1,0,0,0,129477,1,1,0,0,0,2071,518
565,0,,0,0,"0521-06-22 15:07:09",1,1,0,0,0,25770,1,0,0,0,0,2082,521
566,0,,0,0,"0521-06-22 15:07:09",1,1,0,0,0,129613,1,0,0,0,0,2082,521
567,0,,0,0,"0522-09-23 16:57:33",0,1,0,0,1,25832,0,1,0,0,0,2087,522
568,0,,0,0,"0522-09-23 16:57:33",0,1,0,0,1,129675,0,1,0,0,0,2087,522
569,0,,0,0,"0522-12-21 15:06:55",0,1,1,0,1,25844,0,0,0,0,0,2088,522
570,0,,0,0,"0522-12-21 15:06:55",0,1,1,0,1,129687,0,0,0,0,0,2088,522
571,0,,0,0,"0525-06-22 14:22:10",1,1,0,0,1,25968,0,0,0,0,0,2098,525
572,0,,0,0,"0525-06-22 14:22:10",1,1,0,0,1,129811,0,0,0,0,0,2098,525
573,0,,0,0,"0526-09-23 16:25:34",0,1,0,0,0,26030,1,1,0,0,0,2103,526
574,0,,0,0,"0526-09-23 16:25:34",0,1,0,0,0,129873,1,1,0,0,0,2103,526
575,0,,0,0,"0526-12-21 14:41:22",0,1,1,0,0,26042,1,0,0,0,0,2104,526
576,0,,0,0,"0526-12-21 14:41:22",0,1,1,0,0,129885,1,0,0,0,0,2104,526
577,0,,0,0,"0530-12-21 14:01:23",0,1,1,0,1,26240,0,0,0,0,0,2120,530
578,0,,0,0,"0530-12-21 14:01:23",0,1,1,0,1,130083,0,0,0,0,0,2120,530
579,0,,0,0,"0531-03-21 08:23:30",0,1,0,0,1,26252,0,0,0,1,0,2121,531
580,0,,0,0,"0531-03-21 08:23:30",0,1,0,0,1,130095,0,0,0,1,0,2121,531
581,0,,0,0,"0535-03-21 07:29:08",0,1,0,0,0,26450,1,0,0,1,0,2137,535
582,0,,0,0,"0535-03-21 07:29:08",0,1,0,0,0,130293,1,0,0,1,0,2137,535
583,0,,0,0,"0536-06-22 06:16:54",1,1,0,0,1,26512,0,0,0,0,0,2142,536
584,0,,0,0,"0536-06-22 06:16:54",1,1,0,0,1,130355,0,0,0,0,0,2142,536
585,0,,0,0,"0537-12-21 06:42:16",0,1,1,0,0,26586,1,0,0,0,0,2148,537
586,0,,0,0,"0537-12-21 06:42:16",0,1,1,0,0,130429,1,0,0,0,0,2148,537
587,0,,0,0,"0540-06-22 05:16:09",1,1,0,0,0,26710,1,0,0,0,0,2158,540
588,0,,0,0,"0540-06-22 05:16:09",1,1,0,0,0,130553,1,0,0,0,0,2158,540
589,0,,0,0,"0541-09-23 07:30:33",0,1,0,0,1,26772,0,1,0,0,0,2163,541
590,0,,0,0,"0541-09-23 07:30:33",0,1,0,0,1,130615,0,1,0,0,0,2163,541
591,0,,0,0,"0541-12-21 05:57:09",0,1,1,0,1,26784,0,0,0,0,0,2164,541
592,0,,0,0,"0541-12-21 05:57:09",0,1,1,0,1,130627,0,0,0,0,0,2164,541
593,0,,0,0,"0544-06-22 04:43:47",1,1,0,0,1,26908,0,0,0,0,0,2174,544
594,0,,0,0,"0544-06-22 04:43:47",1,1,0,0,1,130751,0,0,0,0,0,2174,544
595,0,,0,0,"0545-09-23 06:54:58",0,1,0,0,0,26970,1,1,0,0,0,2179,545
596,0,,0,0,"0545-09-23 06:54:58",0,1,0,0,0,130813,1,1,0,0,0,2179,545
597,0,,0,0,"0545-12-21 05:23:39",0,1,1,0,0,26982,1,0,0,0,0,2180,545
598,0,,0,0,"0545-12-21 05:23:39",0,1,1,0,0,130825,1,0,0,0,0,2180,545
599,0,,0,0,"0546-03-20 23:23:33",0,1,0,0,0,26994,1,0,0,1,0,2181,546
600,0,,0,0,"0546-03-20 23:23:33",0,1,0,0,0,130837,1,0,0,1,0,2181,546
601,0,,0,0,"0550-03-20 22:37:00",0,1,0,0,1,27192,0,0,0,1,0,2197,550
602,0,,0,0,"0550-03-20 22:37:00",0,1,0,0,1,131035,0,0,0,1,0,2197,550
603,0,,0,0,"0551-06-22 21:21:12",1,1,0,0,0,27254,1,0,0,0,0,2202,551
604,0,,0,0,"0551-06-22 21:21:12",1,1,0,0,0,131097,1,0,0,0,0,2202,551
605,0,,0,0,"0554-03-20 21:56:38",0,1,0,0,0,27390,1,0,0,1,0,2213,554
606,0,,0,0,"0554-03-20 21:56:38",0,1,0,0,0,131233,1,0,0,1,0,2213,554
607,0,,0,0,"0555-06-22 20:33:29",1,1,0,0,1,27452,0,0,0,0,0,2218,555
608,0,,0,0,"0555-06-22 20:33:29",1,1,0,0,1,131295,0,0,0,0,0,2218,555
609,0,,0,0,"0556-12-20 21:28:07",0,1,1,0,0,27526,1,0,0,0,0,2224,556
610,0,,0,0,"0556-12-20 21:28:07",0,1,1,0,0,131369,1,0,0,0,0,2224,556
611,0,,0,0,"0559-06-22 19:38:24",1,1,0,0,0,27650,1,0,0,0,0,2234,559
612,0,,0,0,"0559-06-22 19:38:24",1,1,0,0,0,131493,1,0,0,0,0,2234,559
613,0,,0,0,"0560-09-22 22:03:32",0,1,0,0,1,27712,0,1,0,0,0,2239,560
614,0,,0,0,"0560-09-22 22:03:32",0,1,0,0,1,131555,0,1,0,0,0,2239,560
615,0,,0,0,"0560-12-20 20:40:15",0,1,1,0,1,27724,0,0,0,0,0,2240,560
616,0,,0,0,"0560-12-20 20:40:15",0,1,1,0,1,131567,0,0,0,0,0,2240,560
617,0,,0,0,"0564-09-22 21:27:10",0,1,0,0,0,27910,1,1,0,0,0,2255,564
618,0,,0,0,"0564-09-22 21:27:10",0,1,0,0,0,131753,1,1,0,0,0,2255,564
619,0,,0,0,"0564-12-20 20:16:50",0,1,1,0,0,27922,1,0,0,0,0,2256,564
620,0,,0,0,"0564-12-20 20:16:50",0,1,1,0,0,131765,1,0,0,0,0,2256,564
621,0,,0,0,"0565-03-20 13:57:53",0,1,0,0,0,27934,1,0,0,1,0,2257,565
622,0,,0,0,"0565-03-20 13:57:53",0,1,0,0,0,131777,1,0,0,1,0,2257,565
623,0,,0,0,"0569-03-20 13:08:44",0,1,0,0,1,28132,0,0,0,1,0,2273,569
624,0,,0,0,"0569-03-20 13:08:44",0,1,0,0,1,131975,0,0,0,1,0,2273,569
625,0,,0,0,"0573-03-20 12:18:03",0,1,0,0,0,28330,1,0,0,1,0,2289,573
626,0,,0,0,"0573-03-20 12:18:03",0,1,0,0,0,132173,1,0,0,1,0,2289,573
627,0,,0,0,"0574-06-22 10:40:48",1,1,0,0,1,28392,0,0,0,0,0,2294,574
628,0,,0,0,"0574-06-22 10:40:48",1,1,0,0,1,132235,0,0,0,0,0,2294,574
629,0,,0,0,"0578-06-22 09:51:27",1,1,0,0,0,28590,1,0,0,0,0,2310,578
630,0,,0,0,"0578-06-22 09:51:27",1,1,0,0,0,132433,1,0,0,0,0,2310,578
631,0,,0,0,"0579-09-23 12:35:01",0,1,0,0,1,28652,0,1,0,0,0,2315,579
632,0,,0,0,"0579-09-23 12:35:01",0,1,0,0,1,132495,0,1,0,0,0,2315,579
633,0,,0,0,"0579-12-21 11:31:17",0,1,1,0,1,28664,0,0,0,0,0,2316,579
634,0,,0,0,"0579-12-21 11:31:17",0,1,1,0,1,132507,0,0,0,0,0,2316,579
635,0,,0,0,"0580-03-20 04:59:54",0,1,0,0,1,28676,0,0,0,1,0,2317,580
636,0,,0,0,"0580-03-20 04:59:54",0,1,0,0,1,132519,0,0,0,1,0,2317,580
637,0,,0,0,"0583-09-23 11:56:46",0,1,0,0,0,28850,1,1,0,0,0,2331,583
638,0,,0,0,"0583-09-23 11:56:46",0,1,0,0,0,132693,1,1,0,0,0,2331,583
639,0,,0,0,"0583-12-21 10:53:00",0,1,1,0,0,28862,1,0,0,0,0,2332,583
640,0,,0,0,"0583-12-21 10:53:00",0,1,1,0,0,132705,1,0,0,0,0,2332,583
641,0,,0,0,"0584-03-20 04:21:06",0,1,0,0,0,28874,1,0,0,1,0,2333,584
642,0,,0,0,"0584-03-20 04:21:06",0,1,0,0,0,132717,1,0,0,1,0,2333,584
643,0,,0,0,"0588-03-20 03:41:50",0,1,0,0,1,29072,0,0,0,1,0,2349,588
644,0,,0,0,"0588-03-20 03:41:50",0,1,0,0,1,132915,0,0,0,1,0,2349,588
645,0,,0,0,"0593-06-22 00:53:39",1,1,0,0,1,29332,0,0,0,0,0,2370,593
646,0,,0,0,"0593-06-22 00:53:39",1,1,0,0,1,133175,0,0,0,0,0,2370,593
647,0,,0,0,"0597-06-21 23:57:46",1,1,0,0,0,29530,1,0,0,0,0,2386,597
648,0,,0,0,"0597-06-21 23:57:46",1,1,0,0,0,133373,1,0,0,0,0,2386,597
649,0,,0,0,"0598-09-23 03:09:45",0,1,0,0,1,29592,0,1,0,0,0,2391,598
650,0,,0,0,"0598-09-23 03:09:45",0,1,0,0,1,133435,0,1,0,0,0,2391,598
651,0,,0,0,"0598-12-21 02:20:00",0,1,1,0,1,29604,0,0,0,0,0,2392,598
652,0,,0,0,"0598-12-21 02:20:00",0,1,1,0,1,133447,0,0,0,0,0,2392,598
653,0,,0,0,"0602-09-24 02:27:08",0,1,0,0,0,29789,1,1,0,0,0,2407,602
654,0,,0,0,"0602-09-24 02:27:08",0,1,0,0,0,133632,1,1,0,0,0,2407,602
655,0,,0,0,"0602-12-22 01:40:08",0,1,1,0,0,29801,1,0,0,0,0,2408,602
656,0,,0,0,"0602-12-22 01:40:08",0,1,1,0,0,133644,1,0,0,0,0,2408,602
657,0,,0,0,"0603-03-21 18:53:25",0,1,0,0,0,29813,1,0,0,1,0,2409,603
658,0,,0,0,"0603-03-21 18:53:25",0,1,0,0,0,133656,1,0,0,1,0,2409,603
659,0,,0,0,"0607-03-21 18:06:20",0,1,0,0,1,30011,0,0,0,1,0,2425,607
660,0,,0,0,"0607-03-21 18:06:20",0,1,0,0,1,133854,0,0,0,1,0,2425,607
661,0,,0,0,"0612-06-22 14:57:06",1,1,0,0,1,30271,0,0,0,0,0,2446,612
662,0,,0,0,"0612-06-22 14:57:06",1,1,0,0,1,134114,0,0,0,0,0,2446,612
663,0,,0,0,"0613-09-23 18:20:59",0,1,0,0,0,30333,1,1,0,0,0,2451,613
664,0,,0,0,"0613-09-23 18:20:59",0,1,0,0,0,134176,1,1,0,0,0,2451,613
665,0,,0,0,"0616-06-22 14:13:14",1,1,0,0,0,30469,1,0,0,0,0,2462,616
666,0,,0,0,"0616-06-22 14:13:14",1,1,0,0,0,134312,1,0,0,0,0,2462,616
667,0,,0,0,"0617-09-23 17:37:02",0,1,0,0,1,30531,0,1,0,0,0,2467,617
668,0,,0,0,"0617-09-23 17:37:02",0,1,0,0,1,134374,0,1,0,0,0,2467,617
669,0,,0,0,"0617-12-21 16:56:25",0,1,1,0,1,30543,0,0,0,0,0,2468,617
670,0,,0,0,"0617-12-21 16:56:25",0,1,1,0,1,134386,0,0,0,0,0,2468,617
671,0,,0,0,"0621-09-23 17:03:05",0,1,0,0,0,30729,1,1,0,0,0,2483,621
672,0,,0,0,"0621-09-23 17:03:05",0,1,0,0,0,134572,1,1,0,0,0,2483,621
673,0,,0,0,"0621-12-21 16:28:35",0,1,1,0,0,30741,1,0,0,0,0,2484,621
674,0,,0,0,"0621-12-21 16:28:35",0,1,1,0,0,134584,1,0,0,0,0,2484,621
675,0,,0,0,"0622-03-21 09:11:46",0,1,0,0,0,30753,1,0,0,1,0,2485,622
676,0,,0,0,"0622-03-21 09:11:46",0,1,0,0,0,134596,1,0,0,1,0,2485,622
677,0,,0,0,"0626-03-21 08:34:11",0,1,0,0,1,30951,0,0,0,1,0,2501,626
678,0,,0,0,"0626-03-21 08:34:11",0,1,0,0,1,134794,0,0,0,1,0,2501,626
679,0,,0,0,"0631-06-23 05:12:21",1,1,0,0,1,31211,0,0,0,0,0,2522,631
680,0,,0,0,"0631-06-23 05:12:21",1,1,0,0,1,135054,0,0,0,0,0,2522,631
681,0,,0,0,"0632-09-23 08:48:52",0,1,0,0,0,31273,1,1,0,0,0,2527,632
682,0,,0,0,"0632-09-23 08:48:52",0,1,0,0,0,135116,1,1,0,0,0,2527,632
683,0,,0,0,"0635-06-23 04:25:53",1,1,0,0,0,31409,1,0,0,0,0,2538,635
684,0,,0,0,"0635-06-23 04:25:53",1,1,0,0,0,135252,1,0,0,0,0,2538,635
685,0,,0,0,"0636-09-23 08:06:51",0,1,0,0,1,31471,0,1,0,0,0,2543,636
686,0,,0,0,"0636-09-23 08:06:51",0,1,0,0,1,135314,0,1,0,0,0,2543,636
687,0,,0,0,"0636-12-21 07:49:07",0,1,1,0,1,31483,0,0,0,0,0,2544,636
688,0,,0,0,"0636-12-21 07:49:07",0,1,1,0,1,135326,0,0,0,0,0,2544,636
689,0,,0,0,"0640-12-21 07:08:23",0,1,1,0,0,31681,1,0,0,0,0,2560,640
690,0,,0,0,"0640-12-21 07:08:23",0,1,1,0,0,135524,1,0,0,0,0,2560,640
691,0,,0,0,"0641-03-20 23:39:44",0,1,0,0,0,31693,1,0,0,1,0,2561,641
692,0,,0,0,"0641-03-20 23:39:44",0,1,0,0,0,135536,1,0,0,1,0,2561,641
693,0,,0,0,"0645-03-20 22:51:41",0,1,0,0,1,31891,0,0,0,1,0,2577,645
694,0,,0,0,"0645-03-20 22:51:41",0,1,0,0,1,135734,0,0,0,1,0,2577,645
695,0,,0,0,"0646-06-22 20:20:34",1,1,0,0,0,31953,1,0,0,0,0,2582,646
696,0,,0,0,"0646-06-22 20:20:34",1,1,0,0,0,135796,1,0,0,0,0,2582,646
697,0,,0,0,"0650-06-22 19:28:16",1,1,0,0,1,32151,0,0,0,0,0,2598,650
698,0,,0,0,"0650-06-22 19:28:16",1,1,0,0,1,135994,0,0,0,0,0,2598,650
699,0,,0,0,"0651-09-23 23:15:24",0,1,0,0,0,32213,1,1,0,0,0,2603,651
700,0,,0,0,"0651-09-23 23:15:24",0,1,0,0,0,136056,1,1,0,0,0,2603,651
701,0,,0,0,"0651-12-21 23:06:43",0,1,1,0,0,32225,1,0,0,0,0,2604,651
702,0,,0,0,"0651-12-21 23:06:43",0,1,1,0,0,136068,1,0,0,0,0,2604,651
703,0,,0,0,"0654-06-22 18:42:47",1,1,0,0,0,32349,1,0,0,0,0,2614,654
704,0,,0,0,"0654-06-22 18:42:47",1,1,0,0,0,136192,1,0,0,0,0,2614,654
705,0,,0,0,"0655-09-23 22:37:50",0,1,0,0,1,32411,0,1,0,0,0,2619,655
706,0,,0,0,"0655-09-23 22:37:50",0,1,0,0,1,136254,0,1,0,0,0,2619,655
707,0,,0,0,"0655-12-21 22:29:04",0,1,1,0,1,32423,0,0,0,0,0,2620,655
708,0,,0,0,"0655-12-21 22:29:04",0,1,1,0,1,136266,0,0,0,0,0,2620,655
709,0,,0,0,"0659-12-21 21:59:24",0,1,1,0,0,32621,1,0,0,0,0,2636,659
710,0,,0,0,"0659-12-21 21:59:24",0,1,1,0,0,136464,1,0,0,0,0,2636,659
711,0,,0,0,"0660-03-20 14:12:13",0,1,0,0,0,32633,1,0,0,1,0,2637,660
712,0,,0,0,"0660-03-20 14:12:13",0,1,0,0,0,136476,1,0,0,1,0,2637,660
713,0,,0,0,"0664-03-20 13:26:49",0,1,0,0,1,32831,0,0,0,1,0,2653,664
714,0,,0,0,"0664-03-20 13:26:49",0,1,0,0,1,136674,0,0,0,1,0,2653,664
715,0,,0,0,"0665-06-22 10:31:31",1,1,0,0,0,32893,1,0,0,0,0,2658,665
716,0,,0,0,"0665-06-22 10:31:31",1,1,0,0,0,136736,1,0,0,0,0,2658,665
717,0,,0,0,"0668-03-20 12:24:40",0,1,0,0,0,33029,1,0,0,1,0,2669,668
718,0,,0,0,"0668-03-20 12:24:40",0,1,0,0,0,136872,1,0,0,1,0,2669,668
719,0,,0,0,"0669-06-22 09:32:41",1,1,0,0,1,33091,0,0,0,0,0,2674,669
720,0,,0,0,"0669-06-22 09:32:41",1,1,0,0,1,136934,0,0,0,0,0,2674,669
721,0,,0,0,"0670-09-23 13:50:43",0,1,0,0,0,33153,1,1,0,0,0,2679,670
722,0,,0,0,"0670-09-23 13:50:43",0,1,0,0,0,136996,1,1,0,0,0,2679,670
723,0,,0,0,"0670-12-21 13:54:14",0,1,1,0,0,33165,1,0,0,0,0,2680,670
724,0,,0,0,"0670-12-21 13:54:14",0,1,1,0,0,137008,1,0,0,0,0,2680,670
725,0,,0,0,"0673-06-22 08:50:24",1,1,0,0,0,33289,1,0,0,0,0,2690,673
726,0,,0,0,"0673-06-22 08:50:24",1,1,0,0,0,137132,1,0,0,0,0,2690,673
727,0,,0,0,"0674-09-23 13:05:41",0,1,0,0,1,33351,0,1,0,0,0,2695,674
728,0,,0,0,"0674-09-23 13:05:41",0,1,0,0,1,137194,0,1,0,0,0,2695,674
729,0,,0,0,"0674-12-21 13:12:42",0,1,1,0,1,33363,0,0,0,0,0,2696,674
730,0,,0,0,"0674-12-21 13:12:42",0,1,1,0,1,137206,0,0,0,0,0,2696,674
731,0,,0,0,"0675-03-21 05:20:15",0,1,0,0,1,33375,0,0,0,1,0,2697,675
732,0,,0,0,"0675-03-21 05:20:15",0,1,0,0,1,137218,0,0,0,1,0,2697,675
733,0,,0,0,"0679-03-21 04:35:38",0,1,0,0,0,33573,1,0,0,1,0,2713,679
734,0,,0,0,"0679-03-21 04:35:38",0,1,0,0,0,137416,1,0,0,1,0,2713,679
735,0,,0,0,"0683-03-21 03:56:01",0,1,0,0,1,33771,0,0,0,1,0,2729,683
736,0,,0,0,"0683-03-21 03:56:01",0,1,0,0,1,137614,0,0,0,1,0,2729,683
737,0,,0,0,"0684-06-22 00:37:24",1,1,0,0,0,33833,1,0,0,0,0,2734,684
738,0,,0,0,"0684-06-22 00:37:24",1,1,0,0,0,137676,1,0,0,0,0,2734,684
739,0,,0,0,"0688-06-21 23:49:03",1,1,0,0,1,34031,0,0,0,0,0,2750,688
740,0,,0,0,"0688-06-21 23:49:03",1,1,0,0,1,137874,0,0,0,0,0,2750,688
741,0,,0,0,"0689-09-23 04:22:52",0,1,0,0,0,34093,1,1,0,0,0,2755,689
742,0,,0,0,"0689-09-23 04:22:52",0,1,0,0,0,137936,1,1,0,0,0,2755,689
743,0,,0,0,"0689-12-21 04:30:11",0,1,1,0,0,34105,1,0,0,0,0,2756,689
744,0,,0,0,"0689-12-21 04:30:11",0,1,1,0,0,137948,1,0,0,0,0,2756,689
745,0,,0,0,"0693-09-23 03:41:15",0,1,0,0,1,34291,0,1,0,0,0,2771,693
746,0,,0,0,"0693-09-23 03:41:15",0,1,0,0,1,138134,0,1,0,0,0,2771,693
747,0,,0,0,"0693-12-21 04:01:43",0,1,1,0,1,34303,0,0,0,0,0,2772,693
748,0,,0,0,"0693-12-21 04:01:43",0,1,1,0,1,138146,0,0,0,0,0,2772,693
749,0,,0,0,"0694-03-20 19:39:54",0,1,0,0,1,34315,0,0,0,1,0,2773,694
750,0,,0,0,"0694-03-20 19:39:54",0,1,0,0,1,138158,0,0,0,1,0,2773,694
751,0,,0,0,"0698-03-20 19:06:33",0,1,0,0,0,34513,1,0,0,1,0,2789,698
752,0,,0,0,"0698-03-20 19:06:33",0,1,0,0,0,138356,1,0,0,1,0,2789,698
753,0,,0,0,"0702-03-21 18:13:07",0,1,0,0,1,34711,0,0,0,1,0,2805,702
754,0,,0,0,"0702-03-21 18:13:07",0,1,0,0,1,138554,0,0,0,1,0,2805,702
755,0,,0,0,"0703-06-23 14:50:54",1,1,0,0,0,34773,1,0,0,0,0,2810,703
756,0,,0,0,"0703-06-23 14:50:54",1,1,0,0,0,138616,1,0,0,0,0,2810,703
757,0,,0,0,"0707-06-23 13:59:16",1,1,0,0,1,34971,0,0,0,0,0,2826,707
758,0,,0,0,"0707-06-23 13:59:16",1,1,0,0,1,138814,0,0,0,0,0,2826,707
759,0,,0,0,"0708-09-23 18:48:42",0,1,0,0,0,35033,1,1,0,0,0,2831,708
760,0,,0,0,"0708-09-23 18:48:42",0,1,0,0,0,138876,1,1,0,0,0,2831,708
761,0,,0,0,"0708-12-21 19:22:30",0,1,1,0,0,35045,1,0,0,0,0,2832,708
762,0,,0,0,"0708-12-21 19:22:30",0,1,1,0,0,138888,1,0,0,0,0,2832,708
763,0,,0,0,"0712-09-23 18:08:00",0,1,0,0,1,35231,0,1,0,0,0,2847,712
764,0,,0,0,"0712-09-23 18:08:00",0,1,0,0,1,139074,0,1,0,0,0,2847,712
765,0,,0,0,"0712-12-21 18:39:20",0,1,1,0,1,35243,0,0,0,0,0,2848,712
766,0,,0,0,"0712-12-21 18:39:20",0,1,1,0,1,139086,0,0,0,0,0,2848,712
767,0,,0,0,"0713-03-21 10:06:20",0,1,0,0,1,35255,0,0,0,1,0,2849,713
768,0,,0,0,"0713-03-21 10:06:20",0,1,0,0,1,139098,0,0,0,1,0,2849,713
769,0,,0,0,"0716-09-23 17:34:46",0,1,0,0,0,35429,1,1,0,0,0,2863,716
770,0,,0,0,"0716-09-23 17:34:46",0,1,0,0,0,139272,1,1,0,0,0,2863,716
771,0,,0,0,"0717-03-21 09:27:50",0,1,0,0,0,35453,1,0,0,1,0,2865,717
772,0,,0,0,"0717-03-21 09:27:50",0,1,0,0,0,139296,1,0,0,1,0,2865,717
773,0,,0,0,"0722-06-23 05:09:42",1,1,0,0,0,35713,1,0,0,0,0,2886,722
774,0,,0,0,"0722-06-23 05:09:42",1,1,0,0,0,139556,1,0,0,0,0,2886,722
775,0,,0,0,"0726-06-23 04:11:36",1,1,0,0,1,35911,0,0,0,0,0,2902,726
776,0,,0,0,"0726-06-23 04:11:36",1,1,0,0,1,139754,0,0,0,0,0,2902,726
777,0,,0,0,"0727-09-24 09:16:24",0,1,0,0,0,35973,1,1,0,0,0,2907,727
778,0,,0,0,"0727-09-24 09:16:24",0,1,0,0,0,139816,1,1,0,0,0,2907,727
779,0,,0,0,"0727-12-22 10:07:24",0,1,1,0,0,35985,1,0,0,0,0,2908,727
780,0,,0,0,"0727-12-22 10:07:24",0,1,1,0,0,139828,1,0,0,0,0,2908,727
781,0,,0,0,"0731-09-24 08:38:27",0,1,0,0,1,36171,0,1,0,0,0,2923,731
782,0,,0,0,"0731-09-24 08:38:27",0,1,0,0,1,140014,0,1,0,0,0,2923,731
783,0,,0,0,"0731-12-22 09:31:05",0,1,1,0,1,36183,0,0,0,0,0,2924,731
784,0,,0,0,"0731-12-22 09:31:05",0,1,1,0,1,140026,0,0,0,0,0,2924,731
785,0,,0,0,"0732-03-21 00:40:13",0,1,0,0,1,36195,0,0,0,1,0,2925,732
786,0,,0,0,"0732-03-21 00:40:13",0,1,0,0,1,140038,0,0,0,1,0,2925,732
787,0,,0,0,"0735-09-24 07:59:53",0,1,0,0,0,36369,1,1,0,0,0,2939,735
788,0,,0,0,"0735-09-24 07:59:53",0,1,0,0,0,140212,1,1,0,0,0,2939,735
789,0,,0,0,"0735-12-22 08:54:43",0,1,1,0,0,36381,1,0,0,0,0,2940,735
790,0,,0,0,"0735-12-22 08:54:43",0,1,1,0,0,140224,1,0,0,0,0,2940,735
791,0,,0,0,"0736-03-21 00:02:03",0,1,0,0,0,36393,1,0,0,1,0,2941,736
792,0,,0,0,"0736-03-21 00:02:03",0,1,0,0,0,140236,1,0,0,1,0,2941,736
793,0,,0,0,"0741-06-22 19:10:37",1,1,0,0,0,36653,1,0,0,0,0,2962,741
794,0,,0,0,"0741-06-22 19:10:37",1,1,0,0,0,140496,1,0,0,0,0,2962,741
795,0,,0,0,"0742-09-24 00:37:06",0,1,0,0,1,36715,0,1,0,0,0,2967,742
796,0,,0,0,"0742-09-24 00:37:06",0,1,0,0,1,140558,0,1,0,0,0,2967,742
797,0,,0,0,"0745-06-22 18:23:11",1,1,0,0,1,36851,0,0,0,0,0,2978,745
798,0,,0,0,"0745-06-22 18:23:11",1,1,0,0,1,140694,0,0,0,0,0,2978,745
799,0,,0,0,"0746-09-23 23:42:07",0,1,0,0,0,36913,1,1,0,0,0,2983,746
800,0,,0,0,"0746-09-23 23:42:07",0,1,0,0,0,140756,1,1,0,0,0,2983,746
801,0,,0,0,"0746-12-22 00:45:32",0,1,1,0,0,36925,1,0,0,0,0,2984,746
802,0,,0,0,"0746-12-22 00:45:32",0,1,1,0,0,140768,1,0,0,0,0,2984,746
803,0,,0,0,"0749-06-22 17:41:51",1,1,0,0,0,37049,1,0,0,0,0,2994,749
804,0,,0,0,"0749-06-22 17:41:51",1,1,0,0,0,140892,1,0,0,0,0,2994,749
805,0,,0,0,"0750-09-23 23:17:36",0,1,0,0,1,37111,0,1,0,0,0,2999,750
806,0,,0,0,"0750-09-23 23:17:36",0,1,0,0,1,140954,0,1,0,0,0,2999,750
807,0,,0,0,"0750-12-22 00:14:46",0,1,1,0,1,37123,0,0,0,0,0,3000,750
808,0,,0,0,"0750-12-22 00:14:46",0,1,1,0,1,140966,0,0,0,0,0,3000,750
809,0,,0,0,"0751-03-21 15:04:42",0,1,0,0,1,37135,0,0,0,1,0,3001,751
810,0,,0,0,"0751-03-21 15:04:42",0,1,0,0,1,140978,0,0,0,1,0,3001,751
811,0,,0,0,"0754-12-21 23:40:01",0,1,1,0,0,37321,1,0,0,0,0,3016,754
812,0,,0,0,"0754-12-21 23:40:01",0,1,1,0,0,141164,1,0,0,0,0,3016,754
813,0,,0,0,"0755-03-21 14:33:00",0,1,0,0,0,37333,1,0,0,1,0,3017,755
814,0,,0,0,"0755-03-21 14:33:00",0,1,0,0,0,141176,1,0,0,1,0,3017,755
815,0,,0,0,"0760-06-22 09:23:29",1,1,0,0,0,37593,1,0,0,0,0,3038,760
816,0,,0,0,"0760-06-22 09:23:29",1,1,0,0,0,141436,1,0,0,0,0,3038,760
817,0,,0,0,"0761-09-23 15:08:34",0,1,0,0,1,37655,0,1,0,0,0,3043,761
818,0,,0,0,"0761-09-23 15:08:34",0,1,0,0,1,141498,0,1,0,0,0,3043,761
819,0,,0,0,"0764-06-22 08:27:55",1,1,0,0,1,37791,0,0,0,0,0,3054,764
820,0,,0,0,"0764-06-22 08:27:55",1,1,0,0,1,141634,0,0,0,0,0,3054,764
821,0,,0,0,"0765-09-23 14:19:11",0,1,0,0,0,37853,1,1,0,0,0,3059,765
822,0,,0,0,"0765-09-23 14:19:11",0,1,0,0,0,141696,1,1,0,0,0,3059,765
823,0,,0,0,"0765-12-21 15:33:54",0,1,1,0,0,37865,1,0,0,0,0,3060,765
824,0,,0,0,"0765-12-21 15:33:54",0,1,1,0,0,141708,1,0,0,0,0,3060,765
825,0,,0,0,"0768-06-22 07:52:18",1,1,0,0,0,37989,1,0,0,0,0,3070,768
826,0,,0,0,"0768-06-22 07:52:18",1,1,0,0,0,141832,1,0,0,0,0,3070,768
827,0,,0,0,"0769-09-23 13:44:32",0,1,0,0,1,38051,0,1,0,0,0,3075,769
828,0,,0,0,"0769-09-23 13:44:32",0,1,0,0,1,141894,0,1,0,0,0,3075,769
829,0,,0,0,"0769-12-21 15:02:06",0,1,1,0,1,38063,0,0,0,0,0,3076,769
830,0,,0,0,"0769-12-21 15:02:06",0,1,1,0,1,141906,0,0,0,0,0,3076,769
831,0,,0,0,"0770-03-21 05:38:18",0,1,0,0,1,38075,0,0,0,1,0,3077,770
832,0,,0,0,"0770-03-21 05:38:18",0,1,0,0,1,141918,0,0,0,1,0,3077,770
833,0,,0,0,"0773-12-21 14:18:35",0,1,1,0,0,38261,1,0,0,0,0,3092,773
834,0,,0,0,"0773-12-21 14:18:35",0,1,1,0,0,142104,1,0,0,0,0,3092,773
835,0,,0,0,"0774-03-21 04:50:10",0,1,0,0,0,38273,1,0,0,1,0,3093,774
836,0,,0,0,"0774-03-21 04:50:10",0,1,0,0,0,142116,1,0,0,1,0,3093,774
837,0,,0,0,"0775-06-23 00:28:08",1,1,0,0,1,38335,0,0,0,0,0,3098,775
838,0,,0,0,"0775-06-23 00:28:08",1,1,0,0,1,142178,0,0,0,0,0,3098,775
839,0,,0,0,"0778-03-21 04:06:03",0,1,0,0,1,38471,0,0,0,1,0,3109,778
840,0,,0,0,"0778-03-21 04:06:03",0,1,0,0,1,142314,0,0,0,1,0,3109,778
841,0,,0,0,"0779-06-22 23:37:52",1,1,0,0,0,38533,1,0,0,0,0,3114,779
842,0,,0,0,"0779-06-22 23:37:52",1,1,0,0,0,142376,1,0,0,0,0,3114,779
843,0,,0,0,"0780-09-23 05:33:40",0,1,0,0,1,38595,0,1,0,0,0,3119,780
844,0,,0,0,"0780-09-23 05:33:40",0,1,0,0,1,142438,0,1,0,0,0,3119,780
845,0,,0,0,"0780-12-21 07:02:26",0,1,1,0,1,38607,0,0,0,0,0,3120,780
846,0,,0,0,"0780-12-21 07:02:26",0,1,1,0,1,142450,0,0,0,0,0,3120,780
847,0,,0,0,"0783-06-22 22:45:58",1,1,0,0,1,38731,0,0,0,0,0,3130,783
848,0,,0,0,"0783-06-22 22:45:58",1,1,0,0,1,142574,0,0,0,0,0,3130,783
849,0,,0,0,"0784-09-23 04:52:19",0,1,0,0,0,38793,1,1,0,0,0,3135,784
850,0,,0,0,"0784-09-23 04:52:19",0,1,0,0,0,142636,1,1,0,0,0,3135,784
851,0,,0,0,"0784-12-21 06:13:33",0,1,1,0,0,38805,1,0,0,0,0,3136,784
852,0,,0,0,"0784-12-21 06:13:33",0,1,1,0,0,142648,1,0,0,0,0,3136,784
853,0,,0,0,"0788-12-21 05:52:27",0,1,1,0,1,39003,0,0,0,0,0,3152,788
854,0,,0,0,"0788-12-21 05:52:27",0,1,1,0,1,142846,0,0,0,0,0,3152,788
855,0,,0,0,"0789-03-20 20:01:38",0,1,0,0,1,39015,0,0,0,1,0,3153,789
856,0,,0,0,"0789-03-20 20:01:38",0,1,0,0,1,142858,0,0,0,1,0,3153,789
857,0,,0,0,"0793-03-20 19:20:54",0,1,0,0,0,39213,1,0,0,1,0,3169,793
858,0,,0,0,"0793-03-20 19:20:54",0,1,0,0,0,143056,1,0,0,1,0,3169,793
859,0,,0,0,"0794-06-22 14:49:37",1,1,0,0,1,39275,0,0,0,0,0,3174,794
860,0,,0,0,"0794-06-22 14:49:37",1,1,0,0,1,143118,0,0,0,0,0,3174,794
861,0,,0,0,"0797-03-20 18:24:51",0,1,0,0,1,39411,0,0,0,1,0,3185,797
862,0,,0,0,"0797-03-20 18:24:51",0,1,0,0,1,143254,0,0,0,1,0,3185,797
863,0,,0,0,"0798-06-22 13:54:06",1,1,0,0,0,39473,1,0,0,0,0,3190,798
864,0,,0,0,"0798-06-22 13:54:06",1,1,0,0,0,143316,1,0,0,0,0,3190,798
865,0,,0,0,"0799-09-23 20:03:14",0,1,0,0,1,39535,0,1,0,0,0,3195,799
866,0,,0,0,"0799-09-23 20:03:14",0,1,0,0,1,143378,0,1,0,0,0,3195,799
867,0,,0,0,"0799-12-21 21:51:26",0,1,1,0,1,39547,0,0,0,0,0,3196,799
868,0,,0,0,"0799-12-21 21:51:26",0,1,1,0,1,143390,0,0,0,0,0,3196,799
869,0,,0,0,"0802-06-22 12:57:06",1,1,0,0,1,39671,0,0,0,0,0,3206,802
870,0,,0,0,"0802-06-22 12:57:06",1,1,0,0,1,143514,0,0,0,0,0,3206,802
871,0,,0,0,"0803-09-23 19:17:35",0,1,0,0,0,39733,1,1,0,0,0,3211,803
872,0,,0,0,"0803-09-23 19:17:35",0,1,0,0,0,143576,1,1,0,0,0,3211,803
873,0,,0,0,"0803-12-21 21:06:23",0,1,1,0,0,39745,1,0,0,0,0,3212,803
874,0,,0,0,"0803-12-21 21:06:23",0,1,1,0,0,143588,1,0,0,0,0,3212,803
875,0,,0,0,"0804-03-20 11:06:30",0,1,0,0,0,39757,1,0,0,1,0,3213,804
876,0,,0,0,"0804-03-20 11:06:30",0,1,0,0,0,143600,1,0,0,1,0,3213,804
877,0,,0,0,"0807-09-23 18:40:53",0,1,0,0,1,39931,0,1,0,0,0,3227,807
878,0,,0,0,"0807-09-23 18:40:53",0,1,0,0,1,143774,0,1,0,0,0,3227,807
879,0,,0,0,"0807-12-21 20:30:39",0,1,1,0,1,39943,0,0,0,0,0,3228,807
880,0,,0,0,"0807-12-21 20:30:39",0,1,1,0,1,143786,0,0,0,0,0,3228,807
881,0,,0,0,"0808-03-20 10:32:57",0,1,0,0,1,39955,0,0,0,1,0,3229,808
882,0,,0,0,"0808-03-20 10:32:57",0,1,0,0,1,143798,0,0,0,1,0,3229,808
883,0,,0,0,"0812-03-20 09:42:27",0,1,0,0,0,40153,1,0,0,1,0,3245,812
884,0,,0,0,"0812-03-20 09:42:27",0,1,0,0,0,143996,1,0,0,1,0,3245,812
885,0,,0,0,"0813-06-22 04:56:38",1,1,0,0,1,40215,0,0,0,0,0,3250,813
886,0,,0,0,"0813-06-22 04:56:38",1,1,0,0,1,144058,0,0,0,0,0,3250,813
887,0,,0,0,"0817-06-22 04:05:42",1,1,0,0,0,40413,1,0,0,0,0,3266,817
888,0,,0,0,"0817-06-22 04:05:42",1,1,0,0,0,144256,1,0,0,0,0,3266,817
889,0,,0,0,"0818-12-21 12:26:57",0,1,1,0,1,40487,0,0,0,0,0,3272,818
890,0,,0,0,"0818-12-21 12:26:57",0,1,1,0,1,144330,0,0,0,0,0,3272,818
891,0,,0,0,"0822-09-23 09:51:40",0,1,0,0,0,40673,1,1,0,0,0,3287,822
892,0,,0,0,"0822-09-23 09:51:40",0,1,0,0,0,144516,1,1,0,0,0,3287,822
893,0,,0,0,"0822-12-21 11:52:29",0,1,1,0,0,40685,1,0,0,0,0,3288,822
894,0,,0,0,"0822-12-21 11:52:29",0,1,1,0,0,144528,1,0,0,0,0,3288,822
895,0,,0,0,"0823-03-21 01:32:33",0,1,0,0,0,40697,1,0,0,1,0,3289,823
896,0,,0,0,"0823-03-21 01:32:33",0,1,0,0,0,144540,1,0,0,1,0,3289,823
897,0,,0,0,"0826-09-23 09:09:14",0,1,0,0,1,40871,0,1,0,0,0,3303,826
898,0,,0,0,"0826-09-23 09:09:14",0,1,0,0,1,144714,0,1,0,0,0,3303,826
899,0,,0,0,"0826-12-21 11:17:29",0,1,1,0,1,40883,0,0,0,0,0,3304,826
900,0,,0,0,"0826-12-21 11:17:29",0,1,1,0,1,144726,0,0,0,0,0,3304,826
901,0,,0,0,"0827-03-21 01:09:14",0,1,0,0,1,40895,0,0,0,1,0,3305,827
902,0,,0,0,"0827-03-21 01:09:14",0,1,0,0,1,144738,0,0,0,1,0,3305,827
903,0,,0,0,"0831-03-21 00:17:36",0,1,0,0,0,41093,1,0,0,1,0,3321,831
904,0,,0,0,"0831-03-21 00:17:36",0,1,0,0,0,144936,1,0,0,1,0,3321,831
905,0,,0,0,"0832-06-21 19:08:12",1,1,0,0,1,41155,0,0,0,0,0,3326,832
906,0,,0,0,"0832-06-21 19:08:12",1,1,0,0,1,144998,0,0,0,0,0,3326,832
907,0,,0,0,"0836-06-21 18:04:42",1,1,0,0,0,41353,1,0,0,0,0,3342,836
908,0,,0,0,"0836-06-21 18:04:42",1,1,0,0,0,145196,1,0,0,0,0,3342,836
909,0,,0,0,"0837-09-23 01:00:15",0,1,0,0,1,41415,0,1,0,0,0,3347,837
910,0,,0,0,"0837-09-23 01:00:15",0,1,0,0,1,145258,0,1,0,0,0,3347,837
911,0,,0,0,"0841-09-23 00:20:10",0,1,0,0,0,41613,1,1,0,0,0,3363,841
912,0,,0,0,"0841-09-23 00:20:10",0,1,0,0,0,145456,1,1,0,0,0,3363,841
913,0,,0,0,"0841-12-21 02:34:08",0,1,1,0,0,41625,1,0,0,0,0,3364,841
914,0,,0,0,"0841-12-21 02:34:08",0,1,1,0,0,145468,1,0,0,0,0,3364,841
915,0,,0,0,"0842-03-20 16:08:44",0,1,0,0,0,41637,1,0,0,1,0,3365,842
916,0,,0,0,"0842-03-20 16:08:44",0,1,0,0,0,145480,1,0,0,1,0,3365,842
917,0,,0,0,"0845-09-22 23:46:26",0,1,0,0,1,41811,0,1,0,0,0,3379,845
918,0,,0,0,"0845-09-22 23:46:26",0,1,0,0,1,145654,0,1,0,0,0,3379,845
919,0,,0,0,"0845-12-21 01:58:20",0,1,1,0,1,41823,0,0,0,0,0,3380,845
920,0,,0,0,"0845-12-21 01:58:20",0,1,1,0,1,145666,0,0,0,0,0,3380,845
921,0,,0,0,"0846-03-20 15:26:14",0,1,0,0,1,41835,0,0,0,1,0,3381,846
922,0,,0,0,"0846-03-20 15:26:14",0,1,0,0,1,145678,0,0,0,1,0,3381,846
923,0,,0,0,"0851-06-22 09:18:13",1,1,0,0,1,42095,0,0,0,0,0,3402,851
924,0,,0,0,"0851-06-22 09:18:13",1,1,0,0,1,145938,0,0,0,0,0,3402,851
925,0,,0,0,"0855-06-22 08:18:54",1,1,0,0,0,42293,1,0,0,0,0,3418,855
926,0,,0,0,"0855-06-22 08:18:54",1,1,0,0,0,146136,1,0,0,0,0,3418,855
927,0,,0,0,"0856-09-22 15:32:42",0,1,0,0,1,42355,0,1,0,0,0,3423,856
928,0,,0,0,"0856-09-22 15:32:42",0,1,0,0,1,146198,0,1,0,0,0,3423,856
929,0,,0,0,"0859-06-22 07:32:32",1,1,0,0,1,42491,0,0,0,0,0,3434,859
930,0,,0,0,"0859-06-22 07:32:32",1,1,0,0,1,146334,0,0,0,0,0,3434,859
931,0,,0,0,"0860-09-22 14:51:44",0,1,0,0,0,42553,1,1,0,0,0,3439,860
932,0,,0,0,"0860-09-22 14:51:44",0,1,0,0,0,146396,1,1,0,0,0,3439,860
933,0,,0,0,"0860-12-20 17:23:10",0,1,1,0,0,42565,1,0,0,0,0,3440,860
934,0,,0,0,"0860-12-20 17:23:10",0,1,1,0,0,146408,1,0,0,0,0,3440,860
935,0,,0,0,"0861-03-20 06:35:52",0,1,0,0,0,42577,1,0,0,1,0,3441,861
936,0,,0,0,"0861-03-20 06:35:52",0,1,0,0,0,146420,1,0,0,1,0,3441,861
937,0,,0,0,"0864-09-22 14:13:04",0,1,0,0,1,42751,0,1,0,0,0,3455,864
938,0,,0,0,"0864-09-22 14:13:04",0,1,0,0,1,146594,0,1,0,0,0,3455,864
939,0,,0,0,"0864-12-20 16:45:14",0,1,1,0,1,42763,0,0,0,0,0,3456,864
940,0,,0,0,"0864-12-20 16:45:14",0,1,1,0,1,146606,0,0,0,0,0,3456,864
941,0,,0,0,"0865-03-20 05:56:19",0,1,0,0,1,42775,0,0,0,1,0,3457,865
942,0,,0,0,"0865-03-20 05:56:19",0,1,0,0,1,146618,0,0,0,1,0,3457,865
943,0,,0,0,"0869-03-20 05:03:45",0,1,0,0,0,42973,1,0,0,1,0,3473,869
944,0,,0,0,"0869-03-20 05:03:45",0,1,0,0,0,146816,1,0,0,1,0,3473,869
945,0,,0,0,"0870-06-21 23:31:05",1,1,0,0,1,43035,0,0,0,0,0,3478,870
946,0,,0,0,"0870-06-21 23:31:05",1,1,0,0,1,146878,0,0,0,0,0,3478,870
947,0,,0,0,"0871-09-23 06:45:42",0,1,0,0,0,43097,1,1,0,0,0,3483,871
948,0,,0,0,"0871-09-23 06:45:42",0,1,0,0,0,146940,1,1,0,0,0,3483,871
949,0,,0,0,"0874-06-21 22:32:03",1,1,0,0,0,43233,1,0,0,0,0,3494,874
950,0,,0,0,"0874-06-21 22:32:03",1,1,0,0,0,147076,1,0,0,0,0,3494,874
951,0,,0,0,"0875-09-23 05:54:26",0,1,0,0,1,43295,0,1,0,0,0,3499,875
952,0,,0,0,"0875-09-23 05:54:26",0,1,0,0,1,147138,0,1,0,0,0,3499,875
953,0,,0,0,"0875-12-21 08:41:02",0,1,1,0,1,43307,0,0,0,0,0,3500,875
954,0,,0,0,"0875-12-21 08:41:02",0,1,1,0,1,147150,0,0,0,0,0,3500,875
955,0,,0,0,"0878-06-21 21:54:55",1,1,0,0,1,43431,0,0,0,0,0,3510,878
956,0,,0,0,"0878-06-21 21:54:55",1,1,0,0,1,147274,0,0,0,0,0,3510,878
957,0,,0,0,"0879-09-23 05:21:51",0,1,0,0,0,43493,1,1,0,0,0,3515,879
958,0,,0,0,"0879-09-23 05:21:51",0,1,0,0,0,147336,1,1,0,0,0,3515,879
959,0,,0,0,"0879-12-21 08:04:08",0,1,1,0,0,43505,1,0,0,0,0,3516,879
960,0,,0,0,"0879-12-21 08:04:08",0,1,1,0,0,147348,1,0,0,0,0,3516,879
961,0,,0,0,"0883-12-21 07:33:54",0,1,1,0,1,43703,0,0,0,0,0,3532,883
962,0,,0,0,"0883-12-21 07:33:54",0,1,1,0,1,147546,0,0,0,0,0,3532,883
963,0,,0,0,"0884-03-19 20:20:21",0,1,0,0,1,43715,0,0,0,1,0,3533,884
964,0,,0,0,"0884-03-19 20:20:21",0,1,0,0,1,147558,0,0,0,1,0,3533,884
965,0,,0,0,"0888-03-19 19:39:03",0,1,0,0,0,43913,1,0,0,1,0,3549,888
966,0,,0,0,"0888-03-19 19:39:03",0,1,0,0,0,147756,1,0,0,1,0,3549,888
967,0,,0,0,"0889-06-21 13:46:29",1,1,0,0,1,43975,0,0,0,0,0,3554,889
968,0,,0,0,"0889-06-21 13:46:29",1,1,0,0,1,147818,0,0,0,0,0,3554,889
969,0,,0,0,"0890-09-22 21:11:31",0,1,0,0,0,44037,1,1,0,0,0,3559,890
970,0,,0,0,"0890-09-22 21:11:31",0,1,0,0,0,147880,1,1,0,0,0,3559,890
971,0,,0,0,"0893-06-21 12:46:48",1,1,0,0,0,44173,1,0,0,0,0,3570,893
972,0,,0,0,"0893-06-21 12:46:48",1,1,0,0,0,148016,1,0,0,0,0,3570,893
973,0,,0,0,"0894-09-22 20:28:09",0,1,0,0,1,44235,0,1,0,0,0,3575,894
974,0,,0,0,"0894-09-22 20:28:09",0,1,0,0,1,148078,0,1,0,0,0,3575,894
975,0,,0,0,"0894-12-20 23:29:22",0,1,1,0,1,44247,0,0,0,0,0,3576,894
976,0,,0,0,"0894-12-20 23:29:22",0,1,1,0,1,148090,0,0,0,0,0,3576,894
977,0,,0,0,"0897-06-21 12:00:25",1,1,0,0,1,44371,0,0,0,0,0,3586,897
978,0,,0,0,"0897-06-21 12:00:25",1,1,0,0,1,148214,0,0,0,0,0,3586,897
979,0,,0,0,"0898-09-22 19:44:59",0,1,0,0,0,44433,1,1,0,0,0,3591,898
980,0,,0,0,"0898-09-22 19:44:59",0,1,0,0,0,148276,1,1,0,0,0,3591,898
981,0,,0,0,"0898-12-20 22:52:31",0,1,1,0,0,44445,1,0,0,0,0,3592,898
982,0,,0,0,"0898-12-20 22:52:31",0,1,1,0,0,148288,1,0,0,0,0,3592,898
983,0,,0,0,"0902-12-21 22:11:11",0,1,1,0,1,44643,0,0,0,0,0,3608,902
984,0,,0,0,"0902-12-21 22:11:11",0,1,1,0,1,148486,0,0,0,0,0,3608,902
985,0,,0,0,"0903-03-21 10:49:56",0,1,0,0,1,44655,0,0,0,1,0,3609,903
986,0,,0,0,"0903-03-21 10:49:56",0,1,0,0,1,148498,0,0,0,1,0,3609,903
987,0,,0,0,"0904-06-22 04:42:25",1,1,0,0,0,44717,1,0,0,0,0,3614,904
988,0,,0,0,"0904-06-22 04:42:25",1,1,0,0,0,148560,1,0,0,0,0,3614,904
989,0,,0,0,"0907-03-21 10:04:59",0,1,0,0,0,44853,1,0,0,1,0,3625,907
990,0,,0,0,"0907-03-21 10:04:59",0,1,0,0,0,148696,1,0,0,1,0,3625,907
991,0,,0,0,"0908-06-22 03:46:16",1,1,0,0,1,44915,0,0,0,0,0,3630,908
992,0,,0,0,"0908-06-22 03:46:16",1,1,0,0,1,148758,0,0,0,0,0,3630,908
993,0,,0,0,"0912-06-22 02:57:54",1,1,0,0,0,45113,1,0,0,0,0,3646,912
994,0,,0,0,"0912-06-22 02:57:54",1,1,0,0,0,148956,1,0,0,0,0,3646,912
995,0,,0,0,"0913-09-23 10:58:09",0,1,0,0,1,45175,0,1,0,0,0,3651,913
996,0,,0,0,"0913-09-23 10:58:09",0,1,0,0,1,149018,0,1,0,0,0,3651,913
997,0,,0,0,"0913-12-21 14:06:31",0,1,1,0,1,45187,0,0,0,0,0,3652,913
998,0,,0,0,"0913-12-21 14:06:31",0,1,1,0,1,149030,0,0,0,0,0,3652,913
999,0,,0,0,"0917-09-23 10:16:36",0,1,0,0,0,45373,1,1,0,0,0,3667,917
1000,0,,0,0,"0917-09-23 10:16:36",0,1,0,0,0,149216,1,1,0,0,0,3667,917
1001,0,,0,0,"0917-12-21 13:34:26",0,1,1,0,0,45385,1,0,0,0,0,3668,917
1002,0,,0,0,"0917-12-21 13:34:26",0,1,1,0,0,149228,1,0,0,0,0,3668,917
1003,0,,0,0,"0918-03-21 01:57:15",0,1,0,0,0,45397,1,0,0,1,0,3669,918
1004,0,,0,0,"0918-03-21 01:57:15",0,1,0,0,0,149240,1,0,0,1,0,3669,918
1005,0,,0,0,"0922-03-21 01:27:20",0,1,0,0,1,45595,0,0,0,1,0,3685,922
1006,0,,0,0,"0922-03-21 01:27:20",0,1,0,0,1,149438,0,0,0,1,0,3685,922
1007,0,,0,0,"0923-06-22 18:57:04",1,1,0,0,0,45657,1,0,0,0,0,3690,923
1008,0,,0,0,"0923-06-22 18:57:04",1,1,0,0,0,149500,1,0,0,0,0,3690,923
1009,0,,0,0,"0926-03-21 00:33:14",0,1,0,0,0,45793,1,0,0,1,0,3701,926
1010,0,,0,0,"0926-03-21 00:33:14",0,1,0,0,0,149636,1,0,0,1,0,3701,926
1011,0,,0,0,"0927-06-22 17:57:27",1,1,0,0,1,45855,0,0,0,0,0,3706,927
1012,0,,0,0,"0927-06-22 17:57:27",1,1,0,0,1,149698,0,0,0,0,0,3706,927
1013,0,,0,0,"0931-06-22 16:59:20",1,1,0,0,0,46053,1,0,0,0,0,3722,931
1014,0,,0,0,"0931-06-22 16:59:20",1,1,0,0,0,149896,1,0,0,0,0,3722,931
1015,0,,0,0,"0932-09-23 01:25:31",0,1,0,0,1,46115,0,1,0,0,0,3727,932
1016,0,,0,0,"0932-09-23 01:25:31",0,1,0,0,1,149958,0,1,0,0,0,3727,932
1017,0,,0,0,"0932-12-21 04:54:25",0,1,1,0,1,46127,0,0,0,0,0,3728,932
1018,0,,0,0,"0932-12-21 04:54:25",0,1,1,0,1,149970,0,0,0,0,0,3728,932
1019,0,,0,0,"0936-09-23 00:45:16",0,1,0,0,0,46313,1,1,0,0,0,3743,936
1020,0,,0,0,"0936-09-23 00:45:16",0,1,0,0,0,150156,1,1,0,0,0,3743,936
1021,0,,0,0,"0936-12-21 04:15:56",0,1,1,0,0,46325,1,0,0,0,0,3744,936
1022,0,,0,0,"0936-12-21 04:15:56",0,1,1,0,0,150168,1,0,0,0,0,3744,936
1023,0,,0,0,"0937-03-20 16:27:59",0,1,0,0,0,46337,1,0,0,1,0,3745,937
1024,0,,0,0,"0937-03-20 16:27:59",0,1,0,0,0,150180,1,0,0,1,0,3745,937
1025,0,,0,0,"0941-03-20 15:42:10",0,1,0,0,1,46535,0,0,0,1,0,3761,941
1026,0,,0,0,"0941-03-20 15:42:10",0,1,0,0,1,150378,0,0,0,1,0,3761,941
1027,0,,0,0,"0942-06-22 09:08:20",1,1,0,0,0,46597,1,0,0,0,0,3766,942
1028,0,,0,0,"0942-06-22 09:08:20",1,1,0,0,0,150440,1,0,0,0,0,3766,942
1029,0,,0,0,"0946-06-22 08:07:47",1,1,0,0,1,46795,0,0,0,0,0,3782,946
1030,0,,0,0,"0946-06-22 08:07:47",1,1,0,0,1,150638,0,0,0,0,0,3782,946
1031,0,,0,0,"0951-09-23 15:55:09",0,1,0,0,1,47055,0,1,0,0,0,3803,951
1032,0,,0,0,"0951-09-23 15:55:09",0,1,0,0,1,150898,0,1,0,0,0,3803,951
1033,0,,0,0,"0951-12-21 19:36:31",0,1,1,0,1,47067,0,0,0,0,0,3804,951
1034,0,,0,0,"0951-12-21 19:36:31",0,1,1,0,1,150910,0,0,0,0,0,3804,951
1035,0,,0,0,"0952-03-20 07:27:58",0,1,0,0,1,47079,0,0,0,1,0,3805,952
1036,0,,0,0,"0952-03-20 07:27:58",0,1,0,0,1,150922,0,0,0,1,0,3805,952
1037,0,,0,0,"0955-09-23 15:15:09",0,1,0,0,0,47253,1,1,0,0,0,3819,955
1038,0,,0,0,"0955-09-23 15:15:09",0,1,0,0,0,151096,1,1,0,0,0,3819,955
1039,0,,0,0,"0955-12-21 19:04:34",0,1,1,0,0,47265,1,0,0,0,0,3820,955
1040,0,,0,0,"0955-12-21 19:04:34",0,1,1,0,0,151108,1,0,0,0,0,3820,955
1041,0,,0,0,"0956-03-20 06:56:05",0,1,0,0,0,47277,1,0,0,1,0,3821,956
1042,0,,0,0,"0956-03-20 06:56:05",0,1,0,0,0,151120,1,0,0,1,0,3821,956
1043,0,,0,0,"0960-03-20 06:13:32",0,1,0,0,1,47475,0,0,0,1,0,3837,960
1044,0,,0,0,"0960-03-20 06:13:32",0,1,0,0,1,151318,0,0,0,1,0,3837,960
1045,0,,0,0,"0965-06-21 22:19:16",1,1,0,0,1,47735,0,0,0,0,0,3858,965
1046,0,,0,0,"0965-06-21 22:19:16",1,1,0,0,1,151578,0,0,0,0,0,3858,965
1047,0,,0,0,"0966-09-23 07:01:51",0,1,0,0,0,47797,1,1,0,0,0,3863,966
1048,0,,0,0,"0966-09-23 07:01:51",0,1,0,0,0,151640,1,1,0,0,0,3863,966
1049,0,,0,0,"0969-06-21 21:33:30",1,1,0,0,0,47933,1,0,0,0,0,3874,969
1050,0,,0,0,"0969-06-21 21:33:30",1,1,0,0,0,151776,1,0,0,0,0,3874,969
1051,0,,0,0,"0970-09-23 06:16:09",0,1,0,0,1,47995,0,1,0,0,0,3879,970
1052,0,,0,0,"0970-09-23 06:16:09",0,1,0,0,1,151838,0,1,0,0,0,3879,970
1053,0,,0,0,"0970-12-21 10:25:11",0,1,1,0,1,48007,0,0,0,0,0,3880,970
1054,0,,0,0,"0970-12-21 10:25:11",0,1,1,0,1,151850,0,0,0,0,0,3880,970
1055,0,,0,0,"0974-09-23 05:46:51",0,1,0,0,0,48193,1,1,0,0,0,3895,974
1056,0,,0,0,"0974-09-23 05:46:51",0,1,0,0,0,152036,1,1,0,0,0,3895,974
1057,0,,0,0,"0974-12-21 09:45:03",0,1,1,0,0,48205,1,0,0,0,0,3896,974
1058,0,,0,0,"0974-12-21 09:45:03",0,1,1,0,0,152048,1,0,0,0,0,3896,974
1059,0,,0,0,"0975-03-20 21:19:10",0,1,0,0,0,48217,1,0,0,1,0,3897,975
1060,0,,0,0,"0975-03-20 21:19:10",0,1,0,0,0,152060,1,0,0,1,0,3897,975
1061,0,,0,0,"0978-12-21 09:16:33",0,1,1,0,1,48403,0,0,0,0,0,3912,978
1062,0,,0,0,"0978-12-21 09:16:33",0,1,1,0,1,152246,0,0,0,0,0,3912,978
1063,0,,0,0,"0979-03-20 20:45:41",0,1,0,0,1,48415,0,0,0,1,0,3913,979
1064,0,,0,0,"0979-03-20 20:45:41",0,1,0,0,1,152258,0,0,0,1,0,3913,979
1065,0,,0,0,"0984-06-21 12:35:14",1,1,0,0,1,48675,0,0,0,0,0,3934,984
1066,0,,0,0,"0984-06-21 12:35:14",1,1,0,0,1,152518,0,0,0,0,0,3934,984
1067,0,,0,0,"0985-09-22 21:36:18",0,1,0,0,0,48737,1,1,0,0,0,3939,985
1068,0,,0,0,"0985-09-22 21:36:18",0,1,0,0,0,152580,1,1,0,0,0,3939,985
1069,0,,0,0,"0988-06-21 11:40:55",1,1,0,0,0,48873,1,0,0,0,0,3950,988
1070,0,,0,0,"0988-06-21 11:40:55",1,1,0,0,0,152716,1,0,0,0,0,3950,988
1071,0,,0,0,"0989-09-22 20:48:13",0,1,0,0,1,48935,0,1,0,0,0,3955,989
1072,0,,0,0,"0989-09-22 20:48:13",0,1,0,0,1,152778,0,1,0,0,0,3955,989
1073,0,,0,0,"0989-12-21 01:08:54",0,1,1,0,1,48947,0,0,0,0,0,3956,989
1074,0,,0,0,"0989-12-21 01:08:54",0,1,1,0,1,152790,0,0,0,0,0,3956,989
1075,0,,0,0,"0993-09-22 20:15:58",0,1,0,0,0,49133,1,1,0,0,0,3971,993
1076,0,,0,0,"0993-09-22 20:15:58",0,1,0,0,0,152976,1,1,0,0,0,3971,993
1077,0,,0,0,"0993-12-21 00:36:32",0,1,1,0,0,49145,1,0,0,0,0,3972,993
1078,0,,0,0,"0993-12-21 00:36:32",0,1,1,0,0,152988,1,0,0,0,0,3972,993
1079,0,,0,0,"0994-03-20 11:58:05",0,1,0,0,0,49157,1,0,0,1,0,3973,994
1080,0,,0,0,"0994-03-20 11:58:05",0,1,0,0,0,153000,1,0,0,1,0,3973,994
1081,0,,0,0,"0997-12-20 23:47:34",0,1,1,0,1,49343,0,0,0,0,0,3988,997
1082,0,,0,0,"0997-12-20 23:47:34",0,1,1,0,1,153186,0,0,0,0,0,3988,997
1083,0,,0,0,"0998-03-20 11:13:05",0,1,0,0,1,49355,0,0,0,1,0,3989,998
1084,0,,0,0,"0998-03-20 11:13:05",0,1,0,0,1,153198,0,0,0,1,0,3989,998
1085,0,,0,0,"0999-06-22 03:33:48",1,1,0,0,0,49417,1,0,0,0,0,3994,999
1086,0,,0,0,"0999-06-22 03:33:48",1,1,0,0,0,153260,1,0,0,0,0,3994,999
1087,0,6,1,0,"1000-03-20 22:36:39",0,0,0,0,0,,0,0,1,1,0,3997,1000
1088,0,26,1,0,"1000-12-21 17:18:28",0,0,1,0,0,,0,0,1,0,1,4000,1000
1089,0,46,1,0,"1001-09-23 18:43:42",0,0,0,0,0,,0,1,1,0,0,4003,1001
1090,0,59,1,1,"1002-03-21 10:20:06",0,0,0,0,0,,0,0,0,1,0,4005,1002
1091,0,79,1,1,"1002-12-22 04:56:47",0,0,1,0,0,,0,0,0,0,0,4008,1002
1092,0,,0,0,"1003-06-23 02:38:03",1,1,0,0,1,49615,0,0,0,0,0,4010,1003
1093,0,,0,0,"1003-06-23 02:38:03",1,1,0,0,1,153458,0,0,0,0,0,4010,1003
1094,0,99,1,1,"1003-09-24 06:16:35",0,0,0,0,0,,0,1,0,0,0,4011,1003
1095,0,,0,0,"1004-09-23 12:05:03",0,1,0,0,0,49677,1,1,0,0,0,4015,1004
1096,0,,0,0,"1004-09-23 12:05:03",0,1,0,0,0,153520,1,1,0,0,0,4015,1004
1097,0,132,1,0,"1004-12-21 16:30:26",0,0,1,1,0,,0,0,1,0,0,4016,1004
1098,0,152,1,0,"1005-09-23 17:44:26",0,0,0,0,0,,0,1,1,0,0,4019,1005
1099,0,172,1,0,"1006-06-22 20:10:35",1,0,0,0,0,,0,0,1,0,0,4022,1006
1100,0,185,1,1,"1006-12-22 04:13:02",0,0,1,0,0,,0,0,0,0,0,4024,1006
1101,0,,0,0,"1007-06-23 01:52:53",1,1,0,0,0,49813,1,0,0,0,0,4026,1007
1102,0,,0,0,"1007-06-23 01:52:53",1,1,0,0,0,153656,1,0,0,0,0,4026,1007
1103,0,,0,0,"1008-09-23 11:19:56",0,1,0,0,1,49875,0,1,0,0,0,4031,1008
1104,0,,0,0,"1008-09-23 11:19:56",0,1,0,0,1,153718,0,1,0,0,0,4031,1008
1105,1,,0,0,"1008-12-21 15:47:13",0,1,1,0,1,49887,0,0,0,0,1,4032,1008
1106,1,,0,0,"1008-12-21 15:47:13",0,1,1,0,1,153730,0,0,0,0,1,4032,1008
1107,1,238,1,0,"1008-12-21 15:47:13",0,0,1,0,0,,0,0,1,0,1,4032,1008
1108,0,258,1,0,"1009-09-23 17:15:16",0,0,0,0,0,,0,1,1,0,0,4035,1009
1109,0,278,1,0,"1010-06-22 19:17:04",1,0,0,0,0,,0,0,1,0,0,4038,1010
1110,1,,0,0,"1012-12-21 15:21:01",0,1,1,0,0,50085,1,0,0,0,0,4048,1012
1111,1,,0,0,"1012-12-21 15:21:01",0,1,1,0,0,153928,1,0,0,0,0,4048,1012
1112,0,344,1,0,"1012-12-21 15:21:01",0,0,1,0,0,,0,0,1,0,0,4048,1012
1113,0,,0,0,"1013-03-21 02:19:41",0,1,0,0,0,50097,1,0,0,1,0,4049,1013
1114,0,,0,0,"1013-03-21 02:19:41",0,1,0,0,0,153940,1,0,0,1,0,4049,1013
1115,0,384,1,0,"1014-06-22 18:40:25",1,0,0,0,0,,0,0,1,0,0,4054,1014
1116,0,437,1,1,"1016-06-22 06:14:44",1,0,0,0,0,,0,0,0,0,0,4062,1016
1117,0,450,1,0,"1016-12-21 14:35:47",0,0,1,0,0,,0,0,1,0,0,4064,1016
1118,0,,0,0,"1017-03-21 01:43:08",0,1,0,0,1,50295,0,0,0,1,0,4065,1017
1119,0,,0,0,"1017-03-21 01:43:08",0,1,0,0,1,154138,0,0,0,1,0,4065,1017
1120,1,,0,0,"1018-06-22 17:49:53",1,1,0,1,0,50357,1,0,0,0,0,4070,1018
1121,1,,0,0,"1018-06-22 17:49:53",1,1,0,1,0,154200,1,0,0,0,0,4070,1018
1122,1,490,1,0,"1018-06-22 17:49:53",1,0,0,1,0,,0,0,1,0,0,4070,1018
1123,0,543,1,1,"1020-06-22 05:29:13",1,0,0,0,0,,0,0,0,0,0,4078,1020
1124,1,,0,0,"1022-06-22 16:55:33",1,1,0,0,1,50555,0,0,0,0,1,4086,1022
1125,1,,0,0,"1022-06-22 16:55:33",1,1,0,0,1,154398,0,0,0,0,1,4086,1022
1126,1,596,1,0,"1022-06-22 16:55:33",1,0,0,0,0,,0,0,1,0,1,4086,1022
1127,0,,0,0,"1023-09-24 02:35:21",0,1,0,0,0,50617,1,1,0,0,0,4091,1023
1128,0,,0,0,"1023-09-24 02:35:21",0,1,0,0,0,154460,1,1,0,0,0,4091,1023
1129,0,,0,0,"1023-12-22 07:15:54",0,1,1,0,0,50629,1,0,0,0,0,4092,1023
1130,0,,0,0,"1023-12-22 07:15:54",0,1,1,0,0,154472,1,0,0,0,0,4092,1023
1131,0,649,1,1,"1024-06-22 04:23:21",1,0,0,0,0,,0,0,0,0,0,4094,1024
1132,1,,0,0,"1026-06-22 15:56:56",1,1,0,1,0,50753,1,0,0,0,0,4102,1026
1133,1,,0,0,"1026-06-22 15:56:56",1,1,0,1,0,154596,1,0,0,0,0,4102,1026
1134,1,702,1,0,"1026-06-22 15:56:56",1,0,0,1,0,,0,0,1,0,0,4102,1026
1135,0,,0,0,"1027-09-24 01:46:15",0,1,0,0,1,50815,0,1,0,0,0,4107,1027
1136,0,,0,0,"1027-09-24 01:46:15",0,1,0,0,1,154658,0,1,0,0,0,4107,1027
1137,0,,0,0,"1027-12-22 06:35:41",0,1,1,0,1,50827,0,0,0,0,0,4108,1027
1138,0,,0,0,"1027-12-22 06:35:41",0,1,1,0,1,154670,0,0,0,0,0,4108,1027
1139,0,755,1,1,"1028-06-22 03:45:58",1,0,0,0,0,,0,0,0,0,0,4110,1028
1140,0,808,1,0,"1030-06-22 15:27:42",1,0,0,0,0,,0,0,1,0,0,4118,1030
1141,0,,0,0,"1031-12-22 06:03:35",0,1,1,1,0,51025,1,0,0,0,0,4124,1031
1142,0,,0,0,"1031-12-22 06:03:35",0,1,1,1,0,154868,1,0,0,0,0,4124,1031
1143,0,,0,0,"1032-03-20 16:51:31",0,1,0,0,0,51037,1,0,0,1,0,4125,1032
1144,0,,0,0,"1032-03-20 16:51:31",0,1,0,0,0,154880,1,0,0,1,0,4125,1032
1145,0,,0,0,"1033-06-22 09:01:33",1,1,0,0,1,51099,0,0,0,0,0,4130,1033
1146,0,,0,0,"1033-06-22 09:01:33",1,1,0,0,1,154942,0,0,0,0,0,4130,1033
1147,0,914,1,0,"1034-06-22 14:40:55",1,0,0,0,0,,0,0,1,0,0,4134,1034
1148,0,934,1,0,"1035-03-21 10:15:56",0,0,0,0,0,,0,0,1,1,0,4137,1035
1149,0,,0,0,"1036-03-20 15:59:25",0,1,0,0,1,51235,0,0,0,1,0,4141,1036
1150,0,,0,0,"1036-03-20 15:59:25",0,1,0,0,1,155078,0,0,0,1,0,4141,1036
1151,0,,0,0,"1037-06-22 08:01:04",1,1,0,0,0,51297,1,0,0,0,0,4146,1037
1152,0,,0,0,"1037-06-22 08:01:04",1,1,0,0,0,155140,1,0,0,0,0,4146,1037
1153,0,1020,1,0,"1038-06-22 13:44:18",1,0,0,0,0,,0,0,1,0,0,4150,1038
1154,0,1040,1,0,"1039-03-21 09:27:24",0,0,0,0,0,,0,0,1,1,0,4153,1039
1155,0,1093,1,1,"1041-03-20 21:02:28",0,0,0,0,0,,0,0,0,1,0,4161,1041
1156,0,,0,0,"1041-06-22 07:09:30",1,1,0,0,1,51495,0,0,0,0,0,4162,1041
1157,0,,0,0,"1041-06-22 07:09:30",1,1,0,0,1,155338,0,0,0,0,0,4162,1041
1158,1,,0,0,"1042-09-23 16:52:08",0,1,0,0,0,51557,1,1,0,0,0,4167,1042
1159,1,,0,0,"1042-09-23 16:52:08",0,1,0,0,0,155400,1,1,0,0,0,4167,1042
1160,0,1133,1,1,"1042-09-23 16:52:08",0,0,0,0,0,,0,1,0,0,0,4167,1042
1161,0,,0,0,"1042-12-21 22:01:02",0,1,1,0,0,51569,1,0,0,0,0,4168,1042
1162,0,,0,0,"1042-12-21 22:01:02",0,1,1,0,0,155412,1,0,0,0,0,4168,1042
1163,0,1146,1,0,"1043-03-21 08:38:47",0,0,0,0,0,,0,0,1,1,0,4169,1043
1164,0,1186,1,0,"1044-09-23 04:40:07",0,0,0,0,0,,0,1,1,0,0,4175,1044
1165,0,1199,1,1,"1045-03-20 20:20:05",0,0,0,0,0,,0,0,0,1,0,4177,1045
1166,0,1219,1,1,"1045-12-21 15:22:23",0,0,1,0,0,,0,0,0,0,0,4180,1045
1167,1,,0,0,"1046-09-23 16:16:35",0,1,0,1,1,51755,0,1,0,0,0,4183,1046
1168,1,,0,0,"1046-09-23 16:16:35",0,1,0,1,1,155598,0,1,0,0,0,4183,1046
1169,1,1239,1,1,"1046-09-23 16:16:35",0,0,0,1,0,,0,1,0,0,0,4183,1046
1170,0,,0,0,"1046-12-21 21:17:44",0,1,1,0,1,51767,0,0,0,0,0,4184,1046
1171,0,,0,0,"1046-12-21 21:17:44",0,1,1,0,1,155610,0,0,0,0,0,4184,1046
1172,1,,0,0,"1047-03-21 07:50:30",0,1,0,0,1,51779,0,0,0,1,1,4185,1047
1173,1,,0,0,"1047-03-21 07:50:30",0,1,0,0,1,155622,0,0,0,1,1,4185,1047
1174,1,1252,1,0,"1047-03-21 07:50:30",0,0,0,0,0,,0,0,1,1,1,4185,1047
1175,0,1305,1,1,"1049-03-20 19:35:54",0,0,0,0,0,,0,0,0,1,0,4193,1049
1176,0,1325,1,1,"1049-12-21 15:03:12",0,0,1,0,0,,0,0,0,0,0,4196,1049
1177,1,,0,0,"1051-03-21 07:26:31",0,1,0,1,0,51977,1,0,0,1,0,4201,1051
1178,1,,0,0,"1051-03-21 07:26:31",0,1,0,1,0,155820,1,0,0,1,0,4201,1051
1179,1,1358,1,0,"1051-03-21 07:26:31",0,0,0,1,0,,0,0,1,1,0,4201,1051
1180,0,,0,0,"1052-06-21 23:08:14",1,1,0,0,1,52039,0,0,0,0,0,4206,1052
1181,0,,0,0,"1052-06-21 23:08:14",1,1,0,0,1,155882,0,0,0,0,0,4206,1052
1182,0,1411,1,1,"1053-03-20 19:07:31",0,0,0,0,0,,0,0,0,1,0,4209,1053
1183,0,1431,1,1,"1053-12-21 14:17:01",0,0,1,0,0,,0,0,0,0,0,4212,1053
1184,1,,0,0,"1055-03-21 06:30:55",0,1,0,0,1,52175,0,0,0,1,1,4217,1055
1185,1,,0,0,"1055-03-21 06:30:55",0,1,0,0,1,156018,0,0,0,1,1,4217,1055
1186,1,1464,1,0,"1055-03-21 06:30:55",0,0,0,0,0,,0,0,1,1,1,4217,1055
1187,0,1484,1,0,"1055-12-22 01:56:06",0,0,1,0,0,,0,0,1,0,0,4220,1055
1188,0,,0,0,"1056-06-21 22:15:01",1,1,0,0,0,52237,1,0,0,0,0,4222,1056
1189,0,,0,0,"1056-06-21 22:15:01",1,1,0,0,0,156080,1,0,0,0,0,4222,1056
1190,0,1517,1,1,"1057-03-20 18:04:56",0,0,0,0,0,,0,0,0,1,0,4225,1057
1191,0,1570,1,0,"1059-03-21 05:38:52",0,0,0,0,0,,0,0,1,1,0,4233,1059
1192,0,,0,0,"1060-06-21 21:14:16",1,1,0,0,1,52435,0,0,0,0,0,4238,1060
1193,0,,0,0,"1060-06-21 21:14:16",1,1,0,0,1,156278,0,0,0,0,0,4238,1060
1194,0,,0,0,"1061-09-23 07:19:26",0,1,0,0,0,52497,1,1,0,0,0,4243,1061
1195,0,,0,0,"1061-09-23 07:19:26",0,1,0,0,0,156340,1,1,0,0,0,4243,1061
1196,0,,0,0,"1061-12-21 12:44:51",0,1,1,0,0,52509,1,0,0,0,0,4244,1061
1197,0,,0,0,"1061-12-21 12:44:51",0,1,1,0,0,156352,1,0,0,0,0,4244,1061
1198,0,1676,1,0,"1063-03-21 04:54:38",0,0,0,0,0,,0,0,1,1,0,4249,1063
1199,0,,0,0,"1065-09-23 06:45:09",0,1,0,0,1,52695,0,1,0,0,0,4259,1065
1200,0,,0,0,"1065-09-23 06:45:09",0,1,0,0,1,156538,0,1,0,0,0,4259,1065
1201,0,,0,0,"1065-12-21 12:08:09",0,1,1,0,1,52707,0,0,0,0,0,4260,1065
1202,0,,0,0,"1065-12-21 12:08:09",0,1,1,0,1,156550,0,0,0,0,0,4260,1065
1203,0,,0,0,"1066-03-20 22:31:06",0,1,0,0,1,52719,0,0,0,1,0,4261,1066
1204,0,,0,0,"1066-03-20 22:31:06",0,1,0,0,1,156562,0,0,0,1,0,4261,1066
1205,0,1782,1,0,"1067-03-21 04:22:41",0,0,0,0,0,,0,0,1,1,0,4265,1067
1206,0,1789,1,1,"1067-06-22 14:01:16",1,0,0,0,0,,0,0,0,0,0,4266,1067
1207,0,,0,0,"1069-09-23 06:09:14",0,1,0,0,0,52893,1,1,0,0,0,4275,1069
1208,0,,0,0,"1069-09-23 06:09:14",0,1,0,0,0,156736,1,1,0,0,0,4275,1069
1209,0,,0,0,"1070-03-20 21:51:21",0,1,0,0,0,52917,1,0,0,1,0,4277,1070
1210,0,,0,0,"1070-03-20 21:51:21",0,1,0,0,0,156760,1,0,0,1,0,4277,1070
1211,0,1895,1,1,"1071-06-22 13:13:15",1,0,0,0,0,,0,0,0,0,0,4282,1071
1212,0,1948,1,0,"1073-06-22 00:48:49",1,0,0,0,0,,0,0,1,0,0,4290,1073
1213,1,,0,0,"1075-06-22 12:16:49",1,1,0,0,0,53177,1,0,0,0,1,4298,1075
1214,1,,0,0,"1075-06-22 12:16:49",1,1,0,0,0,157020,1,0,0,0,1,4298,1075
1215,1,2001,1,1,"1075-06-22 12:16:49",1,0,0,0,0,,0,0,0,0,1,4298,1075
1216,0,,0,0,"1079-06-22 11:27:01",1,1,0,0,1,53375,0,0,0,0,0,4314,1079
1217,0,,0,0,"1079-06-22 11:27:01",1,1,0,0,1,157218,0,0,0,0,0,4314,1079
1218,0,2114,1,0,"1079-09-23 16:07:08",0,0,0,0,0,,0,1,1,0,0,4315,1079
1219,0,,0,0,"1080-09-22 21:53:02",0,1,0,0,0,53437,1,1,0,0,0,4319,1080
1220,0,,0,0,"1080-09-22 21:53:02",0,1,0,0,0,157280,1,1,0,0,0,4319,1080
1221,0,2220,1,0,"1083-09-23 15:25:25",0,0,0,0,0,,0,1,1,0,0,4331,1083
1222,0,,0,0,"1084-09-22 21:18:36",0,1,0,0,1,53635,0,1,0,0,0,4335,1084
1223,0,,0,0,"1084-09-22 21:18:36",0,1,0,0,1,157478,0,1,0,0,0,4335,1084
1224,0,,0,0,"1084-12-21 02:56:02",0,1,1,0,1,53647,0,0,0,0,0,4336,1084
1225,0,,0,0,"1084-12-21 02:56:02",0,1,1,0,1,157490,0,0,0,0,0,4336,1084
1226,0,,0,0,"1085-03-20 12:57:55",0,1,0,0,1,53659,0,0,0,1,0,4337,1085
1227,0,,0,0,"1085-03-20 12:57:55",0,1,0,0,1,157502,0,0,0,1,0,4337,1085
1228,0,2273,1,1,"1085-09-23 03:04:54",0,0,0,0,0,,0,1,0,0,0,4339,1085
1229,0,2326,1,0,"1087-09-23 14:51:29",0,0,0,0,0,,0,1,1,0,0,4347,1087
1230,0,,0,0,"1088-09-22 20:35:50",0,1,0,0,0,53833,1,1,0,0,0,4351,1088
1231,0,,0,0,"1088-09-22 20:35:50",0,1,0,0,0,157676,1,1,0,0,0,4351,1088
1232,0,,0,0,"1088-12-21 02:16:08",0,1,1,0,0,53845,1,0,0,0,1,4352,1088
1233,0,,0,0,"1088-12-21 02:16:08",0,1,1,0,0,157688,1,0,0,0,1,4352,1088
1234,0,,0,0,"1089-03-20 12:22:46",0,1,0,0,0,53857,1,0,0,1,0,4353,1089
1235,0,,0,0,"1089-03-20 12:22:46",0,1,0,0,0,157700,1,0,0,1,0,4353,1089
1236,0,2379,1,1,"1089-09-23 02:21:27",0,0,0,0,0,,0,1,0,0,0,4355,1089
1237,0,2412,1,0,"1090-12-21 14:00:40",0,0,1,0,0,,0,0,1,0,0,4360,1090
1238,0,2432,1,0,"1091-09-23 14:00:06",0,0,0,1,0,,0,1,1,0,0,4363,1091
1239,0,2465,1,1,"1092-12-21 01:27:32",0,0,1,0,0,,0,0,0,0,0,4368,1092
1240,0,2485,1,1,"1093-09-23 01:36:23",0,0,0,0,0,,0,1,0,0,0,4371,1093
1241,0,,0,0,"1094-06-22 02:31:54",1,1,0,0,0,54117,1,0,0,0,0,4374,1094
1242,0,,0,0,"1094-06-22 02:31:54",1,1,0,0,0,157960,1,0,0,0,0,4374,1094
1243,1,,0,0,"1095-09-23 13:13:23",0,1,0,0,1,54179,0,1,0,0,1,4379,1095
1244,1,,0,0,"1095-09-23 13:13:23",0,1,0,0,1,158022,0,1,0,0,1,4379,1095
1245,1,2538,1,0,"1095-09-23 13:13:23",0,0,0,0,0,,0,1,1,0,1,4379,1095
1246,0,2551,1,1,"1096-03-20 04:46:42",0,0,0,0,0,,0,0,0,1,0,4381,1096
1247,0,2571,1,1,"1096-12-21 00:45:08",0,0,1,0,0,,0,0,0,0,0,4384,1096
1248,0,2591,1,1,"1097-09-23 00:41:28",0,0,0,0,0,,0,1,0,0,0,4387,1097
1249,0,,0,0,"1098-06-22 01:32:06",1,1,0,0,1,54315,0,0,0,0,0,4390,1098
1250,0,,0,0,"1098-06-22 01:32:06",1,1,0,0,1,158158,0,0,0,0,0,4390,1098
1251,1,,0,0,"1099-09-23 12:22:21",0,1,0,1,0,54377,1,1,0,0,0,4395,1099
1252,1,,0,0,"1099-09-23 12:22:21",0,1,0,1,0,158220,1,1,0,0,0,4395,1099
1253,1,2644,1,0,"1099-09-23 12:22:21",0,0,0,1,0,,0,1,1,0,0,4395,1099
1254,0,2657,1,1,"1100-03-21 04:04:51",0,0,0,0,0,,0,0,0,1,0,4397,1100
1255,0,2710,1,0,"1102-03-21 15:51:17",0,0,0,0,0,,0,0,1,1,0,4405,1102
1256,1,,0,0,"1103-09-24 11:44:53",0,1,0,0,1,54575,0,1,0,0,1,4411,1103
1257,1,,0,0,"1103-09-24 11:44:53",0,1,0,0,1,158418,0,1,0,0,1,4411,1103
1258,1,2750,1,0,"1103-09-24 11:44:53",0,0,0,0,0,,0,1,1,0,1,4411,1103
1259,0,,0,0,"1103-12-22 17:33:44",0,1,1,0,1,54587,0,0,0,0,0,4412,1103
1260,0,,0,0,"1103-12-22 17:33:44",0,1,1,0,1,158430,0,0,0,0,0,4412,1103
1261,0,,0,0,"1104-03-21 03:23:27",0,1,0,1,1,54599,0,0,0,1,0,4413,1104
1262,0,,0,0,"1104-03-21 03:23:27",0,1,0,1,1,158442,0,0,0,1,0,4413,1104
1263,0,2856,1,0,"1107-09-24 11:06:31",0,0,0,0,0,,0,1,1,0,0,4427,1107
1264,0,,0,0,"1107-12-22 17:02:19",0,1,1,0,0,54785,1,0,0,0,0,4428,1107
1265,0,,0,0,"1107-12-22 17:02:19",0,1,1,0,0,158628,1,0,0,0,0,4428,1107
1266,0,,0,0,"1108-03-21 02:41:50",0,1,0,0,0,54797,1,0,0,1,0,4429,1108
1267,0,,0,0,"1108-03-21 02:41:50",0,1,0,0,0,158640,1,0,0,1,0,4429,1108
1268,0,2876,1,0,"1108-06-22 11:48:42",1,0,0,0,0,,0,0,1,0,0,4430,1108
1269,0,2929,1,1,"1110-06-22 23:23:42",1,0,0,0,0,,0,0,0,0,0,4438,1110
1270,0,2962,1,0,"1111-09-24 10:16:05",0,0,0,0,0,,0,1,1,0,0,4443,1111
1271,0,2982,1,0,"1112-06-22 11:03:10",1,0,0,0,0,,0,0,1,0,0,4446,1112
1272,0,,0,0,"1113-06-22 16:50:42",1,1,0,0,0,55057,1,0,0,0,0,4450,1113
1273,0,,0,0,"1113-06-22 16:50:42",1,1,0,0,0,158900,1,0,0,0,0,4450,1113
1274,0,3035,1,1,"1114-06-22 22:26:35",1,0,0,0,0,,0,0,0,0,0,4454,1114
1275,0,,0,0,"1114-09-24 03:34:11",0,1,0,0,1,55119,0,1,0,0,0,4455,1114
1276,0,,0,0,"1114-09-24 03:34:11",0,1,0,0,1,158962,0,1,0,0,0,4455,1114
1277,0,,0,0,"1117-06-22 15:49:26",1,1,0,0,1,55255,0,0,0,0,0,4466,1117
1278,0,,0,0,"1117-06-22 15:49:26",1,1,0,0,1,159098,0,0,0,0,0,4466,1117
1279,0,3141,1,1,"1118-06-22 21:37:29",1,0,0,0,0,,0,0,0,0,0,4470,1118
1280,0,,0,0,"1118-09-24 02:49:51",0,1,0,0,0,55317,1,1,0,0,0,4471,1118
1281,0,,0,0,"1118-09-24 02:49:51",0,1,0,0,0,159160,1,1,0,0,0,4471,1118
1282,0,,0,0,"1118-12-22 08:52:51",0,1,1,0,0,55329,1,0,0,0,0,4472,1118
1283,0,,0,0,"1118-12-22 08:52:51",0,1,1,0,0,159172,1,0,0,0,0,4472,1118
1284,0,3247,1,1,"1122-06-22 20:45:21",1,0,0,0,0,,0,0,0,0,0,4486,1122
1285,0,,0,0,"1122-09-24 02:08:28",0,1,0,0,1,55515,0,1,0,0,1,4487,1122
1286,0,,0,0,"1122-09-24 02:08:28",0,1,0,0,1,159358,0,1,0,0,1,4487,1122
1287,0,,0,0,"1122-12-22 08:25:01",0,1,1,0,1,55527,0,0,0,0,0,4488,1122
1288,0,,0,0,"1122-12-22 08:25:01",0,1,1,0,1,159370,0,0,0,0,0,4488,1122
1289,0,,0,0,"1123-03-21 18:00:23",0,1,0,0,1,55539,0,0,0,1,0,4489,1123
1290,0,,0,0,"1123-03-21 18:00:23",0,1,0,0,1,159382,0,0,0,1,0,4489,1123
1291,0,3340,1,0,"1125-12-22 01:56:28",0,0,1,0,0,,0,0,1,0,0,4500,1125
1292,0,,0,0,"1126-12-22 07:41:32",0,1,1,0,0,55725,1,0,0,0,0,4504,1126
1293,0,,0,0,"1126-12-22 07:41:32",0,1,1,0,0,159568,1,0,0,0,0,4504,1126
1294,0,,0,0,"1127-03-21 17:13:29",0,1,0,0,0,55737,1,0,0,1,0,4505,1127
1295,0,,0,0,"1127-03-21 17:13:29",0,1,0,0,0,159580,1,0,0,1,0,4505,1127
1296,0,,0,0,"1128-06-22 07:55:07",1,1,0,0,1,55799,0,0,0,0,1,4510,1128
1297,0,,0,0,"1128-06-22 07:55:07",1,1,0,0,1,159642,0,0,0,0,1,4510,1128
1298,0,3446,1,0,"1129-12-22 01:06:53",0,0,1,0,0,,0,0,1,0,0,4516,1129
1299,0,,0,0,"1132-06-22 06:55:18",1,1,0,1,0,55997,1,0,0,0,0,4526,1132
1300,0,,0,0,"1132-06-22 06:55:18",1,1,0,1,0,159840,1,0,0,0,0,4526,1132
1301,0,,0,0,"1133-09-23 17:59:58",0,1,0,0,1,56059,0,1,0,0,0,4531,1133
1302,0,,0,0,"1133-09-23 17:59:58",0,1,0,0,1,159902,0,1,0,0,0,4531,1133
1303,0,3552,1,0,"1133-12-22 00:24:30",0,0,1,0,0,,0,0,1,0,0,4532,1133
1304,0,3605,1,1,"1135-12-22 11:57:22",0,0,1,0,0,,0,0,0,0,0,4540,1135
1305,0,,0,0,"1136-06-22 06:01:21",1,1,0,0,1,56195,0,0,0,0,0,4542,1136
1306,0,,0,0,"1136-06-22 06:01:21",1,1,0,0,1,160038,0,0,0,0,0,4542,1136
1307,0,3625,1,1,"1136-09-23 11:24:12",0,0,0,0,0,,0,1,0,0,0,4543,1136
1308,0,3638,1,0,"1137-03-21 03:17:07",0,0,0,0,0,,0,0,1,1,0,4545,1137
1309,0,,0,0,"1137-09-23 17:12:13",0,1,0,0,0,56257,1,1,0,0,0,4547,1137
1310,0,,0,0,"1137-09-23 17:12:13",0,1,0,0,0,160100,1,1,0,0,0,4547,1137
1311,1,,0,0,"1137-12-21 23:38:32",0,1,1,1,0,56269,1,0,0,0,0,4548,1137
1312,1,,0,0,"1137-12-21 23:38:32",0,1,1,1,0,160112,1,0,0,0,0,4548,1137
1313,1,3658,1,0,"1137-12-21 23:38:32",0,0,1,1,0,,0,0,1,0,0,4548,1137
1314,0,3691,1,1,"1139-03-21 14:49:44",0,0,0,0,0,,0,0,0,1,0,4553,1139
1315,0,3711,1,1,"1139-12-22 11:18:07",0,0,1,0,0,,0,0,0,0,0,4556,1139
1316,0,3731,1,1,"1140-09-23 10:49:55",0,0,0,0,0,,0,1,0,0,0,4559,1140
1317,1,,0,0,"1141-12-21 23:03:23",0,1,1,0,1,56467,0,0,0,0,1,4564,1141
1318,1,,0,0,"1141-12-21 23:03:23",0,1,1,0,1,160310,0,0,0,0,1,4564,1141
1319,1,3764,1,0,"1141-12-21 23:03:23",0,0,1,0,0,,0,0,1,0,1,4564,1141
1320,0,,0,0,"1142-03-21 08:24:56",0,1,0,0,1,56479,0,0,0,1,0,4565,1142
1321,0,,0,0,"1142-03-21 08:24:56",0,1,0,0,1,160322,0,0,0,1,0,4565,1142
1322,0,3797,1,1,"1143-03-21 14:09:03",0,0,0,0,0,,0,0,0,1,0,4569,1143
1323,0,3817,1,1,"1143-12-22 10:48:43",0,0,1,0,0,,0,0,0,0,0,4572,1143
1324,0,3837,1,1,"1144-09-23 10:08:55",0,0,0,0,0,,0,1,0,0,0,4575,1144
1325,1,,0,0,"1145-12-21 22:30:27",0,1,1,1,0,56665,1,0,0,0,0,4580,1145
1326,1,,0,0,"1145-12-21 22:30:27",0,1,1,1,0,160508,1,0,0,0,0,4580,1145
1327,1,3870,1,0,"1145-12-21 22:30:27",0,0,1,1,0,,0,0,1,0,0,4580,1145
1328,0,,0,0,"1146-03-21 07:46:54",0,1,0,0,0,56677,1,0,0,1,0,4581,1146
1329,0,,0,0,"1146-03-21 07:46:54",0,1,0,0,0,160520,1,0,0,1,0,4581,1146
1330,0,3890,1,0,"1146-09-23 21:45:08",0,0,0,0,0,,0,1,1,0,0,4583,1146
1331,0,3903,1,1,"1147-03-21 13:33:49",0,0,0,0,0,,0,0,0,1,0,4585,1147
1332,0,,0,0,"1147-06-22 22:00:07",1,1,0,0,1,56739,0,0,0,0,0,4586,1147
1333,0,,0,0,"1147-06-22 22:00:07",1,1,0,0,1,160582,0,0,0,0,0,4586,1147
1334,0,3923,1,1,"1147-12-22 10:07:08",0,0,1,0,0,,0,0,0,0,0,4588,1147
1335,0,3976,1,0,"1149-12-21 21:41:27",0,0,1,0,0,,0,0,1,0,0,4596,1149
1336,0,,0,0,"1150-03-21 06:56:30",0,1,0,0,1,56875,0,0,0,1,0,4597,1150
1337,0,,0,0,"1150-03-21 06:56:30",0,1,0,0,1,160718,0,0,0,1,0,4597,1150
1338,0,,0,0,"1151-06-22 21:03:22",1,1,0,1,0,56937,1,0,0,0,0,4602,1151
1339,0,,0,0,"1151-06-22 21:03:22",1,1,0,1,0,160780,1,0,0,0,0,4602,1151
1340,0,4029,1,1,"1151-12-22 09:10:13",0,0,1,0,0,,0,0,0,0,0,4604,1151
1341,0,,0,0,"1152-09-23 08:28:24",0,1,0,0,1,56999,0,1,0,0,0,4607,1152
1342,0,,0,0,"1152-09-23 08:28:24",0,1,0,0,1,160842,0,1,0,0,0,4607,1152
1343,0,,0,0,"1152-12-21 14:57:31",0,1,1,0,1,57011,0,0,0,0,0,4608,1152
1344,0,,0,0,"1152-12-21 14:57:31",0,1,1,0,1,160854,0,0,0,0,0,4608,1152
1345,0,4082,1,0,"1153-12-21 20:51:51",0,0,1,0,0,,0,0,1,0,0,4612,1153
1346,0,,0,0,"1156-09-23 07:44:37",0,1,0,0,0,57197,1,1,0,0,0,4623,1156
1347,0,,0,0,"1156-09-23 07:44:37",0,1,0,0,0,161040,1,1,0,0,0,4623,1156
1348,0,,0,0,"1156-12-21 14:25:56",0,1,1,0,0,57209,1,0,0,0,0,4624,1156
1349,0,,0,0,"1156-12-21 14:25:56",0,1,1,0,0,161052,1,0,0,0,0,4624,1156
1350,0,4188,1,0,"1157-12-21 20:14:42",0,0,1,0,0,,0,0,1,0,0,4628,1157
1351,0,,0,0,"1160-12-21 13:46:33",0,1,1,0,1,57407,0,0,0,0,0,4640,1160
1352,0,,0,0,"1160-12-21 13:46:33",0,1,1,0,1,161250,0,0,0,0,0,4640,1160
1353,0,,0,0,"1161-03-20 22:59:17",0,1,0,0,1,57419,0,0,0,1,1,4641,1161
1354,0,,0,0,"1161-03-20 22:59:17",0,1,0,0,1,161262,0,0,0,1,1,4641,1161
1355,0,4281,1,1,"1161-06-22 07:20:31",1,0,0,0,0,,0,0,0,0,0,4642,1161
1356,0,,0,0,"1162-06-22 12:59:03",1,1,0,0,0,57481,1,0,0,0,0,4646,1162
1357,0,,0,0,"1162-06-22 12:59:03",1,1,0,0,0,161324,1,0,0,0,0,4646,1162
1358,0,,0,0,"1165-03-20 22:11:26",0,1,0,0,0,57617,1,0,0,1,0,4657,1165
1359,0,,0,0,"1165-03-20 22:11:26",0,1,0,0,0,161460,1,0,0,1,0,4657,1165
1360,0,4387,1,1,"1165-06-22 06:20:03",1,0,0,0,0,,0,0,0,0,0,4658,1165
1361,0,,0,0,"1166-06-22 12:06:57",1,1,0,0,1,57679,0,0,0,0,0,4662,1166
1362,0,,0,0,"1166-06-22 12:06:57",1,1,0,0,1,161522,0,0,0,0,0,4662,1166
1363,0,,0,0,"1169-03-20 21:24:22",0,1,0,0,1,57815,0,0,0,1,0,4673,1169
1364,0,,0,0,"1169-03-20 21:24:22",0,1,0,0,1,161658,0,0,0,1,0,4673,1169
1365,0,4493,1,1,"1169-06-22 05:28:25",1,0,0,0,0,,0,0,0,0,0,4674,1169
1366,0,,0,0,"1170-06-22 11:06:06",1,1,0,0,0,57877,1,0,0,0,0,4678,1170
1367,0,,0,0,"1170-06-22 11:06:06",1,1,0,0,0,161720,1,0,0,0,0,4678,1170
1368,0,4546,1,0,"1171-06-22 16:56:23",1,0,0,0,0,,0,0,1,0,0,4682,1171
1369,0,,0,0,"1171-09-23 22:53:51",0,1,0,0,1,57939,0,1,0,0,0,4683,1171
1370,0,,0,0,"1171-09-23 22:53:51",0,1,0,0,1,161782,0,1,0,0,0,4683,1171
1371,0,,0,0,"1171-12-22 05:46:16",0,1,1,0,1,57951,0,0,0,0,0,4684,1171
1372,0,,0,0,"1171-12-22 05:46:16",0,1,1,0,1,161794,0,0,0,0,0,4684,1171
1373,0,4599,1,1,"1173-06-22 04:33:40",1,0,0,0,0,,0,0,0,0,0,4690,1173
1374,0,4652,1,0,"1175-06-22 16:15:11",1,0,0,0,0,,0,0,1,0,0,4698,1175
1375,0,,0,0,"1175-09-23 22:13:20",0,1,0,0,0,58137,1,1,0,0,0,4699,1175
1376,0,,0,0,"1175-09-23 22:13:20",0,1,0,0,0,161980,1,1,0,0,0,4699,1175
1377,0,,0,0,"1175-12-22 05:01:51",0,1,1,0,0,58149,1,0,0,0,0,4700,1175
1378,0,,0,0,"1175-12-22 05:01:51",0,1,1,0,0,161992,1,0,0,0,0,4700,1175
1379,1,,0,0,"1176-03-20 13:57:28",0,1,0,0,0,58161,1,0,0,1,0,4701,1176
1380,1,,0,0,"1176-03-20 13:57:28",0,1,0,0,0,162004,1,0,0,1,0,4701,1176
1381,0,4672,1,0,"1176-03-20 13:57:28",0,0,0,0,0,,0,0,1,1,0,4701,1176
1382,0,,0,0,"1179-09-23 21:36:07",0,1,0,1,1,58335,0,1,0,0,0,4715,1179
1383,0,,0,0,"1179-09-23 21:36:07",0,1,0,1,1,162178,0,1,0,0,0,4715,1179
1384,0,,0,0,"1179-12-22 04:35:33",0,1,1,0,1,58347,0,0,0,0,0,4716,1179
1385,0,,0,0,"1179-12-22 04:35:33",0,1,1,0,1,162190,0,0,0,0,0,4716,1179
1386,1,,0,0,"1180-03-20 13:21:13",0,1,0,0,1,58359,0,0,0,1,1,4717,1180
1387,1,,0,0,"1180-03-20 13:21:13",0,1,0,0,1,162202,0,0,0,1,1,4717,1180
1388,1,4778,1,0,"1180-03-20 13:21:13",0,0,0,0,0,,0,0,1,1,1,4717,1180
1389,0,4818,1,0,"1181-09-23 09:10:12",0,0,0,0,0,,0,1,1,0,0,4723,1181
1390,0,4871,1,1,"1183-09-23 20:53:25",0,0,0,0,0,,0,1,0,0,0,4731,1183
1391,1,,0,0,"1184-03-20 12:42:47",0,1,0,1,0,58557,1,0,0,1,0,4733,1184
1392,1,,0,0,"1184-03-20 12:42:47",0,1,0,1,0,162400,1,0,0,1,0,4733,1184
1393,1,4884,1,0,"1184-03-20 12:42:47",0,0,0,1,0,,0,0,1,1,0,4733,1184
1394,0,,0,0,"1185-06-22 02:25:36",1,1,0,0,1,58619,0,0,0,0,0,4738,1185
1395,0,,0,0,"1185-06-22 02:25:36",1,1,0,0,1,162462,0,0,0,0,0,4738,1185
1396,0,4977,1,1,"1187-09-23 20:00:00",0,0,0,0,0,,0,1,0,0,0,4747,1187
1397,0,,0,0,"1189-06-22 01:22:02",1,1,0,0,0,58817,1,0,0,0,0,4754,1189
1398,0,,0,0,"1189-06-22 01:22:02",1,1,0,0,0,162660,1,0,0,0,0,4754,1189
1399,0,5043,1,1,"1190-03-20 23:18:17",0,0,0,0,0,,0,0,0,1,0,4757,1190
1400,0,,0,0,"1190-09-23 13:21:34",0,1,0,0,1,58879,0,1,0,0,0,4759,1190
1401,0,,0,0,"1190-09-23 13:21:34",0,1,0,0,1,162722,0,1,0,0,0,4759,1190
1402,0,5063,1,1,"1190-12-21 20:31:14",0,0,1,0,0,,0,0,0,0,0,4760,1190
1403,0,5083,1,1,"1191-09-23 19:13:06",0,0,0,0,0,,0,1,0,0,0,4763,1191
1404,0,5116,1,0,"1192-12-21 08:05:59",0,0,1,0,0,,0,0,1,0,0,4768,1192
1405,0,5149,1,1,"1194-03-20 22:42:02",0,0,0,0,0,,0,0,0,1,0,4773,1194
1406,0,,0,0,"1194-09-23 12:38:47",0,1,0,0,0,59077,1,1,0,0,0,4775,1194
1407,0,,0,0,"1194-09-23 12:38:47",0,1,0,0,0,162920,1,1,0,0,0,4775,1194
1408,1,,0,0,"1194-12-21 19:53:56",0,1,1,0,0,59089,1,0,0,0,1,4776,1194
1409,1,,0,0,"1194-12-21 19:53:56",0,1,1,0,0,162932,1,0,0,0,1,4776,1194
1410,1,5169,1,1,"1194-12-21 19:53:56",0,0,1,0,0,,0,0,0,0,1,4776,1194
1411,0,,0,0,"1195-03-21 04:30:09",0,1,0,0,0,59101,1,0,0,1,0,4777,1195
1412,0,,0,0,"1195-03-21 04:30:09",0,1,0,0,0,162944,1,0,0,1,0,4777,1195
1413,0,5202,1,0,"1196-03-20 10:19:18",0,0,0,0,0,,0,0,1,1,0,4781,1196
1414,0,5255,1,1,"1198-03-20 22:02:10",0,0,0,0,0,,0,0,0,1,0,4789,1198
1415,0,,0,0,"1198-09-23 12:00:07",0,1,0,0,1,59275,0,1,0,0,0,4791,1198
1416,0,,0,0,"1198-09-23 12:00:07",0,1,0,0,1,163118,0,1,0,0,0,4791,1198
1417,0,,0,0,"1198-12-21 19:13:39",0,1,1,0,1,59287,0,0,0,0,0,4792,1198
1418,0,,0,0,"1198-12-21 19:13:39",0,1,1,0,1,163130,0,0,0,0,0,4792,1198
1419,0,,0,0,"1199-03-21 03:48:12",0,1,0,0,1,59299,0,0,0,1,0,4793,1199
1420,0,,0,0,"1199-03-21 03:48:12",0,1,0,0,1,163142,0,0,0,1,0,4793,1199
1421,0,5308,1,0,"1200-03-20 09:41:32",0,0,0,0,0,,0,0,1,1,0,4797,1200
1422,0,5361,1,1,"1202-03-20 21:14:56",0,0,0,0,0,,0,0,0,1,0,4805,1202
1423,0,,0,0,"1203-03-21 03:04:30",0,1,0,0,0,59497,1,0,0,1,0,4809,1203
1424,0,,0,0,"1203-03-21 03:04:30",0,1,0,0,0,163340,1,0,0,1,0,4809,1203
1425,0,5414,1,0,"1204-03-20 08:53:57",0,0,0,0,0,,0,0,1,1,0,4813,1204
1426,0,,0,0,"1204-06-21 16:32:14",1,1,0,0,1,59559,0,0,0,0,0,4814,1204
1427,0,,0,0,"1204-06-21 16:32:14",1,1,0,0,1,163402,0,0,0,0,0,4814,1204
1428,1,,0,0,"1208-06-21 15:40:31",1,1,0,0,0,59757,1,0,0,0,1,4830,1208
1429,1,,0,0,"1208-06-21 15:40:31",1,1,0,0,0,163600,1,0,0,0,1,4830,1208
1430,1,5527,1,1,"1208-06-21 15:40:31",1,0,0,0,0,,0,0,0,0,1,4830,1208
1431,0,,0,0,"1209-09-23 03:45:13",0,1,0,0,1,59819,0,1,0,0,0,4835,1209
1432,0,,0,0,"1209-09-23 03:45:13",0,1,0,0,1,163662,0,1,0,0,0,4835,1209
1433,0,5580,1,0,"1210-06-22 03:10:27",1,0,0,0,0,,0,0,1,0,0,4838,1210
1434,0,5633,1,1,"1212-06-21 14:49:56",1,0,0,0,0,,0,0,0,0,0,4846,1212
1435,0,,0,0,"1213-09-23 03:05:57",0,1,0,0,0,60017,1,1,0,0,0,4851,1213
1436,0,,0,0,"1213-09-23 03:05:57",0,1,0,0,0,163860,1,1,0,0,0,4851,1213
1437,0,,0,0,"1213-12-21 10:38:48",0,1,1,0,0,60029,1,0,0,0,0,4852,1213
1438,0,,0,0,"1213-12-21 10:38:48",0,1,1,0,0,163872,1,0,0,0,0,4852,1213
1439,0,,0,0,"1214-03-20 18:55:29",0,1,0,0,0,60041,1,0,0,1,0,4853,1214
1440,0,,0,0,"1214-03-20 18:55:29",0,1,0,0,0,163884,1,0,0,1,0,4853,1214
1441,0,5739,1,1,"1216-06-21 14:04:27",1,0,0,0,0,,0,0,0,0,0,4862,1216
1442,0,,0,0,"1217-09-23 02:25:14",0,1,0,0,1,60215,0,1,0,0,0,4867,1217
1443,0,,0,0,"1217-09-23 02:25:14",0,1,0,0,1,164058,0,1,0,0,0,4867,1217
1444,0,,0,0,"1217-12-21 10:02:09",0,1,1,0,1,60227,0,0,0,0,0,4868,1217
1445,0,,0,0,"1217-12-21 10:02:09",0,1,1,0,1,164070,0,0,0,0,0,4868,1217
1446,0,,0,0,"1218-03-20 18:23:31",0,1,0,0,1,60239,0,0,0,1,0,4869,1218
1447,0,,0,0,"1218-03-20 18:23:31",0,1,0,0,1,164082,0,0,0,1,0,4869,1218
1448,0,5852,1,0,"1220-09-22 19:58:16",0,0,0,0,0,,0,1,1,0,0,4879,1220
1449,0,,0,0,"1223-06-22 06:44:21",1,1,0,0,1,60499,0,0,0,0,0,4890,1223
1450,0,,0,0,"1223-06-22 06:44:21",1,1,0,0,1,164342,0,0,0,0,0,4890,1223
1451,1,,0,0,"1224-09-22 19:05:29",0,1,0,0,0,60561,1,1,0,0,0,4895,1224
1452,1,,0,0,"1224-09-22 19:05:29",0,1,0,0,0,164404,1,1,0,0,0,4895,1224
1453,0,5958,1,0,"1224-09-22 19:05:29",0,0,0,0,0,,0,1,1,0,0,4895,1224
1454,0,,0,0,"1227-06-22 05:43:19",1,1,0,0,0,60697,1,0,0,0,0,4906,1227
1455,0,,0,0,"1227-06-22 05:43:19",1,1,0,0,0,164540,1,0,0,0,0,4906,1227
1456,0,6044,1,0,"1227-12-21 20:06:59",0,0,1,0,0,,0,0,1,0,0,4908,1227
1457,1,,0,0,"1228-09-22 18:18:18",0,1,0,0,1,60759,0,1,0,0,1,4911,1228
1458,1,,0,0,"1228-09-22 18:18:18",0,1,0,0,1,164602,0,1,0,0,1,4911,1228
1459,1,6064,1,0,"1228-09-22 18:18:18",0,0,0,0,0,,0,1,1,0,1,4911,1228
1460,0,6097,1,1,"1229-12-21 07:51:29",0,0,1,0,0,,0,0,0,0,0,4916,1229
1461,0,6117,1,1,"1230-09-23 05:47:20",0,0,0,0,0,,0,1,0,0,0,4919,1230
1462,0,6150,1,0,"1231-12-21 19:31:01",0,0,1,0,0,,0,0,1,0,0,4924,1231
1463,1,,0,0,"1232-09-22 17:26:00",0,1,0,1,0,60957,1,1,0,0,0,4927,1232
1464,1,,0,0,"1232-09-22 17:26:00",0,1,0,1,0,164800,1,1,0,0,0,4927,1232
1465,1,6170,1,0,"1232-09-22 17:26:00",0,0,0,1,0,,0,1,1,0,0,4927,1232
1466,0,,0,0,"1232-12-21 01:16:27",0,1,1,0,0,60969,1,0,0,0,0,4928,1232
1467,0,,0,0,"1232-12-21 01:16:27",0,1,1,0,0,164812,1,0,0,0,0,4928,1232
1468,0,,0,0,"1233-03-20 09:32:17",0,1,0,0,0,60981,1,0,0,1,0,4929,1233
1469,0,,0,0,"1233-03-20 09:32:17",0,1,0,0,0,164824,1,0,0,1,0,4929,1233
1470,0,6203,1,1,"1233-12-21 07:06:41",0,0,1,0,0,,0,0,0,0,0,4932,1233
1471,0,6223,1,1,"1234-09-23 05:17:43",0,0,0,0,0,,0,1,0,0,0,4935,1234
1472,0,6276,1,0,"1236-09-22 17:00:39",0,0,0,0,0,,0,1,1,0,1,4943,1236
1473,0,,0,0,"1236-12-21 00:44:43",0,1,1,0,1,61167,0,0,0,0,0,4944,1236
1474,0,,0,0,"1236-12-21 00:44:43",0,1,1,0,1,165010,0,0,0,0,0,4944,1236
1475,1,,0,0,"1237-03-20 08:50:19",0,1,0,1,1,61179,0,0,0,1,0,4945,1237
1476,1,,0,0,"1237-03-20 08:50:19",0,1,0,1,1,165022,0,0,0,1,0,4945,1237
1477,1,6289,1,1,"1237-03-20 08:50:19",0,0,0,1,0,,0,0,0,1,0,4945,1237
1478,0,6309,1,1,"1237-12-21 06:42:59",0,0,1,0,0,,0,0,0,0,0,4948,1237
1479,0,6329,1,1,"1238-09-23 04:32:43",0,0,0,0,0,,0,1,0,0,0,4951,1238
1480,0,6342,1,0,"1239-03-20 20:23:11",0,0,0,0,0,,0,0,1,1,0,4953,1239
1481,0,6382,1,0,"1240-09-22 16:09:18",0,0,0,0,0,,0,1,1,0,0,4959,1240
1482,1,,0,0,"1241-03-20 08:14:34",0,1,0,0,0,61377,1,0,0,1,0,4961,1241
1483,1,,0,0,"1241-03-20 08:14:34",0,1,0,0,0,165220,1,0,0,1,0,4961,1241
1484,0,6395,1,1,"1241-03-20 08:14:34",0,0,0,0,0,,0,0,0,1,0,4961,1241
1485,0,6415,1,1,"1241-12-21 05:50:10",0,0,1,0,0,,0,0,0,0,0,4964,1241
1486,0,,0,0,"1242-06-21 20:50:20",1,1,0,0,1,61439,0,0,0,0,0,4966,1242
1487,0,,0,0,"1242-06-21 20:50:20",1,1,0,0,1,165282,0,0,0,0,0,4966,1242
1488,0,6435,1,1,"1242-09-23 03:48:40",0,0,0,0,0,,0,1,0,0,0,4967,1242
1489,0,,0,0,"1243-09-23 09:32:04",0,1,0,0,0,61501,1,1,0,0,0,4971,1243
1490,0,,0,0,"1243-09-23 09:32:04",0,1,0,0,0,165344,1,1,0,0,0,4971,1243
1491,0,6488,1,0,"1244-09-22 15:18:28",0,0,0,0,0,,0,1,1,0,0,4975,1244
1492,0,6508,1,0,"1245-06-21 14:11:10",1,0,0,0,0,,0,0,1,0,0,4978,1245
1493,0,,0,0,"1246-06-21 19:55:06",1,1,0,0,0,61637,1,0,0,0,0,4982,1246
1494,0,,0,0,"1246-06-21 19:55:06",1,1,0,0,0,165480,1,0,0,0,0,4982,1246
1495,0,,0,0,"1247-09-23 08:45:03",0,1,0,0,1,61699,0,1,0,0,0,4987,1247
1496,0,,0,0,"1247-09-23 08:45:03",0,1,0,0,1,165542,0,1,0,0,0,4987,1247
1497,0,,0,0,"1247-12-21 16:37:11",0,1,1,0,1,61711,0,0,0,0,1,4988,1247
1498,0,,0,0,"1247-12-21 16:37:11",0,1,1,0,1,165554,0,0,0,0,1,4988,1247
1499,0,6594,1,0,"1248-09-22 14:29:46",0,0,0,0,0,,0,1,1,0,0,4991,1248
1500,0,6614,1,0,"1249-06-21 13:17:46",1,0,0,0,0,,0,0,1,0,0,4994,1249
1501,0,,0,0,"1251-09-23 08:00:40",0,1,0,0,0,61897,1,1,0,0,0,5003,1251
1502,0,,0,0,"1251-09-23 08:00:40",0,1,0,0,0,165740,1,1,0,0,0,5003,1251
1503,0,,0,0,"1251-12-21 16:04:32",0,1,1,1,0,61909,1,0,0,0,0,5004,1251
1504,0,,0,0,"1251-12-21 16:04:32",0,1,1,1,0,165752,1,0,0,0,0,5004,1251
1505,0,6720,1,0,"1253-06-21 12:36:53",1,0,0,0,0,,0,0,1,0,0,5010,1253
1506,0,6773,1,1,"1255-06-22 00:21:23",1,0,0,0,0,,0,0,0,0,0,5018,1255
1507,0,,0,0,"1255-12-21 15:31:18",0,1,1,0,1,62107,0,0,0,0,0,5020,1255
1508,0,,0,0,"1255-12-21 15:31:18",0,1,1,0,1,165950,0,0,0,0,0,5020,1255
1509,0,,0,0,"1256-03-19 23:24:47",0,1,0,0,1,62119,0,0,0,1,0,5021,1256
1510,0,,0,0,"1256-03-19 23:24:47",0,1,0,0,1,165962,0,0,0,1,0,5021,1256
1511,1,,0,0,"1257-06-21 12:02:14",1,1,0,1,0,62181,1,0,0,0,0,5026,1257
1512,1,,0,0,"1257-06-21 12:02:14",1,1,0,1,0,166024,1,0,0,0,0,5026,1257
1513,1,6826,1,0,"1257-06-21 12:02:14",1,0,0,1,0,,0,0,1,0,0,5026,1257
1514,0,6879,1,1,"1259-06-21 23:36:08",1,0,0,0,0,,0,0,0,0,0,5034,1259
1515,0,,0,0,"1260-03-19 22:31:23",0,1,0,0,0,62317,1,0,0,1,0,5037,1260
1516,0,,0,0,"1260-03-19 22:31:23",0,1,0,0,0,166160,1,0,0,1,0,5037,1260
1517,1,,0,0,"1261-06-21 10:57:24",1,1,0,0,1,62379,0,0,0,0,1,5042,1261
1518,1,,0,0,"1261-06-21 10:57:24",1,1,0,0,1,166222,0,0,0,0,1,5042,1261
1519,1,6932,1,0,"1261-06-21 10:57:24",1,0,0,0,0,,0,0,1,0,1,5042,1261
1520,0,,0,0,"1262-09-22 23:56:12",0,1,0,0,0,62441,1,1,0,0,0,5047,1262
1521,0,,0,0,"1262-09-22 23:56:12",0,1,0,0,0,166284,1,1,0,0,0,5047,1262
1522,0,6985,1,1,"1263-06-21 22:27:39",1,0,0,0,0,,0,0,0,0,0,5050,1263
1523,1,,0,0,"1265-06-21 10:06:28",1,1,0,1,0,62577,1,0,0,0,0,5058,1265
1524,1,,0,0,"1265-06-21 10:06:28",1,1,0,1,0,166420,1,0,0,0,0,5058,1265
1525,1,7038,1,0,"1265-06-21 10:06:28",1,0,0,1,0,,0,0,1,0,0,5058,1265
1526,0,,0,0,"1266-09-22 23:06:01",0,1,0,0,1,62639,0,1,0,0,0,5063,1266
1527,0,,0,0,"1266-09-22 23:06:01",0,1,0,0,1,166482,0,1,0,0,0,5063,1266
1528,0,,0,0,"1266-12-21 07:27:08",0,1,1,0,1,62651,0,0,0,0,0,5064,1266
1529,0,,0,0,"1266-12-21 07:27:08",0,1,1,0,1,166494,0,0,0,0,0,5064,1266
1530,0,7091,1,1,"1267-06-21 21:49:01",1,0,0,0,0,,0,0,0,0,0,5066,1267
1531,0,7144,1,0,"1269-06-21 09:21:13",1,0,0,0,0,,0,0,1,0,0,5074,1269
1532,0,,0,0,"1270-09-22 22:30:05",0,1,0,0,0,62837,1,1,0,0,0,5079,1270
1533,0,,0,0,"1270-09-22 22:30:05",0,1,0,0,0,166680,1,1,0,0,0,5079,1270
1534,0,,0,0,"1270-12-21 06:43:27",0,1,1,0,0,62849,1,0,0,0,0,5080,1270
1535,0,,0,0,"1270-12-21 06:43:27",0,1,1,0,0,166692,1,0,0,0,0,5080,1270
1536,0,,0,0,"1271-03-20 14:24:41",0,1,0,0,0,62861,1,0,0,1,0,5081,1271
1537,0,,0,0,"1271-03-20 14:24:41",0,1,0,0,0,166704,1,0,0,1,0,5081,1271
1538,0,7197,1,1,"1271-06-21 21:02:39",1,0,0,0,0,,0,0,0,0,0,5082,1271
1539,0,7250,1,0,"1273-06-21 08:45:08",1,0,0,0,0,,0,0,1,0,0,5090,1273
1540,0,7270,1,0,"1274-03-20 07:52:20",0,0,0,0,0,,0,0,1,1,0,5093,1274
1541,0,,0,0,"1274-12-21 06:20:08",0,1,1,0,1,63047,0,0,0,0,1,5096,1274
1542,0,,0,0,"1274-12-21 06:20:08",0,1,1,0,1,166890,0,0,0,0,1,5096,1274
1543,0,,0,0,"1275-03-20 13:49:06",0,1,0,0,1,63059,0,0,0,1,0,5097,1275
1544,0,,0,0,"1275-03-20 13:49:06",0,1,0,0,1,166902,0,0,0,1,0,5097,1275
1545,0,,0,0,"1276-06-21 02:10:40",1,1,0,0,0,63121,1,0,0,0,0,5102,1276
1546,0,,0,0,"1276-06-21 02:10:40",1,1,0,0,0,166964,1,0,0,0,0,5102,1276
1547,0,7356,1,0,"1277-06-21 07:49:04",1,0,0,0,0,,0,0,1,0,0,5106,1277
1548,0,7376,1,0,"1278-03-20 07:22:49",0,0,0,0,0,,0,0,1,1,0,5109,1278
1549,0,,0,0,"1279-03-20 13:02:21",0,1,0,0,0,63257,1,0,0,1,0,5113,1279
1550,0,,0,0,"1279-03-20 13:02:21",0,1,0,0,0,167100,1,0,0,1,0,5113,1279
1551,0,7429,1,1,"1280-03-19 18:50:19",0,0,0,0,0,,0,0,0,1,0,5117,1280
1552,0,,0,0,"1280-06-21 01:16:39",1,1,0,0,1,63319,0,0,0,0,0,5118,1280
1553,0,,0,0,"1280-06-21 01:16:39",1,1,0,0,1,167162,0,0,0,0,0,5118,1280
1554,0,7449,1,1,"1280-12-20 17:05:03",0,0,1,0,0,,0,0,0,0,0,5120,1280
1555,0,7469,1,1,"1281-09-22 14:18:49",0,0,0,0,0,,0,1,0,0,0,5123,1281
1556,0,7482,1,0,"1282-03-20 06:18:39",0,0,0,0,0,,0,0,1,1,0,5125,1282
1557,0,7522,1,0,"1283-09-23 02:02:40",0,0,0,0,0,,0,1,1,0,0,5131,1283
1558,0,7535,1,1,"1284-03-19 17:58:16",0,0,0,0,0,,0,0,0,1,0,5133,1284
1559,0,7555,1,1,"1284-12-20 16:16:40",0,0,1,0,0,,0,0,0,0,0,5136,1284
1560,1,,0,0,"1285-09-22 13:33:14",0,1,0,1,1,63579,0,1,0,0,0,5139,1285
1561,1,,0,0,"1285-09-22 13:33:14",0,1,0,1,1,167422,0,1,0,0,0,5139,1285
1562,1,7575,1,1,"1285-09-22 13:33:14",0,0,0,1,0,,0,1,0,0,0,5139,1285
1563,0,,0,0,"1285-12-20 22:14:41",0,1,1,0,1,63591,0,0,0,0,0,5140,1285
1564,0,,0,0,"1285-12-20 22:14:41",0,1,1,0,1,167434,0,0,0,0,0,5140,1285
1565,0,7588,1,0,"1286-03-20 05:35:13",0,0,0,0,0,,0,0,1,1,1,5141,1286
1566,0,7641,1,1,"1288-03-19 17:19:34",0,0,0,0,0,,0,0,0,1,0,5149,1288
1567,0,7661,1,1,"1288-12-20 15:43:46",0,0,1,0,0,,0,0,0,0,0,5152,1288
1568,0,,0,0,"1289-09-22 12:54:01",0,1,0,0,0,63777,1,1,0,0,0,5155,1289
1569,0,,0,0,"1289-09-22 12:54:01",0,1,0,0,0,167620,1,1,0,0,0,5155,1289
1570,0,,0,0,"1289-12-20 21:34:41",0,1,1,0,0,63789,1,0,0,0,0,5156,1289
1571,0,,0,0,"1289-12-20 21:34:41",0,1,1,0,0,167632,1,0,0,0,0,5156,1289
1572,1,,0,0,"1290-03-20 04:58:58",0,1,0,1,0,63801,1,0,0,1,0,5157,1290
1573,1,,0,0,"1290-03-20 04:58:58",0,1,0,1,0,167644,1,0,0,1,0,5157,1290
1574,1,7694,1,0,"1290-03-20 04:58:58",0,0,0,1,0,,0,0,1,1,0,5157,1290
1575,0,7747,1,1,"1292-03-19 16:45:56",0,0,0,0,0,,0,0,0,1,0,5165,1292
1576,0,7767,1,1,"1292-12-20 15:07:01",0,0,1,0,0,,0,0,0,0,0,5168,1292
1577,1,,0,0,"1294-03-20 04:21:00",0,1,0,0,1,63999,0,0,0,1,1,5173,1294
1578,1,,0,0,"1294-03-20 04:21:00",0,1,0,0,1,167842,0,0,0,1,1,5173,1294
1579,1,7800,1,0,"1294-03-20 04:21:00",0,0,0,0,0,,0,0,1,1,1,5173,1294
1580,0,7820,1,0,"1294-12-21 02:45:19",0,0,1,0,0,,0,0,1,0,0,5176,1294
1581,0,,0,0,"1295-06-21 16:19:56",1,1,0,0,0,64061,1,0,0,0,0,5178,1295
1582,0,,0,0,"1295-06-21 16:19:56",1,1,0,0,0,167904,1,0,0,0,0,5178,1295
1583,0,7853,1,1,"1296-03-19 15:52:47",0,0,0,0,0,,0,0,0,1,0,5181,1296
1584,1,,0,0,"1298-03-20 03:25:59",0,1,0,0,0,64197,1,0,0,1,0,5189,1298
1585,1,,0,0,"1298-03-20 03:25:59",0,1,0,0,0,168040,1,0,0,1,0,5189,1298
1586,0,7906,1,0,"1298-03-20 03:25:59",0,0,0,0,0,,0,0,1,1,0,5189,1298
1587,0,,0,0,"1299-06-21 15:22:47",1,1,0,0,1,64259,0,0,0,0,0,5194,1299
1588,0,,0,0,"1299-06-21 15:22:47",1,1,0,0,1,168102,0,0,0,0,0,5194,1299
1589,0,8012,1,0,"1302-03-21 02:44:02",0,0,0,0,0,,0,0,1,1,0,5205,1302
1590,0,,0,0,"1304-09-23 03:56:54",0,1,0,0,1,64519,0,1,0,0,0,5215,1304
1591,0,,0,0,"1304-09-23 03:56:54",0,1,0,0,1,168362,0,1,0,0,0,5215,1304
1592,0,,0,0,"1304-12-21 12:49:38",0,1,1,0,1,64531,0,0,0,0,0,5216,1304
1593,0,,0,0,"1304-12-21 12:49:38",0,1,1,0,1,168374,0,0,0,0,0,5216,1304
1594,0,,0,0,"1305-03-20 20:11:32",0,1,0,0,1,64543,0,0,0,1,0,5217,1305
1595,0,,0,0,"1305-03-20 20:11:32",0,1,0,0,1,168386,0,0,0,1,0,5217,1305
1596,0,8118,1,0,"1306-03-21 01:53:02",0,0,0,0,0,,0,0,1,1,0,5221,1306
1597,0,8125,1,1,"1306-06-22 07:54:22",1,0,0,0,0,,0,0,0,0,0,5222,1306
1598,0,,0,0,"1308-09-23 03:28:07",0,1,0,0,0,64717,1,1,0,0,0,5231,1308
1599,0,,0,0,"1308-09-23 03:28:07",0,1,0,0,0,168560,1,1,0,0,0,5231,1308
1600,0,,0,0,"1308-12-21 12:20:20",0,1,1,0,0,64729,1,0,0,0,0,5232,1308
1601,0,,0,0,"1308-12-21 12:20:20",0,1,1,0,0,168572,1,0,0,0,0,5232,1308
1602,0,,0,0,"1309-03-20 19:24:06",0,1,0,0,0,64741,1,0,0,1,0,5233,1309
1603,0,,0,0,"1309-03-20 19:24:06",0,1,0,0,0,168584,1,0,0,1,0,5233,1309
1604,0,8231,1,1,"1310-06-22 07:11:14",1,0,0,0,0,,0,0,0,0,0,5238,1310
1605,0,8284,1,0,"1312-06-21 18:50:17",1,0,0,0,0,,0,0,1,0,0,5246,1312
1606,0,,0,0,"1313-03-20 18:58:07",0,1,0,0,1,64939,0,0,0,1,0,5249,1313
1607,0,,0,0,"1313-03-20 18:58:07",0,1,0,0,1,168782,0,0,0,1,0,5249,1313
1608,1,,0,0,"1314-06-22 06:29:06",1,1,0,0,0,65001,1,0,0,0,1,5254,1314
1609,1,,0,0,"1314-06-22 06:29:06",1,1,0,0,0,168844,1,0,0,0,1,5254,1314
1610,1,8337,1,1,"1314-06-22 06:29:06",1,0,0,0,0,,0,0,0,0,1,5254,1314
1611,0,,0,0,"1318-06-22 05:34:03",1,1,0,0,1,65199,0,0,0,0,0,5270,1318
1612,0,,0,0,"1318-06-22 05:34:03",1,1,0,0,1,169042,0,0,0,0,0,5270,1318
1613,0,8450,1,0,"1318-09-23 13:33:15",0,0,0,0,0,,0,1,1,0,0,5271,1318
1614,0,8556,1,0,"1322-09-23 12:39:34",0,0,0,0,0,,0,1,1,0,0,5287,1322
1615,0,,0,0,"1323-09-23 18:28:27",0,1,0,0,1,65459,0,1,0,0,0,5291,1323
1616,0,,0,0,"1323-09-23 18:28:27",0,1,0,0,1,169302,0,1,0,0,0,5291,1323
1617,0,,0,0,"1323-12-22 03:35:35",0,1,1,0,1,65471,0,0,0,0,0,5292,1323
1618,0,,0,0,"1323-12-22 03:35:35",0,1,1,0,1,169314,0,0,0,0,0,5292,1323
1619,0,,0,0,"1324-03-20 10:41:11",0,1,0,0,1,65483,0,0,0,1,0,5293,1324
1620,0,,0,0,"1324-03-20 10:41:11",0,1,0,0,1,169326,0,0,0,1,0,5293,1324
1621,0,8609,1,1,"1324-09-23 00:20:57",0,0,0,0,0,,0,1,0,0,0,5295,1324
1622,0,8662,1,0,"1326-09-23 11:58:25",0,0,0,0,0,,0,1,1,0,0,5303,1326
1623,0,,0,0,"1327-09-23 17:50:31",0,1,0,0,0,65657,1,1,0,0,0,5307,1327
1624,0,,0,0,"1327-09-23 17:50:31",0,1,0,0,0,169500,1,1,0,0,0,5307,1327
1625,1,,0,0,"1327-12-22 03:02:44",0,1,1,0,0,65669,1,0,0,0,1,5308,1327
1626,1,,0,0,"1327-12-22 03:02:44",0,1,1,0,0,169512,1,0,0,0,1,5308,1327
1627,1,8695,1,1,"1327-12-22 03:02:44",0,0,1,0,0,,0,0,0,0,1,5308,1327
1628,0,,0,0,"1328-03-20 10:03:39",0,1,0,0,0,65681,1,0,0,1,0,5309,1328
1629,0,,0,0,"1328-03-20 10:03:39",0,1,0,0,0,169524,1,0,0,1,0,5309,1328
1630,0,8715,1,1,"1328-09-22 23:32:29",0,0,0,0,0,,0,1,0,0,0,5311,1328
1631,0,8748,1,0,"1329-12-21 14:43:02",0,0,1,0,0,,0,0,1,0,0,5316,1329
1632,0,8768,1,0,"1330-09-23 11:23:57",0,0,0,0,0,,0,1,1,0,0,5319,1330
1633,0,8801,1,1,"1331-12-22 02:20:55",0,0,1,0,0,,0,0,0,0,0,5324,1331
1634,0,,0,0,"1332-03-20 09:17:16",0,1,0,0,1,65879,0,0,0,1,0,5325,1332
1635,0,,0,0,"1332-03-20 09:17:16",0,1,0,0,1,169722,0,0,0,1,0,5325,1332
1636,0,8821,1,1,"1332-09-22 23:03:58",0,0,0,0,0,,0,1,0,0,0,5327,1332
1637,0,,0,0,"1333-06-21 20:36:04",1,1,0,0,0,65941,1,0,0,0,0,5330,1333
1638,0,,0,0,"1333-06-21 20:36:04",1,1,0,0,0,169784,1,0,0,0,0,5330,1333
1639,0,8874,1,0,"1334-09-23 10:35:20",0,0,0,0,0,,0,1,1,0,1,5335,1334
1640,0,8887,1,1,"1335-03-21 02:44:40",0,0,0,0,0,,0,0,0,1,0,5337,1335
1641,0,8907,1,1,"1335-12-22 01:41:36",0,0,1,0,0,,0,0,0,0,0,5340,1335
1642,0,8927,1,1,"1336-09-22 22:00:58",0,0,0,0,0,,0,1,0,0,0,5343,1336
1643,0,,0,0,"1337-06-21 19:46:49",1,1,0,0,1,66139,0,0,0,0,0,5346,1337
1644,0,,0,0,"1337-06-21 19:46:49",1,1,0,0,1,169982,0,0,0,0,0,5346,1337
1645,1,,0,0,"1338-09-23 09:41:16",0,1,0,1,0,66201,1,1,0,0,0,5351,1338
1646,1,,0,0,"1338-09-23 09:41:16",0,1,0,1,0,170044,1,1,0,0,0,5351,1338
1647,1,8980,1,0,"1338-09-23 09:41:16",0,0,0,1,0,,0,1,1,0,0,5351,1338
1648,0,8993,1,1,"1339-03-21 01:48:38",0,0,0,0,0,,0,0,0,1,0,5353,1339
1649,0,9046,1,0,"1341-03-20 13:27:20",0,0,0,0,0,,0,0,1,1,0,5361,1341
1650,1,,0,0,"1342-09-23 08:56:31",0,1,0,0,1,66399,0,1,0,0,1,5367,1342
1651,1,,0,0,"1342-09-23 08:56:31",0,1,0,0,1,170242,0,1,0,0,1,5367,1342
1652,1,9086,1,0,"1342-09-23 08:56:31",0,0,0,0,0,,0,1,1,0,1,5367,1342
1653,0,,0,0,"1342-12-21 18:15:38",0,1,1,0,1,66411,0,0,0,0,0,5368,1342
1654,0,,0,0,"1342-12-21 18:15:38",0,1,1,0,1,170254,0,0,0,0,0,5368,1342
1655,1,,0,0,"1346-09-23 08:18:01",0,1,0,0,0,66597,1,1,0,0,0,5383,1346
1656,1,,0,0,"1346-09-23 08:18:01",0,1,0,0,0,170440,1,1,0,0,0,5383,1346
1657,0,9192,1,0,"1346-09-23 08:18:01",0,0,0,0,0,,0,1,1,0,0,5383,1346
1658,0,,0,0,"1346-12-21 17:50:29",0,1,1,0,0,66609,1,0,0,0,0,5384,1346
1659,0,,0,0,"1346-12-21 17:50:29",0,1,1,0,0,170452,1,0,0,0,0,5384,1346
1660,0,,0,0,"1347-03-21 00:31:51",0,1,0,0,0,66621,1,0,0,1,0,5385,1347
1661,0,,0,0,"1347-03-21 00:31:51",0,1,0,0,0,170464,1,0,0,1,0,5385,1347
1662,0,9212,1,0,"1347-06-22 05:48:03",1,0,0,0,0,,0,0,1,0,0,5386,1347
1663,0,9265,1,1,"1349-06-21 17:28:30",1,0,0,0,0,,0,0,0,0,0,5394,1349
1664,0,,0,0,"1350-12-21 17:07:32",0,1,1,0,1,66807,0,0,0,0,0,5400,1350
1665,0,,0,0,"1350-12-21 17:07:32",0,1,1,0,1,170650,0,0,0,0,0,5400,1350
1666,0,,0,0,"1351-03-20 23:48:33",0,1,0,0,1,66819,0,0,0,1,0,5401,1351
1667,0,,0,0,"1351-03-20 23:48:33",0,1,0,0,1,170662,0,0,0,1,0,5401,1351
1668,0,9318,1,0,"1351-06-22 05:14:00",1,0,0,0,0,,0,0,1,0,0,5402,1351
1669,0,,0,0,"1352-06-21 10:55:27",1,1,0,0,0,66881,1,0,0,0,0,5406,1352
1670,0,,0,0,"1352-06-21 10:55:27",1,1,0,0,0,170724,1,0,0,0,0,5406,1352
1671,0,9371,1,1,"1353-06-21 16:38:22",1,0,0,0,0,,0,0,0,0,0,5410,1353
1672,0,,0,0,"1356-06-21 09:56:55",1,1,0,0,1,67079,0,0,0,0,0,5422,1356
1673,0,,0,0,"1356-06-21 09:56:55",1,1,0,0,1,170922,0,0,0,0,0,5422,1356
1674,0,9477,1,1,"1357-06-21 15:35:22",1,0,0,0,0,,0,0,0,0,0,5426,1357
1675,0,,0,0,"1357-09-23 00:03:03",0,1,0,0,0,67141,1,1,0,0,0,5427,1357
1676,0,,0,0,"1357-09-23 00:03:03",0,1,0,0,0,170984,1,1,0,0,0,5427,1357
1677,0,,0,0,"1360-06-21 09:01:40",1,1,0,0,0,67277,1,0,0,0,0,5438,1360
1678,0,,0,0,"1360-06-21 09:01:40",1,1,0,0,0,171120,1,0,0,0,0,5438,1360
1679,0,9583,1,1,"1361-06-21 14:50:03",1,0,0,0,0,,0,0,0,0,0,5442,1361
1680,0,,0,0,"1361-09-22 23:14:59",0,1,0,0,1,67339,0,1,0,0,0,5443,1361
1681,0,,0,0,"1361-09-22 23:14:59",0,1,0,0,1,171182,0,1,0,0,0,5443,1361
1682,0,,0,0,"1361-12-21 09:04:09",0,1,1,0,1,67351,0,0,0,0,0,5444,1361
1683,0,,0,0,"1361-12-21 09:04:09",0,1,1,0,1,171194,0,0,0,0,0,5444,1361
1684,0,9676,1,0,"1364-12-21 02:37:24",0,0,1,0,0,,0,0,1,0,0,5456,1364
1685,0,,0,0,"1365-12-21 08:29:24",0,1,1,0,0,67549,1,0,0,0,0,5460,1365
1686,0,,0,0,"1365-12-21 08:29:24",0,1,1,0,0,171392,1,0,0,0,0,5460,1365
1687,0,,0,0,"1366-03-20 14:58:43",0,1,0,0,0,67561,1,0,0,1,0,5461,1366
1688,0,,0,0,"1366-03-20 14:58:43",0,1,0,0,0,171404,1,0,0,1,0,5461,1366
1689,0,9782,1,0,"1368-12-21 02:05:16",0,0,1,0,0,,0,0,1,0,0,5472,1368
1690,0,,0,0,"1369-12-21 07:55:17",0,1,1,0,1,67747,0,0,0,0,0,5476,1369
1691,0,,0,0,"1369-12-21 07:55:17",0,1,1,0,1,171590,0,0,0,0,0,5476,1369
1692,0,,0,0,"1370-03-20 14:13:04",0,1,0,0,1,67759,0,0,0,1,0,5477,1370
1693,0,,0,0,"1370-03-20 14:13:04",0,1,0,0,1,171602,0,0,0,1,0,5477,1370
1694,0,,0,0,"1371-06-22 01:01:30",1,1,0,1,0,67821,1,0,0,0,0,5482,1371
1695,0,,0,0,"1371-06-22 01:01:30",1,1,0,1,0,171664,1,0,0,0,0,5482,1371
1696,0,,0,0,"1372-09-22 15:23:12",0,1,0,0,1,67883,0,1,0,0,0,5487,1372
1697,0,,0,0,"1372-09-22 15:23:12",0,1,0,0,1,171726,0,1,0,0,0,5487,1372
1698,0,9888,1,0,"1372-12-21 01:18:56",0,0,1,0,0,,0,0,1,0,0,5488,1372
1699,0,9941,1,1,"1374-12-21 12:47:16",0,0,1,0,0,,0,0,0,0,0,5496,1374
1700,0,,0,0,"1375-06-22 00:09:34",1,1,0,0,1,68019,0,0,0,0,0,5498,1375
1701,0,,0,0,"1375-06-22 00:09:34",1,1,0,0,1,171862,0,0,0,0,0,5498,1375
1702,0,9961,1,1,"1375-09-23 08:45:31",0,0,0,0,0,,0,1,0,0,0,5499,1375
1703,0,9974,1,0,"1376-03-20 01:05:34",0,0,0,0,0,,0,0,1,1,0,5501,1376
1704,0,,0,0,"1376-09-22 14:24:52",0,1,0,0,0,68081,1,1,0,0,0,5503,1376
1705,0,,0,0,"1376-09-22 14:24:52",0,1,0,0,0,171924,1,1,0,0,0,5503,1376
1706,0,9994,1,0,"1376-12-21 00:23:34",0,0,1,1,0,,0,0,1,0,0,5504,1376
1707,0,10027,1,1,"1378-03-20 12:29:05",0,0,0,0,0,,0,0,0,1,0,5509,1378
1708,0,10047,1,1,"1378-12-21 12:06:14",0,0,1,0,0,,0,0,0,0,0,5512,1378
1709,0,10067,1,1,"1379-09-23 07:54:47",0,0,0,0,0,,0,1,0,0,0,5515,1379
1710,0,,0,0,"1380-09-22 13:45:56",0,1,0,0,1,68279,0,1,0,0,0,5519,1380
1711,0,,0,0,"1380-09-22 13:45:56",0,1,0,0,1,172122,0,1,0,0,0,5519,1380
1712,1,,0,0,"1380-12-20 23:51:05",0,1,1,0,1,68291,0,0,0,0,1,5520,1380
1713,1,,0,0,"1380-12-20 23:51:05",0,1,1,0,1,172134,0,0,0,0,1,5520,1380
1714,1,10100,1,0,"1380-12-20 23:51:05",0,0,1,0,0,,0,0,1,0,1,5520,1380
1715,0,10133,1,1,"1382-03-20 11:59:06",0,0,0,0,0,,0,0,0,1,0,5525,1382
1716,0,10153,1,1,"1382-12-21 11:28:36",0,0,1,0,0,,0,0,0,0,0,5528,1382
1717,0,10173,1,1,"1383-09-23 07:24:36",0,0,0,0,0,,0,1,0,0,0,5531,1383
1718,1,,0,0,"1384-12-20 23:17:11",0,1,1,1,0,68489,1,0,0,0,0,5536,1384
1719,1,,0,0,"1384-12-20 23:17:11",0,1,1,1,0,172332,1,0,0,0,0,5536,1384
1720,1,10206,1,0,"1384-12-20 23:17:11",0,0,1,1,0,,0,0,1,0,0,5536,1384
1721,0,,0,0,"1385-03-20 05:36:42",0,1,0,0,0,68501,1,0,0,1,0,5537,1385
1722,0,,0,0,"1385-03-20 05:36:42",0,1,0,0,0,172344,1,0,0,1,0,5537,1385
1723,0,10226,1,0,"1385-09-22 18:55:24",0,0,0,0,0,,0,1,1,0,0,5539,1385
1724,0,10239,1,1,"1386-03-20 11:16:21",0,0,0,0,0,,0,0,0,1,0,5541,1386
1725,0,,0,0,"1386-06-21 16:05:52",1,1,0,0,1,68563,0,0,0,0,0,5542,1386
1726,0,,0,0,"1386-06-21 16:05:52",1,1,0,0,1,172406,0,0,0,0,0,5542,1386
1727,0,10259,1,1,"1386-12-21 11:00:26",0,0,1,0,0,,0,0,0,0,0,5544,1386
1728,0,10279,1,1,"1387-09-23 06:35:28",0,0,0,0,0,,0,1,0,0,0,5547,1387
1729,0,10312,1,0,"1388-12-20 22:31:16",0,0,1,0,0,,0,0,1,0,0,5552,1388
1730,0,,0,0,"1389-03-20 04:44:31",0,1,0,0,1,68699,0,0,0,1,0,5553,1389
1731,0,,0,0,"1389-03-20 04:44:31",0,1,0,0,1,172542,0,0,0,1,0,5553,1389
1732,0,,0,0,"1390-06-21 15:09:10",1,1,0,0,0,68761,1,0,0,0,0,5558,1390
1733,0,,0,0,"1390-06-21 15:09:10",1,1,0,0,0,172604,1,0,0,0,0,5558,1390
1734,0,10418,1,0,"1392-12-20 21:50:56",0,0,1,0,0,,0,0,1,0,0,5568,1392
1735,0,,0,0,"1394-06-21 14:10:43",1,1,0,0,1,68959,0,0,0,0,1,5574,1394
1736,0,,0,0,"1394-06-21 14:10:43",1,1,0,0,1,172802,0,0,0,0,1,5574,1394
1737,0,,0,0,"1395-09-23 04:53:02",0,1,0,0,0,69021,1,1,0,0,0,5579,1395
1738,0,,0,0,"1395-09-23 04:53:02",0,1,0,0,0,172864,1,1,0,0,0,5579,1395
1739,0,,0,0,"1395-12-21 15:06:53",0,1,1,0,0,69033,1,0,0,0,0,5580,1395
1740,0,,0,0,"1395-12-21 15:06:53",0,1,1,0,0,172876,1,0,0,0,0,5580,1395
1741,0,10524,1,0,"1396-12-20 20:58:56",0,0,1,0,0,,0,0,1,0,0,5584,1396
1742,0,,0,0,"1399-09-23 04:15:27",0,1,0,0,1,69219,0,1,0,0,0,5595,1399
1743,0,,0,0,"1399-09-23 04:15:27",0,1,0,0,1,173062,0,1,0,0,0,5595,1399
1744,0,,0,0,"1399-12-21 14:29:27",0,1,1,0,1,69231,0,0,0,0,0,5596,1399
1745,0,,0,0,"1399-12-21 14:29:27",0,1,1,0,1,173074,0,0,0,0,0,5596,1399
1746,0,,0,0,"1400-03-20 20:39:26",0,1,0,0,1,69243,0,0,0,1,1,5597,1400
1747,0,,0,0,"1400-03-20 20:39:26",0,1,0,0,1,173086,0,0,0,1,1,5597,1400
1748,0,10617,1,1,"1400-06-22 01:10:09",1,0,0,0,0,,0,0,0,0,0,5598,1400
1749,0,,0,0,"1403-12-22 13:58:30",0,1,1,0,0,69429,1,0,0,0,0,5612,1403
1750,0,,0,0,"1403-12-22 13:58:30",0,1,1,0,0,173272,1,0,0,0,0,5612,1403
1751,0,,0,0,"1404-03-20 19:57:19",0,1,0,0,0,69441,1,0,0,1,0,5613,1404
1752,0,,0,0,"1404-03-20 19:57:19",0,1,0,0,0,173284,1,0,0,1,0,5613,1404
1753,0,10723,1,1,"1404-06-22 00:23:26",1,0,0,0,0,,0,0,0,0,0,5614,1404
1754,0,,0,0,"1405-06-22 06:04:53",1,1,0,0,1,69503,0,0,0,0,0,5618,1405
1755,0,,0,0,"1405-06-22 06:04:53",1,1,0,0,1,173346,0,0,0,0,0,5618,1405
1756,0,,0,0,"1408-03-20 19:22:19",0,1,0,0,1,69639,0,0,0,1,0,5629,1408
1757,0,,0,0,"1408-03-20 19:22:19",0,1,0,0,1,173482,0,0,0,1,0,5629,1408
1758,0,10829,1,1,"1408-06-21 23:36:39",1,0,0,0,0,,0,0,0,0,0,5630,1408
1759,0,,0,0,"1409-06-22 05:22:49",1,1,0,0,0,69701,1,0,0,0,0,5634,1409
1760,0,,0,0,"1409-06-22 05:22:49",1,1,0,0,0,173544,1,0,0,0,0,5634,1409
1761,0,10935,1,1,"1412-06-21 22:44:21",1,0,0,0,0,,0,0,0,0,0,5646,1412
1762,0,10988,1,0,"1414-06-22 10:14:27",1,0,0,0,0,,0,0,1,0,0,5654,1414
1763,0,,0,0,"1414-09-23 19:25:03",0,1,0,0,0,69961,1,1,0,0,0,5655,1414
1764,0,,0,0,"1414-09-23 19:25:03",0,1,0,0,0,173804,1,1,0,0,0,5655,1414
1765,0,,0,0,"1414-12-22 05:48:57",0,1,1,0,0,69973,1,0,0,0,0,5656,1414
1766,0,,0,0,"1414-12-22 05:48:57",0,1,1,0,0,173816,1,0,0,0,0,5656,1414
1767,0,11008,1,0,"1415-03-21 11:39:48",0,0,0,0,0,,0,0,1,1,0,5657,1415
1768,0,,0,0,"1418-09-23 18:42:05",0,1,0,0,1,70159,0,1,0,0,0,5671,1418
1769,0,,0,0,"1418-09-23 18:42:05",0,1,0,0,1,174002,0,1,0,0,0,5671,1418
1770,0,,0,0,"1418-12-22 05:18:20",0,1,1,0,1,70171,0,0,0,0,0,5672,1418
1771,0,,0,0,"1418-12-22 05:18:20",0,1,1,0,1,174014,0,0,0,0,0,5672,1418
1772,1,,0,0,"1419-03-21 11:10:13",0,1,0,0,1,70183,0,0,0,1,0,5673,1419
1773,1,,0,0,"1419-03-21 11:10:13",0,1,0,0,1,174026,0,0,0,1,0,5673,1419
1774,0,11114,1,0,"1419-03-21 11:10:13",0,0,0,0,0,,0,0,1,1,0,5673,1419
1775,0,11207,1,1,"1422-09-23 18:00:32",0,0,0,0,0,,0,1,0,0,1,5687,1422
1776,0,,0,0,"1422-12-22 04:39:11",0,1,1,0,0,70369,1,0,0,0,0,5688,1422
1777,0,,0,0,"1422-12-22 04:39:11",0,1,1,0,0,174212,1,0,0,0,0,5688,1422
1778,1,,0,0,"1423-03-21 10:30:27",0,1,0,1,0,70381,1,0,0,1,0,5689,1423
1779,1,,0,0,"1423-03-21 10:30:27",0,1,0,1,0,174224,1,0,0,1,0,5689,1423
1780,1,11220,1,0,"1423-03-21 10:30:27",0,0,0,1,0,,0,0,1,1,0,5689,1423
1781,0,,0,0,"1424-06-21 20:26:06",1,1,0,0,1,70443,0,0,0,0,0,5694,1424
1782,0,,0,0,"1424-06-21 20:26:06",1,1,0,0,1,174286,0,0,0,0,0,5694,1424
1783,0,11273,1,1,"1425-03-20 22:13:54",0,0,0,0,0,,0,0,0,1,0,5697,1425
1784,0,11293,1,1,"1425-12-21 22:04:48",0,0,1,0,0,,0,0,0,0,0,5700,1425
1785,0,11313,1,1,"1426-09-23 17:20:42",0,0,0,0,0,,0,1,0,0,0,5703,1426
1786,1,,0,0,"1427-03-21 09:39:11",0,1,0,0,1,70579,0,0,0,1,1,5705,1427
1787,1,,0,0,"1427-03-21 09:39:11",0,1,0,0,1,174422,0,0,0,1,1,5705,1427
1788,1,11326,1,0,"1427-03-21 09:39:11",0,0,0,0,0,,0,0,1,1,1,5705,1427
1789,0,,0,0,"1428-06-21 19:34:44",1,1,0,0,0,70641,1,0,0,0,0,5710,1428
1790,0,,0,0,"1428-06-21 19:34:44",1,1,0,0,0,174484,1,0,0,0,0,5710,1428
1791,0,11379,1,1,"1429-03-20 21:12:20",0,0,0,0,0,,0,0,0,1,0,5713,1429
1792,0,11399,1,1,"1429-12-21 21:28:58",0,0,1,0,0,,0,0,0,0,0,5716,1429
1793,0,11419,1,1,"1430-09-23 16:26:54",0,0,0,0,0,,0,1,0,0,0,5719,1430
1794,0,11432,1,0,"1431-03-21 08:56:04",0,0,0,1,0,,0,0,1,1,0,5721,1431
1795,0,11452,1,0,"1431-12-22 08:57:37",0,0,1,0,0,,0,0,1,0,0,5724,1431
1796,0,11485,1,1,"1433-03-20 20:34:31",0,0,0,0,0,,0,0,0,1,0,5729,1433
1797,0,,0,0,"1433-09-23 09:43:28",0,1,0,0,0,70901,1,1,0,0,0,5731,1433
1798,0,,0,0,"1433-09-23 09:43:28",0,1,0,0,0,174744,1,1,0,0,0,5731,1433
1799,1,,0,0,"1433-12-21 20:35:46",0,1,1,0,0,70913,1,0,0,0,1,5732,1433
1800,1,,0,0,"1433-12-21 20:35:46",0,1,1,0,0,174756,1,0,0,0,1,5732,1433
1801,1,11505,1,1,"1433-12-21 20:35:46",0,0,1,0,0,,0,0,0,0,1,5732,1433
1802,0,11538,1,0,"1435-03-21 08:02:36",0,0,0,0,0,,0,0,1,1,0,5737,1435
1803,0,11591,1,1,"1437-03-20 19:38:42",0,0,0,0,0,,0,0,0,1,0,5745,1437
1804,0,,0,0,"1437-09-23 09:05:47",0,1,0,0,1,71099,0,1,0,0,0,5747,1437
1805,0,,0,0,"1437-09-23 09:05:47",0,1,0,0,1,174942,0,1,0,0,0,5747,1437
1806,0,,0,0,"1437-12-21 19:58:14",0,1,1,0,1,71111,0,0,0,0,0,5748,1437
1807,0,,0,0,"1437-12-21 19:58:14",0,1,1,0,1,174954,0,0,0,0,0,5748,1437
1808,0,,0,0,"1438-03-21 01:32:02",0,1,0,0,1,71123,0,0,0,1,0,5749,1438
1809,0,,0,0,"1438-03-21 01:32:02",0,1,0,0,1,174966,0,0,0,1,0,5749,1438
1810,0,11644,1,0,"1439-03-21 07:24:07",0,0,0,0,0,,0,0,1,1,0,5753,1439
1811,0,11697,1,1,"1441-03-20 19:15:03",0,0,0,0,0,,0,0,0,1,0,5761,1441
1812,0,,0,0,"1441-12-21 19:27:13",0,1,1,0,0,71309,1,0,0,0,0,5764,1441
1813,0,,0,0,"1441-12-21 19:27:13",0,1,1,0,0,175152,1,0,0,0,0,5764,1441
1814,0,,0,0,"1442-03-21 01:00:40",0,1,0,0,0,71321,1,0,0,1,0,5765,1442
1815,0,,0,0,"1442-03-21 01:00:40",0,1,0,0,0,175164,1,0,0,1,0,5765,1442
1816,0,11750,1,0,"1443-03-21 06:52:48",0,0,0,0,0,,0,0,1,1,0,5769,1443
1817,0,,0,0,"1443-06-22 10:39:11",1,1,0,0,1,71383,0,0,0,0,0,5770,1443
1818,0,,0,0,"1443-06-22 10:39:11",1,1,0,0,1,175226,0,0,0,0,0,5770,1443
1819,0,,0,0,"1447-06-22 09:51:24",1,1,0,0,0,71581,1,0,0,0,0,5786,1447
1820,0,,0,0,"1447-06-22 09:51:24",1,1,0,0,0,175424,1,0,0,0,0,5786,1447
1821,0,11916,1,0,"1449-06-21 21:15:34",1,0,0,0,0,,0,0,1,0,0,5794,1449
1822,1,,0,0,"1451-06-22 08:46:00",1,1,0,1,1,71779,0,0,0,0,0,5802,1451
1823,1,,0,0,"1451-06-22 08:46:00",1,1,0,1,1,175622,0,0,0,0,0,5802,1451
1824,1,11969,1,1,"1451-06-22 08:46:00",1,0,0,1,0,,0,0,0,0,0,5802,1451
1825,0,,0,0,"1452-09-23 00:07:06",0,1,0,0,0,71841,1,1,0,0,0,5807,1452
1826,0,,0,0,"1452-09-23 00:07:06",0,1,0,0,0,175684,1,1,0,0,0,5807,1452
1827,0,12075,1,1,"1455-06-22 08:05:07",1,0,0,0,0,,0,0,0,0,0,5818,1455
1828,0,,0,0,"1456-09-22 23:25:05",0,1,0,0,1,72039,0,1,0,0,0,5823,1456
1829,0,,0,0,"1456-09-22 23:25:05",0,1,0,0,1,175882,0,1,0,0,0,5823,1456
1830,0,,0,0,"1456-12-21 10:46:36",0,1,1,0,1,72051,0,0,0,0,0,5824,1456
1831,0,,0,0,"1456-12-21 10:46:36",0,1,1,0,1,175894,0,0,0,0,0,5824,1456
1832,0,,0,0,"1457-03-20 16:13:13",0,1,0,0,1,72063,0,0,0,1,0,5825,1457
1833,0,,0,0,"1457-03-20 16:13:13",0,1,0,0,1,175906,0,0,0,1,0,5825,1457
1834,0,12188,1,0,"1459-09-23 17:02:05",0,0,0,0,0,,0,1,1,0,0,5835,1459
1835,0,,0,0,"1460-12-21 10:05:03",0,1,1,0,0,72249,1,0,0,0,0,5840,1460
1836,0,,0,0,"1460-12-21 10:05:03",0,1,1,0,0,176092,1,0,0,0,0,5840,1460
1837,0,,0,0,"1461-03-20 15:26:05",0,1,0,0,0,72261,1,0,0,1,0,5841,1461
1838,0,,0,0,"1461-03-20 15:26:05",0,1,0,0,0,176104,1,0,0,1,0,5841,1461
1839,0,,0,0,"1462-06-22 00:48:33",1,1,0,0,1,72323,0,0,0,0,0,5846,1462
1840,0,,0,0,"1462-06-22 00:48:33",1,1,0,0,1,176166,0,0,0,0,0,5846,1462
1841,0,12294,1,0,"1463-09-23 16:23:39",0,0,0,0,0,,0,1,1,0,0,5851,1463
1842,0,,0,0,"1466-06-21 23:49:48",1,1,0,0,0,72521,1,0,0,0,0,5862,1466
1843,0,,0,0,"1466-06-21 23:49:48",1,1,0,0,0,176364,1,0,0,0,0,5862,1466
1844,0,12380,1,0,"1466-12-21 20:59:19",0,0,1,0,0,,0,0,1,0,0,5864,1466
1845,1,,0,0,"1467-09-23 15:21:42",0,1,0,0,1,72583,0,1,0,0,1,5867,1467
1846,1,,0,0,"1467-09-23 15:21:42",0,1,0,0,1,176426,0,1,0,0,1,5867,1467
1847,1,12400,1,0,"1467-09-23 15:21:42",0,0,0,0,0,,0,1,1,0,1,5867,1467
1848,0,12433,1,1,"1468-12-21 08:37:39",0,0,1,0,0,,0,0,0,0,0,5872,1468
1849,0,12453,1,1,"1469-09-23 02:53:58",0,0,0,0,0,,0,1,0,0,0,5875,1469
1850,0,,0,0,"1470-06-21 22:59:33",1,1,0,0,1,72719,0,0,0,0,0,5878,1470
1851,0,,0,0,"1470-06-21 22:59:33",1,1,0,0,1,176562,0,0,0,0,0,5878,1470
1852,1,,0,0,"1471-09-23 14:37:48",0,1,0,1,0,72781,1,1,0,0,0,5883,1471
1853,1,,0,0,"1471-09-23 14:37:48",0,1,0,1,0,176624,1,1,0,0,0,5883,1471
1854,1,12506,1,0,"1471-09-23 14:37:48",0,0,0,1,0,,0,1,1,0,0,5883,1471
1855,0,12539,1,1,"1472-12-21 07:49:29",0,0,1,0,0,,0,0,0,0,0,5888,1472
1856,0,12559,1,1,"1473-09-23 02:20:05",0,0,0,0,0,,0,1,0,0,0,5891,1473
1857,1,,0,0,"1475-09-23 13:54:12",0,1,0,0,1,72979,0,1,0,0,1,5899,1475
1858,1,,0,0,"1475-09-23 13:54:12",0,1,0,0,1,176822,0,1,0,0,1,5899,1475
1859,1,12612,1,0,"1475-09-23 13:54:12",0,0,0,0,0,,0,1,1,0,1,5899,1475
1860,0,,0,0,"1475-12-22 01:29:13",0,1,1,0,1,72991,0,0,0,0,0,5900,1475
1861,0,,0,0,"1475-12-22 01:29:13",0,1,1,0,1,176834,0,0,0,0,0,5900,1475
1862,1,,0,0,"1476-03-20 06:40:14",0,1,0,0,1,73003,0,0,0,1,0,5901,1476
1863,1,,0,0,"1476-03-20 06:40:14",0,1,0,0,1,176846,0,0,0,1,0,5901,1476
1864,0,12625,1,1,"1476-03-20 06:40:14",0,0,0,0,0,,0,0,0,1,0,5901,1476
1865,0,12645,1,1,"1476-12-21 07:24:47",0,0,1,0,0,,0,0,0,0,0,5904,1476
1866,0,12665,1,1,"1477-09-23 01:37:59",0,0,0,0,0,,0,1,0,0,0,5907,1477
1867,0,12678,1,0,"1478-03-20 18:21:26",0,0,0,0,0,,0,0,1,1,0,5909,1478
1868,0,12718,1,0,"1479-09-23 13:23:15",0,0,0,0,0,,0,1,1,0,0,5915,1479
1869,0,,0,0,"1479-12-22 00:55:08",0,1,1,0,0,73189,1,0,0,0,0,5916,1479
1870,0,,0,0,"1479-12-22 00:55:08",0,1,1,0,0,177032,1,0,0,0,0,5916,1479
1871,1,,0,0,"1480-03-20 06:06:38",0,1,0,0,0,73201,1,0,0,1,1,5917,1480
1872,1,,0,0,"1480-03-20 06:06:38",0,1,0,0,0,177044,1,0,0,1,1,5917,1480
1873,1,12731,1,1,"1480-03-20 06:06:38",0,0,0,0,0,,0,0,0,1,1,5917,1480
1874,0,,0,0,"1481-06-21 15:00:42",1,1,0,0,1,73263,0,0,0,0,0,5922,1481
1875,0,,0,0,"1481-06-21 15:00:42",1,1,0,0,1,177106,0,0,0,0,0,5922,1481
1876,0,12771,1,1,"1481-09-23 00:58:09",0,0,0,0,0,,0,1,0,0,0,5923,1481
1877,0,12824,1,0,"1483-09-23 12:26:54",0,0,0,0,0,,0,1,1,0,0,5931,1483
1878,0,,0,0,"1485-06-21 13:58:24",1,1,0,0,0,73461,1,0,0,0,0,5938,1485
1879,0,,0,0,"1485-06-21 13:58:24",1,1,0,0,0,177304,1,0,0,0,0,5938,1485
1880,0,,0,0,"1486-09-23 05:52:55",0,1,0,0,1,73523,0,1,0,0,0,5943,1486
1881,0,,0,0,"1486-09-23 05:52:55",0,1,0,0,1,177366,0,1,0,0,0,5943,1486
1882,0,12930,1,0,"1487-09-23 11:40:55",0,0,0,0,0,,0,1,1,0,0,5947,1487
1883,0,12950,1,0,"1488-06-21 07:14:44",1,0,0,0,0,,0,0,1,0,0,5950,1488
1884,0,,0,0,"1489-06-21 13:03:21",1,1,0,0,1,73659,0,0,0,0,0,5954,1489
1885,0,,0,0,"1489-06-21 13:03:21",1,1,0,0,1,177502,0,0,0,0,0,5954,1489
1886,0,,0,0,"1490-09-23 05:04:41",0,1,0,0,0,73721,1,1,0,0,0,5959,1490
1887,0,,0,0,"1490-09-23 05:04:41",0,1,0,0,0,177564,1,1,0,0,0,5959,1490
1888,0,,0,0,"1490-12-21 16:46:37",0,1,1,1,0,73733,1,0,0,0,0,5960,1490
1889,0,,0,0,"1490-12-21 16:46:37",0,1,1,1,0,177576,1,0,0,0,0,5960,1490
1890,0,13036,1,0,"1491-09-23 10:45:08",0,0,0,0,0,,0,1,1,0,0,5963,1491
1891,0,13056,1,0,"1492-06-21 06:41:10",1,0,0,0,0,,0,0,1,0,0,5966,1492
1892,0,13109,1,1,"1494-06-21 18:17:58",1,0,0,0,0,,0,0,0,0,0,5974,1494
1893,0,,0,0,"1494-12-21 16:07:17",0,1,1,0,1,73931,0,0,0,0,0,5976,1494
1894,0,,0,0,"1494-12-21 16:07:17",0,1,1,0,1,177774,0,0,0,0,0,5976,1494
1895,0,,0,0,"1495-03-20 21:11:06",0,1,0,0,1,73943,0,0,0,1,0,5977,1495
1896,0,,0,0,"1495-03-20 21:11:06",0,1,0,0,1,177786,0,0,0,1,0,5977,1495
1897,0,13162,1,0,"1496-06-21 05:54:04",1,0,0,1,0,,0,0,1,0,0,5982,1496
1898,0,13215,1,1,"1498-06-21 17:35:57",1,0,0,0,0,,0,0,0,0,0,5990,1498
1899,0,,0,0,"1498-12-21 15:39:28",0,1,1,0,0,74129,1,0,0,0,0,5992,1498
1900,0,,0,0,"1498-12-21 15:39:28",0,1,1,0,0,177972,1,0,0,0,0,5992,1498
1901,0,,0,0,"1499-03-20 20:26:36",0,1,0,0,0,74141,1,0,0,1,0,5993,1499
1902,0,,0,0,"1499-03-20 20:26:36",0,1,0,0,0,177984,1,0,0,1,0,5993,1499
1903,1,,0,0,"1500-06-22 05:07:30",1,1,0,0,1,74203,0,0,0,0,1,5998,1500
1904,1,,0,0,"1500-06-22 05:07:30",1,1,0,0,1,178046,0,0,0,0,1,5998,1500
1905,1,13268,1,0,"1500-06-22 05:07:30",1,0,0,0,0,,0,0,1,0,1,5998,1500
1906,0,13321,1,1,"1502-06-22 16:38:46",1,0,0,0,0,,0,0,0,0,0,6006,1502
1907,0,,0,0,"1503-03-21 19:46:06",0,1,0,0,1,74339,0,0,0,1,0,6009,1503
1908,0,,0,0,"1503-03-21 19:46:06",0,1,0,0,1,178182,0,0,0,1,0,6009,1503
1909,1,,0,0,"1504-06-22 04:14:17",1,1,0,1,0,74401,1,0,0,0,0,6014,1504
1910,1,,0,0,"1504-06-22 04:14:17",1,1,0,1,0,178244,1,0,0,0,0,6014,1504
1911,1,13374,1,0,"1504-06-22 04:14:17",1,0,0,1,0,,0,0,1,0,0,6014,1504
1912,0,,0,0,"1505-09-23 20:13:08",0,1,0,0,1,74463,0,1,0,0,0,6019,1505
1913,0,,0,0,"1505-09-23 20:13:08",0,1,0,0,1,178306,0,1,0,0,0,6019,1505
1914,0,13414,1,0,"1505-12-22 08:11:33",0,0,1,0,0,,0,0,1,0,0,6020,1505
1915,0,13427,1,1,"1506-06-22 15:53:54",1,0,0,0,0,,0,0,0,0,0,6022,1506
1916,0,13480,1,0,"1508-06-22 03:23:30",1,0,0,0,0,,0,0,1,0,0,6030,1508
1917,0,,0,0,"1509-09-23 19:32:45",0,1,0,0,0,74661,1,1,0,0,0,6035,1509
1918,0,,0,0,"1509-09-23 19:32:45",0,1,0,0,0,178504,1,1,0,0,0,6035,1509
1919,1,,0,0,"1509-12-22 07:30:22",0,1,1,0,0,74673,1,0,0,0,0,6036,1509
1920,1,,0,0,"1509-12-22 07:30:22",0,1,1,0,0,178516,1,0,0,0,0,6036,1509
1921,0,13520,1,0,"1509-12-22 07:30:22",0,0,1,0,0,,0,0,1,0,0,6036,1509
1922,0,13533,1,1,"1510-06-22 14:56:27",1,0,0,0,0,,0,0,0,0,0,6038,1510
1923,0,13586,1,0,"1512-06-22 02:33:26",1,0,0,0,0,,0,0,1,0,0,6046,1512
1924,0,13606,1,0,"1513-03-21 05:52:07",0,0,0,0,0,,0,0,1,1,0,6049,1513
1925,1,,0,0,"1513-12-22 06:56:26",0,1,1,0,1,74871,0,0,0,0,1,6052,1513
1926,1,,0,0,"1513-12-22 06:56:26",0,1,1,0,1,178714,0,0,0,0,1,6052,1513
1927,1,13626,1,0,"1513-12-22 06:56:26",0,0,1,0,0,,0,0,1,0,1,6052,1513
1928,0,,0,0,"1514-03-21 11:41:49",0,1,0,0,1,74883,0,0,0,1,0,6053,1514
1929,0,,0,0,"1514-03-21 11:41:49",0,1,0,0,1,178726,0,0,0,1,0,6053,1514
1930,0,,0,0,"1515-06-22 20:09:12",1,1,0,0,0,74945,1,0,0,0,0,6058,1515
1931,0,,0,0,"1515-06-22 20:09:12",1,1,0,0,0,178788,1,0,0,0,0,6058,1515
1932,0,13692,1,0,"1516-06-22 01:58:36",1,0,0,0,0,,0,0,1,0,0,6062,1516
1933,0,13712,1,0,"1517-03-21 05:12:03",0,0,0,0,0,,0,0,1,1,0,6065,1517
1934,1,,0,0,"1517-12-22 06:20:51",0,1,1,1,0,75069,1,0,0,0,0,6068,1517
1935,1,,0,0,"1517-12-22 06:20:51",0,1,1,1,0,178912,1,0,0,0,0,6068,1517
1936,1,13732,1,0,"1517-12-22 06:20:51",0,0,1,1,0,,0,0,1,0,0,6068,1517
1937,0,,0,0,"1518-03-21 11:00:58",0,1,0,0,0,75081,1,0,0,1,0,6069,1518
1938,0,,0,0,"1518-03-21 11:00:58",0,1,0,0,0,178924,1,0,0,1,0,6069,1518
1939,0,13765,1,1,"1519-03-21 16:48:25",0,0,0,0,0,,0,0,0,1,0,6073,1519
1940,0,,0,0,"1519-06-22 19:27:57",1,1,0,0,1,75143,0,0,0,0,0,6074,1519
1941,0,,0,0,"1519-06-22 19:27:57",1,1,0,0,1,178986,0,0,0,0,0,6074,1519
1942,0,13785,1,1,"1519-12-22 17:56:19",0,0,1,0,0,,0,0,0,0,0,6076,1519
1943,0,13805,1,1,"1520-09-23 11:32:27",0,0,0,0,0,,0,1,0,0,0,6079,1520
1944,0,13818,1,0,"1521-03-21 04:21:57",0,0,0,0,0,,0,0,1,1,0,6081,1521
1945,0,13838,1,0,"1521-12-22 05:30:17",0,0,1,0,0,,0,0,1,0,1,6084,1521
1946,0,,0,0,"1522-03-21 10:03:36",0,1,0,0,1,75279,0,0,0,1,0,6085,1522
1947,0,,0,0,"1522-03-21 10:03:36",0,1,0,0,1,179122,0,0,0,1,0,6085,1522
1948,0,13871,1,1,"1523-03-21 15:58:06",0,0,0,0,0,,0,0,0,1,0,6089,1523
1949,0,,0,0,"1523-06-22 18:25:16",1,1,0,0,0,75341,1,0,0,0,0,6090,1523
1950,0,,0,0,"1523-06-22 18:25:16",1,1,0,0,0,179184,1,0,0,0,0,6090,1523
1951,0,13891,1,1,"1523-12-22 17:08:02",0,0,1,0,0,,0,0,0,0,0,6092,1523
1952,1,,0,0,"1524-09-23 10:37:24",0,1,0,1,1,75403,0,1,0,0,0,6095,1524
1953,1,,0,0,"1524-09-23 10:37:24",0,1,0,1,1,179246,0,1,0,0,0,6095,1524
1954,1,13911,1,1,"1524-09-23 10:37:24",0,0,0,1,0,,0,1,0,0,0,6095,1524
1955,0,13924,1,0,"1525-03-21 03:32:57",0,0,0,0,0,,0,0,1,1,1,6097,1525
1956,0,13944,1,0,"1525-12-22 04:48:30",0,0,1,0,0,,0,0,1,0,0,6100,1525
1957,0,13977,1,1,"1527-03-21 15:10:34",0,0,0,0,0,,0,0,0,1,0,6105,1527
1958,0,13997,1,1,"1527-12-22 16:28:00",0,0,1,0,0,,0,0,0,0,0,6108,1527
1959,0,,0,0,"1528-09-23 09:50:06",0,1,0,0,0,75601,1,1,0,0,0,6111,1528
1960,0,,0,0,"1528-09-23 09:50:06",0,1,0,0,0,179444,1,1,0,0,0,6111,1528
1961,0,,0,0,"1528-12-21 22:17:31",0,1,1,0,0,75613,1,0,0,0,0,6112,1528
1962,0,,0,0,"1528-12-21 22:17:31",0,1,1,0,0,179456,1,0,0,0,0,6112,1528
1963,1,,0,0,"1529-03-21 02:50:00",0,1,0,1,0,75625,1,0,0,1,0,6113,1529
1964,1,,0,0,"1529-03-21 02:50:00",0,1,0,1,0,179468,1,0,0,1,0,6113,1529
1965,1,14030,1,0,"1529-03-21 02:50:00",0,0,0,1,0,,0,0,1,1,0,6113,1529
1966,0,14050,1,0,"1529-12-22 04:02:11",0,0,1,0,0,,0,0,1,0,0,6116,1529
1967,0,14083,1,1,"1531-03-21 14:33:22",0,0,0,0,0,,0,0,0,1,0,6121,1531
1968,0,14103,1,1,"1531-12-22 15:41:29",0,0,1,0,0,,0,0,0,0,0,6124,1531
1969,0,,0,0,"1532-12-21 21:36:39",0,1,1,0,1,75811,0,0,0,0,0,6128,1532
1970,0,,0,0,"1532-12-21 21:36:39",0,1,1,0,1,179654,0,0,0,0,0,6128,1532
1971,1,,0,0,"1533-03-21 02:05:16",0,1,0,0,1,75823,0,0,0,1,1,6129,1533
1972,1,,0,0,"1533-03-21 02:05:16",0,1,0,0,1,179666,0,0,0,1,1,6129,1533
1973,1,14136,1,0,"1533-03-21 02:05:16",0,0,0,0,0,,0,0,1,1,1,6129,1533
1974,0,14156,1,0,"1533-12-22 03:35:18",0,0,1,0,0,,0,0,1,0,0,6132,1533
1975,0,,0,0,"1534-06-22 10:19:45",1,1,0,0,0,75885,1,0,0,0,0,6134,1534
1976,0,,0,0,"1534-06-22 10:19:45",1,1,0,0,0,179728,1,0,0,0,0,6134,1534
1977,1,,0,0,"1537-03-21 01:37:55",0,1,0,1,0,76021,1,0,0,1,0,6145,1537
1978,1,,0,0,"1537-03-21 01:37:55",0,1,0,1,0,179864,1,0,0,1,0,6145,1537
1979,1,14242,1,0,"1537-03-21 01:37:55",0,0,0,1,0,,0,0,1,1,0,6145,1537
1980,0,,0,0,"1538-06-22 09:34:26",1,1,0,0,1,76083,0,0,0,0,0,6150,1538
1981,0,,0,0,"1538-06-22 09:34:26",1,1,0,0,1,179926,0,0,0,0,0,6150,1538
1982,0,14348,1,0,"1541-03-21 00:38:11",0,0,0,0,0,,0,0,1,1,0,6161,1541
1983,0,,0,0,"1543-09-24 01:09:38",0,1,0,0,1,76343,0,1,0,0,0,6171,1543
1984,0,,0,0,"1543-09-24 01:09:38",0,1,0,0,1,180186,0,1,0,0,0,6171,1543
1985,0,14454,1,0,"1545-03-20 23:47:55",0,0,0,0,0,,0,0,1,1,0,6177,1545
1986,0,,0,0,"1547-09-24 00:13:09",0,1,0,0,0,76541,1,1,0,0,0,6187,1547
1987,0,,0,0,"1547-09-24 00:13:09",0,1,0,0,0,180384,1,1,0,0,0,6187,1547
1988,0,,0,0,"1547-12-22 13:00:27",0,1,1,0,0,76553,1,0,0,0,0,6188,1547
1989,0,,0,0,"1547-12-22 13:00:27",0,1,1,0,0,180396,1,0,0,0,0,6188,1547
1990,0,,0,0,"1548-03-20 17:22:14",0,1,0,0,0,76565,1,0,0,1,0,6189,1548
1991,0,,0,0,"1548-03-20 17:22:14",0,1,0,0,0,180408,1,0,0,1,0,6189,1548
1992,0,14567,1,1,"1549-06-22 01:06:14",1,0,0,0,0,,0,0,0,0,0,6194,1549
1993,0,,0,0,"1551-09-23 23:39:56",0,1,0,0,1,76739,0,1,0,0,0,6203,1551
1994,0,,0,0,"1551-09-23 23:39:56",0,1,0,0,1,180582,0,1,0,0,0,6203,1551
1995,0,,0,0,"1551-12-22 12:25:37",0,1,1,0,1,76751,0,0,0,0,0,6204,1551
1996,0,,0,0,"1551-12-22 12:25:37",0,1,1,0,1,180594,0,0,0,0,0,6204,1551
1997,0,,0,0,"1552-03-20 16:46:58",0,1,0,0,1,76763,0,0,0,1,0,6205,1552
1998,0,,0,0,"1552-03-20 16:46:58",0,1,0,0,1,180606,0,0,0,1,0,6205,1552
1999,1,,0,0,"1553-06-22 00:33:06",1,1,0,0,0,76825,1,0,0,0,1,6210,1553
2000,1,,0,0,"1553-06-22 00:33:06",1,1,0,0,0,180668,1,0,0,0,1,6210,1553
2001,1,14673,1,1,"1553-06-22 00:33:06",1,0,0,0,0,,0,0,0,0,1,6210,1553
2002,0,,0,0,"1556-03-20 16:04:03",0,1,0,1,0,76961,1,0,0,1,0,6221,1556
2003,0,,0,0,"1556-03-20 16:04:03",0,1,0,1,0,180804,1,0,0,1,0,6221,1556
2004,0,,0,0,"1557-06-21 23:40:03",1,1,0,0,1,77023,0,0,0,0,0,6226,1557
2005,0,,0,0,"1557-06-21 23:40:03",1,1,0,0,1,180866,0,0,0,0,0,6226,1557
2006,0,,0,0,"1561-06-21 22:41:07",1,1,0,0,0,77221,1,0,0,0,0,6242,1561
2007,0,,0,0,"1561-06-21 22:41:07",1,1,0,0,0,181064,1,0,0,0,0,6242,1561
2008,0,14892,1,0,"1561-09-23 09:40:17",0,0,0,0,0,,0,1,1,0,0,6243,1561
2009,0,,0,0,"1562-09-23 15:30:35",0,1,0,0,1,77283,0,1,0,0,0,6247,1562
2010,0,,0,0,"1562-09-23 15:30:35",0,1,0,0,1,181126,0,1,0,0,0,6247,1562
2011,0,14945,1,1,"1563-09-23 21:10:23",0,0,0,0,0,,0,1,0,0,0,6251,1563
2012,0,14998,1,0,"1565-09-23 08:55:01",0,0,0,0,0,,0,1,1,0,0,6259,1565
2013,0,,0,0,"1566-09-23 14:43:11",0,1,0,0,0,77481,1,1,0,0,0,6263,1566
2014,0,,0,0,"1566-09-23 14:43:11",0,1,0,0,0,181324,1,1,0,0,0,6263,1566
2015,1,,0,0,"1566-12-22 03:33:52",0,1,1,0,0,77493,1,0,0,0,0,6264,1566
2016,1,,0,0,"1566-12-22 03:33:52",0,1,1,0,0,181336,1,0,0,0,0,6264,1566
2017,0,15031,1,1,"1566-12-22 03:33:52",0,0,1,0,0,,0,0,0,0,0,6264,1566
2018,0,,0,0,"1567-03-21 07:51:20",0,1,0,0,0,77505,1,0,0,1,0,6265,1567
2019,0,,0,0,"1567-03-21 07:51:20",0,1,0,0,0,181348,1,0,0,1,0,6265,1567
2020,0,15051,1,1,"1567-09-23 20:34:41",0,0,0,0,0,,0,1,0,0,0,6267,1567
2021,0,15117,1,1,"1570-03-21 01:15:31",0,0,0,0,0,,0,0,0,1,0,6277,1570
2022,0,,0,0,"1570-09-23 14:10:48",0,1,0,0,1,77679,0,1,0,0,0,6279,1570
2023,0,,0,0,"1570-09-23 14:10:48",0,1,0,0,1,181522,0,1,0,0,0,6279,1570
2024,1,,0,0,"1570-12-22 03:11:54",0,1,1,1,1,77691,0,0,0,0,0,6280,1570
2025,1,,0,0,"1570-12-22 03:11:54",0,1,1,1,1,181534,0,0,0,0,0,6280,1570
2026,1,15137,1,1,"1570-12-22 03:11:54",0,0,1,1,0,,0,0,0,0,0,6280,1570
2027,0,,0,0,"1571-03-21 07:14:48",0,1,0,0,1,77703,0,0,0,1,0,6281,1571
2028,0,,0,0,"1571-03-21 07:14:48",0,1,0,0,1,181546,0,0,0,1,0,6281,1571
2029,0,15157,1,1,"1571-09-23 19:56:04",0,0,0,0,0,,0,1,0,0,0,6283,1571
2030,0,15223,1,1,"1574-03-21 00:48:20",0,0,0,0,0,,0,0,0,1,0,6293,1574
2031,0,15243,1,1,"1574-12-22 02:28:15",0,0,1,0,0,,0,0,0,0,0,6296,1574
2032,0,15263,1,1,"1575-09-23 19:09:55",0,0,0,0,0,,0,1,0,0,0,6299,1575
2033,0,,0,0,"1576-06-21 13:52:43",1,1,0,0,1,77963,0,0,0,0,0,6302,1576
2034,0,,0,0,"1576-06-21 13:52:43",1,1,0,0,1,181806,0,0,0,0,0,6302,1576
2035,0,15329,1,1,"1578-03-20 23:48:46",0,0,0,0,0,,0,0,0,1,0,6309,1578
2036,0,15382,1,0,"1580-03-20 11:29:06",0,0,0,0,0,,0,0,1,1,0,6317,1580
2037,0,,0,0,"1580-06-21 12:54:16",1,1,0,0,0,78161,1,0,0,0,0,6318,1580
2038,0,,0,0,"1580-06-21 12:54:16",1,1,0,0,0,182004,1,0,0,0,0,6318,1580
2039,0,,0,0,"1581-09-23 05:55:09",0,1,0,0,1,78223,0,1,0,0,1,6323,1581
2040,0,,0,0,"1581-09-23 05:55:09",0,1,0,0,1,182066,0,1,0,0,1,6323,1581
2041,0,,0,0,"1585-09-23 05:09:20",0,1,0,0,0,78421,1,1,0,0,0,6339,1585
2042,0,,0,0,"1585-09-23 05:09:20",0,1,0,0,0,182264,1,1,0,0,0,6339,1585
2043,0,,0,0,"1585-12-21 18:23:17",0,1,1,0,0,78433,1,0,0,0,0,6340,1585
2044,0,,0,0,"1585-12-21 18:23:17",0,1,1,0,0,182276,1,0,0,0,0,6340,1585
2045,0,,0,0,"1586-03-20 22:23:12",0,1,0,0,0,78445,1,0,0,1,0,6341,1586
2046,0,,0,0,"1586-03-20 22:23:12",0,1,0,0,0,182288,1,0,0,1,0,6341,1586
2047,0,,0,0,"1589-09-23 04:34:26",0,1,0,0,1,78619,0,1,0,0,0,6355,1589
2048,0,,0,0,"1589-09-23 04:34:26",0,1,0,0,1,182462,0,1,0,0,0,6355,1589
2049,0,,0,0,"1589-12-21 17:49:50",0,1,1,0,1,78631,0,0,0,0,0,6356,1589
2050,0,,0,0,"1589-12-21 17:49:50",0,1,1,0,1,182474,0,0,0,0,0,6356,1589
2051,0,,0,0,"1590-03-20 21:44:11",0,1,0,0,1,78643,0,0,0,1,0,6357,1590
2052,0,,0,0,"1590-03-20 21:44:11",0,1,0,0,1,182486,0,0,0,1,0,6357,1590
2053,0,15654,1,0,"1590-06-21 23:13:24",1,0,0,0,0,,0,0,1,0,0,6358,1590
2054,0,15707,1,1,"1592-06-21 10:36:32",1,0,0,0,0,,0,0,0,0,0,6366,1592
2055,0,,0,0,"1593-12-21 17:12:59",0,1,1,0,0,78829,1,0,0,0,0,6372,1593
2056,0,,0,0,"1593-12-21 17:12:59",0,1,1,0,0,182672,1,0,0,0,0,6372,1593
2057,0,,0,0,"1595-06-22 03:58:34",1,1,0,0,1,78903,0,0,0,0,0,6378,1595
2058,0,,0,0,"1595-06-22 03:58:34",1,1,0,0,1,182746,0,0,0,0,0,6378,1595
2059,0,15813,1,1,"1596-06-21 09:46:47",1,0,0,0,0,,0,0,0,0,0,6382,1596
2060,0,,0,0,"1596-09-22 21:04:24",0,1,0,0,0,78965,1,1,0,0,0,6383,1596
2061,0,,0,0,"1596-09-22 21:04:24",0,1,0,0,0,182808,1,1,0,0,0,6383,1596
2062,0,,0,0,"1599-06-22 03:14:31",1,1,0,0,0,79101,1,0,0,0,0,6394,1599
2063,0,,0,0,"1599-06-22 03:14:31",1,1,0,0,0,182944,1,0,0,0,0,6394,1599
2064,0,15919,1,1,"1600-06-21 08:50:35",1,0,0,0,0,,0,0,0,0,0,6398,1600
2065,0,,0,0,"1600-09-22 20:13:14",0,1,0,0,1,79163,0,1,0,0,0,6399,1600
2066,0,,0,0,"1600-09-22 20:13:14",0,1,0,0,1,183006,0,1,0,0,0,6399,1600
2067,0,16012,1,0,"1603-12-22 03:15:06",0,0,1,0,0,,0,0,1,0,0,6412,1603
2068,0,,0,0,"1604-09-22 19:35:58",0,1,0,1,0,79361,1,1,0,0,0,6415,1604
2069,0,,0,0,"1604-09-22 19:35:58",0,1,0,1,0,183204,1,1,0,0,0,6415,1604
2070,0,,0,0,"1604-12-21 09:06:05",0,1,1,0,0,79373,1,0,0,0,0,6416,1604
2071,0,,0,0,"1604-12-21 09:06:05",0,1,1,0,0,183216,1,0,0,0,0,6416,1604
2072,0,,0,0,"1605-03-20 12:42:30",0,1,0,0,0,79385,1,0,0,1,0,6417,1605
2073,0,,0,0,"1605-03-20 12:42:30",0,1,0,0,0,183228,1,0,0,1,0,6417,1605
2074,0,16118,1,0,"1607-12-22 02:45:10",0,0,1,0,0,,0,0,1,0,0,6428,1607
2075,0,,0,0,"1608-12-21 08:40:14",0,1,1,0,1,79571,0,0,0,0,0,6432,1608
2076,0,,0,0,"1608-12-21 08:40:14",0,1,1,0,1,183414,0,0,0,0,0,6432,1608
2077,0,,0,0,"1609-03-20 12:20:13",0,1,0,0,1,79583,0,0,0,1,0,6433,1609
2078,0,,0,0,"1609-03-20 12:20:13",0,1,0,0,1,183426,0,0,0,1,0,6433,1609
2079,0,16171,1,1,"1609-12-21 14:27:33",0,0,1,0,0,,0,0,0,0,0,6436,1609
2080,0,,0,0,"1610-06-21 19:07:45",1,1,0,1,0,79645,1,0,0,0,0,6438,1610
2081,0,,0,0,"1610-06-21 19:07:45",1,1,0,1,0,183488,1,0,0,0,0,6438,1610
2082,0,16224,1,0,"1611-12-22 02:06:32",0,0,1,0,0,,0,0,1,0,0,6444,1611
2083,0,,0,0,"1612-12-21 07:50:38",0,1,1,0,0,79769,1,0,0,0,0,6448,1612
2084,0,,0,0,"1612-12-21 07:50:38",0,1,1,0,0,183612,1,0,0,0,0,6448,1612
2085,0,,0,0,"1613-03-20 11:28:28",0,1,0,0,0,79781,1,0,0,1,1,6449,1613
2086,0,,0,0,"1613-03-20 11:28:28",0,1,0,0,0,183624,1,0,0,1,1,6449,1613
2087,0,16277,1,1,"1613-12-21 13:35:42",0,0,1,0,0,,0,0,0,0,0,6452,1613
2088,0,,0,0,"1614-06-21 18:17:03",1,1,0,0,1,79843,0,0,0,0,0,6454,1614
2089,0,,0,0,"1614-06-21 18:17:03",1,1,0,0,1,183686,0,0,0,0,0,6454,1614
2090,0,16297,1,1,"1614-09-23 05:47:19",0,0,0,0,0,,0,1,0,0,0,6455,1614
2091,0,16310,1,0,"1615-03-20 23:08:04",0,0,0,0,0,,0,0,1,1,0,6457,1615
2092,0,,0,0,"1615-09-23 11:33:28",0,1,0,0,0,79905,1,1,0,0,0,6459,1615
2093,0,,0,0,"1615-09-23 11:33:28",0,1,0,0,0,183748,1,1,0,0,0,6459,1615
2094,0,16330,1,0,"1615-12-22 01:11:38",0,0,1,0,0,,0,0,1,0,0,6460,1615
2095,0,16363,1,1,"1617-03-20 10:32:51",0,0,0,0,0,,0,0,0,1,0,6465,1617
2096,0,16383,1,1,"1617-12-21 12:54:42",0,0,1,0,0,,0,0,0,0,0,6468,1617
2097,0,,0,0,"1618-06-21 17:18:32",1,1,0,0,0,80041,1,0,0,0,0,6470,1618
2098,0,,0,0,"1618-06-21 17:18:32",1,1,0,0,0,183884,1,0,0,0,0,6470,1618
2099,0,16403,1,1,"1618-09-23 04:53:17",0,0,0,0,0,,0,1,0,0,0,6471,1618
2100,0,,0,0,"1619-09-23 10:36:02",0,1,0,0,1,80103,0,1,0,0,0,6475,1619
2101,0,,0,0,"1619-09-23 10:36:02",0,1,0,0,1,183946,0,1,0,0,0,6475,1619
2102,1,,0,0,"1619-12-22 00:31:36",0,1,1,0,1,80115,0,0,0,0,1,6476,1619
2103,1,,0,0,"1619-12-22 00:31:36",0,1,1,0,1,183958,0,0,0,0,1,6476,1619
2104,1,16436,1,0,"1619-12-22 00:31:36",0,0,1,0,0,,0,0,1,0,1,6476,1619
2105,0,16469,1,1,"1621-03-20 09:53:15",0,0,0,0,0,,0,0,0,1,0,6481,1621
2106,0,16489,1,1,"1621-12-21 12:08:09",0,0,1,0,0,,0,0,0,0,0,6484,1621
2107,0,16509,1,1,"1622-09-23 04:07:53",0,0,0,0,0,,0,1,0,0,0,6487,1622
2108,0,,0,0,"1623-09-23 09:58:07",0,1,0,0,0,80301,1,1,0,0,0,6491,1623
2109,0,,0,0,"1623-09-23 09:58:07",0,1,0,0,0,184144,1,1,0,0,0,6491,1623
2110,1,,0,0,"1623-12-21 23:52:55",0,1,1,1,0,80313,1,0,0,0,0,6492,1623
2111,1,,0,0,"1623-12-21 23:52:55",0,1,1,1,0,184156,1,0,0,0,0,6492,1623
2112,1,16542,1,0,"1623-12-21 23:52:55",0,0,1,1,0,,0,0,1,0,0,6492,1623
2113,0,,0,0,"1624-03-20 03:22:31",0,1,0,0,0,80325,1,0,0,1,0,6493,1624
2114,0,,0,0,"1624-03-20 03:22:31",0,1,0,0,0,184168,1,0,0,1,0,6493,1624
2115,0,16562,1,0,"1624-09-22 15:45:37",0,0,0,0,0,,0,1,1,0,0,6495,1624
2116,0,16575,1,1,"1625-03-20 09:11:45",0,0,0,0,0,,0,0,0,1,0,6497,1625
2117,0,,0,0,"1625-06-21 09:59:27",1,1,0,0,1,80387,0,0,0,0,0,6498,1625
2118,0,,0,0,"1625-06-21 09:59:27",1,1,0,0,1,184230,0,0,0,0,0,6498,1625
2119,0,16595,1,1,"1625-12-21 11:32:54",0,0,1,0,0,,0,0,0,0,0,6500,1625
2120,0,16615,1,1,"1626-09-23 03:34:04",0,0,0,0,0,,0,1,0,0,0,6503,1626
2121,1,,0,0,"1627-12-21 23:14:59",0,1,1,0,1,80511,0,0,0,0,1,6508,1627
2122,1,,0,0,"1627-12-21 23:14:59",0,1,1,0,1,184354,0,0,0,0,1,6508,1627
2123,1,16648,1,0,"1627-12-21 23:14:59",0,0,1,0,0,,0,0,1,0,1,6508,1627
2124,0,,0,0,"1628-03-20 02:46:12",0,1,0,0,1,80523,0,0,0,1,0,6509,1628
2125,0,,0,0,"1628-03-20 02:46:12",0,1,0,0,1,184366,0,0,0,1,0,6509,1628
2126,0,16668,1,0,"1628-09-22 15:12:26",0,0,0,0,0,,0,1,1,0,0,6511,1628
2127,0,,0,0,"1629-06-21 09:13:04",1,1,0,0,0,80585,1,0,0,0,0,6514,1629
2128,0,,0,0,"1629-06-21 09:13:04",1,1,0,0,0,184428,1,0,0,0,0,6514,1629
2129,0,16754,1,0,"1631-12-21 22:37:09",0,0,1,0,0,,0,0,1,0,0,6524,1631
2130,0,,0,0,"1632-03-20 02:03:28",0,1,0,0,0,80721,1,0,0,1,0,6525,1632
2131,0,,0,0,"1632-03-20 02:03:28",0,1,0,0,0,184564,1,0,0,1,0,6525,1632
2132,0,,0,0,"1633-06-21 08:22:19",1,1,0,0,1,80783,0,0,0,0,1,6530,1633
2133,0,,0,0,"1633-06-21 08:22:19",1,1,0,0,1,184626,0,0,0,0,1,6530,1633
2134,0,,0,0,"1634-09-23 01:56:45",0,1,0,0,0,80845,1,1,0,0,0,6535,1634
2135,0,,0,0,"1634-09-23 01:56:45",0,1,0,0,0,184688,1,1,0,0,0,6535,1634
2136,0,16860,1,0,"1635-12-21 21:44:39",0,0,1,0,0,,0,0,1,0,0,6540,1635
2137,0,,0,0,"1638-09-23 01:05:41",0,1,0,0,1,81043,0,1,0,0,0,6551,1638
2138,0,,0,0,"1638-09-23 01:05:41",0,1,0,0,1,184886,0,1,0,0,0,6551,1638
2139,0,,0,0,"1638-12-21 15:05:01",0,1,1,0,1,81055,0,0,0,0,0,6552,1638
2140,0,,0,0,"1638-12-21 15:05:01",0,1,1,0,1,184898,0,0,0,0,0,6552,1638
2141,0,,0,0,"1642-12-21 14:38:36",0,1,1,0,0,81253,1,0,0,0,0,6568,1642
2142,0,,0,0,"1642-12-21 14:38:36",0,1,1,0,0,185096,1,0,0,0,0,6568,1642
2143,0,,0,0,"1643-03-20 17:56:54",0,1,0,0,0,81265,1,0,0,1,0,6569,1643
2144,0,,0,0,"1643-03-20 17:56:54",0,1,0,0,0,185108,1,0,0,1,0,6569,1643
2145,0,17059,1,1,"1643-06-21 18:12:22",1,0,0,0,0,,0,0,0,0,0,6570,1643
2146,0,,0,0,"1644-06-21 00:06:38",1,1,0,0,1,81327,0,0,0,0,0,6574,1644
2147,0,,0,0,"1644-06-21 00:06:38",1,1,0,0,1,185170,0,0,0,0,0,6574,1644
2148,0,,0,0,"1646-12-21 13:57:40",0,1,1,0,1,81451,0,0,0,0,1,6584,1646
2149,0,,0,0,"1646-12-21 13:57:40",0,1,1,0,1,185294,0,0,0,0,1,6584,1646
2150,0,,0,0,"1647-03-20 17:22:08",0,1,0,0,1,81463,0,0,0,1,0,6585,1647
2151,0,,0,0,"1647-03-20 17:22:08",0,1,0,0,1,185306,0,0,0,1,0,6585,1647
2152,0,17165,1,1,"1647-06-21 17:49:07",1,0,0,0,0,,0,0,0,0,0,6586,1647
2153,0,,0,0,"1648-06-20 23:27:06",1,1,0,0,0,81525,1,0,0,0,0,6590,1648
2154,0,,0,0,"1648-06-20 23:27:06",1,1,0,0,0,185368,1,0,0,0,0,6590,1648
2155,0,,0,0,"1651-03-20 16:30:42",0,1,0,0,0,81661,1,0,0,1,0,6601,1651
2156,0,,0,0,"1651-03-20 16:30:42",0,1,0,0,0,185504,1,0,0,1,0,6601,1651
2157,0,17271,1,1,"1651-06-21 16:45:45",1,0,0,0,0,,0,0,0,0,0,6602,1651
2158,0,,0,0,"1652-06-20 22:31:27",1,1,0,0,1,81723,0,0,0,0,0,6606,1652
2159,0,,0,0,"1652-06-20 22:31:27",1,1,0,0,1,185566,0,0,0,0,0,6606,1652
2160,0,17324,1,0,"1653-06-21 04:19:14",1,0,0,0,0,,0,0,1,0,0,6610,1653
2161,0,17344,1,0,"1654-03-20 09:46:09",0,0,0,0,0,,0,0,1,1,0,6613,1654
2162,0,17430,1,0,"1657-06-21 03:20:26",1,0,0,0,0,,0,0,1,0,0,6626,1657
2163,0,,0,0,"1657-09-22 15:26:47",0,1,0,0,1,81983,0,1,0,0,0,6627,1657
2164,0,,0,0,"1657-09-22 15:26:47",0,1,0,0,1,185826,0,1,0,0,0,6627,1657
2165,0,,0,0,"1657-12-21 05:52:52",0,1,1,0,1,81995,0,0,0,0,0,6628,1657
2166,0,,0,0,"1657-12-21 05:52:52",0,1,1,0,1,185838,0,0,0,0,0,6628,1657
2167,1,,0,0,"1658-03-20 09:04:41",0,1,0,0,1,82007,0,0,0,1,0,6629,1658
2168,1,,0,0,"1658-03-20 09:04:41",0,1,0,0,1,185850,0,0,0,1,0,6629,1658
2169,0,17450,1,0,"1658-03-20 09:04:41",0,0,0,0,0,,0,0,1,1,0,6629,1658
2170,1,,0,0,"1661-09-22 14:50:50",0,1,0,0,0,82181,1,1,0,0,1,6643,1661
2171,1,,0,0,"1661-09-22 14:50:50",0,1,0,0,0,186024,1,1,0,0,1,6643,1661
2172,1,17543,1,1,"1661-09-22 14:50:50",0,0,0,0,0,,0,1,0,0,1,6643,1661
2173,0,,0,0,"1661-12-21 05:14:08",0,1,1,0,0,82193,1,0,0,0,0,6644,1661
2174,0,,0,0,"1661-12-21 05:14:08",0,1,1,0,0,186036,1,0,0,0,0,6644,1661
2175,1,,0,0,"1662-03-20 08:23:54",0,1,0,1,0,82205,1,0,0,1,0,6645,1662
2176,1,,0,0,"1662-03-20 08:23:54",0,1,0,1,0,186048,1,0,0,1,0,6645,1662
2177,1,17556,1,0,"1662-03-20 08:23:54",0,0,0,1,0,,0,0,1,1,0,6645,1662
2178,0,,0,0,"1663-06-21 14:27:14",1,1,0,0,1,82267,0,0,0,0,0,6650,1663
2179,0,,0,0,"1663-06-21 14:27:14",1,1,0,0,1,186110,0,0,0,0,0,6650,1663
2180,0,17596,1,0,"1663-09-23 02:33:37",0,0,0,0,0,,0,1,1,0,0,6651,1663
2181,0,17609,1,1,"1664-03-19 20:03:44",0,0,0,0,0,,0,0,0,1,0,6653,1664
2182,0,17629,1,1,"1664-12-20 22:55:04",0,0,1,0,0,,0,0,0,0,0,6656,1664
2183,0,17649,1,1,"1665-09-22 14:10:49",0,0,0,0,0,,0,1,0,0,0,6659,1665
2184,1,,0,0,"1666-03-20 07:44:29",0,1,0,0,1,82403,0,0,0,1,1,6661,1666
2185,1,,0,0,"1666-03-20 07:44:29",0,1,0,0,1,186246,0,0,0,1,1,6661,1666
2186,1,17662,1,0,"1666-03-20 07:44:29",0,0,0,0,0,,0,0,1,1,1,6661,1666
2187,0,,0,0,"1667-06-21 13:34:47",1,1,0,0,0,82465,1,0,0,0,0,6666,1667
2188,0,,0,0,"1667-06-21 13:34:47",1,1,0,0,0,186308,1,0,0,0,0,6666,1667
2189,0,17715,1,1,"1668-03-19 19:29:32",0,0,0,0,0,,0,0,0,1,0,6669,1668
2190,0,17735,1,1,"1668-12-20 22:11:45",0,0,1,0,0,,0,0,0,0,0,6672,1668
2191,0,17755,1,1,"1669-09-22 13:25:15",0,0,0,0,0,,0,1,0,0,0,6675,1669
2192,0,17768,1,0,"1670-03-20 07:01:41",0,0,0,1,0,,0,0,1,1,0,6677,1670
2193,0,17788,1,0,"1670-12-21 09:42:45",0,0,1,0,0,,0,0,1,0,0,6680,1670
2194,0,,0,0,"1671-06-21 12:48:27",1,1,0,0,1,82663,0,0,0,0,0,6682,1671
2195,0,,0,0,"1671-06-21 12:48:27",1,1,0,0,1,186506,0,0,0,0,0,6682,1671
2196,0,17821,1,1,"1672-03-19 18:32:49",0,0,0,0,0,,0,0,0,1,0,6685,1672
2197,0,17841,1,1,"1672-12-20 21:20:06",0,0,1,0,0,,0,0,0,0,1,6688,1672
2198,0,17874,1,0,"1674-03-20 06:03:06",0,0,0,0,0,,0,0,1,1,0,6693,1674
2199,0,17927,1,1,"1676-03-19 17:39:50",0,0,0,0,0,,0,0,0,1,0,6701,1676
2200,0,,0,0,"1676-09-22 05:50:15",0,1,0,0,1,82923,0,1,0,0,0,6703,1676
2201,0,,0,0,"1676-09-22 05:50:15",0,1,0,0,1,186766,0,1,0,0,0,6703,1676
2202,0,,0,0,"1676-12-20 20:36:52",0,1,1,0,1,82935,0,0,0,0,0,6704,1676
2203,0,,0,0,"1676-12-20 20:36:52",0,1,1,0,1,186778,0,0,0,0,0,6704,1676
2204,0,,0,0,"1677-03-19 23:25:55",0,1,0,0,1,82947,0,0,0,1,0,6705,1677
2205,0,,0,0,"1677-03-19 23:25:55",0,1,0,0,1,186790,0,0,0,1,0,6705,1677
2206,0,17980,1,0,"1678-03-20 05:23:35",0,0,0,0,0,,0,0,1,1,0,6709,1678
2207,0,,0,0,"1680-09-22 05:12:23",0,1,0,0,0,83121,1,1,0,0,0,6719,1680
2208,0,,0,0,"1680-09-22 05:12:23",0,1,0,0,0,186964,1,1,0,0,0,6719,1680
2209,0,,0,0,"1680-12-20 20:04:39",0,1,1,0,0,83133,1,0,0,0,0,6720,1680
2210,0,,0,0,"1680-12-20 20:04:39",0,1,1,0,0,186976,1,0,0,0,0,6720,1680
2211,0,,0,0,"1681-03-19 22:59:57",0,1,0,0,0,83145,1,0,0,1,0,6721,1681
2212,0,,0,0,"1681-03-19 22:59:57",0,1,0,0,0,186988,1,0,0,1,0,6721,1681
2213,0,18086,1,0,"1682-03-20 04:48:06",0,0,0,0,0,,0,0,1,1,0,6725,1682
2214,0,,0,0,"1685-03-19 22:14:37",0,1,0,0,1,83343,0,0,0,1,0,6737,1685
2215,0,,0,0,"1685-03-19 22:14:37",0,1,0,0,1,187186,0,0,0,1,0,6737,1685
2216,0,,0,0,"1686-06-21 03:52:15",1,1,0,0,0,83405,1,0,0,0,0,6742,1686
2217,0,,0,0,"1686-06-21 03:52:15",1,1,0,0,0,187248,1,0,0,0,0,6742,1686
2218,1,,0,0,"1690-06-21 02:52:49",1,1,0,1,1,83603,0,0,0,0,0,6758,1690
2219,1,,0,0,"1690-06-21 02:52:49",1,1,0,1,1,187446,0,0,0,0,0,6758,1690
2220,1,18305,1,1,"1690-06-21 02:52:49",1,0,0,1,0,,0,0,0,0,0,6758,1690
2221,0,,0,0,"1691-09-22 20:58:32",0,1,0,0,0,83665,1,1,0,0,0,6763,1691
2222,0,,0,0,"1691-09-22 20:58:32",0,1,0,0,0,187508,1,1,0,0,0,6763,1691
2223,0,18358,1,0,"1692-06-20 14:19:15",1,0,0,0,0,,0,0,1,0,0,6766,1692
2224,0,18411,1,1,"1694-06-21 02:05:24",1,0,0,0,0,,0,0,0,0,0,6774,1694
2225,0,,0,0,"1695-09-22 20:12:01",0,1,0,0,1,83863,0,1,0,0,0,6779,1695
2226,0,,0,0,"1695-09-22 20:12:01",0,1,0,0,1,187706,0,1,0,0,0,6779,1695
2227,0,,0,0,"1696-03-19 14:03:05",0,1,0,0,1,83887,0,0,0,1,0,6781,1696
2228,0,,0,0,"1696-03-19 14:03:05",0,1,0,0,1,187730,0,0,0,1,0,6781,1696
2229,0,18524,1,0,"1698-09-22 13:54:39",0,0,0,0,0,,0,1,1,0,0,6791,1698
2230,0,,0,0,"1699-09-22 19:38:04",0,1,0,0,0,84061,1,1,0,0,0,6795,1699
2231,0,,0,0,"1699-09-22 19:38:04",0,1,0,0,0,187904,1,1,0,0,0,6795,1699
2232,0,,0,0,"1699-12-21 10:47:06",0,1,1,0,0,84073,1,0,0,0,0,6796,1699
2233,0,,0,0,"1699-12-21 10:47:06",0,1,1,0,0,187916,1,0,0,0,0,6796,1699
2234,0,,0,0,"1700-03-20 13:26:08",0,1,0,0,0,84085,1,0,0,1,0,6797,1700
2235,0,,0,0,"1700-03-20 13:26:08",0,1,0,0,0,187928,1,0,0,1,0,6797,1700
2236,0,18630,1,0,"1702-09-23 13:05:47",0,0,0,0,0,,0,1,1,0,0,6807,1702
2237,0,,0,0,"1703-12-22 10:09:15",0,1,1,1,1,84271,0,0,0,0,0,6812,1703
2238,0,,0,0,"1703-12-22 10:09:15",0,1,1,1,1,188114,0,0,0,0,0,6812,1703
2239,0,,0,0,"1704-03-20 12:48:54",0,1,0,0,1,84283,0,0,0,1,0,6813,1704
2240,0,,0,0,"1704-03-20 12:48:54",0,1,0,0,1,188126,0,0,0,1,0,6813,1704
2241,0,18683,1,1,"1704-09-23 00:47:37",0,0,0,0,0,,0,1,0,0,0,6815,1704
2242,0,,0,0,"1705-06-21 17:59:42",1,1,0,0,0,84345,1,0,0,0,0,6818,1705
2243,0,,0,0,"1705-06-21 17:59:42",1,1,0,0,0,188188,1,0,0,0,0,6818,1705
2244,0,18716,1,0,"1705-12-21 21:42:49",0,0,1,0,0,,0,0,1,0,0,6820,1705
2245,0,18736,1,0,"1706-09-23 12:21:00",0,0,0,0,0,,0,1,1,0,0,6823,1706
2246,0,18769,1,1,"1707-12-22 09:22:54",0,0,1,0,0,,0,0,0,0,0,6828,1707
2247,0,18789,1,1,"1708-09-22 23:49:22",0,0,0,0,0,,0,1,0,0,0,6831,1708
2248,0,,0,0,"1709-06-21 17:05:05",1,1,0,0,1,84543,0,0,0,0,0,6834,1709
2249,0,,0,0,"1709-06-21 17:05:05",1,1,0,0,1,188386,0,0,0,0,0,6834,1709
2250,1,,0,0,"1710-09-23 11:25:58",0,1,0,1,0,84605,1,1,0,0,0,6839,1710
2251,1,,0,0,"1710-09-23 11:25:58",0,1,0,1,0,188448,1,1,0,0,0,6839,1710
2252,1,18842,1,0,"1710-09-23 11:25:58",0,0,0,1,0,,0,1,1,0,0,6839,1710
2253,0,18875,1,1,"1711-12-22 08:31:16",0,0,1,0,0,,0,0,0,0,0,6844,1711
2254,0,18895,1,1,"1712-09-22 23:06:00",0,0,0,0,0,,0,1,0,0,0,6847,1712
2255,1,,0,0,"1714-09-23 10:42:47",0,1,0,0,1,84803,0,1,0,0,1,6855,1714
2256,1,,0,0,"1714-09-23 10:42:47",0,1,0,0,1,188646,0,1,0,0,1,6855,1714
2257,1,18948,1,0,"1714-09-23 10:42:47",0,0,0,0,0,,0,1,1,0,1,6855,1714
2258,0,18961,1,1,"1715-03-21 04:42:31",0,0,0,0,0,,0,0,0,1,0,6857,1715
2259,0,18981,1,1,"1715-12-22 07:58:14",0,0,1,0,0,,0,0,0,0,0,6860,1715
2260,0,19001,1,1,"1716-09-22 22:17:37",0,0,0,0,0,,0,1,0,0,0,6863,1716
2261,1,,0,0,"1718-09-23 09:58:49",0,1,0,1,0,85001,1,1,0,0,0,6871,1718
2262,1,,0,0,"1718-09-23 09:58:49",0,1,0,1,0,188844,1,1,0,0,0,6871,1718
2263,1,19054,1,0,"1718-09-23 09:58:49",0,0,0,1,0,,0,1,1,0,0,6871,1718
2264,0,,0,0,"1718-12-22 01:26:14",0,1,1,0,0,85013,1,0,0,0,0,6872,1718
2265,0,,0,0,"1718-12-22 01:26:14",0,1,1,0,0,188856,1,0,0,0,0,6872,1718
2266,1,,0,0,"1719-03-21 04:03:23",0,1,0,0,0,85025,1,0,0,1,1,6873,1719
2267,1,,0,0,"1719-03-21 04:03:23",0,1,0,0,0,188868,1,0,0,1,1,6873,1719
2268,1,19067,1,1,"1719-03-21 04:03:23",0,0,0,0,0,,0,0,0,1,1,6873,1719
2269,0,19107,1,1,"1720-09-22 21:46:47",0,0,0,0,0,,0,1,0,0,0,6879,1720
2270,0,19160,1,0,"1722-09-23 09:25:30",0,0,0,0,0,,0,1,1,0,0,6887,1722
2271,0,,0,0,"1722-12-22 00:49:05",0,1,1,0,1,85211,0,0,0,0,0,6888,1722
2272,0,,0,0,"1722-12-22 00:49:05",0,1,1,0,1,189054,0,0,0,0,0,6888,1722
2273,0,,0,0,"1723-03-21 03:17:18",0,1,0,0,1,85223,0,0,0,1,0,6889,1723
2274,0,,0,0,"1723-03-21 03:17:18",0,1,0,0,1,189066,0,0,0,1,0,6889,1723
2275,0,,0,0,"1724-06-21 08:06:15",1,1,0,0,0,85285,1,0,0,0,0,6894,1724
2276,0,,0,0,"1724-06-21 08:06:15",1,1,0,0,0,189128,1,0,0,0,0,6894,1724
2277,0,,0,0,"1725-09-23 02:46:33",0,1,0,0,1,85347,0,1,0,0,0,6899,1725
2278,0,,0,0,"1725-09-23 02:46:33",0,1,0,0,1,189190,0,1,0,0,0,6899,1725
2279,0,19266,1,0,"1726-09-23 08:27:58",0,0,0,0,0,,0,1,1,0,0,6903,1726
2280,0,19286,1,0,"1727-06-22 01:27:35",1,0,0,0,0,,0,0,1,0,0,6906,1727
2281,0,,0,0,"1728-06-21 07:10:54",1,1,0,0,1,85483,0,0,0,0,0,6910,1728
2282,0,,0,0,"1728-06-21 07:10:54",1,1,0,0,1,189326,0,0,0,0,0,6910,1728
2283,0,,0,0,"1729-09-23 01:50:02",0,1,0,0,0,85545,1,1,0,0,0,6915,1729
2284,0,,0,0,"1729-09-23 01:50:02",0,1,0,0,0,189388,1,1,0,0,0,6915,1729
2285,0,19372,1,0,"1730-09-23 07:37:40",0,0,0,0,0,,0,1,1,0,0,6919,1730
2286,0,19392,1,0,"1731-06-22 00:36:28",1,0,0,0,0,,0,0,1,0,0,6922,1731
2287,0,19445,1,1,"1733-06-21 12:10:01",1,0,0,0,0,,0,0,0,0,0,6930,1733
2288,0,,0,0,"1733-09-23 01:10:07",0,1,0,0,1,85743,0,1,0,0,0,6931,1733
2289,0,,0,0,"1733-09-23 01:10:07",0,1,0,0,1,189586,0,1,0,0,0,6931,1733
2290,0,,0,0,"1733-12-21 16:42:39",0,1,1,0,1,85755,0,0,0,0,0,6932,1733
2291,0,,0,0,"1733-12-21 16:42:39",0,1,1,0,1,189598,0,0,0,0,0,6932,1733
2292,0,19498,1,0,"1735-06-21 23:48:58",1,0,0,0,0,,0,0,1,0,0,6938,1735
2293,0,19551,1,1,"1737-06-21 11:29:59",1,0,0,0,0,,0,0,0,0,0,6946,1737
2294,0,,0,0,"1737-12-21 16:13:02",0,1,1,0,0,85953,1,0,0,0,0,6948,1737
2295,0,,0,0,"1737-12-21 16:13:02",0,1,1,0,0,189796,1,0,0,0,0,6948,1737
2296,0,,0,0,"1738-03-20 18:33:18",0,1,0,0,0,85965,1,0,0,1,0,6949,1738
2297,0,,0,0,"1738-03-20 18:33:18",0,1,0,0,0,189808,1,0,0,1,0,6949,1738
2298,1,,0,0,"1739-06-21 23:05:57",1,1,0,0,1,86027,0,0,0,0,1,6954,1739
2299,1,,0,0,"1739-06-21 23:05:57",1,1,0,0,1,189870,0,0,0,0,1,6954,1739
2300,1,19604,1,0,"1739-06-21 23:05:57",1,0,0,0,0,,0,0,1,0,1,6954,1739
2301,0,19657,1,1,"1741-06-21 10:48:39",1,0,0,0,0,,0,0,0,0,0,6962,1741
2302,0,,0,0,"1741-12-21 15:34:48",0,1,1,0,1,86151,0,0,0,0,0,6964,1741
2303,0,,0,0,"1741-12-21 15:34:48",0,1,1,0,1,189994,0,0,0,0,0,6964,1741
2304,0,,0,0,"1742-03-20 17:54:04",0,1,0,0,1,86163,0,0,0,1,0,6965,1742
2305,0,,0,0,"1742-03-20 17:54:04",0,1,0,0,1,190006,0,0,0,1,0,6965,1742
2306,1,,0,0,"1743-06-21 22:27:54",1,1,0,1,0,86225,1,0,0,0,0,6970,1743
2307,1,,0,0,"1743-06-21 22:27:54",1,1,0,1,0,190068,1,0,0,0,0,6970,1743
2308,1,19710,1,0,"1743-06-21 22:27:54",1,0,0,1,0,,0,0,1,0,0,6970,1743
2309,0,,0,0,"1744-09-22 17:10:12",0,1,0,0,1,86287,0,1,0,0,0,6975,1744
2310,0,,0,0,"1744-09-22 17:10:12",0,1,0,0,1,190130,0,1,0,0,0,6975,1744
2311,0,19750,1,0,"1744-12-21 08:57:06",0,0,1,0,0,,0,0,1,0,0,6976,1744
2312,0,19763,1,1,"1745-06-21 09:59:41",1,0,0,0,0,,0,0,0,0,0,6978,1745
2313,1,,0,0,"1747-06-21 21:21:55",1,1,0,0,1,86423,0,0,0,0,1,6986,1747
2314,1,,0,0,"1747-06-21 21:21:55",1,1,0,0,1,190266,0,0,0,0,1,6986,1747
2315,1,19816,1,0,"1747-06-21 21:21:55",1,0,0,0,0,,0,0,1,0,1,6986,1747
2316,0,,0,0,"1748-09-22 16:15:16",0,1,0,0,0,86485,1,1,0,0,0,6991,1748
2317,0,,0,0,"1748-09-22 16:15:16",0,1,0,0,0,190328,1,1,0,0,0,6991,1748
2318,0,19856,1,0,"1748-12-21 08:11:33",0,0,1,0,0,,0,0,1,0,0,6992,1748
2319,0,19869,1,1,"1749-06-21 08:53:31",1,0,0,0,0,,0,0,0,0,0,6994,1749
2320,0,19922,1,0,"1751-06-21 20:32:49",1,0,0,0,0,,0,0,1,0,0,7002,1751
2321,0,19942,1,0,"1752-03-20 03:46:41",0,0,0,0,0,,0,0,1,1,0,7005,1752
2322,0,,0,0,"1752-09-22 15:27:00",0,1,0,0,1,86683,0,1,0,0,0,7007,1752
2323,0,,0,0,"1752-09-22 15:27:00",0,1,0,0,1,190526,0,1,0,0,0,7007,1752
2324,1,,0,0,"1752-12-21 07:32:00",0,1,1,0,1,86695,0,0,0,0,1,7008,1752
2325,1,,0,0,"1752-12-21 07:32:00",0,1,1,0,1,190538,0,0,0,0,1,7008,1752
2326,1,19962,1,0,"1752-12-21 07:32:00",0,0,1,0,0,,0,0,1,0,1,7008,1752
2327,0,,0,0,"1754-06-21 14:09:10",1,1,0,0,0,86769,1,0,0,0,0,7014,1754
2328,0,,0,0,"1754-06-21 14:09:10",1,1,0,0,0,190612,1,0,0,0,0,7014,1754
2329,0,20015,1,1,"1754-12-21 19:08:43",0,0,1,0,0,,0,0,0,0,0,7016,1754
2330,0,20028,1,0,"1755-06-21 19:51:01",1,0,0,0,0,,0,0,1,0,0,7018,1755
2331,0,20048,1,0,"1756-03-20 03:17:08",0,0,0,0,0,,0,0,1,1,0,7021,1756
2332,1,,0,0,"1756-12-21 06:50:39",0,1,1,1,0,86893,1,0,0,0,0,7024,1756
2333,1,,0,0,"1756-12-21 06:50:39",0,1,1,1,0,190736,1,0,0,0,0,7024,1756
2334,1,20068,1,0,"1756-12-21 06:50:39",0,0,1,1,0,,0,0,1,0,0,7024,1756
2335,0,,0,0,"1757-03-20 09:00:04",0,1,0,0,0,86905,1,0,0,1,0,7025,1757
2336,0,,0,0,"1757-03-20 09:00:04",0,1,0,0,0,190748,1,0,0,1,0,7025,1757
2337,0,20101,1,1,"1758-03-20 14:50:36",0,0,0,0,0,,0,0,0,1,0,7029,1758
2338,0,,0,0,"1758-06-21 13:24:20",1,1,0,0,1,86967,0,0,0,0,0,7030,1758
2339,0,,0,0,"1758-06-21 13:24:20",1,1,0,0,1,190810,0,0,0,0,0,7030,1758
2340,0,20121,1,1,"1758-12-21 18:37:09",0,0,1,0,0,,0,0,0,0,0,7032,1758
2341,0,20141,1,1,"1759-09-23 08:18:46",0,0,0,0,0,,0,1,0,0,0,7035,1759
2342,0,20154,1,0,"1760-03-20 02:24:15",0,0,0,0,0,,0,0,1,1,0,7037,1760
2343,0,20174,1,0,"1760-12-21 06:21:22",0,0,1,0,0,,0,0,1,0,1,7040,1760
2344,0,,0,0,"1761-03-20 08:18:36",0,1,0,0,1,87103,0,0,0,1,0,7041,1761
2345,0,,0,0,"1761-03-20 08:18:36",0,1,0,0,1,190946,0,0,0,1,0,7041,1761
2346,0,20207,1,1,"1762-03-20 14:14:42",0,0,0,0,0,,0,0,0,1,0,7045,1762
2347,0,,0,0,"1762-06-21 12:35:54",1,1,0,0,0,87165,1,0,0,0,0,7046,1762
2348,0,,0,0,"1762-06-21 12:35:54",1,1,0,0,0,191008,1,0,0,0,0,7046,1762
2349,0,20227,1,1,"1762-12-21 17:51:50",0,0,1,0,0,,0,0,0,0,0,7048,1762
2350,0,20247,1,1,"1763-09-23 07:29:04",0,0,0,0,0,,0,1,0,0,0,7051,1763
2351,0,20260,1,0,"1764-03-20 01:50:20",0,0,0,0,0,,0,0,1,1,0,7053,1764
2352,0,20280,1,0,"1764-12-21 05:29:56",0,0,1,0,0,,0,0,1,0,0,7056,1764
2353,0,20300,1,0,"1765-09-22 19:02:43",0,0,0,0,0,,0,1,1,0,0,7059,1765
2354,0,20313,1,1,"1766-03-20 13:16:20",0,0,0,0,0,,0,0,0,1,0,7061,1766
2355,0,20333,1,1,"1766-12-21 17:03:51",0,0,1,0,0,,0,0,0,0,0,7064,1766
2356,1,,0,0,"1767-09-23 06:33:14",0,1,0,0,0,87425,1,1,0,0,1,7067,1767
2357,1,,0,0,"1767-09-23 06:33:14",0,1,0,0,0,191268,1,1,0,0,1,7067,1767
2358,1,20353,1,1,"1767-09-23 06:33:14",0,0,0,0,0,,0,1,0,0,1,7067,1767
2359,0,,0,0,"1767-12-21 22:47:38",0,1,1,0,0,87437,1,0,0,0,0,7068,1767
2360,0,,0,0,"1767-12-21 22:47:38",0,1,1,0,0,191280,1,0,0,0,0,7068,1767
2361,0,20366,1,0,"1768-03-20 00:47:15",0,0,0,1,0,,0,0,1,1,0,7069,1768
2362,0,20386,1,0,"1768-12-21 04:36:49",0,0,1,0,0,,0,0,1,0,0,7072,1768
2363,0,20419,1,1,"1770-03-20 12:29:58",0,0,0,0,0,,0,0,0,1,0,7077,1770
2364,0,20439,1,1,"1770-12-21 16:18:15",0,0,1,0,0,,0,0,0,0,0,7080,1770
2365,0,,0,0,"1771-09-23 05:50:15",0,1,0,0,1,87623,0,1,0,0,0,7083,1771
2366,0,,0,0,"1771-09-23 05:50:15",0,1,0,0,1,191466,0,1,0,0,0,7083,1771
2367,0,,0,0,"1771-12-21 22:17:29",0,1,1,0,1,87635,0,0,0,0,0,7084,1771
2368,0,,0,0,"1771-12-21 22:17:29",0,1,1,0,1,191478,0,0,0,0,0,7084,1771
2369,1,,0,0,"1772-03-20 00:09:52",0,1,0,0,1,87647,0,0,0,1,1,7085,1772
2370,1,,0,0,"1772-03-20 00:09:52",0,1,0,0,1,191490,0,0,0,1,1,7085,1772
2371,1,20472,1,0,"1772-03-20 00:09:52",0,0,0,0,0,,0,0,1,1,1,7085,1772
2372,0,20492,1,0,"1772-12-21 04:08:07",0,0,1,0,0,,0,0,1,0,0,7088,1772
2373,0,,0,0,"1775-12-21 21:39:18",0,1,1,0,0,87833,1,0,0,0,0,7100,1775
2374,0,,0,0,"1775-12-21 21:39:18",0,1,1,0,0,191676,1,0,0,0,0,7100,1775
2375,1,,0,0,"1776-03-19 23:36:26",0,1,0,1,0,87845,1,0,0,1,0,7101,1776
2376,1,,0,0,"1776-03-19 23:36:26",0,1,0,1,0,191688,1,0,0,1,0,7101,1776
2377,1,20578,1,0,"1776-03-19 23:36:26",0,0,0,1,0,,0,0,1,1,0,7101,1776
2378,0,20598,1,0,"1776-12-21 03:30:53",0,0,1,0,0,,0,0,1,0,0,7104,1776
2379,0,,0,0,"1777-06-21 03:40:42",1,1,0,0,1,87907,0,0,0,0,0,7106,1777
2380,0,,0,0,"1777-06-21 03:40:42",1,1,0,0,1,191750,0,0,0,0,0,7106,1777
2381,1,,0,0,"1780-03-19 22:53:13",0,1,0,0,1,88043,0,0,0,1,0,7117,1780
2382,1,,0,0,"1780-03-19 22:53:13",0,1,0,0,1,191886,0,0,0,1,0,7117,1780
2383,0,20684,1,0,"1780-03-19 22:53:13",0,0,0,0,0,,0,0,1,1,0,7117,1780
2384,0,,0,0,"1781-06-21 02:45:51",1,1,0,0,0,88105,1,0,0,0,0,7122,1781
2385,0,,0,0,"1781-06-21 02:45:51",1,1,0,0,0,191948,1,0,0,0,0,7122,1781
2386,0,,0,0,"1786-09-22 20:59:45",0,1,0,0,0,88365,1,1,0,0,0,7143,1786
2387,0,,0,0,"1786-09-22 20:59:45",0,1,0,0,0,192208,1,1,0,0,0,7143,1786
2388,0,,0,0,"1786-12-21 13:34:12",0,1,1,0,0,88377,1,0,0,0,0,7144,1786
2389,0,,0,0,"1786-12-21 13:34:12",0,1,1,0,0,192220,1,0,0,0,0,7144,1786
2390,0,20903,1,1,"1788-06-20 19:08:30",1,0,0,0,0,,0,0,0,0,0,7150,1788
2391,0,,0,0,"1790-09-22 20:11:10",0,1,0,0,1,88563,0,1,0,0,0,7159,1790
2392,0,,0,0,"1790-09-22 20:11:10",0,1,0,0,1,192406,0,1,0,0,0,7159,1790
2393,0,,0,0,"1790-12-21 12:52:07",0,1,1,0,1,88575,0,0,0,0,0,7160,1790
2394,0,,0,0,"1790-12-21 12:52:07",0,1,1,0,1,192418,0,0,0,0,0,7160,1790
2395,0,,0,0,"1791-03-20 14:48:11",0,1,0,0,1,88587,0,0,0,1,0,7161,1791
2396,0,,0,0,"1791-03-20 14:48:11",0,1,0,0,1,192430,0,0,0,1,0,7161,1791
2397,0,21009,1,1,"1792-06-20 18:25:47",1,0,0,0,0,,0,0,0,0,0,7166,1792
2398,0,21062,1,0,"1794-06-21 06:15:27",1,0,0,0,0,,0,0,1,0,0,7174,1794
2399,0,,0,0,"1794-12-21 12:23:32",0,1,1,0,0,88773,1,0,0,0,0,7176,1794
2400,0,,0,0,"1794-12-21 12:23:32",0,1,1,0,0,192616,1,0,0,0,0,7176,1794
2401,0,,0,0,"1795-03-20 14:03:31",0,1,0,0,0,88785,1,0,0,1,0,7177,1795
2402,0,,0,0,"1795-03-20 14:03:31",0,1,0,0,0,192628,1,0,0,1,0,7177,1795
2403,0,,0,0,"1796-06-20 17:41:47",1,1,0,1,1,88847,0,0,0,0,0,7182,1796
2404,0,,0,0,"1796-06-20 17:41:47",1,1,0,1,1,192690,0,0,0,0,0,7182,1796
2405,0,,0,0,"1800-06-21 16:51:08",1,1,0,0,0,89045,1,0,0,0,0,7198,1800
2406,0,,0,0,"1800-06-21 16:51:08",1,1,0,0,0,192888,1,0,0,0,0,7198,1800
2407,0,21228,1,0,"1800-09-23 06:25:06",0,0,0,0,0,,0,1,1,0,0,7199,1800
2408,0,21281,1,1,"1802-09-23 18:01:48",0,0,0,0,0,,0,1,0,0,0,7207,1802
2409,0,,0,0,"1805-09-23 11:28:34",0,1,0,0,0,89305,1,1,0,0,0,7219,1805
2410,0,,0,0,"1805-09-23 11:28:34",0,1,0,0,0,193148,1,1,0,0,0,7219,1805
2411,0,21367,1,1,"1805-12-22 04:12:52",0,0,1,0,0,,0,0,0,0,0,7220,1805
2412,0,,0,0,"1806-03-21 05:51:48",0,1,0,0,0,89329,1,0,0,1,0,7221,1806
2413,0,,0,0,"1806-03-21 05:51:48",0,1,0,0,0,193172,1,0,0,1,0,7221,1806
2414,0,21387,1,1,"1806-09-23 17:07:30",0,0,0,0,0,,0,1,0,0,0,7223,1806
2415,0,21453,1,1,"1809-03-20 23:21:24",0,0,0,0,0,,0,0,0,1,0,7233,1809
2416,0,,0,0,"1809-09-23 10:41:42",0,1,0,0,1,89503,0,1,0,0,0,7235,1809
2417,0,,0,0,"1809-09-23 10:41:42",0,1,0,0,1,193346,0,1,0,0,0,7235,1809
2418,1,,0,0,"1809-12-22 03:37:18",0,1,1,1,1,89515,0,0,0,0,0,7236,1809
2419,1,,0,0,"1809-12-22 03:37:18",0,1,1,1,1,193358,0,0,0,0,0,7236,1809
2420,1,21473,1,1,"1809-12-22 03:37:18",0,0,1,1,0,,0,0,0,0,0,7236,1809
2421,0,,0,0,"1810-03-21 05:20:05",0,1,0,0,1,89527,0,0,0,1,0,7237,1810
2422,0,,0,0,"1810-03-21 05:20:05",0,1,0,0,1,193370,0,0,0,1,0,7237,1810
2423,0,21493,1,1,"1810-09-23 16:36:19",0,0,0,0,0,,0,1,0,0,0,7239,1810
2424,0,21559,1,1,"1813-03-20 22:49:15",0,0,0,0,0,,0,0,0,1,0,7249,1813
2425,0,,0,0,"1813-12-22 03:06:56",0,1,1,0,0,89713,1,0,0,0,0,7252,1813
2426,0,,0,0,"1813-12-22 03:06:56",0,1,1,0,0,193556,1,0,0,0,0,7252,1813
2427,0,,0,0,"1814-03-21 04:42:21",0,1,0,0,0,89725,1,0,0,1,0,7253,1814
2428,0,,0,0,"1814-03-21 04:42:21",0,1,0,0,0,193568,1,0,0,1,0,7253,1814
2429,0,21599,1,1,"1814-09-23 15:46:03",0,0,0,0,0,,0,1,0,0,0,7255,1814
2430,0,,0,0,"1815-06-22 07:57:47",1,1,0,0,1,89787,0,0,0,0,0,7258,1815
2431,0,,0,0,"1815-06-22 07:57:47",1,1,0,0,1,193630,0,0,0,0,0,7258,1815
2432,0,21665,1,1,"1817-03-20 21:59:58",0,0,0,0,0,,0,0,0,1,0,7265,1817
2433,0,21718,1,0,"1819-03-21 09:38:05",0,0,0,0,0,,0,0,1,1,0,7273,1819
2434,0,,0,0,"1819-06-22 06:57:20",1,1,0,0,0,89985,1,0,0,0,0,7274,1819
2435,0,,0,0,"1819-06-22 06:57:20",1,1,0,0,0,193828,1,0,0,0,0,7274,1819
2436,0,,0,0,"1820-09-23 02:37:15",0,1,0,0,1,90047,0,1,0,0,1,7279,1820
2437,0,,0,0,"1820-09-23 02:37:15",0,1,0,0,1,193890,0,1,0,0,1,7279,1820
2438,0,21771,1,1,"1821-03-20 21:14:48",0,0,0,0,0,,0,0,0,1,0,7281,1821
2439,0,,0,0,"1824-09-23 01:45:56",0,1,0,0,0,90245,1,1,0,0,0,7295,1824
2440,0,,0,0,"1824-09-23 01:45:56",0,1,0,0,0,194088,1,1,0,0,0,7295,1824
2441,0,,0,0,"1828-09-23 01:09:07",0,1,0,0,1,90443,0,1,0,0,0,7311,1828
2442,0,,0,0,"1828-09-23 01:09:07",0,1,0,0,1,194286,0,1,0,0,0,7311,1828
2443,0,,0,0,"1828-12-21 18:17:56",0,1,1,0,1,90455,0,0,0,0,0,7312,1828
2444,0,,0,0,"1828-12-21 18:17:56",0,1,1,0,1,194298,0,0,0,0,0,7312,1828
2445,0,,0,0,"1829-03-20 19:41:29",0,1,0,0,1,90467,0,0,0,1,0,7313,1829
2446,0,,0,0,"1829-03-20 19:41:29",0,1,0,0,1,194310,0,0,0,1,0,7313,1829
2447,0,21990,1,0,"1829-06-21 17:04:21",1,0,0,0,0,,0,0,1,0,0,7314,1829
2448,0,22043,1,1,"1831-06-22 04:36:00",1,0,0,0,0,,0,0,0,0,0,7322,1831
2449,0,,0,0,"1832-12-21 17:51:07",0,1,1,0,0,90653,1,0,0,0,0,7328,1832
2450,0,,0,0,"1832-12-21 17:51:07",0,1,1,0,0,194496,1,0,0,0,0,7328,1832
2451,0,,0,0,"1833-03-20 19:11:16",0,1,0,0,0,90665,1,0,0,1,0,7329,1833
2452,0,,0,0,"1833-03-20 19:11:16",0,1,0,0,0,194508,1,0,0,1,0,7329,1833
2453,0,,0,0,"1834-06-21 22:11:01",1,1,0,0,1,90727,0,0,0,0,0,7334,1834
2454,0,,0,0,"1834-06-21 22:11:01",1,1,0,0,1,194570,0,0,0,0,0,7334,1834
2455,0,22149,1,1,"1835-06-22 03:54:09",1,0,0,0,0,,0,0,0,0,0,7338,1835
2456,0,,0,0,"1838-06-21 21:18:00",1,1,0,0,0,90925,1,0,0,0,0,7350,1838
2457,0,,0,0,"1838-06-21 21:18:00",1,1,0,0,0,194768,1,0,0,0,0,7350,1838
2458,0,22255,1,1,"1839-06-22 02:59:51",1,0,0,0,0,,0,0,0,0,0,7354,1839
2459,0,,0,0,"1839-09-23 16:58:29",0,1,0,0,1,90987,0,1,0,0,0,7355,1839
2460,0,,0,0,"1839-09-23 16:58:29",0,1,0,0,1,194830,0,1,0,0,0,7355,1839
2461,0,22348,1,0,"1842-12-22 03:54:49",0,0,1,0,0,,0,0,1,0,0,7368,1842
2462,0,,0,0,"1843-09-23 16:08:35",0,1,0,1,0,91185,1,1,0,0,0,7371,1843
2463,0,,0,0,"1843-09-23 16:08:35",0,1,0,1,0,195028,1,1,0,0,0,7371,1843
2464,0,22454,1,0,"1846-12-22 03:11:33",0,0,1,0,0,,0,0,1,0,0,7384,1846
2465,0,,0,0,"1847-09-23 15:21:43",0,1,0,0,1,91383,0,1,0,0,1,7387,1847
2466,0,,0,0,"1847-09-23 15:21:43",0,1,0,0,1,195226,0,1,0,0,1,7387,1847
2467,0,,0,0,"1847-12-22 09:04:20",0,1,1,0,1,91395,0,0,0,0,0,7388,1847
2468,0,,0,0,"1847-12-22 09:04:20",0,1,1,0,1,195238,0,0,0,0,0,7388,1847
2469,0,,0,0,"1848-03-20 10:17:12",0,1,0,0,1,91407,0,0,0,1,0,7389,1848
2470,0,,0,0,"1848-03-20 10:17:12",0,1,0,0,1,195250,0,0,0,1,0,7389,1848
2471,0,22507,1,1,"1848-12-21 14:59:11",0,0,1,0,0,,0,0,0,0,0,7392,1848
2472,0,,0,0,"1849-06-21 13:06:24",1,1,0,1,0,91469,1,0,0,0,0,7394,1849
2473,0,,0,0,"1849-06-21 13:06:24",1,1,0,1,0,195312,1,0,0,0,0,7394,1849
2474,0,22560,1,0,"1850-12-22 02:36:53",0,0,1,0,0,,0,0,1,0,0,7400,1850
2475,0,,0,0,"1851-12-22 08:28:02",0,1,1,0,0,91593,1,0,0,0,0,7404,1851
2476,0,,0,0,"1851-12-22 08:28:02",0,1,1,0,0,195436,1,0,0,0,0,7404,1851
2477,0,,0,0,"1852-03-20 09:40:36",0,1,0,0,0,91605,1,0,0,1,0,7405,1852
2478,0,,0,0,"1852-03-20 09:40:36",0,1,0,0,0,195448,1,0,0,1,0,7405,1852
2479,0,22613,1,1,"1852-12-21 14:11:54",0,0,1,0,0,,0,0,0,0,0,7408,1852
2480,0,,0,0,"1853-06-21 12:21:33",1,1,0,0,1,91667,0,0,0,0,0,7410,1853
2481,0,,0,0,"1853-06-21 12:21:33",1,1,0,0,1,195510,0,0,0,0,0,7410,1853
2482,0,22633,1,1,"1853-09-23 02:35:35",0,0,0,0,0,,0,1,0,0,0,7411,1853
2483,0,22666,1,0,"1854-12-22 01:57:39",0,0,1,0,0,,0,0,1,0,0,7416,1854
2484,0,22699,1,1,"1856-03-20 08:48:27",0,0,0,1,0,,0,0,0,1,0,7421,1856
2485,0,22719,1,1,"1856-12-21 13:37:57",0,0,1,0,0,,0,0,0,0,0,7424,1856
2486,0,,0,0,"1857-06-21 11:24:23",1,1,0,0,0,91865,1,0,0,0,0,7426,1857
2487,0,,0,0,"1857-06-21 11:24:23",1,1,0,0,0,195708,1,0,0,0,0,7426,1857
2488,0,22739,1,1,"1857-09-23 01:31:51",0,0,0,0,0,,0,1,0,0,0,7427,1857
2489,0,,0,0,"1858-09-23 07:21:27",0,1,0,0,1,91927,0,1,0,0,0,7431,1858
2490,0,,0,0,"1858-09-23 07:21:27",0,1,0,0,1,195770,0,1,0,0,0,7431,1858
2491,0,22772,1,0,"1858-12-22 01:09:15",0,0,1,0,0,,0,0,1,0,1,7432,1858
2492,0,22805,1,1,"1860-03-20 08:03:56",0,0,0,0,0,,0,0,0,1,0,7437,1860
2493,0,22825,1,1,"1860-12-21 12:40:39",0,0,1,0,0,,0,0,0,0,0,7440,1860
2494,0,22845,1,1,"1861-09-23 00:46:10",0,0,0,0,0,,0,1,0,0,0,7443,1861
2495,0,,0,0,"1862-09-23 06:25:37",0,1,0,0,0,92125,1,1,0,0,0,7447,1862
2496,0,,0,0,"1862-09-23 06:25:37",0,1,0,0,0,195968,1,1,0,0,0,7447,1862
2497,1,,0,0,"1862-12-22 00:18:05",0,1,1,1,0,92137,1,0,0,0,0,7448,1862
2498,1,,0,0,"1862-12-22 00:18:05",0,1,1,1,0,195980,1,0,0,0,0,7448,1862
2499,1,22878,1,0,"1862-12-22 00:18:05",0,0,1,1,0,,0,0,1,0,0,7448,1862
2500,0,22898,1,0,"1863-09-23 12:15:44",0,0,0,0,0,,0,1,1,0,0,7451,1863
2501,0,22951,1,1,"1865-09-22 23:58:52",0,0,0,0,0,,0,1,0,0,0,7459,1865
2502,1,,0,0,"1866-12-21 23:48:47",0,1,1,0,1,92335,0,0,0,0,1,7464,1866
2503,1,,0,0,"1866-12-21 23:48:47",0,1,1,0,1,196178,0,0,0,0,1,7464,1866
2504,1,22984,1,0,"1866-12-21 23:48:47",0,0,1,0,0,,0,0,1,0,1,7464,1866
2505,0,,0,0,"1867-03-21 00:45:47",0,1,0,0,1,92347,0,0,0,1,0,7465,1867
2506,0,,0,0,"1867-03-21 00:45:47",0,1,0,0,1,196190,0,0,0,1,0,7465,1867
2507,0,23004,1,0,"1867-09-23 11:42:02",0,0,0,0,0,,0,1,1,0,0,7467,1867
2508,0,,0,0,"1868-06-21 03:09:18",1,1,0,0,0,92409,1,0,0,0,0,7470,1868
2509,0,,0,0,"1868-06-21 03:09:18",1,1,0,0,0,196252,1,0,0,0,0,7470,1868
2510,1,,0,0,"1870-12-21 23:12:30",0,1,1,0,0,92533,1,0,0,0,0,7480,1870
2511,1,,0,0,"1870-12-21 23:12:30",0,1,1,0,0,196376,1,0,0,0,0,7480,1870
2512,0,23090,1,0,"1870-12-21 23:12:30",0,0,1,0,0,,0,0,1,0,0,7480,1870
2513,0,,0,0,"1871-03-21 00:19:06",0,1,0,0,0,92545,1,0,0,1,0,7481,1871
2514,0,,0,0,"1871-03-21 00:19:06",0,1,0,0,0,196388,1,0,0,1,0,7481,1871
2515,0,,0,0,"1872-06-21 02:31:14",1,1,0,0,1,92607,0,0,0,0,1,7486,1872
2516,0,,0,0,"1872-06-21 02:31:14",1,1,0,0,1,196450,0,0,0,0,1,7486,1872
2517,0,23196,1,0,"1874-12-21 22:21:27",0,0,1,0,0,,0,0,1,0,0,7496,1874
2518,0,,0,0,"1875-03-20 23:20:35",0,1,0,0,1,92743,0,0,0,1,0,7497,1875
2519,0,,0,0,"1875-03-20 23:20:35",0,1,0,0,1,196586,0,0,0,1,0,7497,1875
2520,0,,0,0,"1876-06-21 01:31:33",1,1,0,1,0,92805,1,0,0,0,0,7502,1876
2521,0,,0,0,"1876-06-21 01:31:33",1,1,0,1,0,196648,1,0,0,0,0,7502,1876
2522,0,,0,0,"1877-09-22 21:47:30",0,1,0,0,1,92867,0,1,0,0,0,7507,1877
2523,0,,0,0,"1877-09-22 21:47:30",0,1,0,0,1,196710,0,1,0,0,0,7507,1877
2524,0,,0,0,"1881-09-22 20:49:29",0,1,0,0,0,93065,1,1,0,0,0,7523,1881
2525,0,,0,0,"1881-09-22 20:49:29",0,1,0,0,0,196908,1,1,0,0,0,7523,1881
2526,0,,0,0,"1881-12-21 14:59:53",0,1,1,0,0,93077,1,0,0,0,0,7524,1881
2527,0,,0,0,"1881-12-21 14:59:53",0,1,1,0,0,196920,1,0,0,0,0,7524,1881
2528,0,23395,1,1,"1882-06-21 12:16:00",1,0,0,0,0,,0,0,0,0,0,7526,1882
2529,0,,0,0,"1885-12-21 14:26:52",0,1,1,0,1,93275,0,0,0,0,0,7540,1885
2530,0,,0,0,"1885-12-21 14:26:52",0,1,1,0,1,197118,0,0,0,0,0,7540,1885
2531,0,,0,0,"1886-03-20 15:25:46",0,1,0,0,1,93287,0,0,0,1,0,7541,1886
2532,0,,0,0,"1886-03-20 15:25:46",0,1,0,0,1,197130,0,0,0,1,0,7541,1886
2533,0,23501,1,1,"1886-06-21 11:40:35",1,0,0,0,0,,0,0,0,0,0,7542,1886
2534,0,,0,0,"1887-06-21 17:26:44",1,1,0,0,0,93349,1,0,0,0,0,7546,1887
2535,0,,0,0,"1887-06-21 17:26:44",1,1,0,0,0,197192,1,0,0,0,0,7546,1887
2536,0,,0,0,"1889-12-21 13:51:19",0,1,1,1,0,93473,1,0,0,0,0,7556,1889
2537,0,,0,0,"1889-12-21 13:51:19",0,1,1,1,0,197316,1,0,0,0,0,7556,1889
2538,0,,0,0,"1890-03-20 14:40:26",0,1,0,0,0,93485,1,0,0,1,0,7557,1890
2539,0,,0,0,"1890-03-20 14:40:26",0,1,0,0,0,197328,1,0,0,1,0,7557,1890
2540,0,23607,1,1,"1890-06-21 10:53:19",1,0,0,0,0,,0,0,0,0,0,7558,1890
2541,0,,0,0,"1891-06-21 16:31:59",1,1,0,0,1,93547,0,0,0,0,0,7562,1891
2542,0,,0,0,"1891-06-21 16:31:59",1,1,0,0,1,197390,0,0,0,0,0,7562,1891
2543,0,23660,1,0,"1892-06-20 22:22:53",1,0,0,0,0,,0,0,1,0,0,7566,1892
2544,0,23680,1,0,"1893-03-20 08:07:49",0,0,0,0,0,,0,0,1,1,0,7569,1893
2545,0,,0,0,"1894-03-20 13:58:43",0,1,0,0,1,93683,0,0,0,1,0,7573,1894
2546,0,,0,0,"1894-03-20 13:58:43",0,1,0,0,1,197526,0,0,0,1,0,7573,1894
2547,0,23713,1,1,"1894-06-21 09:56:14",1,0,0,0,0,,0,0,0,0,0,7574,1894
2548,0,23766,1,0,"1896-06-20 21:27:37",1,0,0,0,0,,0,0,1,0,0,7582,1896
2549,0,,0,0,"1896-09-22 12:02:57",0,1,0,0,1,93807,0,1,0,0,0,7583,1896
2550,0,,0,0,"1896-09-22 12:02:57",0,1,0,0,1,197650,0,1,0,0,0,7583,1896
2551,0,23786,1,0,"1897-03-20 07:15:35",0,0,0,0,0,,0,0,1,1,0,7585,1897
2552,0,23839,1,1,"1899-03-20 18:45:08",0,0,0,0,0,,0,0,0,1,0,7593,1899
2553,0,23859,1,1,"1899-12-21 23:55:36",0,0,1,0,0,,0,0,0,0,0,7596,1899
2554,1,,0,0,"1900-09-23 12:34:20",0,1,0,0,0,94005,1,1,0,0,1,7599,1900
2555,1,,0,0,"1900-09-23 12:34:20",0,1,0,0,0,197848,1,1,0,0,1,7599,1900
2556,1,23879,1,1,"1900-09-23 12:34:20",0,0,0,0,0,,0,1,0,0,1,7599,1900
2557,0,,0,0,"1900-12-22 06:55:44",0,1,1,0,0,94017,1,0,0,0,0,7600,1900
2558,0,,0,0,"1900-12-22 06:55:44",0,1,1,0,0,197860,1,0,0,0,0,7600,1900
2559,1,,0,0,"1901-03-21 07:23:01",0,1,0,1,0,94029,1,0,0,1,0,7601,1901
2560,1,,0,0,"1901-03-21 07:23:01",0,1,0,1,0,197872,1,0,0,1,0,7601,1901
2561,1,23892,1,0,"1901-03-21 07:23:01",0,0,0,1,0,,0,0,1,1,0,7601,1901
2562,0,23932,1,0,"1902-09-23 23:54:48",0,0,0,0,0,,0,1,1,0,0,7607,1902
2563,0,23945,1,1,"1903-03-21 19:14:15",0,0,0,0,0,,0,0,0,1,0,7609,1903
2564,0,23965,1,1,"1903-12-23 00:19:55",0,0,1,0,0,,0,0,0,0,0,7612,1903
2565,0,23985,1,1,"1904-09-23 11:39:43",0,0,0,0,0,,0,1,0,0,0,7615,1904
2566,0,,0,0,"1904-12-22 06:13:27",0,1,1,0,1,94215,0,0,0,0,0,7616,1904
2567,0,,0,0,"1904-12-22 06:13:27",0,1,1,0,1,198058,0,0,0,0,0,7616,1904
2568,1,,0,0,"1905-03-21 06:57:02",0,1,0,0,1,94227,0,0,0,1,1,7617,1905
2569,1,,0,0,"1905-03-21 06:57:02",0,1,0,0,1,198070,0,0,0,1,1,7617,1905
2570,1,23998,1,0,"1905-03-21 06:57:02",0,0,0,0,0,,0,0,1,1,1,7617,1905
2571,0,,0,0,"1906-06-22 08:41:21",1,1,0,0,0,94289,1,0,0,0,0,7622,1906
2572,0,,0,0,"1906-06-22 08:41:21",1,1,0,0,0,198132,1,0,0,0,0,7622,1906
2573,0,24051,1,1,"1907-03-21 18:32:33",0,0,0,0,0,,0,0,0,1,0,7625,1907
2574,0,24071,1,1,"1907-12-22 23:51:07",0,0,1,0,0,,0,0,0,0,0,7628,1907
2575,0,24091,1,1,"1908-09-23 10:57:52",0,0,0,0,0,,0,1,0,0,0,7631,1908
2576,1,,0,0,"1909-03-21 06:12:33",0,1,0,1,0,94425,1,0,0,1,0,7633,1909
2577,1,,0,0,"1909-03-21 06:12:33",0,1,0,1,0,198268,1,0,0,1,0,7633,1909
2578,1,24104,1,0,"1909-03-21 06:12:33",0,0,0,1,0,,0,0,1,1,0,7633,1909
2579,0,24124,1,0,"1909-12-22 11:19:25",0,0,1,0,0,,0,0,1,0,0,7636,1909
2580,0,,0,0,"1910-06-22 07:48:19",1,1,0,0,1,94487,0,0,0,0,0,7638,1910
2581,0,,0,0,"1910-06-22 07:48:19",1,1,0,0,1,198330,0,0,0,0,0,7638,1910
2582,0,24157,1,1,"1911-03-21 17:54:00",0,0,0,0,0,,0,0,0,1,0,7641,1911
2583,0,24177,1,1,"1911-12-22 22:52:50",0,0,1,0,0,,0,0,0,0,0,7644,1911
2584,0,24210,1,0,"1913-03-21 05:17:37",0,0,0,0,0,,0,0,1,1,0,7649,1913
2585,0,24230,1,0,"1913-12-22 10:34:34",0,0,1,0,0,,0,0,1,0,0,7652,1913
2586,0,24263,1,1,"1915-03-21 16:50:59",0,0,0,0,0,,0,0,0,1,0,7657,1915
2587,0,,0,0,"1915-09-24 03:23:30",0,1,0,0,1,94747,0,1,0,0,0,7659,1915
2588,0,,0,0,"1915-09-24 03:23:30",0,1,0,0,1,198590,0,1,0,0,0,7659,1915
2589,0,24316,1,0,"1917-03-21 04:36:58",0,0,0,0,0,,0,0,1,1,0,7665,1917
2590,0,,0,0,"1919-09-24 01:35:08",0,1,0,0,0,94945,1,1,0,0,0,7675,1919
2591,0,,0,0,"1919-09-24 01:35:08",0,1,0,0,0,198788,1,1,0,0,0,7675,1919
2592,0,,0,0,"1919-12-22 21:26:51",0,1,1,0,0,94957,1,0,0,0,0,7676,1919
2593,0,,0,0,"1919-12-22 21:26:51",0,1,1,0,0,198800,1,0,0,0,0,7676,1919
2594,0,,0,0,"1920-03-20 21:59:04",0,1,0,0,0,94969,1,0,0,1,0,7677,1920
2595,0,,0,0,"1920-03-20 21:59:04",0,1,0,0,0,198812,1,0,0,1,0,7677,1920
2596,0,24422,1,0,"1921-03-21 03:50:49",0,0,0,0,0,,0,0,1,1,0,7681,1921
2597,0,,0,0,"1923-09-24 02:03:21",0,1,0,0,1,95143,0,1,0,0,0,7691,1923
2598,0,,0,0,"1923-09-24 02:03:21",0,1,0,0,1,198986,0,1,0,0,0,7691,1923
2599,0,,0,0,"1923-12-22 20:53:04",0,1,1,0,1,95155,0,0,0,0,0,7692,1923
2600,0,,0,0,"1923-12-22 20:53:04",0,1,1,0,1,198998,0,0,0,0,0,7692,1923
2601,0,,0,0,"1924-03-20 21:19:55",0,1,0,0,1,95167,0,0,0,1,0,7693,1924
2602,0,,0,0,"1924-03-20 21:19:55",0,1,0,0,1,199010,0,0,0,1,0,7693,1924
2603,0,,0,0,"1925-06-21 22:49:46",1,1,0,0,0,95229,1,0,0,0,0,7698,1925
2604,0,,0,0,"1925-06-21 22:49:46",1,1,0,0,0,199072,1,0,0,0,0,7698,1925
2605,0,,0,0,"1928-03-20 20:44:03",0,1,0,0,0,95365,1,0,0,1,0,7709,1928
2606,0,,0,0,"1928-03-20 20:44:03",0,1,0,0,0,199208,1,0,0,1,0,7709,1928
2607,1,,0,0,"1929-06-21 21:00:25",1,1,0,1,1,95427,0,0,0,0,0,7714,1929
2608,1,,0,0,"1929-06-21 21:00:25",1,1,0,1,1,199270,0,0,0,0,0,7714,1929
2609,1,24641,1,1,"1929-06-21 21:00:25",1,0,0,1,0,,0,0,0,0,0,7714,1929
2610,0,24694,1,0,"1931-06-22 09:27:52",1,0,0,0,0,,0,0,1,0,0,7722,1931
2611,0,24747,1,1,"1933-06-21 21:11:37",1,0,0,0,0,,0,0,0,0,0,7730,1933
2612,0,,0,0,"1934-09-23 17:44:59",0,1,0,0,1,95687,0,1,0,0,0,7735,1934
2613,0,,0,0,"1934-09-23 17:44:59",0,1,0,0,1,199530,0,1,0,0,0,7735,1934
2614,0,24860,1,0,"1937-09-23 10:12:44",0,0,0,0,0,,0,1,1,0,0,7747,1937
2615,0,,0,0,"1938-09-23 14:59:19",0,1,0,0,0,95885,1,1,0,0,0,7751,1938
2616,0,,0,0,"1938-09-23 14:59:19",0,1,0,0,0,199728,1,1,0,0,0,7751,1938
2617,0,,0,0,"1938-12-22 11:13:13",0,1,1,0,0,95897,1,0,0,0,0,7752,1938
2618,0,,0,0,"1938-12-22 11:13:13",0,1,1,0,0,199740,1,0,0,0,0,7752,1938
2619,0,,0,0,"1939-03-21 11:28:16",0,1,0,0,0,95909,1,0,0,1,0,7753,1939
2620,0,,0,0,"1939-03-21 11:28:16",0,1,0,0,0,199752,1,0,0,1,0,7753,1939
2621,0,24966,1,0,"1941-09-23 09:32:35",0,0,0,0,0,,0,1,1,0,0,7763,1941
2622,0,,0,0,"1942-09-23 15:16:18",0,1,0,0,1,96083,0,1,0,0,0,7767,1942
2623,0,,0,0,"1942-09-23 15:16:18",0,1,0,0,1,199926,0,1,0,0,0,7767,1942
2624,0,,0,0,"1942-12-22 10:39:24",0,1,1,0,1,96095,0,0,0,0,0,7768,1942
2625,0,,0,0,"1942-12-22 10:39:24",0,1,1,0,1,199938,0,0,0,0,0,7768,1942
2626,0,,0,0,"1943-03-21 11:02:27",0,1,0,0,1,96107,0,0,0,1,0,7769,1943
2627,0,,0,0,"1943-03-21 11:02:27",0,1,0,0,1,199950,0,0,0,1,0,7769,1943
2628,0,25019,1,1,"1943-09-23 20:11:35",0,0,0,0,0,,0,1,0,0,0,7771,1943
2629,0,,0,0,"1944-06-21 11:02:09",1,1,0,0,0,96169,1,0,0,0,0,7774,1944
2630,0,,0,0,"1944-06-21 11:02:09",1,1,0,0,0,200012,1,0,0,0,0,7774,1944
2631,0,25072,1,0,"1945-09-23 07:49:39",0,0,0,0,0,,0,1,1,0,0,7779,1945
2632,0,25105,1,1,"1946-12-22 09:53:13",0,0,1,0,0,,0,0,0,0,1,7784,1946
2633,0,25125,1,1,"1947-09-23 20:28:30",0,0,0,0,0,,0,1,0,0,0,7787,1947
2634,0,,0,0,"1948-06-21 11:10:28",1,1,0,0,1,96367,0,0,0,0,0,7790,1948
2635,0,,0,0,"1948-06-21 11:10:28",1,1,0,0,1,200210,0,0,0,0,0,7790,1948
2636,1,,0,0,"1949-09-23 07:05:44",0,1,0,1,0,96429,1,1,0,0,0,7795,1949
2637,1,,0,0,"1949-09-23 07:05:44",0,1,0,1,0,200272,1,1,0,0,0,7795,1949
2638,1,25178,1,0,"1949-09-23 07:05:44",0,0,0,1,0,,0,1,1,0,0,7795,1949
2639,0,25211,1,1,"1950-12-22 09:13:15",0,0,1,0,0,,0,0,0,0,0,7800,1950
2640,0,25231,1,1,"1951-09-23 19:36:46",0,0,0,0,0,,0,1,0,0,0,7803,1951
2641,0,,0,0,"1952-06-21 10:12:28",1,1,0,0,0,96565,1,0,0,0,0,7806,1952
2642,0,,0,0,"1952-06-21 10:12:28",1,1,0,0,0,200408,1,0,0,0,0,7806,1952
2643,1,,0,0,"1953-09-23 07:05:49",0,1,0,0,1,96627,0,1,0,0,1,7811,1953
2644,1,,0,0,"1953-09-23 07:05:49",0,1,0,0,1,200470,0,1,0,0,1,7811,1953
2645,1,25284,1,0,"1953-09-23 07:05:49",0,0,0,0,0,,0,1,1,0,1,7811,1953
2646,0,25297,1,1,"1954-03-21 02:53:20",0,0,0,0,0,,0,0,0,1,0,7813,1954
2647,0,25337,1,1,"1955-09-23 18:40:49",0,0,0,0,0,,0,1,0,0,0,7819,1955
2648,1,,0,0,"1957-09-23 06:26:02",0,1,0,1,0,96825,1,1,0,0,0,7827,1957
2649,1,,0,0,"1957-09-23 06:26:02",0,1,0,1,0,200668,1,1,0,0,0,7827,1957
2650,1,25390,1,0,"1957-09-23 06:26:02",0,0,0,1,0,,0,1,1,0,0,7827,1957
2651,0,,0,0,"1957-12-22 01:48:35",0,1,1,0,0,96837,1,0,0,0,0,7828,1957
2652,0,,0,0,"1957-12-22 01:48:35",0,1,1,0,0,200680,1,0,0,0,0,7828,1957
2653,1,,0,0,"1958-03-21 02:05:46",0,1,0,0,0,96849,1,0,0,1,1,7829,1958
2654,1,,0,0,"1958-03-21 02:05:46",0,1,0,0,0,200692,1,0,0,1,1,7829,1958
2655,1,25403,1,1,"1958-03-21 02:05:46",0,0,0,0,0,,0,0,0,1,1,7829,1958
2656,0,25443,1,1,"1959-09-23 18:08:25",0,0,0,0,0,,0,1,0,0,0,7835,1959
2657,0,25496,1,0,"1961-09-23 05:42:24",0,0,0,0,0,,0,1,1,0,0,7843,1961
2658,0,,0,0,"1961-12-22 01:19:26",0,1,1,0,1,97035,0,0,0,0,0,7844,1961
2659,0,,0,0,"1961-12-22 01:19:26",0,1,1,0,1,200878,0,0,0,0,0,7844,1961
2660,0,,0,0,"1962-03-21 01:29:31",0,1,0,0,1,97047,0,0,0,1,0,7845,1962
2661,0,,0,0,"1962-03-21 01:29:31",0,1,0,0,1,200890,0,0,0,1,0,7845,1962
2662,0,,0,0,"1963-06-22 02:04:00",1,1,0,0,0,97109,1,0,0,0,0,7850,1963
2663,0,,0,0,"1963-06-22 02:04:00",1,1,0,0,0,200952,1,0,0,0,0,7850,1963
2664,0,25602,1,0,"1965-09-23 05:05:58",0,0,0,0,0,,0,1,1,0,0,7859,1965
2665,0,,0,0,"1965-12-22 00:40:24",0,1,1,0,0,97233,1,0,0,0,0,7860,1965
2666,0,,0,0,"1965-12-22 00:40:24",0,1,1,0,0,201076,1,0,0,0,0,7860,1965
2667,0,25622,1,0,"1966-06-21 19:33:21",1,0,0,0,0,,0,0,1,0,0,7862,1966
2668,0,,0,0,"1967-06-22 01:22:49",1,1,0,0,1,97307,0,0,0,0,0,7866,1967
2669,0,,0,0,"1967-06-22 01:22:49",1,1,0,0,1,201150,0,0,0,0,0,7866,1967
2670,0,,0,0,"1968-09-22 22:26:10",0,1,0,0,0,97369,1,1,0,0,0,7871,1968
2671,0,,0,0,"1968-09-22 22:26:10",0,1,0,0,0,201212,1,1,0,0,0,7871,1968
2672,0,25708,1,0,"1969-09-23 04:06:52",0,0,0,0,0,,0,1,1,0,0,7875,1969
2673,0,25728,1,0,"1970-06-21 18:42:37",1,0,0,0,0,,0,0,1,0,0,7878,1970
2674,0,,0,0,"1971-06-22 00:19:34",1,1,0,0,0,97505,1,0,0,0,0,7882,1971
2675,0,,0,0,"1971-06-22 00:19:34",1,1,0,0,0,201348,1,0,0,0,0,7882,1971
2676,0,25781,1,1,"1972-06-21 06:06:10",1,0,0,0,0,,0,0,0,0,0,7886,1972
2677,0,,0,0,"1972-09-22 21:32:43",0,1,0,0,1,97567,0,1,0,0,0,7887,1972
2678,0,,0,0,"1972-09-22 21:32:43",0,1,0,0,1,201410,0,1,0,0,0,7887,1972
2679,0,25834,1,0,"1974-06-21 16:37:35",1,0,0,0,0,,0,0,1,0,0,7894,1974
2680,0,25887,1,1,"1976-06-21 04:24:11",1,0,0,0,0,,0,0,0,0,0,7902,1976
2681,0,,0,0,"1976-09-22 19:48:10",0,1,0,0,0,97765,1,1,0,0,0,7903,1976
2682,0,,0,0,"1976-09-22 19:48:10",0,1,0,0,0,201608,1,1,0,0,0,7903,1976
2683,0,,0,0,"1976-12-21 16:35:07",0,1,1,0,0,97777,1,0,0,0,0,7904,1976
2684,0,,0,0,"1976-12-21 16:35:07",0,1,1,0,0,201620,1,0,0,0,0,7904,1976
2685,0,,0,0,"1977-03-20 16:42:15",0,1,0,0,0,97789,1,0,0,1,0,7905,1977
2686,0,,0,0,"1977-03-20 16:42:15",0,1,0,0,0,201632,1,0,0,1,0,7905,1977
2687,1,,0,0,"1978-06-21 16:09:33",1,1,0,0,1,97851,0,0,0,0,1,7910,1978
2688,1,,0,0,"1978-06-21 16:09:33",1,1,0,0,1,201694,0,0,0,0,1,7910,1978
2689,1,25940,1,0,"1978-06-21 16:09:33",1,0,0,0,0,,0,0,1,0,1,7910,1978
2690,0,25993,1,1,"1980-06-21 03:47:00",1,0,0,0,0,,0,0,0,0,0,7918,1980
2691,0,,0,0,"1980-12-21 15:56:05",0,1,1,0,1,97975,0,0,0,0,0,7920,1980
2692,0,,0,0,"1980-12-21 15:56:05",0,1,1,0,1,201818,0,0,0,0,0,7920,1980
2693,0,,0,0,"1981-03-20 16:02:51",0,1,0,0,1,97987,0,0,0,1,0,7921,1981
2694,0,,0,0,"1981-03-20 16:02:51",0,1,0,0,1,201830,0,0,0,1,0,7921,1981
2695,1,,0,0,"1982-06-21 15:23:00",1,1,0,1,0,98049,1,0,0,0,0,7926,1982
2696,1,,0,0,"1982-06-21 15:23:00",1,1,0,1,0,201892,1,0,0,0,0,7926,1982
2697,1,26046,1,0,"1982-06-21 15:23:00",1,0,0,1,0,,0,0,1,0,0,7926,1982
2698,0,26086,1,0,"1983-12-22 09:29:55",0,0,1,0,0,,0,0,1,0,0,7932,1983
2699,0,26099,1,1,"1984-06-21 03:02:13",1,0,0,0,0,,0,0,0,0,0,7934,1984
2700,0,,0,0,"1984-12-21 15:22:49",0,1,1,0,0,98173,1,0,0,0,0,7936,1984
2701,0,,0,0,"1984-12-21 15:22:49",0,1,1,0,0,202016,1,0,0,0,0,7936,1984
2702,0,,0,0,"1985-03-20 15:13:44",0,1,0,0,0,98185,1,0,0,1,0,7937,1985
2703,0,,0,0,"1985-03-20 15:13:44",0,1,0,0,0,202028,1,0,0,1,0,7937,1985
2704,1,,0,0,"1986-06-21 14:29:57",1,1,0,0,1,98247,0,0,0,0,1,7942,1986
2705,1,,0,0,"1986-06-21 14:29:57",1,1,0,0,1,202090,0,0,0,0,1,7942,1986
2706,1,26152,1,0,"1986-06-21 14:29:57",1,0,0,0,0,,0,0,1,0,1,7942,1986
2707,0,,0,0,"1987-09-23 11:45:16",0,1,0,0,0,98309,1,1,0,0,0,7947,1987
2708,0,,0,0,"1987-09-23 11:45:16",0,1,0,0,0,202152,1,1,0,0,0,7947,1987
2709,0,26192,1,0,"1987-12-22 08:45:53",0,0,1,0,0,,0,0,1,0,0,7948,1987
2710,0,26205,1,1,"1988-06-21 01:56:31",1,0,0,0,0,,0,0,0,0,0,7950,1988
2711,0,26245,1,1,"1989-12-21 20:22:01",0,0,1,0,0,,0,0,0,0,0,7956,1989
2712,0,26258,1,0,"1990-06-21 13:32:47",1,0,0,0,0,,0,0,1,0,0,7958,1990
2713,0,,0,0,"1991-09-23 10:48:05",0,1,0,0,1,98507,0,1,0,0,0,7963,1991
2714,0,,0,0,"1991-09-23 10:48:05",0,1,0,0,1,202350,0,1,0,0,0,7963,1991
2715,1,,0,0,"1991-12-22 07:53:38",0,1,1,0,1,98519,0,0,0,0,1,7964,1991
2716,1,,0,0,"1991-12-22 07:53:38",0,1,1,0,1,202362,0,0,0,0,1,7964,1991
2717,1,26298,1,0,"1991-12-22 07:53:38",0,0,1,0,0,,0,0,1,0,1,7964,1991
2718,0,26351,1,1,"1993-12-21 19:25:48",0,0,1,0,0,,0,0,0,0,0,7972,1993
2719,0,26364,1,0,"1994-06-21 12:47:32",1,0,0,0,0,,0,0,1,0,0,7974,1994
2720,0,26384,1,0,"1995-03-21 01:14:25",0,0,0,0,0,,0,0,1,1,0,7977,1995
2721,1,,0,0,"1995-12-22 07:16:48",0,1,1,1,0,98717,1,0,0,0,0,7980,1995
2722,1,,0,0,"1995-12-22 07:16:48",0,1,1,1,0,202560,1,0,0,0,0,7980,1995
2723,1,26404,1,0,"1995-12-22 07:16:48",0,0,1,1,0,,0,0,1,0,0,7980,1995
2724,0,,0,0,"1996-03-20 07:03:04",0,1,0,0,0,98729,1,0,0,1,0,7981,1996
2725,0,,0,0,"1996-03-20 07:03:04",0,1,0,0,0,202572,1,0,0,1,0,7981,1996
2726,0,26437,1,1,"1997-03-20 12:54:39",0,0,0,0,0,,0,0,0,1,0,7985,1997
2727,0,,0,0,"1997-06-21 06:19:56",1,1,0,0,1,98791,0,0,0,0,0,7986,1997
2728,0,,0,0,"1997-06-21 06:19:56",1,1,0,0,1,202634,0,0,0,0,0,7986,1997
2729,0,26457,1,1,"1997-12-21 19:07:02",0,0,1,0,0,,0,0,0,0,0,7988,1997
2730,0,26470,1,0,"1998-06-21 12:02:34",1,0,0,0,0,,0,0,1,0,0,7990,1998
2731,0,26477,1,1,"1998-09-23 03:37:11",0,0,0,0,0,,0,1,0,0,0,7991,1998
2732,1,,0,0,"1999-12-22 06:43:48",0,1,1,0,1,98915,0,0,0,0,1,7996,1999
2733,1,,0,0,"1999-12-22 06:43:48",0,1,1,0,1,202758,0,0,0,0,1,7996,1999
2734,1,26510,1,0,"1999-12-22 06:43:48",0,0,1,0,0,,0,0,1,0,1,7996,1999
2735,0,,0,0,"2000-03-20 06:35:14",0,1,0,0,1,98927,0,0,0,1,0,7997,2000
2736,0,,0,0,"2000-03-20 06:35:14",0,1,0,0,1,202770,0,0,0,1,0,7997,2000
2737,0,26543,1,1,"2001-03-20 12:30:42",0,0,0,0,0,,0,0,0,1,0,8001,2001
2738,0,,0,0,"2001-06-21 05:37:43",1,1,0,0,0,98989,1,0,0,0,0,8002,2001
2739,0,,0,0,"2001-06-21 05:37:43",1,1,0,0,0,202832,1,0,0,0,0,8002,2001
2740,0,26563,1,1,"2001-12-21 18:21:29",0,0,1,0,0,,0,0,0,0,0,8004,2001
2741,0,26583,1,1,"2002-09-23 02:55:24",0,0,0,0,0,,0,1,0,0,0,8007,2002
2742,0,26616,1,0,"2003-12-22 06:03:49",0,0,1,1,0,,0,0,1,0,0,8012,2003
2743,0,,0,0,"2004-03-20 05:48:38",0,1,0,0,0,99125,1,0,0,1,0,8013,2004
2744,0,,0,0,"2004-03-20 05:48:38",0,1,0,0,0,202968,1,0,0,1,0,8013,2004
2745,0,26636,1,0,"2004-09-22 14:29:50",0,0,0,0,0,,0,1,1,0,0,8015,2004
2746,0,26649,1,1,"2005-03-20 11:33:25",0,0,0,0,0,,0,0,0,1,0,8017,2005
2747,0,,0,0,"2005-06-21 04:46:08",1,1,0,0,1,99187,0,0,0,0,0,8018,2005
2748,0,,0,0,"2005-06-21 04:46:08",1,1,0,0,1,203030,0,0,0,0,0,8018,2005
2749,0,26669,1,1,"2005-12-21 17:34:57",0,0,1,0,0,,0,0,0,0,0,8020,2005
2750,1,,0,0,"2006-09-23 02:03:22",0,1,0,0,0,99249,1,1,0,0,1,8023,2006
2751,1,,0,0,"2006-09-23 02:03:22",0,1,0,0,0,203092,1,1,0,0,1,8023,2006
2752,1,26689,1,1,"2006-09-23 02:03:22",0,0,0,0,0,,0,1,0,0,1,8023,2006
2753,0,26722,1,0,"2007-12-22 05:07:49",0,0,1,0,0,,0,0,1,0,0,8028,2007
2754,0,26755,1,1,"2009-03-20 10:43:37",0,0,0,0,0,,0,0,0,1,0,8033,2009
2755,0,,0,0,"2010-09-23 01:09:02",0,1,0,0,1,99447,0,1,0,0,0,8039,2010
2756,0,,0,0,"2010-09-23 01:09:02",0,1,0,0,1,203290,0,1,0,0,0,8039,2010
2757,0,,0,0,"2010-12-21 22:38:27",0,1,1,0,1,99459,0,0,0,0,0,8040,2010
2758,0,,0,0,"2010-12-21 22:38:27",0,1,1,0,1,203302,0,0,0,0,0,8040,2010
2759,0,26828,1,0,"2011-12-22 04:30:03",0,0,1,0,0,,0,0,1,0,0,8044,2011
2760,0,,0,0,"2014-12-21 22:03:02",0,1,1,0,0,99657,1,0,0,0,0,8056,2014
2761,0,,0,0,"2014-12-21 22:03:02",0,1,1,0,0,203500,1,0,0,0,0,8056,2014
2762,0,,0,0,"2015-03-20 21:45:09",0,1,0,1,0,99669,1,0,0,1,0,8057,2015
2763,0,,0,0,"2015-03-20 21:45:09",0,1,0,1,0,203512,1,0,0,1,0,8057,2015
2764,0,26934,1,0,"2015-12-22 03:47:57",0,0,1,0,0,,0,0,1,0,0,8060,2015
2765,0,,0,0,"2016-06-20 20:34:11",1,1,0,0,1,99731,0,0,0,0,0,8062,2016
2766,0,,0,0,"2016-06-20 20:34:11",1,1,0,0,1,203574,0,0,0,0,0,8062,2016
2767,0,,0,0,"2018-12-21 21:22:44",0,1,1,0,1,99855,0,0,0,0,0,8072,2018
2768,0,,0,0,"2018-12-21 21:22:44",0,1,1,0,1,203698,0,0,0,0,0,8072,2018
2769,0,,0,0,"2019-03-20 20:58:26",0,1,0,0,1,99867,0,0,0,1,0,8073,2019
2770,0,,0,0,"2019-03-20 20:58:26",0,1,0,0,1,203710,0,0,0,1,0,8073,2019
2771,0,,0,0,"2020-06-20 19:43:41",1,1,0,0,0,99929,1,0,0,0,0,8078,2020
2772,0,,0,0,"2020-06-20 19:43:41",1,1,0,0,0,203772,1,0,0,0,0,8078,2020
2773,0,,0,0,"2023-03-20 20:24:26",0,1,0,0,0,100065,1,0,0,1,0,8089,2023
2774,0,,0,0,"2023-03-20 20:24:26",0,1,0,0,0,203908,1,0,0,1,0,8089,2023
2775,0,,0,0,"2025-09-22 16:19:21",0,1,0,0,0,100189,1,1,0,0,0,8099,2025
2776,0,,0,0,"2025-09-22 16:19:21",0,1,0,0,0,204032,1,1,0,0,0,8099,2025
2777,0,27239,1,1,"2027-06-21 12:10:50",1,0,0,0,0,,0,0,0,0,0,8106,2027
2778,0,,0,0,"2029-09-22 15:38:30",0,1,0,0,1,100387,0,1,0,0,0,8115,2029
2779,0,,0,0,"2029-09-22 15:38:30",0,1,0,0,1,204230,0,1,0,0,0,8115,2029
2780,0,,0,0,"2029-12-21 13:14:06",0,1,1,0,1,100399,0,0,0,0,0,8116,2029
2781,0,,0,0,"2029-12-21 13:14:06",0,1,1,0,1,204242,0,0,0,0,0,8116,2029
2782,0,,0,0,"2030-03-20 12:52:06",0,1,0,0,1,100411,0,0,0,1,0,8117,2030
2783,0,,0,0,"2030-03-20 12:52:06",0,1,0,0,1,204254,0,0,0,1,0,8117,2030
2784,0,27345,1,1,"2031-06-21 11:17:08",1,0,0,0,0,,0,0,0,0,0,8122,2031
2785,0,27398,1,0,"2033-06-20 23:01:09",1,0,0,0,0,,0,0,1,0,0,8130,2033
2786,0,,0,0,"2033-09-22 14:51:41",0,1,0,0,0,100585,1,1,0,0,0,8131,2033
2787,0,,0,0,"2033-09-22 14:51:41",0,1,0,0,0,204428,1,1,0,0,0,8131,2033
2788,0,,0,0,"2033-12-21 12:46:00",0,1,1,0,0,100597,1,0,0,0,0,8132,2033
2789,0,,0,0,"2033-12-21 12:46:00",0,1,1,0,0,204440,1,0,0,0,0,8132,2033
2790,0,,0,0,"2034-03-20 12:17:30",0,1,0,0,0,100609,1,0,0,1,0,8133,2034
2791,0,,0,0,"2034-03-20 12:17:30",0,1,0,0,0,204452,1,0,0,1,0,8133,2034
2792,0,,0,0,"2035-06-21 10:33:09",1,1,0,1,1,100671,0,0,0,0,0,8138,2035
2793,0,,0,0,"2035-06-21 10:33:09",1,1,0,1,1,204514,0,0,0,0,0,8138,2035
2794,0,,0,0,"2038-03-20 11:40:39",0,1,0,0,1,100807,0,0,0,1,1,8149,2038
2795,0,,0,0,"2038-03-20 11:40:39",0,1,0,0,1,204650,0,0,0,1,1,8149,2038
2796,0,,0,0,"2039-06-21 09:57:27",1,1,0,0,0,100869,1,0,0,0,0,8154,2039
2797,0,,0,0,"2039-06-21 09:57:27",1,1,0,0,0,204712,1,0,0,0,0,8154,2039
2798,0,27564,1,0,"2039-09-23 01:49:39",0,0,0,0,0,,0,1,1,0,0,8155,2039
2799,0,27617,1,1,"2041-09-22 13:26:36",0,0,0,0,0,,0,1,0,0,0,8163,2041
2800,0,,0,0,"2044-09-22 06:47:57",0,1,0,0,0,101129,1,1,0,0,0,8175,2044
2801,0,,0,0,"2044-09-22 06:47:57",0,1,0,0,0,204972,1,1,0,0,0,8175,2044
2802,0,27703,1,1,"2044-12-21 04:43:40",0,0,1,0,0,,0,0,0,0,0,8176,2044
2803,0,27723,1,1,"2045-09-22 12:33:01",0,0,0,0,0,,0,1,0,0,0,8179,2045
2804,0,27789,1,1,"2048-03-19 21:33:58",0,0,0,0,0,,0,0,0,1,0,8189,2048
2805,0,,0,0,"2048-09-22 06:00:47",0,1,0,0,1,101327,0,1,0,0,0,8191,2048
2806,0,,0,0,"2048-09-22 06:00:47",0,1,0,0,1,205170,0,1,0,0,0,8191,2048
2807,1,,0,0,"2048-12-21 04:02:24",0,1,1,1,1,101339,0,0,0,0,0,8192,2048
2808,1,,0,0,"2048-12-21 04:02:24",0,1,1,1,1,205182,0,0,0,0,0,8192,2048
2809,1,27809,1,1,"2048-12-21 04:02:24",0,0,1,1,0,,0,0,0,0,0,8192,2048
2810,0,,0,0,"2049-03-20 03:28:46",0,1,0,0,1,101351,0,0,0,1,0,8193,2049
2811,0,,0,0,"2049-03-20 03:28:46",0,1,0,0,1,205194,0,0,0,1,0,8193,2049
2812,0,27829,1,1,"2049-09-22 11:42:46",0,0,0,0,0,,0,1,0,0,0,8195,2049
2813,0,27862,1,0,"2050-12-21 15:38:54",0,0,1,0,0,,0,0,1,0,0,8200,2050
2814,0,27895,1,1,"2052-03-19 20:56:19",0,0,0,0,0,,0,0,0,1,0,8205,2052
2815,0,,0,0,"2052-09-22 05:15:57",0,1,0,0,0,101525,1,1,0,0,0,8207,2052
2816,0,,0,0,"2052-09-22 05:15:57",0,1,0,0,0,205368,1,1,0,0,0,8207,2052
2817,0,,0,0,"2052-12-21 03:17:27",0,1,1,0,0,101537,1,0,0,0,0,8208,2052
2818,0,,0,0,"2052-12-21 03:17:27",0,1,1,0,0,205380,1,0,0,0,0,8208,2052
2819,0,,0,0,"2053-03-20 02:47:38",0,1,0,0,0,101549,1,0,0,1,0,8209,2053
2820,0,,0,0,"2053-03-20 02:47:38",0,1,0,0,0,205392,1,0,0,1,0,8209,2053
2821,0,,0,0,"2054-06-21 00:47:29",1,1,0,0,1,101611,0,0,0,0,0,8214,2054
2822,0,,0,0,"2054-06-21 00:47:29",1,1,0,0,1,205454,0,0,0,0,0,8214,2054
2823,0,28001,1,1,"2056-03-19 20:11:27",0,0,0,0,0,,0,0,0,1,0,8221,2056
2824,0,,0,0,"2056-12-21 02:52:00",0,1,1,0,1,101735,0,0,0,0,0,8224,2056
2825,0,,0,0,"2056-12-21 02:52:00",0,1,1,0,1,205578,0,0,0,0,0,8224,2056
2826,0,,0,0,"2057-03-20 02:08:19",0,1,0,0,1,101747,0,0,0,1,0,8225,2057
2827,0,,0,0,"2057-03-20 02:08:19",0,1,0,0,1,205590,0,0,0,1,0,8225,2057
2828,0,28054,1,0,"2058-03-20 08:05:27",0,0,0,0,0,,0,0,1,1,0,8229,2058
2829,0,,0,0,"2058-06-21 00:04:30",1,1,0,0,0,101809,1,0,0,0,0,8230,2058
2830,0,,0,0,"2058-06-21 00:04:30",1,1,0,0,0,205652,1,0,0,0,0,8230,2058
2831,0,28160,1,0,"2062-03-20 07:08:02",0,0,0,0,0,,0,0,1,1,0,8245,2062
2832,0,,0,0,"2062-06-20 23:11:56",1,1,0,0,1,102007,0,0,0,0,0,8246,2062
2833,0,,0,0,"2062-06-20 23:11:56",1,1,0,0,1,205850,0,0,0,0,0,8246,2062
2834,0,,0,0,"2063-09-22 21:08:49",0,1,0,1,0,102069,1,1,0,0,0,8251,2063
2835,0,,0,0,"2063-09-22 21:08:49",0,1,0,1,0,205912,1,1,0,0,0,8251,2063
2836,0,,0,0,"2067-09-22 20:20:22",0,1,0,0,1,102267,0,1,0,0,0,8267,2067
2837,0,,0,0,"2067-09-22 20:20:22",0,1,0,0,1,206110,0,1,0,0,0,8267,2067
2838,0,,0,0,"2068-03-19 17:49:43",0,1,0,0,1,102291,0,0,0,1,0,8269,2068
2839,0,,0,0,"2068-03-19 17:49:43",0,1,0,0,1,206134,0,0,0,1,0,8269,2068
2840,0,28326,1,0,"2068-06-20 09:54:32",1,0,0,0,0,,0,0,1,0,0,8270,2068
2841,0,28379,1,1,"2070-06-20 21:23:24",1,0,0,0,0,,0,0,0,0,0,8278,2070
2842,0,,0,0,"2071-09-22 19:38:35",0,1,0,0,0,102465,1,1,0,0,0,8283,2071
2843,0,,0,0,"2071-09-22 19:38:35",0,1,0,0,0,206308,1,1,0,0,0,8283,2071
2844,0,,0,0,"2071-12-21 18:04:43",0,1,1,0,0,102477,1,0,0,0,0,8284,2071
2845,0,,0,0,"2071-12-21 18:04:43",0,1,1,0,0,206320,1,0,0,0,0,8284,2071
2846,0,,0,0,"2072-03-19 17:21:54",0,1,0,0,0,102489,1,0,0,1,0,8285,2072
2847,0,,0,0,"2072-03-19 17:21:54",0,1,0,0,0,206332,1,0,0,1,0,8285,2072
2848,0,,0,0,"2073-06-20 15:07:54",1,1,0,0,1,102551,0,0,0,0,0,8290,2073
2849,0,,0,0,"2073-06-20 15:07:54",1,1,0,0,1,206394,0,0,0,0,0,8290,2073
2850,0,28485,1,1,"2074-06-20 20:59:23",1,0,0,0,0,,0,0,0,0,0,8294,2074
2851,0,,0,0,"2075-12-21 17:28:04",0,1,1,0,1,102675,0,0,0,0,0,8300,2075
2852,0,,0,0,"2075-12-21 17:28:04",0,1,1,0,1,206518,0,0,0,0,0,8300,2075
2853,0,,0,0,"2076-03-19 16:39:50",0,1,0,0,1,102687,0,0,0,1,0,8301,2076
2854,0,,0,0,"2076-03-19 16:39:50",0,1,0,0,1,206530,0,0,0,1,0,8301,2076
2855,0,,0,0,"2077-06-20 14:24:30",1,1,0,0,0,102749,1,0,0,0,0,8306,2077
2856,0,,0,0,"2077-06-20 14:24:30",1,1,0,0,0,206592,1,0,0,0,0,8306,2077
2857,0,28591,1,1,"2078-06-20 19:59:02",1,0,0,0,0,,0,0,0,0,0,8310,2078
2858,1,,0,0,"2078-09-22 12:25:37",0,1,0,0,1,102811,0,1,0,0,0,8311,2078
2859,1,,0,0,"2078-09-22 12:25:37",0,1,0,0,1,206654,0,1,0,0,0,8311,2078
2860,0,28598,1,0,"2078-09-22 12:25:37",0,0,0,0,0,,0,1,1,0,0,8311,2078
2861,0,,0,0,"2081-06-20 13:17:36",1,1,0,0,1,102947,0,0,0,0,0,8322,2081
2862,0,,0,0,"2081-06-20 13:17:36",1,1,0,0,1,206790,0,0,0,0,0,8322,2081
2863,0,28697,1,1,"2082-06-20 19:04:32",1,0,0,0,0,,0,0,0,0,0,8326,2082
2864,1,,0,0,"2082-09-22 11:24:13",0,1,0,0,0,103009,1,1,0,0,0,8327,2082
2865,1,,0,0,"2082-09-22 11:24:13",0,1,0,0,0,206852,1,1,0,0,0,8327,2082
2866,0,28704,1,0,"2082-09-22 11:24:13",0,0,0,0,0,,0,1,1,0,0,8327,2082
2867,0,28790,1,0,"2085-12-21 03:30:08",0,0,1,0,0,,0,0,1,0,0,8340,2085
2868,1,,0,0,"2086-09-22 10:33:40",0,1,0,0,1,103207,0,1,0,0,1,8343,2086
2869,1,,0,0,"2086-09-22 10:33:40",0,1,0,0,1,207050,0,1,0,0,1,8343,2086
2870,1,28810,1,0,"2086-09-22 10:33:40",0,0,0,0,0,,0,1,1,0,1,8343,2086
2871,0,28843,1,1,"2087-12-21 15:10:00",0,0,1,0,0,,0,0,0,0,0,8348,2087
2872,0,28863,1,1,"2088-09-21 22:19:50",0,0,0,0,0,,0,1,0,0,0,8351,2088
2873,0,28916,1,0,"2090-09-22 10:01:00",0,0,0,1,0,,0,1,1,0,0,8359,2090
2874,0,,0,0,"2090-12-21 08:45:15",0,1,1,0,0,103417,1,0,0,0,0,8360,2090
2875,0,,0,0,"2090-12-21 08:45:15",0,1,1,0,0,207260,1,0,0,0,0,8360,2090
2876,0,,0,0,"2091-03-20 07:43:33",0,1,0,0,0,103429,1,0,0,1,0,8361,2091
2877,0,,0,0,"2091-03-20 07:43:33",0,1,0,0,0,207272,1,0,0,1,0,8361,2091
2878,0,28949,1,1,"2091-12-21 14:40:15",0,0,1,0,0,,0,0,0,0,0,8364,2091
2879,0,,0,0,"2092-06-20 05:16:43",1,1,0,0,1,103491,0,0,0,0,1,8366,2092
2880,0,,0,0,"2092-06-20 05:16:43",1,1,0,0,1,207334,0,0,0,0,1,8366,2092
2881,0,28969,1,1,"2092-09-21 21:43:33",0,0,0,0,0,,0,1,0,0,0,8367,2092
2882,0,,0,0,"2094-12-21 08:15:08",0,1,1,0,1,103615,0,0,0,0,0,8376,2094
2883,0,,0,0,"2094-12-21 08:15:08",0,1,1,0,1,207458,0,0,0,0,0,8376,2094
2884,1,,0,0,"2095-03-20 07:16:47",0,1,0,1,1,103627,0,0,0,1,0,8377,2095
2885,1,,0,0,"2095-03-20 07:16:47",0,1,0,1,1,207470,0,0,0,1,0,8377,2095
2886,1,29035,1,1,"2095-03-20 07:16:47",0,0,0,1,0,,0,0,0,1,0,8377,2095
2887,0,29055,1,1,"2095-12-21 14:02:40",0,0,1,0,0,,0,0,0,0,0,8380,2095
2888,0,,0,0,"2096-06-20 04:32:39",1,1,0,0,0,103689,1,0,0,0,0,8382,2096
2889,0,,0,0,"2096-06-20 04:32:39",1,1,0,0,0,207532,1,0,0,0,0,8382,2096
2890,0,29075,1,1,"2096-09-21 20:56:36",0,0,0,0,0,,0,1,0,0,0,8383,2096
2891,0,,0,0,"2097-09-22 02:37:44",0,1,0,0,1,103751,0,1,0,0,0,8387,2097
2892,0,,0,0,"2097-09-22 02:37:44",0,1,0,0,1,207594,0,1,0,0,0,8387,2097
2893,0,29128,1,0,"2098-09-22 08:26:07",0,0,0,0,0,,0,1,1,0,0,8391,2098
2894,0,29141,1,1,"2099-03-20 06:19:37",0,0,0,0,0,,0,0,0,1,0,8393,2099
