"id","date","equinoccio_otonyo","equinoccio_primavera","solsticio_invierno","solsticio_verano","starting_season","year"
1,"0001-03-20 23:36:16",0,1,0,0,2,1
2,"0001-06-22 22:45:50",0,0,0,1,3,1
3,"0001-09-23 09:32:08",1,0,0,0,4,1
4,"0001-12-21 02:11:52",0,0,1,0,1,1
5,"0002-03-21 05:32:31",0,1,0,0,2,2
6,"0002-06-23 04:35:52",0,0,0,1,3,2
7,"0002-09-23 15:23:20",1,0,0,0,4,2
8,"0002-12-21 08:02:33",0,0,1,0,1,2
9,"0003-03-21 11:10:29",0,1,0,0,2,3
10,"0003-06-23 10:14:00",0,0,0,1,3,3
11,"0003-09-23 21:16:37",1,0,0,0,4,3
12,"0003-12-21 13:57:26",0,0,1,0,1,3
13,"0004-03-20 17:00:48",0,1,0,0,2,4
14,"0004-06-22 16:12:26",0,0,0,1,3,4
15,"0004-09-23 03:10:17",1,0,0,0,4,4
16,"0004-12-20 19:52:43",0,0,1,0,1,4
17,"0005-03-20 22:58:43",0,1,0,0,2,5
18,"0005-06-22 22:05:37",0,0,0,1,3,5
19,"0005-09-23 08:57:40",1,0,0,0,4,5
20,"0005-12-21 01:45:42",0,0,1,0,1,5
21,"0006-03-21 04:50:16",0,1,0,0,2,6
22,"0006-06-23 03:46:00",0,0,0,1,3,6
23,"0006-09-23 14:45:35",1,0,0,0,4,6
24,"0006-12-21 07:40:04",0,0,1,0,1,6
25,"0007-03-21 10:47:10",0,1,0,0,2,7
26,"0007-06-23 09:41:25",0,0,0,1,3,7
27,"0007-09-23 20:41:37",1,0,0,0,4,7
28,"0007-12-21 13:27:08",0,0,1,0,1,7
29,"0008-03-20 16:34:57",0,1,0,0,2,8
30,"0008-06-22 15:31:36",0,0,0,1,3,8
31,"0008-09-23 02:30:39",1,0,0,0,4,8
32,"0008-12-20 19:14:32",0,0,1,0,1,8
33,"0009-03-20 22:24:21",0,1,0,0,2,9
34,"0009-06-22 21:24:34",0,0,0,1,3,9
35,"0009-09-23 08:17:48",1,0,0,0,4,9
36,"0009-12-21 01:07:32",0,0,1,0,1,9
37,"0010-03-21 04:19:57",0,1,0,0,2,10
38,"0010-06-23 03:18:10",0,0,0,1,3,10
39,"0010-09-23 14:06:55",1,0,0,0,4,10
40,"0010-12-21 06:57:15",0,0,1,0,1,10
41,"0011-03-21 09:57:27",0,1,0,0,2,11
42,"0011-06-23 08:55:59",0,0,0,1,3,11
43,"0011-09-23 19:56:23",1,0,0,0,4,11
44,"0011-12-21 12:43:12",0,0,1,0,1,11
45,"0012-03-20 15:42:48",0,1,0,0,2,12
46,"0012-06-22 14:50:13",0,0,0,1,3,12
47,"0012-09-23 01:49:04",1,0,0,0,4,12
48,"0012-12-20 18:29:22",0,0,1,0,1,12
49,"0013-03-20 21:35:42",0,1,0,0,2,13
50,"0013-06-22 20:39:31",0,0,0,1,3,13
51,"0013-09-23 07:37:28",1,0,0,0,4,13
52,"0013-12-21 00:17:13",0,0,1,0,1,13
53,"0014-03-21 03:17:46",0,1,0,0,2,14
54,"0014-06-23 02:11:15",0,0,0,1,3,14
55,"0014-09-23 13:20:29",1,0,0,0,4,14
56,"0014-12-21 06:06:58",0,0,1,0,1,14
57,"0015-03-21 09:02:15",0,1,0,0,2,15
58,"0015-06-23 07:59:25",0,0,0,1,3,15
59,"0015-09-23 19:12:20",1,0,0,0,4,15
60,"0015-12-21 11:56:43",0,0,1,0,1,15
61,"0016-03-20 14:45:54",0,1,0,0,2,16
62,"0016-06-22 13:45:00",0,0,0,1,3,16
63,"0016-09-23 00:55:56",1,0,0,0,4,16
64,"0016-12-20 17:44:36",0,0,1,0,1,16
65,"0017-03-20 20:32:52",0,1,0,0,2,17
66,"0017-06-22 19:30:19",0,0,0,1,3,17
67,"0017-09-23 06:37:54",1,0,0,0,4,17
68,"0017-12-20 23:35:51",0,0,1,0,1,17
69,"0018-03-21 02:31:08",0,1,0,0,2,18
70,"0018-06-23 01:21:48",0,0,0,1,3,18
71,"0018-09-23 12:28:30",1,0,0,0,4,18
72,"0018-12-21 05:25:51",0,0,1,0,1,18
73,"0019-03-21 08:14:35",0,1,0,0,2,19
74,"0019-06-23 06:59:25",0,0,0,1,3,19
75,"0019-09-23 18:17:23",1,0,0,0,4,19
76,"0019-12-21 11:11:37",0,0,1,0,1,19
77,"0020-03-20 14:03:11",0,1,0,0,2,20
78,"0020-06-22 12:56:21",0,0,0,1,3,20
79,"0020-09-23 00:10:16",1,0,0,0,4,20
80,"0020-12-20 17:02:02",0,0,1,0,1,20
81,"0021-03-20 20:00:22",0,1,0,0,2,21
82,"0021-06-22 18:53:28",0,0,0,1,3,21
83,"0021-09-23 05:59:11",1,0,0,0,4,21
84,"0021-12-20 22:54:54",0,0,1,0,1,21
85,"0022-03-21 01:47:37",0,1,0,0,2,22
86,"0022-06-23 00:32:45",0,0,0,1,3,22
87,"0022-09-23 11:43:13",1,0,0,0,4,22
88,"0022-12-21 04:46:04",0,0,1,0,1,22
89,"0023-03-21 07:36:48",0,1,0,0,2,23
90,"0023-06-23 06:28:51",0,0,0,1,3,23
91,"0023-09-23 17:41:15",1,0,0,0,4,23
92,"0023-12-21 10:35:17",0,0,1,0,1,23
93,"0024-03-20 13:25:55",0,1,0,0,2,24
94,"0024-06-22 12:21:49",0,0,0,1,3,24
95,"0024-09-22 23:33:03",1,0,0,0,4,24
96,"0024-12-20 16:22:25",0,0,1,0,1,24
97,"0025-03-20 19:15:28",0,1,0,0,2,25
98,"0025-06-22 18:09:29",0,0,0,1,3,25
99,"0025-09-23 05:22:00",1,0,0,0,4,25
100,"0025-12-20 22:14:10",0,0,1,0,1,25
101,"0026-03-21 01:10:30",0,1,0,0,2,26
102,"0026-06-23 00:03:26",0,0,0,1,3,26
103,"0026-09-23 11:19:16",1,0,0,0,4,26
104,"0026-12-21 04:10:03",0,0,1,0,1,26
105,"0027-03-21 06:51:50",0,1,0,0,2,27
106,"0027-06-23 05:42:22",0,0,0,1,3,27
107,"0027-09-23 17:08:56",1,0,0,0,4,27
108,"0027-12-21 10:01:15",0,0,1,0,1,27
109,"0028-03-20 12:37:43",0,1,0,0,2,28
110,"0028-06-22 11:35:58",0,0,0,1,3,28
111,"0028-09-22 23:00:18",1,0,0,0,4,28
112,"0028-12-20 15:54:36",0,0,1,0,1,28
113,"0029-03-20 18:34:39",0,1,0,0,2,29
114,"0029-06-22 17:29:30",0,0,0,1,3,29
115,"0029-09-23 04:47:58",1,0,0,0,4,29
116,"0029-12-20 21:47:23",0,0,1,0,1,29
117,"0030-03-21 00:24:12",0,1,0,0,2,30
118,"0030-06-22 23:02:16",0,0,0,1,3,30
119,"0030-09-23 10:28:47",1,0,0,0,4,30
120,"0030-12-21 03:34:36",0,0,1,0,1,30
121,"0031-03-21 06:12:57",0,1,0,0,2,31
122,"0031-06-23 04:52:13",0,0,0,1,3,31
123,"0031-09-23 16:22:48",1,0,0,0,4,31
124,"0031-12-21 09:20:02",0,0,1,0,1,31
125,"0032-03-20 12:00:10",0,1,0,0,2,32
126,"0032-06-22 10:42:52",0,0,0,1,3,32
127,"0032-09-22 22:07:43",1,0,0,0,4,32
128,"0032-12-20 15:06:02",0,0,1,0,1,32
129,"0033-03-20 17:47:03",0,1,0,0,2,33
130,"0033-06-22 16:27:22",0,0,0,1,3,33
131,"0033-09-23 03:46:44",1,0,0,0,4,33
132,"0033-12-20 20:53:02",0,0,1,0,1,33
133,"0034-03-20 23:36:37",0,1,0,0,2,34
134,"0034-06-22 22:19:38",0,0,0,1,3,34
135,"0034-09-23 09:37:55",1,0,0,0,4,34
136,"0034-12-21 02:43:41",0,0,1,0,1,34
137,"0035-03-21 05:17:29",0,1,0,0,2,35
138,"0035-06-23 03:59:36",0,0,0,1,3,35
139,"0035-09-23 15:24:58",1,0,0,0,4,35
140,"0035-12-21 08:26:54",0,0,1,0,1,35
141,"0036-03-20 11:01:10",0,1,0,0,2,36
142,"0036-06-22 09:50:12",0,0,0,1,3,36
143,"0036-09-22 21:15:39",1,0,0,0,4,36
144,"0036-12-20 14:11:45",0,0,1,0,1,36
145,"0037-03-20 16:54:45",0,1,0,0,2,37
146,"0037-06-22 15:44:47",0,0,0,1,3,37
147,"0037-09-23 03:09:15",1,0,0,0,4,37
148,"0037-12-20 20:05:09",0,0,1,0,1,37
149,"0038-03-20 22:41:52",0,1,0,0,2,38
150,"0038-06-22 21:18:45",0,0,0,1,3,38
151,"0038-09-23 08:52:25",1,0,0,0,4,38
152,"0038-12-21 01:54:38",0,0,1,0,1,38
153,"0039-03-21 04:25:23",0,1,0,0,2,39
154,"0039-06-23 03:09:16",0,0,0,1,3,39
155,"0039-09-23 14:49:05",1,0,0,0,4,39
156,"0039-12-21 07:47:35",0,0,1,0,1,39
157,"0040-03-20 10:14:42",0,1,0,0,2,40
158,"0040-06-22 09:04:05",0,0,0,1,3,40
159,"0040-09-22 20:38:55",1,0,0,0,4,40
160,"0040-12-20 13:42:07",0,0,1,0,1,40
161,"0041-03-20 16:07:49",0,1,0,0,2,41
162,"0041-06-22 14:49:03",0,0,0,1,3,41
163,"0041-09-23 02:21:04",1,0,0,0,4,41
164,"0041-12-20 19:32:06",0,0,1,0,1,41
165,"0042-03-20 22:04:05",0,1,0,0,2,42
166,"0042-06-22 20:43:07",0,0,0,1,3,42
167,"0042-09-23 08:19:11",1,0,0,0,4,42
168,"0042-12-21 01:27:25",0,0,1,0,1,42
169,"0043-03-21 03:54:00",0,1,0,0,2,43
170,"0043-06-23 02:28:30",0,0,0,1,3,43
171,"0043-09-23 14:11:24",1,0,0,0,4,43
172,"0043-12-21 07:16:05",0,0,1,0,1,43
173,"0044-03-20 09:42:18",0,1,0,0,2,44
174,"0044-06-22 08:21:45",0,0,0,1,3,44
175,"0044-09-22 20:00:46",1,0,0,0,4,44
176,"0044-12-20 13:04:39",0,0,1,0,1,44
177,"0045-03-20 15:37:30",0,1,0,0,2,45
178,"0045-06-22 14:21:10",0,0,0,1,3,45
179,"0045-09-23 01:54:47",1,0,0,0,4,45
180,"0045-12-20 19:03:04",0,0,1,0,1,45
181,"0046-03-20 21:27:50",0,1,0,0,2,46
182,"0046-06-22 19:58:31",0,0,0,1,3,46
183,"0046-09-23 07:34:49",1,0,0,0,4,46
184,"0046-12-21 00:48:48",0,0,1,0,1,46
185,"0047-03-21 03:10:40",0,1,0,0,2,47
186,"0047-06-23 01:47:44",0,0,0,1,3,47
187,"0047-09-23 13:29:16",1,0,0,0,4,47
188,"0047-12-21 06:34:53",0,0,1,0,1,47
189,"0048-03-20 08:59:28",0,1,0,0,2,48
190,"0048-06-22 07:42:22",0,0,0,1,3,48
191,"0048-09-22 19:21:14",1,0,0,0,4,48
192,"0048-12-20 12:23:29",0,0,1,0,1,48
193,"0049-03-20 14:48:18",0,1,0,0,2,49
194,"0049-06-22 13:22:27",0,0,0,1,3,49
195,"0049-09-23 01:01:17",1,0,0,0,4,49
196,"0049-12-20 18:07:42",0,0,1,0,1,49
197,"0050-03-20 20:34:46",0,1,0,0,2,50
198,"0050-06-22 19:11:04",0,0,0,1,3,50
199,"0050-09-23 06:56:43",1,0,0,0,4,50
200,"0050-12-21 00:02:31",0,0,1,0,1,50
201,"0051-03-21 02:16:43",0,1,0,0,2,51
202,"0051-06-23 00:52:28",0,0,0,1,3,51
203,"0051-09-23 12:43:56",1,0,0,0,4,51
204,"0051-12-21 05:52:17",0,0,1,0,1,51
205,"0052-03-20 08:00:49",0,1,0,0,2,52
206,"0052-06-22 06:39:06",0,0,0,1,3,52
207,"0052-09-22 18:26:49",1,0,0,0,4,52
208,"0052-12-20 11:38:36",0,0,1,0,1,52
209,"0053-03-20 13:54:09",0,1,0,0,2,53
210,"0053-06-22 12:33:02",0,0,0,1,3,53
211,"0053-09-23 00:18:28",1,0,0,0,4,53
212,"0053-12-20 17:33:51",0,0,1,0,1,53
213,"0054-03-20 19:47:28",0,1,0,0,2,54
214,"0054-06-22 18:08:20",0,0,0,1,3,54
215,"0054-09-23 05:58:36",1,0,0,0,4,54
216,"0054-12-20 23:17:30",0,0,1,0,1,54
217,"0055-03-21 01:32:36",0,1,0,0,2,55
218,"0055-06-22 23:55:53",0,0,0,1,3,55
219,"0055-09-23 11:51:36",1,0,0,0,4,55
220,"0055-12-21 05:02:25",0,0,1,0,1,55
221,"0056-03-20 07:20:34",0,1,0,0,2,56
222,"0056-06-22 05:53:34",0,0,0,1,3,56
223,"0056-09-22 17:43:22",1,0,0,0,4,56
224,"0056-12-20 10:54:56",0,0,1,0,1,56
225,"0057-03-20 13:12:01",0,1,0,0,2,57
226,"0057-06-22 11:38:18",0,0,0,1,3,57
227,"0057-09-22 23:21:24",1,0,0,0,4,57
228,"0057-12-20 16:40:44",0,0,1,0,1,57
229,"0058-03-20 18:59:22",0,1,0,0,2,58
230,"0058-06-22 17:30:38",0,0,0,1,3,58
231,"0058-09-23 05:18:10",1,0,0,0,4,58
232,"0058-12-20 22:34:44",0,0,1,0,1,58
233,"0059-03-21 00:44:46",0,1,0,0,2,59
234,"0059-06-22 23:18:38",0,0,0,1,3,59
235,"0059-09-23 11:11:32",1,0,0,0,4,59
236,"0059-12-21 04:24:18",0,0,1,0,1,59
237,"0060-03-20 06:33:26",0,1,0,0,2,60
238,"0060-06-22 05:08:15",0,0,0,1,3,60
239,"0060-09-22 17:01:17",1,0,0,0,4,60
240,"0060-12-20 10:09:35",0,0,1,0,1,60
241,"0061-03-20 12:25:45",0,1,0,0,2,61
242,"0061-06-22 11:04:02",0,0,0,1,3,61
243,"0061-09-22 23:00:10",1,0,0,0,4,61
244,"0061-12-20 16:09:01",0,0,1,0,1,61
245,"0062-03-20 18:18:06",0,1,0,0,2,62
246,"0062-06-22 16:42:38",0,0,0,1,3,62
247,"0062-09-23 04:44:41",1,0,0,0,4,62
248,"0062-12-20 22:01:48",0,0,1,0,1,62
249,"0063-03-21 00:03:23",0,1,0,0,2,63
250,"0063-06-22 22:30:01",0,0,0,1,3,63
251,"0063-09-23 10:37:16",1,0,0,0,4,63
252,"0063-12-21 03:52:04",0,0,1,0,1,63
253,"0064-03-20 05:51:43",0,1,0,0,2,64
254,"0064-06-22 04:27:38",0,0,0,1,3,64
255,"0064-09-22 16:30:16",1,0,0,0,4,64
256,"0064-12-20 09:49:38",0,0,1,0,1,64
257,"0065-03-20 11:50:06",0,1,0,0,2,65
258,"0065-06-22 10:11:52",0,0,0,1,3,65
259,"0065-09-22 22:08:18",1,0,0,0,4,65
260,"0065-12-20 15:34:38",0,0,1,0,1,65
261,"0066-03-20 17:40:56",0,1,0,0,2,66
262,"0066-06-22 15:59:59",0,0,0,1,3,66
263,"0066-09-23 04:03:33",1,0,0,0,4,66
264,"0066-12-20 21:25:29",0,0,1,0,1,66
265,"0067-03-20 23:27:57",0,1,0,0,2,67
266,"0067-06-22 21:48:26",0,0,0,1,3,67
267,"0067-09-23 09:55:37",1,0,0,0,4,67
268,"0067-12-21 03:15:21",0,0,1,0,1,67
269,"0068-03-20 05:16:18",0,1,0,0,2,68
270,"0068-06-22 03:36:43",0,0,0,1,3,68
271,"0068-09-22 15:36:57",1,0,0,0,4,68
272,"0068-12-20 08:56:36",0,0,1,0,1,68
273,"0069-03-20 11:03:53",0,1,0,0,2,69
274,"0069-06-22 09:31:28",0,0,0,1,3,69
275,"0069-09-22 21:29:40",1,0,0,0,4,69
276,"0069-12-20 14:52:27",0,0,1,0,1,69
277,"0070-03-20 16:53:53",0,1,0,0,2,70
278,"0070-06-22 15:10:58",0,0,0,1,3,70
279,"0070-09-23 03:10:16",1,0,0,0,4,70
280,"0070-12-20 20:37:30",0,0,1,0,1,70
281,"0071-03-20 22:35:10",0,1,0,0,2,71
282,"0071-06-22 20:54:41",0,0,0,1,3,71
283,"0071-09-23 08:59:27",1,0,0,0,4,71
284,"0071-12-21 02:16:47",0,0,1,0,1,71
285,"0072-03-20 04:17:58",0,1,0,0,2,72
286,"0072-06-22 02:49:20",0,0,0,1,3,72
287,"0072-09-22 14:55:14",1,0,0,0,4,72
288,"0072-12-20 08:08:52",0,0,1,0,1,72
289,"0073-03-20 10:10:41",0,1,0,0,2,73
290,"0073-06-22 08:31:02",0,0,0,1,3,73
291,"0073-09-22 20:34:29",1,0,0,0,4,73
292,"0073-12-20 13:52:37",0,0,1,0,1,73
293,"0074-03-20 15:53:21",0,1,0,0,2,74
294,"0074-06-22 14:14:53",0,0,0,1,3,74
295,"0074-09-23 02:28:26",1,0,0,0,4,74
296,"0074-12-20 19:46:25",0,0,1,0,1,74
297,"0075-03-20 21:35:00",0,1,0,0,2,75
298,"0075-06-22 20:02:48",0,0,0,1,3,75
299,"0075-09-23 08:22:29",1,0,0,0,4,75
300,"0075-12-21 01:43:39",0,0,1,0,1,75
301,"0076-03-20 03:25:18",0,1,0,0,2,76
302,"0076-06-22 01:49:49",0,0,0,1,3,76
303,"0076-09-22 14:03:11",1,0,0,0,4,76
304,"0076-12-20 07:28:05",0,0,1,0,1,76
305,"0077-03-20 09:17:27",0,1,0,0,2,77
306,"0077-06-22 07:42:35",0,0,0,1,3,77
307,"0077-09-22 19:59:20",1,0,0,0,4,77
308,"0077-12-20 13:28:10",0,0,1,0,1,77
309,"0078-03-20 15:16:03",0,1,0,0,2,78
310,"0078-06-22 13:24:52",0,0,0,1,3,78
311,"0078-09-23 01:45:14",1,0,0,0,4,78
312,"0078-12-20 19:17:53",0,0,1,0,1,78
313,"0079-03-20 21:05:06",0,1,0,0,2,79
314,"0079-06-22 19:11:45",0,0,0,1,3,79
315,"0079-09-23 07:34:51",1,0,0,0,4,79
316,"0079-12-21 01:01:35",0,0,1,0,1,79
317,"0080-03-20 02:53:11",0,1,0,0,2,80
318,"0080-06-22 01:13:05",0,0,0,1,3,80
319,"0080-09-22 13:31:56",1,0,0,0,4,80
320,"0080-12-20 07:00:03",0,0,1,0,1,80
321,"0081-03-20 08:51:46",0,1,0,0,2,81
322,"0081-06-22 07:02:48",0,0,0,1,3,81
323,"0081-09-22 19:11:04",1,0,0,0,4,81
324,"0081-12-20 12:46:46",0,0,1,0,1,81
325,"0082-03-20 14:39:16",0,1,0,0,2,82
326,"0082-06-22 12:51:28",0,0,0,1,3,82
327,"0082-09-23 01:04:55",1,0,0,0,4,82
328,"0082-12-20 18:36:51",0,0,1,0,1,82
329,"0083-03-20 20:22:42",0,1,0,0,2,83
330,"0083-06-22 18:43:18",0,0,0,1,3,83
331,"0083-09-23 07:03:12",1,0,0,0,4,83
332,"0083-12-21 00:29:44",0,0,1,0,1,83
333,"0084-03-20 02:15:03",0,1,0,0,2,84
334,"0084-06-22 00:32:29",0,0,0,1,3,84
335,"0084-09-22 12:47:49",1,0,0,0,4,84
336,"0084-12-20 06:10:01",0,0,1,0,1,84
337,"0085-03-20 08:02:16",0,1,0,0,2,85
338,"0085-06-22 06:22:33",0,0,0,1,3,85
339,"0085-09-22 18:44:19",1,0,0,0,4,85
340,"0085-12-20 12:07:30",0,0,1,0,1,85
341,"0086-03-20 13:51:50",0,1,0,0,2,86
342,"0086-06-22 12:03:12",0,0,0,1,3,86
343,"0086-09-23 00:30:14",1,0,0,0,4,86
344,"0086-12-20 18:00:47",0,0,1,0,1,86
345,"0087-03-20 19:35:53",0,1,0,0,2,87
346,"0087-06-22 17:45:33",0,0,0,1,3,87
347,"0087-09-23 06:14:55",1,0,0,0,4,87
348,"0087-12-20 23:43:29",0,0,1,0,1,87
349,"0088-03-20 01:18:00",0,1,0,0,2,88
350,"0088-06-21 23:39:16",0,0,0,1,3,88
351,"0088-09-22 12:07:41",1,0,0,0,4,88
352,"0088-12-20 05:39:16",0,0,1,0,1,88
353,"0089-03-20 07:16:28",0,1,0,0,2,89
354,"0089-06-22 05:23:38",0,0,0,1,3,89
355,"0089-09-22 17:44:42",1,0,0,0,4,89
356,"0089-12-20 11:22:57",0,0,1,0,1,89
357,"0090-03-20 13:04:16",0,1,0,0,2,90
358,"0090-06-22 11:05:17",0,0,0,1,3,90
359,"0090-09-22 23:34:27",1,0,0,0,4,90
360,"0090-12-20 17:07:41",0,0,1,0,1,90
361,"0091-03-20 18:44:08",0,1,0,0,2,91
362,"0091-06-22 16:54:12",0,0,0,1,3,91
363,"0091-09-23 05:29:22",1,0,0,0,4,91
364,"0091-12-20 23:00:45",0,0,1,0,1,91
365,"0092-03-20 00:35:53",0,1,0,0,2,92
366,"0092-06-21 22:44:16",0,0,0,1,3,92
367,"0092-09-22 11:09:19",1,0,0,0,4,92
368,"0092-12-20 04:42:23",0,0,1,0,1,92
369,"0093-03-20 06:21:28",0,1,0,0,2,93
370,"0093-06-22 04:33:26",0,0,0,1,3,93
371,"0093-09-22 17:00:02",1,0,0,0,4,93
372,"0093-12-20 10:36:48",0,0,1,0,1,93
373,"0094-03-20 12:10:03",0,1,0,0,2,94
374,"0094-06-22 10:16:46",0,0,0,1,3,94
375,"0094-09-22 22:47:14",1,0,0,0,4,94
376,"0094-12-20 16:29:10",0,0,1,0,1,94
377,"0095-03-20 17:59:21",0,1,0,0,2,95
378,"0095-06-22 16:02:35",0,0,0,1,3,95
379,"0095-09-23 04:35:15",1,0,0,0,4,95
380,"0095-12-20 22:07:35",0,0,1,0,1,95
381,"0096-03-19 23:42:05",0,1,0,0,2,96
382,"0096-06-21 21:57:26",0,0,0,1,3,96
383,"0096-09-22 10:34:13",1,0,0,0,4,96
384,"0096-12-20 04:03:49",0,0,1,0,1,96
385,"0097-03-20 05:41:21",0,1,0,0,2,97
386,"0097-06-22 03:47:06",0,0,0,1,3,97
387,"0097-09-22 16:18:53",1,0,0,0,4,97
388,"0097-12-20 09:55:08",0,0,1,0,1,97
389,"0098-03-20 11:29:28",0,1,0,0,2,98
390,"0098-06-22 09:31:17",0,0,0,1,3,98
391,"0098-09-22 22:10:44",1,0,0,0,4,98
392,"0098-12-20 15:46:32",0,0,1,0,1,98
393,"0099-03-20 17:10:02",0,1,0,0,2,99
394,"0099-06-22 15:23:46",0,0,0,1,3,99
395,"0099-09-23 04:09:57",1,0,0,0,4,99
396,"0099-12-20 21:48:13",0,0,1,0,1,99
397,"0100-03-20 23:08:37",0,1,0,0,2,100
398,"0100-06-22 21:17:32",0,0,0,1,3,100
399,"0100-09-23 09:52:45",1,0,0,0,4,100
400,"0100-12-21 03:33:41",0,0,1,0,1,100
401,"0101-03-21 05:01:39",0,1,0,0,2,101
402,"0101-06-23 03:06:47",0,0,0,1,3,101
403,"0101-09-23 15:46:18",1,0,0,0,4,101
404,"0101-12-21 09:28:39",0,0,1,0,1,101
405,"0102-03-21 10:55:14",0,1,0,0,2,102
406,"0102-06-23 08:52:03",0,0,0,1,3,102
407,"0102-09-23 21:37:55",1,0,0,0,4,102
408,"0102-12-21 15:22:33",0,0,1,0,1,102
409,"0103-03-21 16:47:11",0,1,0,0,2,103
410,"0103-06-23 14:39:47",0,0,0,1,3,103
411,"0103-09-24 03:23:31",1,0,0,0,4,103
412,"0103-12-21 21:01:19",0,0,1,0,1,103
413,"0104-03-20 22:28:12",0,1,0,0,2,104
414,"0104-06-22 20:34:02",0,0,0,1,3,104
415,"0104-09-23 09:16:42",1,0,0,0,4,104
416,"0104-12-21 02:56:16",0,0,1,0,1,104
417,"0105-03-21 04:23:49",0,1,0,0,2,105
418,"0105-06-23 02:23:45",0,0,0,1,3,105
419,"0105-09-23 14:56:52",1,0,0,0,4,105
420,"0105-12-21 08:43:54",0,0,1,0,1,105
421,"0106-03-21 10:09:16",0,1,0,0,2,106
422,"0106-06-23 08:05:03",0,0,0,1,3,106
423,"0106-09-23 20:42:52",1,0,0,0,4,106
424,"0106-12-21 14:24:51",0,0,1,0,1,106
425,"0107-03-21 15:44:06",0,1,0,0,2,107
426,"0107-06-23 13:52:20",0,0,0,1,3,107
427,"0107-09-24 02:41:03",1,0,0,0,4,107
428,"0107-12-21 20:17:14",0,0,1,0,1,107
429,"0108-03-20 21:36:16",0,1,0,0,2,108
430,"0108-06-22 19:41:23",0,0,0,1,3,108
431,"0108-09-23 08:23:07",1,0,0,0,4,108
432,"0108-12-21 01:56:57",0,0,1,0,1,108
433,"0109-03-21 03:20:36",0,1,0,0,2,109
434,"0109-06-23 01:23:19",0,0,0,1,3,109
435,"0109-09-23 14:12:43",1,0,0,0,4,109
436,"0109-12-21 07:50:41",0,0,1,0,1,109
437,"0110-03-21 09:04:37",0,1,0,0,2,110
438,"0110-06-23 07:03:28",0,0,0,1,3,110
439,"0110-09-23 20:02:03",1,0,0,0,4,110
440,"0110-12-21 13:47:42",0,0,1,0,1,110
441,"0111-03-21 14:53:21",0,1,0,0,2,111
442,"0111-06-23 12:48:20",0,0,0,1,3,111
443,"0111-09-24 01:44:18",1,0,0,0,4,111
444,"0111-12-21 19:29:26",0,0,1,0,1,111
445,"0112-03-20 20:36:40",0,1,0,0,2,112
446,"0112-06-22 18:39:09",0,0,0,1,3,112
447,"0112-09-23 07:36:03",1,0,0,0,4,112
448,"0112-12-21 01:24:49",0,0,1,0,1,112
449,"0113-03-21 02:37:13",0,1,0,0,2,113
450,"0113-06-23 00:28:38",0,0,0,1,3,113
451,"0113-09-23 13:20:02",1,0,0,0,4,113
452,"0113-12-21 07:15:20",0,0,1,0,1,113
453,"0114-03-21 08:31:52",0,1,0,0,2,114
454,"0114-06-23 06:13:34",0,0,0,1,3,114
455,"0114-09-23 19:08:50",1,0,0,0,4,114
456,"0114-12-21 12:58:57",0,0,1,0,1,114
457,"0115-03-21 14:11:42",0,1,0,0,2,115
458,"0115-06-23 12:05:39",0,0,0,1,3,115
459,"0115-09-24 01:07:56",1,0,0,0,4,115
460,"0115-12-21 18:56:15",0,0,1,0,1,115
461,"0116-03-20 20:09:41",0,1,0,0,2,116
462,"0116-06-22 18:04:58",0,0,0,1,3,116
463,"0116-09-23 06:53:12",1,0,0,0,4,116
464,"0116-12-21 00:43:27",0,0,1,0,1,116
465,"0117-03-21 02:00:59",0,1,0,0,2,117
466,"0117-06-22 23:55:02",0,0,0,1,3,117
467,"0117-09-23 12:43:51",1,0,0,0,4,117
468,"0117-12-21 06:36:27",0,0,1,0,1,117
469,"0118-03-21 07:47:25",0,1,0,0,2,118
470,"0118-06-23 05:41:57",0,0,0,1,3,118
471,"0118-09-23 18:39:16",1,0,0,0,4,118
472,"0118-12-21 12:32:47",0,0,1,0,1,118
473,"0119-03-21 13:41:30",0,1,0,0,2,119
474,"0119-06-23 11:33:22",0,0,0,1,3,119
475,"0119-09-24 00:29:11",1,0,0,0,4,119
476,"0119-12-21 18:12:45",0,0,1,0,1,119
477,"0120-03-20 19:24:20",0,1,0,0,2,120
478,"0120-06-22 17:23:57",0,0,0,1,3,120
479,"0120-09-23 06:25:07",1,0,0,0,4,120
480,"0120-12-21 00:06:15",0,0,1,0,1,120
481,"0121-03-21 01:18:37",0,1,0,0,2,121
482,"0121-06-22 23:12:53",0,0,0,1,3,121
483,"0121-09-23 12:12:33",1,0,0,0,4,121
484,"0121-12-21 06:01:23",0,0,1,0,1,121
485,"0122-03-21 07:08:35",0,1,0,0,2,122
486,"0122-06-23 04:55:41",0,0,0,1,3,122
487,"0122-09-23 17:59:25",1,0,0,0,4,122
488,"0122-12-21 11:47:28",0,0,1,0,1,122
489,"0123-03-21 12:42:26",0,1,0,0,2,123
490,"0123-06-23 10:40:51",0,0,0,1,3,123
491,"0123-09-23 23:53:00",1,0,0,0,4,123
492,"0123-12-21 17:43:57",0,0,1,0,1,123
493,"0124-03-20 18:38:24",0,1,0,0,2,124
494,"0124-06-22 16:34:05",0,0,0,1,3,124
495,"0124-09-23 05:35:45",1,0,0,0,4,124
496,"0124-12-20 23:30:32",0,0,1,0,1,124
497,"0125-03-21 00:31:19",0,1,0,0,2,125
498,"0125-06-22 22:15:53",0,0,0,1,3,125
499,"0125-09-23 11:20:36",1,0,0,0,4,125
500,"0125-12-21 05:16:12",0,0,1,0,1,125
501,"0126-03-21 06:14:27",0,1,0,0,2,126
502,"0126-06-23 03:55:27",0,0,0,1,3,126
503,"0126-09-23 17:10:54",1,0,0,0,4,126
504,"0126-12-21 11:09:18",0,0,1,0,1,126
505,"0127-03-21 12:07:31",0,1,0,0,2,127
506,"0127-06-23 09:46:06",0,0,0,1,3,127
507,"0127-09-23 22:54:53",1,0,0,0,4,127
508,"0127-12-21 16:48:17",0,0,1,0,1,127
509,"0128-03-20 17:47:46",0,1,0,0,2,128
510,"0128-06-22 15:34:15",0,0,0,1,3,128
511,"0128-09-23 04:41:46",1,0,0,0,4,128
512,"0128-12-20 22:37:49",0,0,1,0,1,128
513,"0129-03-20 23:38:57",0,1,0,0,2,129
514,"0129-06-22 21:23:55",0,0,0,1,3,129
515,"0129-09-23 10:26:19",1,0,0,0,4,129
516,"0129-12-21 04:29:49",0,0,1,0,1,129
517,"0130-03-21 05:30:07",0,1,0,0,2,130
518,"0130-06-23 03:08:55",0,0,0,1,3,130
519,"0130-09-23 16:12:45",1,0,0,0,4,130
520,"0130-12-21 10:09:44",0,0,1,0,1,130
521,"0131-03-21 11:04:39",0,1,0,0,2,131
522,"0131-06-23 08:54:42",0,0,0,1,3,131
523,"0131-09-23 22:10:02",1,0,0,0,4,131
524,"0131-12-21 16:01:51",0,0,1,0,1,131
525,"0132-03-20 16:59:25",0,1,0,0,2,132
526,"0132-06-22 14:50:57",0,0,0,1,3,132
527,"0132-09-23 03:59:58",1,0,0,0,4,132
528,"0132-12-20 21:50:43",0,0,1,0,1,132
529,"0133-03-20 22:51:42",0,1,0,0,2,133
530,"0133-06-22 20:36:52",0,0,0,1,3,133
531,"0133-09-23 09:49:33",1,0,0,0,4,133
532,"0133-12-21 03:43:17",0,0,1,0,1,133
533,"0134-03-21 04:33:26",0,1,0,0,2,134
534,"0134-06-23 02:19:07",0,0,0,1,3,134
535,"0134-09-23 15:44:23",1,0,0,0,4,134
536,"0134-12-21 09:45:01",0,0,1,0,1,134
537,"0135-03-21 10:28:48",0,1,0,0,2,135
538,"0135-06-23 08:14:05",0,0,0,1,3,135
539,"0135-09-23 21:33:32",1,0,0,0,4,135
540,"0135-12-21 15:32:37",0,0,1,0,1,135
541,"0136-03-20 16:17:21",0,1,0,0,2,136
542,"0136-06-22 14:03:56",0,0,0,1,3,136
543,"0136-09-23 03:23:59",1,0,0,0,4,136
544,"0136-12-20 21:25:16",0,0,1,0,1,136
545,"0137-03-20 22:15:07",0,1,0,0,2,137
546,"0137-06-22 19:54:21",0,0,0,1,3,137
547,"0137-09-23 09:14:26",1,0,0,0,4,137
548,"0137-12-21 03:20:33",0,0,1,0,1,137
549,"0138-03-21 04:13:04",0,1,0,0,2,138
550,"0138-06-23 01:43:00",0,0,0,1,3,138
551,"0138-09-23 15:03:11",1,0,0,0,4,138
552,"0138-12-21 09:04:10",0,0,1,0,1,138
553,"0139-03-21 09:50:38",0,1,0,0,2,139
554,"0139-06-23 07:30:03",0,0,0,1,3,139
555,"0139-09-23 20:57:32",1,0,0,0,4,139
556,"0139-12-21 14:58:13",0,0,1,0,1,139
557,"0140-03-20 15:43:49",0,1,0,0,2,140
558,"0140-06-22 13:27:37",0,0,0,1,3,140
559,"0140-09-23 02:43:31",1,0,0,0,4,140
560,"0140-12-20 20:46:57",0,0,1,0,1,140
561,"0141-03-20 21:36:16",0,1,0,0,2,141
562,"0141-06-22 19:14:00",0,0,0,1,3,141
563,"0141-09-23 08:27:42",1,0,0,0,4,141
564,"0141-12-21 02:34:13",0,0,1,0,1,141
565,"0142-03-21 03:16:12",0,1,0,0,2,142
566,"0142-06-23 00:52:49",0,0,0,1,3,142
567,"0142-09-23 14:18:54",1,0,0,0,4,142
568,"0142-12-21 08:25:29",0,0,1,0,1,142
569,"0143-03-21 09:06:58",0,1,0,0,2,143
570,"0143-06-23 06:44:28",0,0,0,1,3,143
571,"0143-09-23 20:08:02",1,0,0,0,4,143
572,"0143-12-21 14:05:51",0,0,1,0,1,143
573,"0144-03-20 14:50:37",0,1,0,0,2,144
574,"0144-06-22 12:29:41",0,0,0,1,3,144
575,"0144-09-23 01:55:58",1,0,0,0,4,144
576,"0144-12-20 19:52:36",0,0,1,0,1,144
577,"0145-03-20 20:37:18",0,1,0,0,2,145
578,"0145-06-22 18:13:17",0,0,0,1,3,145
579,"0145-09-23 07:42:37",1,0,0,0,4,145
580,"0145-12-21 01:47:37",0,0,1,0,1,145
581,"0146-03-21 02:28:03",0,1,0,0,2,146
582,"0146-06-22 23:59:09",0,0,0,1,3,146
583,"0146-09-23 13:28:21",1,0,0,0,4,146
584,"0146-12-21 07:33:39",0,0,1,0,1,146
585,"0147-03-21 08:02:55",0,1,0,0,2,147
586,"0147-06-23 05:40:54",0,0,0,1,3,147
587,"0147-09-23 19:17:03",1,0,0,0,4,147
588,"0147-12-21 13:25:27",0,0,1,0,1,147
589,"0148-03-20 13:56:10",0,1,0,0,2,148
590,"0148-06-22 11:35:36",0,0,0,1,3,148
591,"0148-09-23 01:04:23",1,0,0,0,4,148
592,"0148-12-20 19:15:09",0,0,1,0,1,148
593,"0149-03-20 19:55:12",0,1,0,0,2,149
594,"0149-06-22 17:22:45",0,0,0,1,3,149
595,"0149-09-23 06:50:56",1,0,0,0,4,149
596,"0149-12-21 01:01:58",0,0,1,0,1,149
597,"0150-03-21 01:37:32",0,1,0,0,2,150
598,"0150-06-22 23:02:05",0,0,0,1,3,150
599,"0150-09-23 12:42:43",1,0,0,0,4,150
600,"0150-12-21 06:55:26",0,0,1,0,1,150
601,"0151-03-21 07:30:57",0,1,0,0,2,151
602,"0151-06-23 05:00:08",0,0,0,1,3,151
603,"0151-09-23 18:34:15",1,0,0,0,4,151
604,"0151-12-21 12:42:43",0,0,1,0,1,151
605,"0152-03-20 13:19:22",0,1,0,0,2,152
606,"0152-06-22 10:52:15",0,0,0,1,3,152
607,"0152-09-23 00:22:05",1,0,0,0,4,152
608,"0152-12-20 18:31:57",0,0,1,0,1,152
609,"0153-03-20 19:08:55",0,1,0,0,2,153
610,"0153-06-22 16:40:57",0,0,0,1,3,153
611,"0153-09-23 06:11:13",1,0,0,0,4,153
612,"0153-12-21 00:27:28",0,0,1,0,1,153
613,"0154-03-21 01:04:33",0,1,0,0,2,154
614,"0154-06-22 22:33:44",0,0,0,1,3,154
615,"0154-09-23 12:04:50",1,0,0,0,4,154
616,"0154-12-21 06:13:25",0,0,1,0,1,154
617,"0155-03-21 06:43:08",0,1,0,0,2,155
618,"0155-06-23 04:17:58",0,0,0,1,3,155
619,"0155-09-23 17:59:03",1,0,0,0,4,155
620,"0155-12-21 12:02:38",0,0,1,0,1,155
621,"0156-03-20 12:34:11",0,1,0,0,2,156
622,"0156-06-22 10:13:26",0,0,0,1,3,156
623,"0156-09-22 23:52:49",1,0,0,0,4,156
624,"0156-12-20 17:57:27",0,0,1,0,1,156
625,"0157-03-20 18:31:41",0,1,0,0,2,157
626,"0157-06-22 16:01:55",0,0,0,1,3,157
627,"0157-09-23 05:40:59",1,0,0,0,4,157
628,"0157-12-20 23:49:47",0,0,1,0,1,157
629,"0158-03-21 00:10:17",0,1,0,0,2,158
630,"0158-06-22 21:37:32",0,0,0,1,3,158
631,"0158-09-23 11:29:33",1,0,0,0,4,158
632,"0158-12-21 05:46:19",0,0,1,0,1,158
633,"0159-03-21 06:02:49",0,1,0,0,2,159
634,"0159-06-23 03:33:11",0,0,0,1,3,159
635,"0159-09-23 17:20:04",1,0,0,0,4,159
636,"0159-12-21 11:35:21",0,0,1,0,1,159
637,"0160-03-20 11:54:57",0,1,0,0,2,160
638,"0160-06-22 09:21:17",0,0,0,1,3,160
639,"0160-09-22 23:04:43",1,0,0,0,4,160
640,"0160-12-20 17:20:53",0,0,1,0,1,160
641,"0161-03-20 17:46:03",0,1,0,0,2,161
642,"0161-06-22 15:03:58",0,0,0,1,3,161
643,"0161-09-23 04:50:27",1,0,0,0,4,161
644,"0161-12-20 23:11:51",0,0,1,0,1,161
645,"0162-03-20 23:40:20",0,1,0,0,2,162
646,"0162-06-22 20:54:31",0,0,0,1,3,162
647,"0162-09-23 10:39:42",1,0,0,0,4,162
648,"0162-12-21 04:55:57",0,0,1,0,1,162
649,"0163-03-21 05:17:27",0,1,0,0,2,163
650,"0163-06-23 02:37:58",0,0,0,1,3,163
651,"0163-09-23 16:26:02",1,0,0,0,4,163
652,"0163-12-21 10:41:56",0,0,1,0,1,163
653,"0164-03-20 11:03:44",0,1,0,0,2,164
654,"0164-06-22 08:31:51",0,0,0,1,3,164
655,"0164-09-22 22:12:52",1,0,0,0,4,164
656,"0164-12-20 16:31:23",0,0,1,0,1,164
657,"0165-03-20 16:58:09",0,1,0,0,2,165
658,"0165-06-22 14:21:48",0,0,0,1,3,165
659,"0165-09-23 03:58:34",1,0,0,0,4,165
660,"0165-12-20 22:18:19",0,0,1,0,1,165
661,"0166-03-20 22:35:48",0,1,0,0,2,166
662,"0166-06-22 19:56:01",0,0,0,1,3,166
663,"0166-09-23 09:46:48",1,0,0,0,4,166
664,"0166-12-21 04:06:02",0,0,1,0,1,166
665,"0167-03-21 04:23:26",0,1,0,0,2,167
666,"0167-06-23 01:50:02",0,0,0,1,3,167
667,"0167-09-23 15:41:49",1,0,0,0,4,167
668,"0167-12-21 09:52:05",0,0,1,0,1,167
669,"0168-03-20 10:13:00",0,1,0,0,2,168
670,"0168-06-22 07:39:08",0,0,0,1,3,168
671,"0168-09-22 21:30:14",1,0,0,0,4,168
672,"0168-12-20 15:40:30",0,0,1,0,1,168
673,"0169-03-20 15:59:20",0,1,0,0,2,169
674,"0169-06-22 13:20:06",0,0,0,1,3,169
675,"0169-09-23 03:17:15",1,0,0,0,4,169
676,"0169-12-20 21:37:02",0,0,1,0,1,169
677,"0170-03-20 21:50:46",0,1,0,0,2,170
678,"0170-06-22 19:11:57",0,0,0,1,3,170
679,"0170-09-23 09:09:50",1,0,0,0,4,170
680,"0170-12-21 03:29:51",0,0,1,0,1,170
681,"0171-03-21 03:33:32",0,1,0,0,2,171
682,"0171-06-23 00:57:15",0,0,0,1,3,171
683,"0171-09-23 14:58:55",1,0,0,0,4,171
684,"0171-12-21 09:21:27",0,0,1,0,1,171
685,"0172-03-20 09:26:40",0,1,0,0,2,172
686,"0172-06-22 06:50:15",0,0,0,1,3,172
687,"0172-09-22 20:49:07",1,0,0,0,4,172
688,"0172-12-20 15:13:29",0,0,1,0,1,172
689,"0173-03-20 15:29:14",0,1,0,0,2,173
690,"0173-06-22 12:43:32",0,0,0,1,3,173
691,"0173-09-23 02:40:08",1,0,0,0,4,173
692,"0173-12-20 21:06:18",0,0,1,0,1,173
693,"0174-03-20 21:15:32",0,1,0,0,2,174
694,"0174-06-22 18:22:03",0,0,0,1,3,174
695,"0174-09-23 08:29:00",1,0,0,0,4,174
696,"0174-12-21 02:57:13",0,0,1,0,1,174
697,"0175-03-21 03:05:29",0,1,0,0,2,175
698,"0175-06-23 00:20:33",0,0,0,1,3,175
699,"0175-09-23 14:23:12",1,0,0,0,4,175
700,"0175-12-21 08:47:36",0,0,1,0,1,175
701,"0176-03-20 08:59:40",0,1,0,0,2,176
702,"0176-06-22 06:16:39",0,0,0,1,3,176
703,"0176-09-22 20:10:21",1,0,0,0,4,176
704,"0176-12-20 14:36:35",0,0,1,0,1,176
705,"0177-03-20 14:47:47",0,1,0,0,2,177
706,"0177-06-22 11:58:29",0,0,0,1,3,177
707,"0177-09-23 01:54:08",1,0,0,0,4,177
708,"0177-12-20 20:26:19",0,0,1,0,1,177
709,"0178-03-20 20:38:12",0,1,0,0,2,178
710,"0178-06-22 17:51:21",0,0,0,1,3,178
711,"0178-09-23 07:49:26",1,0,0,0,4,178
712,"0178-12-21 02:12:52",0,0,1,0,1,178
713,"0179-03-21 02:19:34",0,1,0,0,2,179
714,"0179-06-22 23:35:49",0,0,0,1,3,179
715,"0179-09-23 13:38:42",1,0,0,0,4,179
716,"0179-12-21 07:56:47",0,0,1,0,1,179
717,"0180-03-20 08:04:24",0,1,0,0,2,180
718,"0180-06-22 05:24:04",0,0,0,1,3,180
719,"0180-09-22 19:27:27",1,0,0,0,4,180
720,"0180-12-20 13:46:47",0,0,1,0,1,180
721,"0181-03-20 13:57:35",0,1,0,0,2,181
722,"0181-06-22 11:14:10",0,0,0,1,3,181
723,"0181-09-23 01:16:46",1,0,0,0,4,181
724,"0181-12-20 19:41:12",0,0,1,0,1,181
725,"0182-03-20 19:36:06",0,1,0,0,2,182
726,"0182-06-22 16:46:32",0,0,0,1,3,182
727,"0182-09-23 07:00:00",1,0,0,0,4,182
728,"0182-12-21 01:30:35",0,0,1,0,1,182
729,"0183-03-21 01:21:21",0,1,0,0,2,183
730,"0183-06-22 22:37:55",0,0,0,1,3,183
731,"0183-09-23 12:50:45",1,0,0,0,4,183
732,"0183-12-21 07:19:17",0,0,1,0,1,183
733,"0184-03-20 07:16:31",0,1,0,0,2,184
734,"0184-06-22 04:29:32",0,0,0,1,3,184
735,"0184-09-22 18:37:25",1,0,0,0,4,184
736,"0184-12-20 13:06:07",0,0,1,0,1,184
737,"0185-03-20 13:06:28",0,1,0,0,2,185
738,"0185-06-22 10:06:19",0,0,0,1,3,185
739,"0185-09-23 00:18:31",1,0,0,0,4,185
740,"0185-12-20 18:53:26",0,0,1,0,1,185
741,"0186-03-20 18:56:09",0,1,0,0,2,186
742,"0186-06-22 15:58:49",0,0,0,1,3,186
743,"0186-09-23 06:13:28",1,0,0,0,4,186
744,"0186-12-21 00:43:12",0,0,1,0,1,186
745,"0187-03-21 00:39:09",0,1,0,0,2,187
746,"0187-06-22 21:46:57",0,0,0,1,3,187
747,"0187-09-23 11:59:34",1,0,0,0,4,187
748,"0187-12-21 06:29:19",0,0,1,0,1,187
749,"0188-03-20 06:25:09",0,1,0,0,2,188
750,"0188-06-22 03:37:15",0,0,0,1,3,188
751,"0188-09-22 17:45:52",1,0,0,0,4,188
752,"0188-12-20 12:20:11",0,0,1,0,1,188
753,"0189-03-20 12:21:53",0,1,0,0,2,189
754,"0189-06-22 09:32:50",0,0,0,1,3,189
755,"0189-09-22 23:39:09",1,0,0,0,4,189
756,"0189-12-20 18:14:07",0,0,1,0,1,189
757,"0190-03-20 18:05:42",0,1,0,0,2,190
758,"0190-06-22 15:09:51",0,0,0,1,3,190
759,"0190-09-23 05:27:46",1,0,0,0,4,190
760,"0190-12-21 00:01:15",0,0,1,0,1,190
761,"0191-03-20 23:53:30",0,1,0,0,2,191
762,"0191-06-22 21:04:29",0,0,0,1,3,191
763,"0191-09-23 11:26:02",1,0,0,0,4,191
764,"0191-12-21 05:51:43",0,0,1,0,1,191
765,"0192-03-20 05:48:43",0,1,0,0,2,192
766,"0192-06-22 03:00:52",0,0,0,1,3,192
767,"0192-09-22 17:19:13",1,0,0,0,4,192
768,"0192-12-20 11:46:21",0,0,1,0,1,192
769,"0193-03-20 11:39:05",0,1,0,0,2,193
770,"0193-06-22 08:39:58",0,0,0,1,3,193
771,"0193-09-22 23:02:10",1,0,0,0,4,193
772,"0193-12-20 17:40:17",0,0,1,0,1,193
773,"0194-03-20 17:27:59",0,1,0,0,2,194
774,"0194-06-22 14:32:58",0,0,0,1,3,194
775,"0194-09-23 04:58:07",1,0,0,0,4,194
776,"0194-12-20 23:35:14",0,0,1,0,1,194
777,"0195-03-20 23:16:16",0,1,0,0,2,195
778,"0195-06-22 20:23:19",0,0,0,1,3,195
779,"0195-09-23 10:46:08",1,0,0,0,4,195
780,"0195-12-21 05:24:04",0,0,1,0,1,195
781,"0196-03-20 05:08:09",0,1,0,0,2,196
782,"0196-06-22 02:10:44",0,0,0,1,3,196
783,"0196-09-22 16:31:35",1,0,0,0,4,196
784,"0196-12-20 11:10:55",0,0,1,0,1,196
785,"0197-03-20 11:05:13",0,1,0,0,2,197
786,"0197-06-22 08:04:46",0,0,0,1,3,197
787,"0197-09-22 22:25:20",1,0,0,0,4,197
788,"0197-12-20 17:04:17",0,0,1,0,1,197
789,"0198-03-20 16:49:55",0,1,0,0,2,198
790,"0198-06-22 13:42:14",0,0,0,1,3,198
791,"0198-09-23 04:09:35",1,0,0,0,4,198
792,"0198-12-20 22:49:47",0,0,1,0,1,198
793,"0199-03-20 22:32:53",0,1,0,0,2,199
794,"0199-06-22 19:33:44",0,0,0,1,3,199
795,"0199-09-23 09:59:43",1,0,0,0,4,199
796,"0199-12-21 04:36:05",0,0,1,0,1,199
797,"0200-03-21 04:23:11",0,1,0,0,2,200
798,"0200-06-23 01:29:21",0,0,0,1,3,200
799,"0200-09-23 15:47:41",1,0,0,0,4,200
800,"0200-12-21 10:26:16",0,0,1,0,1,200
801,"0201-03-21 10:10:55",0,1,0,0,2,201
802,"0201-06-23 07:05:07",0,0,0,1,3,201
803,"0201-09-23 21:26:04",1,0,0,0,4,201
804,"0201-12-21 16:09:50",0,0,1,0,1,201
805,"0202-03-21 15:53:35",0,1,0,0,2,202
806,"0202-06-23 12:52:26",0,0,0,1,3,202
807,"0202-09-24 03:21:03",1,0,0,0,4,202
808,"0202-12-21 21:55:48",0,0,1,0,1,202
809,"0203-03-21 21:36:50",0,1,0,0,2,203
810,"0203-06-23 18:40:18",0,0,0,1,3,203
811,"0203-09-24 09:11:21",1,0,0,0,4,203
812,"0203-12-22 03:43:08",0,0,1,0,1,203
813,"0204-03-21 03:22:43",0,1,0,0,2,204
814,"0204-06-23 00:22:39",0,0,0,1,3,204
815,"0204-09-23 14:54:05",1,0,0,0,4,204
816,"0204-12-21 09:29:48",0,0,1,0,1,204
817,"0205-03-21 09:11:48",0,1,0,0,2,205
818,"0205-06-23 06:13:37",0,0,0,1,3,205
819,"0205-09-23 20:47:23",1,0,0,0,4,205
820,"0205-12-21 15:29:33",0,0,1,0,1,205
821,"0206-03-21 14:57:49",0,1,0,0,2,206
822,"0206-06-23 11:52:27",0,0,0,1,3,206
823,"0206-09-24 02:32:15",1,0,0,0,4,206
824,"0206-12-21 21:20:16",0,0,1,0,1,206
825,"0207-03-21 20:45:14",0,1,0,0,2,207
826,"0207-06-23 17:42:32",0,0,0,1,3,207
827,"0207-09-24 08:23:03",1,0,0,0,4,207
828,"0207-12-22 03:08:52",0,0,1,0,1,207
829,"0208-03-21 02:43:36",0,1,0,0,2,208
830,"0208-06-22 23:41:33",0,0,0,1,3,208
831,"0208-09-23 14:17:48",1,0,0,0,4,208
832,"0208-12-21 09:04:06",0,0,1,0,1,208
833,"0209-03-21 08:41:17",0,1,0,0,2,209
834,"0209-06-23 05:22:04",0,0,0,1,3,209
835,"0209-09-23 19:59:20",1,0,0,0,4,209
836,"0209-12-21 14:51:37",0,0,1,0,1,209
837,"0210-03-21 14:29:42",0,1,0,0,2,210
838,"0210-06-23 11:15:31",0,0,0,1,3,210
839,"0210-09-24 01:56:36",1,0,0,0,4,210
840,"0210-12-21 20:43:50",0,0,1,0,1,210
841,"0211-03-21 20:18:22",0,1,0,0,2,211
842,"0211-06-23 17:13:02",0,0,0,1,3,211
843,"0211-09-24 07:48:36",1,0,0,0,4,211
844,"0211-12-22 02:35:45",0,0,1,0,1,211
845,"0212-03-21 02:09:18",0,1,0,0,2,212
846,"0212-06-22 23:02:09",0,0,0,1,3,212
847,"0212-09-23 13:31:32",1,0,0,0,4,212
848,"0212-12-21 08:21:28",0,0,1,0,1,212
849,"0213-03-21 08:00:58",0,1,0,0,2,213
850,"0213-06-23 04:57:32",0,0,0,1,3,213
851,"0213-09-23 19:29:00",1,0,0,0,4,213
852,"0213-12-21 14:17:17",0,0,1,0,1,213
853,"0214-03-21 13:47:46",0,1,0,0,2,214
854,"0214-06-23 10:39:03",0,0,0,1,3,214
855,"0214-09-24 01:18:51",1,0,0,0,4,214
856,"0214-12-21 20:03:17",0,0,1,0,1,214
857,"0215-03-21 19:31:54",0,1,0,0,2,215
858,"0215-06-23 16:26:23",0,0,0,1,3,215
859,"0215-09-24 07:10:45",1,0,0,0,4,215
860,"0215-12-22 01:48:15",0,0,1,0,1,215
861,"0216-03-21 01:21:06",0,1,0,0,2,216
862,"0216-06-22 22:21:37",0,0,0,1,3,216
863,"0216-09-23 13:05:57",1,0,0,0,4,216
864,"0216-12-21 07:45:10",0,0,1,0,1,216
865,"0217-03-21 07:10:59",0,1,0,0,2,217
866,"0217-06-23 03:56:56",0,0,0,1,3,217
867,"0217-09-23 18:42:39",1,0,0,0,4,217
868,"0217-12-21 13:33:17",0,0,1,0,1,217
869,"0218-03-21 12:52:35",0,1,0,0,2,218
870,"0218-06-23 09:41:25",0,0,0,1,3,218
871,"0218-09-24 00:34:00",1,0,0,0,4,218
872,"0218-12-21 19:23:53",0,0,1,0,1,218
873,"0219-03-21 18:38:08",0,1,0,0,2,219
874,"0219-06-23 15:31:25",0,0,0,1,3,219
875,"0219-09-24 06:21:49",1,0,0,0,4,219
876,"0219-12-22 01:12:34",0,0,1,0,1,219
877,"0220-03-21 00:30:00",0,1,0,0,2,220
878,"0220-06-22 21:12:27",0,0,0,1,3,220
879,"0220-09-23 11:59:29",1,0,0,0,4,220
880,"0220-12-21 06:53:38",0,0,1,0,1,220
881,"0221-03-21 06:21:03",0,1,0,0,2,221
882,"0221-06-23 03:02:28",0,0,0,1,3,221
883,"0221-09-23 17:52:37",1,0,0,0,4,221
884,"0221-12-21 12:47:08",0,0,1,0,1,221
885,"0222-03-21 12:06:37",0,1,0,0,2,222
886,"0222-06-23 08:44:36",0,0,0,1,3,222
887,"0222-09-23 23:38:06",1,0,0,0,4,222
888,"0222-12-21 18:34:36",0,0,1,0,1,222
889,"0223-03-21 17:51:27",0,1,0,0,2,223
890,"0223-06-23 14:33:32",0,0,0,1,3,223
891,"0223-09-24 05:24:03",1,0,0,0,4,223
892,"0223-12-22 00:18:07",0,0,1,0,1,223
893,"0224-03-20 23:40:15",0,1,0,0,2,224
894,"0224-06-22 20:31:46",0,0,0,1,3,224
895,"0224-09-23 11:18:31",1,0,0,0,4,224
896,"0224-12-21 06:13:45",0,0,1,0,1,224
897,"0225-03-21 05:34:44",0,1,0,0,2,225
898,"0225-06-23 02:12:57",0,0,0,1,3,225
899,"0225-09-23 16:59:13",1,0,0,0,4,225
900,"0225-12-21 11:59:23",0,0,1,0,1,225
901,"0226-03-21 11:19:21",0,1,0,0,2,226
902,"0226-06-23 07:59:54",0,0,0,1,3,226
903,"0226-09-23 22:55:47",1,0,0,0,4,226
904,"0226-12-21 17:46:42",0,0,1,0,1,226
905,"0227-03-21 17:05:21",0,1,0,0,2,227
906,"0227-06-23 13:56:02",0,0,0,1,3,227
907,"0227-09-24 04:53:48",1,0,0,0,4,227
908,"0227-12-21 23:41:42",0,0,1,0,1,227
909,"0228-03-20 22:59:12",0,1,0,0,2,228
910,"0228-06-22 19:42:34",0,0,0,1,3,228
911,"0228-09-23 10:36:55",1,0,0,0,4,228
912,"0228-12-21 05:29:46",0,0,1,0,1,228
913,"0229-03-21 04:48:13",0,1,0,0,2,229
914,"0229-06-23 01:34:24",0,0,0,1,3,229
915,"0229-09-23 16:33:37",1,0,0,0,4,229
916,"0229-12-21 11:31:31",0,0,1,0,1,229
917,"0230-03-21 10:37:05",0,1,0,0,2,230
918,"0230-06-23 07:20:39",0,0,0,1,3,230
919,"0230-09-23 22:24:15",1,0,0,0,4,230
920,"0230-12-21 17:26:36",0,0,1,0,1,230
921,"0231-03-21 16:28:55",0,1,0,0,2,231
922,"0231-06-23 13:09:20",0,0,0,1,3,231
923,"0231-09-24 04:11:54",1,0,0,0,4,231
924,"0231-12-21 23:10:19",0,0,1,0,1,231
925,"0232-03-20 22:22:23",0,1,0,0,2,232
926,"0232-06-22 19:06:26",0,0,0,1,3,232
927,"0232-09-23 10:09:17",1,0,0,0,4,232
928,"0232-12-21 05:06:56",0,0,1,0,1,232
929,"0233-03-21 04:21:08",0,1,0,0,2,233
930,"0233-06-23 00:48:50",0,0,0,1,3,233
931,"0233-09-23 15:50:19",1,0,0,0,4,233
932,"0233-12-21 10:54:09",0,0,1,0,1,233
933,"0234-03-21 10:04:49",0,1,0,0,2,234
934,"0234-06-23 06:33:42",0,0,0,1,3,234
935,"0234-09-23 21:39:44",1,0,0,0,4,234
936,"0234-12-21 16:39:05",0,0,1,0,1,234
937,"0235-03-21 15:46:21",0,1,0,0,2,235
938,"0235-06-23 12:29:00",0,0,0,1,3,235
939,"0235-09-24 03:32:27",1,0,0,0,4,235
940,"0235-12-21 22:33:03",0,0,1,0,1,235
941,"0236-03-20 21:39:09",0,1,0,0,2,236
942,"0236-06-22 18:14:00",0,0,0,1,3,236
943,"0236-09-23 09:08:31",1,0,0,0,4,236
944,"0236-12-21 04:12:28",0,0,1,0,1,236
945,"0237-03-21 03:23:12",0,1,0,0,2,237
946,"0237-06-22 23:59:42",0,0,0,1,3,237
947,"0237-09-23 14:59:59",1,0,0,0,4,237
948,"0237-12-21 10:03:11",0,0,1,0,1,237
949,"0238-03-21 09:07:09",0,1,0,0,2,238
950,"0238-06-23 05:42:59",0,0,0,1,3,238
951,"0238-09-23 20:51:23",1,0,0,0,4,238
952,"0238-12-21 15:51:33",0,0,1,0,1,238
953,"0239-03-21 14:52:57",0,1,0,0,2,239
954,"0239-06-23 11:26:48",0,0,0,1,3,239
955,"0239-09-24 02:36:07",1,0,0,0,4,239
956,"0239-12-21 21:30:52",0,0,1,0,1,239
957,"0240-03-20 20:37:14",0,1,0,0,2,240
958,"0240-06-22 17:19:21",0,0,0,1,3,240
959,"0240-09-23 08:31:17",1,0,0,0,4,240
960,"0240-12-21 03:29:26",0,0,1,0,1,240
961,"0241-03-21 02:30:25",0,1,0,0,2,241
962,"0241-06-22 23:00:01",0,0,0,1,3,241
963,"0241-09-23 14:10:34",1,0,0,0,4,241
964,"0241-12-21 09:20:37",0,0,1,0,1,241
965,"0242-03-21 08:14:36",0,1,0,0,2,242
966,"0242-06-23 04:42:47",0,0,0,1,3,242
967,"0242-09-23 19:58:29",1,0,0,0,4,242
968,"0242-12-21 15:06:46",0,0,1,0,1,242
969,"0243-03-21 13:59:51",0,1,0,0,2,243
970,"0243-06-23 10:37:54",0,0,0,1,3,243
971,"0243-09-24 01:54:45",1,0,0,0,4,243
972,"0243-12-21 21:01:52",0,0,1,0,1,243
973,"0244-03-20 20:00:16",0,1,0,0,2,244
974,"0244-06-22 16:26:15",0,0,0,1,3,244
975,"0244-09-23 07:35:43",1,0,0,0,4,244
976,"0244-12-21 02:44:50",0,0,1,0,1,244
977,"0245-03-21 01:50:53",0,1,0,0,2,245
978,"0245-06-22 22:15:28",0,0,0,1,3,245
979,"0245-09-23 13:29:53",1,0,0,0,4,245
980,"0245-12-21 08:39:43",0,0,1,0,1,245
981,"0246-03-21 07:37:32",0,1,0,0,2,246
982,"0246-06-23 04:06:04",0,0,0,1,3,246
983,"0246-09-23 19:24:56",1,0,0,0,4,246
984,"0246-12-21 14:35:29",0,0,1,0,1,246
985,"0247-03-21 13:29:22",0,1,0,0,2,247
986,"0247-06-23 09:58:07",0,0,0,1,3,247
987,"0247-09-24 01:10:31",1,0,0,0,4,247
988,"0247-12-21 20:18:06",0,0,1,0,1,247
989,"0248-03-20 19:17:32",0,1,0,0,2,248
990,"0248-06-22 15:55:25",0,0,0,1,3,248
991,"0248-09-23 07:08:20",1,0,0,0,4,248
992,"0248-12-21 02:16:02",0,0,1,0,1,248
993,"0249-03-21 01:13:53",0,1,0,0,2,249
994,"0249-06-22 21:40:51",0,0,0,1,3,249
995,"0249-09-23 12:53:49",1,0,0,0,4,249
996,"0249-12-21 08:05:44",0,0,1,0,1,249
997,"0250-03-21 07:00:22",0,1,0,0,2,250
998,"0250-06-23 03:24:26",0,0,0,1,3,250
999,"0250-09-23 18:46:17",1,0,0,0,4,250
1000,"0250-12-21 13:49:09",0,0,1,0,1,250
1001,"0251-03-21 12:41:05",0,1,0,0,2,251
1002,"0251-06-23 09:17:39",0,0,0,1,3,251
1003,"0251-09-24 00:44:50",1,0,0,0,4,251
1004,"0251-12-21 19:45:02",0,0,1,0,1,251
1005,"0252-03-20 18:35:49",0,1,0,0,2,252
1006,"0252-06-22 15:04:02",0,0,0,1,3,252
1007,"0252-09-23 06:24:04",1,0,0,0,4,252
1008,"0252-12-21 01:32:33",0,0,1,0,1,252
1009,"0253-03-21 00:22:16",0,1,0,0,2,253
1010,"0253-06-22 20:47:34",0,0,0,1,3,253
1011,"0253-09-23 12:12:27",1,0,0,0,4,253
1012,"0253-12-21 07:27:08",0,0,1,0,1,253
1013,"0254-03-21 06:04:27",0,1,0,0,2,254
1014,"0254-06-23 02:32:12",0,0,0,1,3,254
1015,"0254-09-23 18:03:53",1,0,0,0,4,254
1016,"0254-12-21 13:22:04",0,0,1,0,1,254
1017,"0255-03-21 11:58:52",0,1,0,0,2,255
1018,"0255-06-23 08:19:30",0,0,0,1,3,255
1019,"0255-09-23 23:45:31",1,0,0,0,4,255
1020,"0255-12-21 18:59:52",0,0,1,0,1,255
1021,"0256-03-20 17:47:11",0,1,0,0,2,256
1022,"0256-06-22 14:09:22",0,0,0,1,3,256
1023,"0256-09-23 05:37:50",1,0,0,0,4,256
1024,"0256-12-21 00:52:15",0,0,1,0,1,256
1025,"0257-03-20 23:41:53",0,1,0,0,2,257
1026,"0257-06-22 19:53:23",0,0,0,1,3,257
1027,"0257-09-23 11:20:01",1,0,0,0,4,257
1028,"0257-12-21 06:41:45",0,0,1,0,1,257
1029,"0258-03-21 05:27:22",0,1,0,0,2,258
1030,"0258-06-23 01:36:47",0,0,0,1,3,258
1031,"0258-09-23 17:04:28",1,0,0,0,4,258
1032,"0258-12-21 12:21:11",0,0,1,0,1,258
1033,"0259-03-21 11:04:34",0,1,0,0,2,259
1034,"0259-06-23 07:30:59",0,0,0,1,3,259
1035,"0259-09-23 22:58:58",1,0,0,0,4,259
1036,"0259-12-21 18:14:42",0,0,1,0,1,259
1037,"0260-03-20 17:00:05",0,1,0,0,2,260
1038,"0260-06-22 13:21:23",0,0,0,1,3,260
1039,"0260-09-23 04:39:00",1,0,0,0,4,260
1040,"0260-12-20 23:58:15",0,0,1,0,1,260
1041,"0261-03-20 22:46:42",0,1,0,0,2,261
1042,"0261-06-22 19:05:12",0,0,0,1,3,261
1043,"0261-09-23 10:29:32",1,0,0,0,4,261
1044,"0261-12-21 05:46:09",0,0,1,0,1,261
1045,"0262-03-21 04:26:58",0,1,0,0,2,262
1046,"0262-06-23 00:51:37",0,0,0,1,3,262
1047,"0262-09-23 16:29:03",1,0,0,0,4,262
1048,"0262-12-21 11:41:42",0,0,1,0,1,262
1049,"0263-03-21 10:20:34",0,1,0,0,2,263
1050,"0263-06-23 06:42:23",0,0,0,1,3,263
1051,"0263-09-23 22:16:42",1,0,0,0,4,263
1052,"0263-12-21 17:24:56",0,0,1,0,1,263
1053,"0264-03-20 16:06:19",0,1,0,0,2,264
1054,"0264-06-22 12:32:40",0,0,0,1,3,264
1055,"0264-09-23 04:11:26",1,0,0,0,4,264
1056,"0264-12-20 23:25:04",0,0,1,0,1,264
1057,"0265-03-20 22:00:34",0,1,0,0,2,265
1058,"0265-06-22 18:19:08",0,0,0,1,3,265
1059,"0265-09-23 09:59:13",1,0,0,0,4,265
1060,"0265-12-21 05:25:01",0,0,1,0,1,265
1061,"0266-03-21 03:52:21",0,1,0,0,2,266
1062,"0266-06-23 00:04:11",0,0,0,1,3,266
1063,"0266-09-23 15:45:34",1,0,0,0,4,266
1064,"0266-12-21 11:08:11",0,0,1,0,1,266
1065,"0267-03-21 09:36:26",0,1,0,0,2,267
1066,"0267-06-23 05:57:40",0,0,0,1,3,267
1067,"0267-09-23 21:43:12",1,0,0,0,4,267
1068,"0267-12-21 17:05:08",0,0,1,0,1,267
1069,"0268-03-20 15:40:29",0,1,0,0,2,268
1070,"0268-06-22 11:50:49",0,0,0,1,3,268
1071,"0268-09-23 03:26:57",1,0,0,0,4,268
1072,"0268-12-20 22:52:18",0,0,1,0,1,268
1073,"0269-03-20 21:32:02",0,1,0,0,2,269
1074,"0269-06-22 17:36:12",0,0,0,1,3,269
1075,"0269-09-23 09:14:42",1,0,0,0,4,269
1076,"0269-12-21 04:41:11",0,0,1,0,1,269
1077,"0270-03-21 03:12:36",0,1,0,0,2,270
1078,"0270-06-22 23:25:36",0,0,0,1,3,270
1079,"0270-09-23 15:11:24",1,0,0,0,4,270
1080,"0270-12-21 10:37:54",0,0,1,0,1,270
1081,"0271-03-21 09:06:49",0,1,0,0,2,271
1082,"0271-06-23 05:19:35",0,0,0,1,3,271
1083,"0271-09-23 20:54:23",1,0,0,0,4,271
1084,"0271-12-21 16:18:13",0,0,1,0,1,271
1085,"0272-03-20 14:52:25",0,1,0,0,2,272
1086,"0272-06-22 11:08:41",0,0,0,1,3,272
1087,"0272-09-23 02:44:30",1,0,0,0,4,272
1088,"0272-12-20 22:09:06",0,0,1,0,1,272
1089,"0273-03-20 20:42:23",0,1,0,0,2,273
1090,"0273-06-22 16:52:20",0,0,0,1,3,273
1091,"0273-09-23 08:32:16",1,0,0,0,4,273
1092,"0273-12-21 04:00:03",0,0,1,0,1,273
1093,"0274-03-21 02:30:24",0,1,0,0,2,274
1094,"0274-06-22 22:35:17",0,0,0,1,3,274
1095,"0274-09-23 14:19:01",1,0,0,0,4,274
1096,"0274-12-21 09:36:51",0,0,1,0,1,274
1097,"0275-03-21 08:05:57",0,1,0,0,2,275
1098,"0275-06-23 04:23:13",0,0,0,1,3,275
1099,"0275-09-23 20:13:54",1,0,0,0,4,275
1100,"0275-12-21 15:30:10",0,0,1,0,1,275
1101,"0276-03-20 13:58:48",0,1,0,0,2,276
1102,"0276-06-22 10:12:18",0,0,0,1,3,276
1103,"0276-09-23 01:55:46",1,0,0,0,4,276
1104,"0276-12-20 21:20:26",0,0,1,0,1,276
1105,"0277-03-20 19:45:49",0,1,0,0,2,277
1106,"0277-06-22 15:53:10",0,0,0,1,3,277
1107,"0277-09-23 07:39:29",1,0,0,0,4,277
1108,"0277-12-21 03:09:11",0,0,1,0,1,277
1109,"0278-03-21 01:23:07",0,1,0,0,2,278
1110,"0278-06-22 21:36:42",0,0,0,1,3,278
1111,"0278-09-23 13:34:45",1,0,0,0,4,278
1112,"0278-12-21 09:05:09",0,0,1,0,1,278
1113,"0279-03-21 07:20:29",0,1,0,0,2,279
1114,"0279-06-23 03:29:06",0,0,0,1,3,279
1115,"0279-09-23 19:19:41",1,0,0,0,4,279
1116,"0279-12-21 14:46:40",0,0,1,0,1,279
1117,"0280-03-20 13:11:20",0,1,0,0,2,280
1118,"0280-06-22 09:16:41",0,0,0,1,3,280
1119,"0280-09-23 01:10:10",1,0,0,0,4,280
1120,"0280-12-20 20:38:16",0,0,1,0,1,280
1121,"0281-03-20 19:02:06",0,1,0,0,2,281
1122,"0281-06-22 15:02:10",0,0,0,1,3,281
1123,"0281-09-23 06:58:55",1,0,0,0,4,281
1124,"0281-12-21 02:34:38",0,0,1,0,1,281
1125,"0282-03-21 00:54:22",0,1,0,0,2,282
1126,"0282-06-22 20:51:47",0,0,0,1,3,282
1127,"0282-09-23 12:45:50",1,0,0,0,4,282
1128,"0282-12-21 08:17:41",0,0,1,0,1,282
1129,"0283-03-21 06:34:32",0,1,0,0,2,283
1130,"0283-06-23 02:44:00",0,0,0,1,3,283
1131,"0283-09-23 18:39:27",1,0,0,0,4,283
1132,"0283-12-21 14:10:57",0,0,1,0,1,283
1133,"0284-03-20 12:31:03",0,1,0,0,2,284
1134,"0284-06-22 08:38:41",0,0,0,1,3,284
1135,"0284-09-23 00:25:55",1,0,0,0,4,284
1136,"0284-12-20 20:02:05",0,0,1,0,1,284
1137,"0285-03-20 18:25:32",0,1,0,0,2,285
1138,"0285-06-22 14:25:22",0,0,0,1,3,285
1139,"0285-09-23 06:15:36",1,0,0,0,4,285
1140,"0285-12-21 01:48:08",0,0,1,0,1,285
1141,"0286-03-21 00:03:38",0,1,0,0,2,286
1142,"0286-06-22 20:10:47",0,0,0,1,3,286
1143,"0286-09-23 12:16:34",1,0,0,0,4,286
1144,"0286-12-21 07:44:43",0,0,1,0,1,286
1145,"0287-03-21 05:59:45",0,1,0,0,2,287
1146,"0287-06-23 02:07:16",0,0,0,1,3,287
1147,"0287-09-23 18:06:36",1,0,0,0,4,287
1148,"0287-12-21 13:32:41",0,0,1,0,1,287
1149,"0288-03-20 11:48:50",0,1,0,0,2,288
1150,"0288-06-22 07:54:23",0,0,0,1,3,288
1151,"0288-09-22 23:55:20",1,0,0,0,4,288
1152,"0288-12-20 19:27:29",0,0,1,0,1,288
1153,"0289-03-20 17:36:36",0,1,0,0,2,289
1154,"0289-06-22 13:37:52",0,0,0,1,3,289
1155,"0289-09-23 05:43:57",1,0,0,0,4,289
1156,"0289-12-21 01:26:58",0,0,1,0,1,289
1157,"0290-03-20 23:31:23",0,1,0,0,2,290
1158,"0290-06-22 19:25:59",0,0,0,1,3,290
1159,"0290-09-23 11:29:23",1,0,0,0,4,290
1160,"0290-12-21 07:07:43",0,0,1,0,1,290
1161,"0291-03-21 05:13:49",0,1,0,0,2,291
1162,"0291-06-23 01:13:03",0,0,0,1,3,291
1163,"0291-09-23 17:20:14",1,0,0,0,4,291
1164,"0291-12-21 12:56:03",0,0,1,0,1,291
1165,"0292-03-20 11:09:58",0,1,0,0,2,292
1166,"0292-06-22 07:04:28",0,0,0,1,3,292
1167,"0292-09-22 23:05:16",1,0,0,0,4,292
1168,"0292-12-20 18:45:14",0,0,1,0,1,292
1169,"0293-03-20 17:02:11",0,1,0,0,2,293
1170,"0293-06-22 12:49:30",0,0,0,1,3,293
1171,"0293-09-23 04:48:39",1,0,0,0,4,293
1172,"0293-12-21 00:28:17",0,0,1,0,1,293
1173,"0294-03-20 22:35:09",0,1,0,0,2,294
1174,"0294-06-22 18:32:13",0,0,0,1,3,294
1175,"0294-09-23 10:41:43",1,0,0,0,4,294
1176,"0294-12-21 06:21:01",0,0,1,0,1,294
1177,"0295-03-21 04:26:31",0,1,0,0,2,295
1178,"0295-06-23 00:28:21",0,0,0,1,3,295
1179,"0295-09-23 16:27:54",1,0,0,0,4,295
1180,"0295-12-21 12:04:42",0,0,1,0,1,295
1181,"0296-03-20 10:13:57",0,1,0,0,2,296
1182,"0296-06-22 06:13:34",0,0,0,1,3,296
1183,"0296-09-22 22:13:20",1,0,0,0,4,296
1184,"0296-12-20 17:50:47",0,0,1,0,1,296
1185,"0297-03-20 15:57:38",0,1,0,0,2,297
1186,"0297-06-22 11:53:30",0,0,0,1,3,297
1187,"0297-09-23 04:04:42",1,0,0,0,4,297
1188,"0297-12-20 23:45:18",0,0,1,0,1,297
1189,"0298-03-20 21:48:51",0,1,0,0,2,298
1190,"0298-06-22 17:41:03",0,0,0,1,3,298
1191,"0298-09-23 09:53:39",1,0,0,0,4,298
1192,"0298-12-21 05:25:59",0,0,1,0,1,298
1193,"0299-03-21 03:27:15",0,1,0,0,2,299
1194,"0299-06-22 23:26:17",0,0,0,1,3,299
1195,"0299-09-23 15:44:30",1,0,0,0,4,299
1196,"0299-12-21 11:18:51",0,0,1,0,1,299
1197,"0300-03-21 09:20:21",0,1,0,0,2,300
1198,"0300-06-23 05:17:51",0,0,0,1,3,300
1199,"0300-09-23 21:31:49",1,0,0,0,4,300
1200,"0300-12-21 17:16:29",0,0,1,0,1,300
1201,"0301-03-21 15:15:38",0,1,0,0,2,301
1202,"0301-06-23 11:05:18",0,0,0,1,3,301
1203,"0301-09-24 03:17:16",1,0,0,0,4,301
1204,"0301-12-21 23:06:15",0,0,1,0,1,301
1205,"0302-03-21 20:56:14",0,1,0,0,2,302
1206,"0302-06-23 16:49:21",0,0,0,1,3,302
1207,"0302-09-24 09:13:19",1,0,0,0,4,302
1208,"0302-12-22 05:02:01",0,0,1,0,1,302
1209,"0303-03-22 02:56:07",0,1,0,0,2,303
1210,"0303-06-23 22:48:54",0,0,0,1,3,303
1211,"0303-09-24 15:05:49",1,0,0,0,4,303
1212,"0303-12-22 10:50:24",0,0,1,0,1,303
1213,"0304-03-21 08:54:06",0,1,0,0,2,304
1214,"0304-06-23 04:40:10",0,0,0,1,3,304
1215,"0304-09-23 20:54:45",1,0,0,0,4,304
1216,"0304-12-21 16:40:34",0,0,1,0,1,304
1217,"0305-03-21 14:41:58",0,1,0,0,2,305
1218,"0305-06-23 10:24:28",0,0,0,1,3,305
1219,"0305-09-24 02:45:55",1,0,0,0,4,305
1220,"0305-12-21 22:38:18",0,0,1,0,1,305
1221,"0306-03-21 20:35:55",0,1,0,0,2,306
1222,"0306-06-23 16:20:04",0,0,0,1,3,306
1223,"0306-09-24 08:35:58",1,0,0,0,4,306
1224,"0306-12-22 04:22:57",0,0,1,0,1,306
1225,"0307-03-22 02:18:20",0,1,0,0,2,307
1226,"0307-06-23 22:09:42",0,0,0,1,3,307
1227,"0307-09-24 14:24:57",1,0,0,0,4,307
1228,"0307-12-22 10:10:43",0,0,1,0,1,307
1229,"0308-03-21 08:09:08",0,1,0,0,2,308
1230,"0308-06-23 04:01:00",0,0,0,1,3,308
1231,"0308-09-23 20:13:13",1,0,0,0,4,308
1232,"0308-12-21 16:01:55",0,0,1,0,1,308
1233,"0309-03-21 14:03:06",0,1,0,0,2,309
1234,"0309-06-23 09:48:11",0,0,0,1,3,309
1235,"0309-09-24 02:01:12",1,0,0,0,4,309
1236,"0309-12-21 21:45:24",0,0,1,0,1,309
1237,"0310-03-21 19:36:59",0,1,0,0,2,310
1238,"0310-06-23 15:26:30",0,0,0,1,3,310
1239,"0310-09-24 07:55:35",1,0,0,0,4,310
1240,"0310-12-22 03:35:23",0,0,1,0,1,310
1241,"0311-03-22 01:25:09",0,1,0,0,2,311
1242,"0311-06-23 21:20:14",0,0,0,1,3,311
1243,"0311-09-24 13:45:39",1,0,0,0,4,311
1244,"0311-12-22 09:24:57",0,0,1,0,1,311
1245,"0312-03-21 07:15:29",0,1,0,0,2,312
1246,"0312-06-23 03:05:44",0,0,0,1,3,312
1247,"0312-09-23 19:29:28",1,0,0,0,4,312
1248,"0312-12-21 15:15:39",0,0,1,0,1,312
1249,"0313-03-21 12:56:20",0,1,0,0,2,313
1250,"0313-06-23 08:40:21",0,0,0,1,3,313
1251,"0313-09-24 01:13:46",1,0,0,0,4,313
1252,"0313-12-21 21:10:38",0,0,1,0,1,313
1253,"0314-03-21 18:48:12",0,1,0,0,2,314
1254,"0314-06-23 14:29:47",0,0,0,1,3,314
1255,"0314-09-24 07:01:56",1,0,0,0,4,314
1256,"0314-12-22 02:55:05",0,0,1,0,1,314
1257,"0315-03-22 00:35:04",0,1,0,0,2,315
1258,"0315-06-23 20:14:32",0,0,0,1,3,315
1259,"0315-09-24 12:47:39",1,0,0,0,4,315
1260,"0315-12-22 08:38:53",0,0,1,0,1,315
1261,"0316-03-21 06:25:54",0,1,0,0,2,316
1262,"0316-06-23 02:02:23",0,0,0,1,3,316
1263,"0316-09-23 18:33:11",1,0,0,0,4,316
1264,"0316-12-21 14:31:06",0,0,1,0,1,316
1265,"0317-03-21 12:22:22",0,1,0,0,2,317
1266,"0317-06-23 07:54:04",0,0,0,1,3,317
1267,"0317-09-24 00:19:58",1,0,0,0,4,317
1268,"0317-12-21 20:18:30",0,0,1,0,1,317
1269,"0318-03-21 17:59:08",0,1,0,0,2,318
1270,"0318-06-23 13:36:30",0,0,0,1,3,318
1271,"0318-09-24 06:10:52",1,0,0,0,4,318
1272,"0318-12-22 02:08:47",0,0,1,0,1,318
1273,"0319-03-21 23:50:16",0,1,0,0,2,319
1274,"0319-06-23 19:36:37",0,0,0,1,3,319
1275,"0319-09-24 12:03:38",1,0,0,0,4,319
1276,"0319-12-22 07:59:10",0,0,1,0,1,319
1277,"0320-03-21 05:47:23",0,1,0,0,2,320
1278,"0320-06-23 01:29:32",0,0,0,1,3,320
1279,"0320-09-23 17:52:49",1,0,0,0,4,320
1280,"0320-12-21 13:47:57",0,0,1,0,1,320
1281,"0321-03-21 11:32:30",0,1,0,0,2,321
1282,"0321-06-23 07:08:37",0,0,0,1,3,321
1283,"0321-09-23 23:45:17",1,0,0,0,4,321
1284,"0321-12-21 19:42:19",0,0,1,0,1,321
1285,"0322-03-21 17:25:03",0,1,0,0,2,322
1286,"0322-06-23 13:04:07",0,0,0,1,3,322
1287,"0322-09-24 05:42:58",1,0,0,0,4,322
1288,"0322-12-22 01:31:34",0,0,1,0,1,322
1289,"0323-03-21 23:11:38",0,1,0,0,2,323
1290,"0323-06-23 18:53:49",0,0,0,1,3,323
1291,"0323-09-24 11:33:16",1,0,0,0,4,323
1292,"0323-12-22 07:22:42",0,0,1,0,1,323
1293,"0324-03-21 05:01:11",0,1,0,0,2,324
1294,"0324-06-23 00:42:12",0,0,0,1,3,324
1295,"0324-09-23 17:21:01",1,0,0,0,4,324
1296,"0324-12-21 13:21:39",0,0,1,0,1,324
1297,"0325-03-21 10:57:59",0,1,0,0,2,325
1298,"0325-06-23 06:34:12",0,0,0,1,3,325
1299,"0325-09-23 23:10:03",1,0,0,0,4,325
1300,"0325-12-21 19:13:07",0,0,1,0,1,325
1301,"0326-03-21 16:39:28",0,1,0,0,2,326
1302,"0326-06-23 12:14:06",0,0,0,1,3,326
1303,"0326-09-24 05:00:13",1,0,0,0,4,326
1304,"0326-12-22 01:01:24",0,0,1,0,1,326
1305,"0327-03-21 22:32:24",0,1,0,0,2,327
1306,"0327-06-23 18:09:55",0,0,0,1,3,327
1307,"0327-09-24 10:52:50",1,0,0,0,4,327
1308,"0327-12-22 06:49:59",0,0,1,0,1,327
1309,"0328-03-21 04:30:03",0,1,0,0,2,328
1310,"0328-06-23 00:01:08",0,0,0,1,3,328
1311,"0328-09-23 16:38:04",1,0,0,0,4,328
1312,"0328-12-21 12:37:44",0,0,1,0,1,328
1313,"0329-03-21 10:11:54",0,1,0,0,2,329
1314,"0329-06-23 05:36:13",0,0,0,1,3,329
1315,"0329-09-23 22:22:14",1,0,0,0,4,329
1316,"0329-12-21 18:29:18",0,0,1,0,1,329
1317,"0330-03-21 15:58:24",0,1,0,0,2,330
1318,"0330-06-23 11:28:48",0,0,0,1,3,330
1319,"0330-09-24 04:12:17",1,0,0,0,4,330
1320,"0330-12-22 00:13:37",0,0,1,0,1,330
1321,"0331-03-21 21:42:01",0,1,0,0,2,331
1322,"0331-06-23 17:16:17",0,0,0,1,3,331
1323,"0331-09-24 09:55:31",1,0,0,0,4,331
1324,"0331-12-22 05:56:31",0,0,1,0,1,331
1325,"0332-03-21 03:28:41",0,1,0,0,2,332
1326,"0332-06-22 22:59:35",0,0,0,1,3,332
1327,"0332-09-23 15:39:42",1,0,0,0,4,332
1328,"0332-12-21 11:44:58",0,0,1,0,1,332
1329,"0333-03-21 09:20:02",0,1,0,0,2,333
1330,"0333-06-23 04:48:28",0,0,0,1,3,333
1331,"0333-09-23 21:30:33",1,0,0,0,4,333
1332,"0333-12-21 17:31:27",0,0,1,0,1,333
1333,"0334-03-21 14:57:35",0,1,0,0,2,334
1334,"0334-06-23 10:26:51",0,0,0,1,3,334
1335,"0334-09-24 03:20:51",1,0,0,0,4,334
1336,"0334-12-21 23:18:29",0,0,1,0,1,334
1337,"0335-03-21 20:43:06",0,1,0,0,2,335
1338,"0335-06-23 16:19:40",0,0,0,1,3,335
1339,"0335-09-24 09:12:30",1,0,0,0,4,335
1340,"0335-12-22 05:11:24",0,0,1,0,1,335
1341,"0336-03-21 02:38:56",0,1,0,0,2,336
1342,"0336-06-22 22:12:36",0,0,0,1,3,336
1343,"0336-09-23 14:59:49",1,0,0,0,4,336
1344,"0336-12-21 11:06:38",0,0,1,0,1,336
1345,"0337-03-21 08:24:26",0,1,0,0,2,337
1346,"0337-06-23 03:47:41",0,0,0,1,3,337
1347,"0337-09-23 20:44:25",1,0,0,0,4,337
1348,"0337-12-21 17:00:00",0,0,1,0,1,337
1349,"0338-03-21 14:16:36",0,1,0,0,2,338
1350,"0338-06-23 09:42:42",0,0,0,1,3,338
1351,"0338-09-24 02:40:56",1,0,0,0,4,338
1352,"0338-12-21 22:49:15",0,0,1,0,1,338
1353,"0339-03-21 20:11:33",0,1,0,0,2,339
1354,"0339-06-23 15:36:26",0,0,0,1,3,339
1355,"0339-09-24 08:30:54",1,0,0,0,4,339
1356,"0339-12-22 04:36:49",0,0,1,0,1,339
1357,"0340-03-21 02:04:13",0,1,0,0,2,340
1358,"0340-06-22 21:23:29",0,0,0,1,3,340
1359,"0340-09-23 14:17:25",1,0,0,0,4,340
1360,"0340-12-21 10:30:10",0,0,1,0,1,340
1361,"0341-03-21 07:59:01",0,1,0,0,2,341
1362,"0341-06-23 03:20:07",0,0,0,1,3,341
1363,"0341-09-23 20:11:36",1,0,0,0,4,341
1364,"0341-12-21 16:23:55",0,0,1,0,1,341
1365,"0342-03-21 13:41:43",0,1,0,0,2,342
1366,"0342-06-23 09:05:48",0,0,0,1,3,342
1367,"0342-09-24 02:02:01",1,0,0,0,4,342
1368,"0342-12-21 22:12:00",0,0,1,0,1,342
1369,"0343-03-21 19:29:09",0,1,0,0,2,343
1370,"0343-06-23 15:01:07",0,0,0,1,3,343
1371,"0343-09-24 07:53:48",1,0,0,0,4,343
1372,"0343-12-22 04:01:57",0,0,1,0,1,343
1373,"0344-03-21 01:26:39",0,1,0,0,2,344
1374,"0344-06-22 20:56:16",0,0,0,1,3,344
1375,"0344-09-23 13:45:44",1,0,0,0,4,344
1376,"0344-12-21 09:53:56",0,0,1,0,1,344
1377,"0345-03-21 07:10:52",0,1,0,0,2,345
1378,"0345-06-23 02:28:33",0,0,0,1,3,345
1379,"0345-09-23 19:30:53",1,0,0,0,4,345
1380,"0345-12-21 15:40:42",0,0,1,0,1,345
1381,"0346-03-21 12:54:52",0,1,0,0,2,346
1382,"0346-06-23 08:18:45",0,0,0,1,3,346
1383,"0346-09-24 01:26:45",1,0,0,0,4,346
1384,"0346-12-21 21:30:15",0,0,1,0,1,346
1385,"0347-03-21 18:43:35",0,1,0,0,2,347
1386,"0347-06-23 14:09:07",0,0,0,1,3,347
1387,"0347-09-24 07:12:52",1,0,0,0,4,347
1388,"0347-12-22 03:19:11",0,0,1,0,1,347
1389,"0348-03-21 00:29:16",0,1,0,0,2,348
1390,"0348-06-22 19:47:37",0,0,0,1,3,348
1391,"0348-09-23 12:51:20",1,0,0,0,4,348
1392,"0348-12-21 09:10:36",0,0,1,0,1,348
1393,"0349-03-21 06:19:51",0,1,0,0,2,349
1394,"0349-06-23 01:37:50",0,0,0,1,3,349
1395,"0349-09-23 18:41:50",1,0,0,0,4,349
1396,"0349-12-21 15:02:04",0,0,1,0,1,349
1397,"0350-03-21 12:04:06",0,1,0,0,2,350
1398,"0350-06-23 07:18:21",0,0,0,1,3,350
1399,"0350-09-24 00:28:11",1,0,0,0,4,350
1400,"0350-12-21 20:45:00",0,0,1,0,1,350
1401,"0351-03-21 17:52:30",0,1,0,0,2,351
1402,"0351-06-23 13:08:14",0,0,0,1,3,351
1403,"0351-09-24 06:16:12",1,0,0,0,4,351
1404,"0351-12-22 02:31:19",0,0,1,0,1,351
1405,"0352-03-20 23:49:07",0,1,0,0,2,352
1406,"0352-06-22 19:03:16",0,0,0,1,3,352
1407,"0352-09-23 12:05:17",1,0,0,0,4,352
1408,"0352-12-21 08:24:01",0,0,1,0,1,352
1409,"0353-03-21 05:33:55",0,1,0,0,2,353
1410,"0353-06-23 00:38:41",0,0,0,1,3,353
1411,"0353-09-23 17:46:42",1,0,0,0,4,353
1412,"0353-12-21 14:11:14",0,0,1,0,1,353
1413,"0354-03-21 11:17:41",0,1,0,0,2,354
1414,"0354-06-23 06:32:17",0,0,0,1,3,354
1415,"0354-09-23 23:40:59",1,0,0,0,4,354
1416,"0354-12-21 19:59:11",0,0,1,0,1,354
1417,"0355-03-21 17:08:08",0,1,0,0,2,355
1418,"0355-06-23 12:28:47",0,0,0,1,3,355
1419,"0355-09-24 05:30:44",1,0,0,0,4,355
1420,"0355-12-22 01:47:07",0,0,1,0,1,355
1421,"0356-03-20 22:58:03",0,1,0,0,2,356
1422,"0356-06-22 18:10:41",0,0,0,1,3,356
1423,"0356-09-23 11:14:31",1,0,0,0,4,356
1424,"0356-12-21 07:35:12",0,0,1,0,1,356
1425,"0357-03-21 04:48:01",0,1,0,0,2,357
1426,"0357-06-23 00:03:44",0,0,0,1,3,357
1427,"0357-09-23 17:14:14",1,0,0,0,4,357
1428,"0357-12-21 13:28:36",0,0,1,0,1,357
1429,"0358-03-21 10:32:29",0,1,0,0,2,358
1430,"0358-06-23 05:49:37",0,0,0,1,3,358
1431,"0358-09-23 23:07:26",1,0,0,0,4,358
1432,"0358-12-21 19:19:00",0,0,1,0,1,358
1433,"0359-03-21 16:19:43",0,1,0,0,2,359
1434,"0359-06-23 11:40:29",0,0,0,1,3,359
1435,"0359-09-24 04:58:22",1,0,0,0,4,359
1436,"0359-12-22 01:13:17",0,0,1,0,1,359
1437,"0360-03-20 22:15:33",0,1,0,0,2,360
1438,"0360-06-22 17:36:45",0,0,0,1,3,360
1439,"0360-09-23 10:51:01",1,0,0,0,4,360
1440,"0360-12-21 07:14:11",0,0,1,0,1,360
1441,"0361-03-21 04:06:03",0,1,0,0,2,361
1442,"0361-06-22 23:12:35",0,0,0,1,3,361
1443,"0361-09-23 16:34:27",1,0,0,0,4,361
1444,"0361-12-21 13:05:09",0,0,1,0,1,361
1445,"0362-03-21 09:55:56",0,1,0,0,2,362
1446,"0362-06-23 05:03:06",0,0,0,1,3,362
1447,"0362-09-23 22:29:04",1,0,0,0,4,362
1448,"0362-12-21 18:52:05",0,0,1,0,1,362
1449,"0363-03-21 15:50:42",0,1,0,0,2,363
1450,"0363-06-23 10:59:19",0,0,0,1,3,363
1451,"0363-09-24 04:19:10",1,0,0,0,4,363
1452,"0363-12-22 00:41:38",0,0,1,0,1,363
1453,"0364-03-20 21:44:01",0,1,0,0,2,364
1454,"0364-06-22 16:41:05",0,0,0,1,3,364
1455,"0364-09-23 09:57:35",1,0,0,0,4,364
1456,"0364-12-21 06:28:10",0,0,1,0,1,364
1457,"0365-03-21 03:30:26",0,1,0,0,2,365
1458,"0365-06-22 22:32:58",0,0,0,1,3,365
1459,"0365-09-23 15:50:48",1,0,0,0,4,365
1460,"0365-12-21 12:19:16",0,0,1,0,1,365
1461,"0366-03-21 09:13:26",0,1,0,0,2,366
1462,"0366-06-23 04:20:46",0,0,0,1,3,366
1463,"0366-09-23 21:38:34",1,0,0,0,4,366
1464,"0366-12-21 18:04:36",0,0,1,0,1,366
1465,"0367-03-21 14:58:12",0,1,0,0,2,367
1466,"0367-06-23 10:07:55",0,0,0,1,3,367
1467,"0367-09-24 03:22:49",1,0,0,0,4,367
1468,"0367-12-21 23:47:32",0,0,1,0,1,367
1469,"0368-03-20 20:48:56",0,1,0,0,2,368
1470,"0368-06-22 16:01:03",0,0,0,1,3,368
1471,"0368-09-23 09:16:16",1,0,0,0,4,368
1472,"0368-12-21 05:40:36",0,0,1,0,1,368
1473,"0369-03-21 02:34:47",0,1,0,0,2,369
1474,"0369-06-22 21:34:23",0,0,0,1,3,369
1475,"0369-09-23 14:59:49",1,0,0,0,4,369
1476,"0369-12-21 11:24:54",0,0,1,0,1,369
1477,"0370-03-21 08:15:09",0,1,0,0,2,370
1478,"0370-06-23 03:20:17",0,0,0,1,3,370
1479,"0370-09-23 20:52:40",1,0,0,0,4,370
1480,"0370-12-21 17:11:48",0,0,1,0,1,370
1481,"0371-03-21 14:02:31",0,1,0,0,2,371
1482,"0371-06-23 09:14:51",0,0,0,1,3,371
1483,"0371-09-24 02:43:07",1,0,0,0,4,371
1484,"0371-12-21 23:06:39",0,0,1,0,1,371
1485,"0372-03-20 19:53:15",0,1,0,0,2,372
1486,"0372-06-22 14:53:34",0,0,0,1,3,372
1487,"0372-09-23 08:19:23",1,0,0,0,4,372
1488,"0372-12-21 04:55:20",0,0,1,0,1,372
1489,"0373-03-21 01:40:27",0,1,0,0,2,373
1490,"0373-06-22 20:42:29",0,0,0,1,3,373
1491,"0373-09-23 14:13:46",1,0,0,0,4,373
1492,"0373-12-21 10:48:27",0,0,1,0,1,373
1493,"0374-03-21 07:29:59",0,1,0,0,2,374
1494,"0374-06-23 02:31:52",0,0,0,1,3,374
1495,"0374-09-23 20:06:37",1,0,0,0,4,374
1496,"0374-12-21 16:37:01",0,0,1,0,1,374
1497,"0375-03-21 13:21:54",0,1,0,0,2,375
1498,"0375-06-23 08:20:29",0,0,0,1,3,375
1499,"0375-09-24 01:52:19",1,0,0,0,4,375
1500,"0375-12-21 22:22:39",0,0,1,0,1,375
1501,"0376-03-20 19:16:18",0,1,0,0,2,376
1502,"0376-06-22 14:18:11",0,0,0,1,3,376
1503,"0376-09-23 07:48:55",1,0,0,0,4,376
1504,"0376-12-21 04:23:28",0,0,1,0,1,376
1505,"0377-03-21 01:07:13",0,1,0,0,2,377
1506,"0377-06-22 19:59:03",0,0,0,1,3,377
1507,"0377-09-23 13:32:55",1,0,0,0,4,377
1508,"0377-12-21 10:12:18",0,0,1,0,1,377
1509,"0378-03-21 06:51:47",0,1,0,0,2,378
1510,"0378-06-23 01:49:22",0,0,0,1,3,378
1511,"0378-09-23 19:24:59",1,0,0,0,4,378
1512,"0378-12-21 15:59:49",0,0,1,0,1,378
1513,"0379-03-21 12:44:14",0,1,0,0,2,379
1514,"0379-06-23 07:49:49",0,0,0,1,3,379
1515,"0379-09-24 01:20:21",1,0,0,0,4,379
1516,"0379-12-21 21:53:29",0,0,1,0,1,379
1517,"0380-03-20 18:39:37",0,1,0,0,2,380
1518,"0380-06-22 13:31:34",0,0,0,1,3,380
1519,"0380-09-23 07:00:50",1,0,0,0,4,380
1520,"0380-12-21 03:38:16",0,0,1,0,1,380
1521,"0381-03-21 00:25:54",0,1,0,0,2,381
1522,"0381-06-22 19:20:34",0,0,0,1,3,381
1523,"0381-09-23 12:58:51",1,0,0,0,4,381
1524,"0381-12-21 09:30:01",0,0,1,0,1,381
1525,"0382-03-21 06:10:28",0,1,0,0,2,382
1526,"0382-06-23 01:10:35",0,0,0,1,3,382
1527,"0382-09-23 18:53:02",1,0,0,0,4,382
1528,"0382-12-21 15:22:11",0,0,1,0,1,382
1529,"0383-03-21 11:58:12",0,1,0,0,2,383
1530,"0383-06-23 06:56:43",0,0,0,1,3,383
1531,"0383-09-24 00:34:58",1,0,0,0,4,383
1532,"0383-12-21 21:09:07",0,0,1,0,1,383
1533,"0384-03-20 17:47:25",0,1,0,0,2,384
1534,"0384-06-22 12:48:55",0,0,0,1,3,384
1535,"0384-09-23 06:27:28",1,0,0,0,4,384
1536,"0384-12-21 03:08:40",0,0,1,0,1,384
1537,"0385-03-20 23:37:56",0,1,0,0,2,385
1538,"0385-06-22 18:26:38",0,0,0,1,3,385
1539,"0385-09-23 12:09:54",1,0,0,0,4,385
1540,"0385-12-21 08:55:29",0,0,1,0,1,385
1541,"0386-03-21 05:24:26",0,1,0,0,2,386
1542,"0386-06-23 00:10:53",0,0,0,1,3,386
1543,"0386-09-23 17:58:12",1,0,0,0,4,386
1544,"0386-12-21 14:36:22",0,0,1,0,1,386
1545,"0387-03-21 11:13:37",0,1,0,0,2,387
1546,"0387-06-23 06:07:03",0,0,0,1,3,387
1547,"0387-09-23 23:51:02",1,0,0,0,4,387
1548,"0387-12-21 20:28:27",0,0,1,0,1,387
1549,"0388-03-20 17:07:43",0,1,0,0,2,388
1550,"0388-06-22 11:48:17",0,0,0,1,3,388
1551,"0388-09-23 05:26:12",1,0,0,0,4,388
1552,"0388-12-21 02:12:23",0,0,1,0,1,388
1553,"0389-03-20 22:49:45",0,1,0,0,2,389
1554,"0389-06-22 17:35:03",0,0,0,1,3,389
1555,"0389-09-23 11:17:27",1,0,0,0,4,389
1556,"0389-12-21 08:00:40",0,0,1,0,1,389
1557,"0390-03-21 04:31:19",0,1,0,0,2,390
1558,"0390-06-22 23:26:44",0,0,0,1,3,390
1559,"0390-09-23 17:09:54",1,0,0,0,4,390
1560,"0390-12-21 13:50:27",0,0,1,0,1,390
1561,"0391-03-21 10:20:45",0,1,0,0,2,391
1562,"0391-06-23 05:13:42",0,0,0,1,3,391
1563,"0391-09-23 22:52:15",1,0,0,0,4,391
1564,"0391-12-21 19:31:33",0,0,1,0,1,391
1565,"0392-03-20 16:08:23",0,1,0,0,2,392
1566,"0392-06-22 11:04:23",0,0,0,1,3,392
1567,"0392-09-23 04:48:44",1,0,0,0,4,392
1568,"0392-12-21 01:27:19",0,0,1,0,1,392
1569,"0393-03-20 21:57:08",0,1,0,0,2,393
1570,"0393-06-22 16:44:29",0,0,0,1,3,393
1571,"0393-09-23 10:38:20",1,0,0,0,4,393
1572,"0393-12-21 07:19:15",0,0,1,0,1,393
1573,"0394-03-21 03:43:13",0,1,0,0,2,394
1574,"0394-06-22 22:29:53",0,0,0,1,3,394
1575,"0394-09-23 16:28:39",1,0,0,0,4,394
1576,"0394-12-21 13:05:34",0,0,1,0,1,394
1577,"0395-03-21 09:29:59",0,1,0,0,2,395
1578,"0395-06-23 04:27:05",0,0,0,1,3,395
1579,"0395-09-23 22:24:40",1,0,0,0,4,395
1580,"0395-12-21 19:07:24",0,0,1,0,1,395
1581,"0396-03-20 15:29:48",0,1,0,0,2,396
1582,"0396-06-22 10:12:19",0,0,0,1,3,396
1583,"0396-09-23 04:03:19",1,0,0,0,4,396
1584,"0396-12-21 00:58:37",0,0,1,0,1,396
1585,"0397-03-20 21:19:22",0,1,0,0,2,397
1586,"0397-06-22 15:58:56",0,0,0,1,3,397
1587,"0397-09-23 09:56:28",1,0,0,0,4,397
1588,"0397-12-21 06:48:46",0,0,1,0,1,397
1589,"0398-03-21 03:09:01",0,1,0,0,2,398
1590,"0398-06-22 21:53:58",0,0,0,1,3,398
1591,"0398-09-23 15:54:38",1,0,0,0,4,398
1592,"0398-12-21 12:42:23",0,0,1,0,1,398
1593,"0399-03-21 09:06:35",0,1,0,0,2,399
1594,"0399-06-23 03:44:45",0,0,0,1,3,399
1595,"0399-09-23 21:36:48",1,0,0,0,4,399
1596,"0399-12-21 18:24:58",0,0,1,0,1,399
1597,"0400-03-20 14:56:18",0,1,0,0,2,400
1598,"0400-06-22 09:38:13",0,0,0,1,3,400
1599,"0400-09-23 03:30:57",1,0,0,0,4,400
1600,"0400-12-21 00:22:39",0,0,1,0,1,400
1601,"0401-03-20 20:45:04",0,1,0,0,2,401
1602,"0401-06-22 15:23:05",0,0,0,1,3,401
1603,"0401-09-23 09:18:32",1,0,0,0,4,401
1604,"0401-12-21 06:13:31",0,0,1,0,1,401
1605,"0402-03-21 02:30:23",0,1,0,0,2,402
1606,"0402-06-22 21:09:39",0,0,0,1,3,402
1607,"0402-09-23 15:04:18",1,0,0,0,4,402
1608,"0402-12-21 11:52:31",0,0,1,0,1,402
1609,"0403-03-21 08:14:12",0,1,0,0,2,403
1610,"0403-06-23 03:04:38",0,0,0,1,3,403
1611,"0403-09-23 20:59:47",1,0,0,0,4,403
1612,"0403-12-21 17:45:42",0,0,1,0,1,403
1613,"0404-03-20 14:09:19",0,1,0,0,2,404
1614,"0404-06-22 08:46:34",0,0,0,1,3,404
1615,"0404-09-23 02:39:11",1,0,0,0,4,404
1616,"0404-12-20 23:29:27",0,0,1,0,1,404
1617,"0405-03-20 19:50:54",0,1,0,0,2,405
1618,"0405-06-22 14:26:33",0,0,0,1,3,405
1619,"0405-09-23 08:29:34",1,0,0,0,4,405
1620,"0405-12-21 05:14:24",0,0,1,0,1,405
1621,"0406-03-21 01:29:00",0,1,0,0,2,406
1622,"0406-06-22 20:15:50",0,0,0,1,3,406
1623,"0406-09-23 14:25:44",1,0,0,0,4,406
1624,"0406-12-21 11:09:40",0,0,1,0,1,406
1625,"0407-03-21 07:19:21",0,1,0,0,2,407
1626,"0407-06-23 02:01:21",0,0,0,1,3,407
1627,"0407-09-23 20:02:50",1,0,0,0,4,407
1628,"0407-12-21 16:53:26",0,0,1,0,1,407
1629,"0408-03-20 13:05:13",0,1,0,0,2,408
1630,"0408-06-22 07:47:17",0,0,0,1,3,408
1631,"0408-09-23 01:52:48",1,0,0,0,4,408
1632,"0408-12-20 22:51:12",0,0,1,0,1,408
1633,"0409-03-20 18:54:44",0,1,0,0,2,409
1634,"0409-06-22 13:28:09",0,0,0,1,3,409
1635,"0409-09-23 07:40:44",1,0,0,0,4,409
1636,"0409-12-21 04:41:51",0,0,1,0,1,409
1637,"0410-03-21 00:45:38",0,1,0,0,2,410
1638,"0410-06-22 19:12:55",0,0,0,1,3,410
1639,"0410-09-23 13:25:47",1,0,0,0,4,410
1640,"0410-12-21 10:20:40",0,0,1,0,1,410
1641,"0411-03-21 06:33:59",0,1,0,0,2,411
1642,"0411-06-23 01:09:11",0,0,0,1,3,411
1643,"0411-09-23 19:21:43",1,0,0,0,4,411
1644,"0411-12-21 16:17:17",0,0,1,0,1,411
1645,"0412-03-20 12:32:38",0,1,0,0,2,412
1646,"0412-06-22 06:57:30",0,0,0,1,3,412
1647,"0412-09-23 01:01:55",1,0,0,0,4,412
1648,"0412-12-20 22:07:33",0,0,1,0,1,412
1649,"0413-03-20 18:19:51",0,1,0,0,2,413
1650,"0413-06-22 12:44:37",0,0,0,1,3,413
1651,"0413-09-23 06:51:54",1,0,0,0,4,413
1652,"0413-12-21 03:54:22",0,0,1,0,1,413
1653,"0414-03-21 00:01:54",0,1,0,0,2,414
1654,"0414-06-22 18:40:52",0,0,0,1,3,414
1655,"0414-09-23 12:51:32",1,0,0,0,4,414
1656,"0414-12-21 09:50:21",0,0,1,0,1,414
1657,"0415-03-21 05:59:39",0,1,0,0,2,415
1658,"0415-06-23 00:34:44",0,0,0,1,3,415
1659,"0415-09-23 18:35:42",1,0,0,0,4,415
1660,"0415-12-21 15:33:33",0,0,1,0,1,415
1661,"0416-03-20 11:49:28",0,1,0,0,2,416
1662,"0416-06-22 06:23:45",0,0,0,1,3,416
1663,"0416-09-23 00:31:27",1,0,0,0,4,416
1664,"0416-12-20 21:28:23",0,0,1,0,1,416
1665,"0417-03-20 17:36:36",0,1,0,0,2,417
1666,"0417-06-22 12:09:05",0,0,0,1,3,417
1667,"0417-09-23 06:27:41",1,0,0,0,4,417
1668,"0417-12-21 03:24:25",0,0,1,0,1,417
1669,"0418-03-20 23:26:38",0,1,0,0,2,418
1670,"0418-06-22 17:56:56",0,0,0,1,3,418
1671,"0418-09-23 12:14:54",1,0,0,0,4,418
1672,"0418-12-21 09:07:51",0,0,1,0,1,418
1673,"0419-03-21 05:10:09",0,1,0,0,2,419
1674,"0419-06-22 23:49:57",0,0,0,1,3,419
1675,"0419-09-23 18:09:23",1,0,0,0,4,419
1676,"0419-12-21 15:07:28",0,0,1,0,1,419
1677,"0420-03-20 11:07:19",0,1,0,0,2,420
1678,"0420-06-22 05:35:36",0,0,0,1,3,420
1679,"0420-09-22 23:49:28",1,0,0,0,4,420
1680,"0420-12-20 20:59:32",0,0,1,0,1,420
1681,"0421-03-20 16:56:38",0,1,0,0,2,421
1682,"0421-06-22 11:16:43",0,0,0,1,3,421
1683,"0421-09-23 05:36:22",1,0,0,0,4,421
1684,"0421-12-21 02:40:52",0,0,1,0,1,421
1685,"0422-03-20 22:37:25",0,1,0,0,2,422
1686,"0422-06-22 17:06:19",0,0,0,1,3,422
1687,"0422-09-23 11:32:58",1,0,0,0,4,422
1688,"0422-12-21 08:33:04",0,0,1,0,1,422
1689,"0423-03-21 04:34:00",0,1,0,0,2,423
1690,"0423-06-22 22:57:15",0,0,0,1,3,423
1691,"0423-09-23 17:12:28",1,0,0,0,4,423
1692,"0423-12-21 14:15:22",0,0,1,0,1,423
1693,"0424-03-20 10:19:34",0,1,0,0,2,424
1694,"0424-06-22 04:41:07",0,0,0,1,3,424
1695,"0424-09-22 22:57:47",1,0,0,0,4,424
1696,"0424-12-20 20:05:09",0,0,1,0,1,424
1697,"0425-03-20 15:59:56",0,1,0,0,2,425
1698,"0425-06-22 10:23:45",0,0,0,1,3,425
1699,"0425-09-23 04:47:44",1,0,0,0,4,425
1700,"0425-12-21 01:58:33",0,0,1,0,1,425
1701,"0426-03-20 21:49:52",0,1,0,0,2,426
1702,"0426-06-22 16:11:33",0,0,0,1,3,426
1703,"0426-09-23 10:30:16",1,0,0,0,4,426
1704,"0426-12-21 07:34:30",0,0,1,0,1,426
1705,"0427-03-21 03:31:16",0,1,0,0,2,427
1706,"0427-06-22 22:00:52",0,0,0,1,3,427
1707,"0427-09-23 16:23:03",1,0,0,0,4,427
1708,"0427-12-21 13:26:02",0,0,1,0,1,427
1709,"0428-03-20 09:26:02",0,1,0,0,2,428
1710,"0428-06-22 03:46:52",0,0,0,1,3,428
1711,"0428-09-22 22:08:20",1,0,0,0,4,428
1712,"0428-12-20 19:16:50",0,0,1,0,1,428
1713,"0429-03-20 15:13:15",0,1,0,0,2,429
1714,"0429-06-22 09:28:38",0,0,0,1,3,429
1715,"0429-09-23 03:57:05",1,0,0,0,4,429
1716,"0429-12-21 00:59:56",0,0,1,0,1,429
1717,"0430-03-20 20:50:07",0,1,0,0,2,430
1718,"0430-06-22 15:19:09",0,0,0,1,3,430
1719,"0430-09-23 09:56:11",1,0,0,0,4,430
1720,"0430-12-21 06:59:44",0,0,1,0,1,430
1721,"0431-03-21 02:47:27",0,1,0,0,2,431
1722,"0431-06-22 21:13:33",0,0,0,1,3,431
1723,"0431-09-23 15:38:48",1,0,0,0,4,431
1724,"0431-12-21 12:50:30",0,0,1,0,1,431
1725,"0432-03-20 08:39:43",0,1,0,0,2,432
1726,"0432-06-22 03:00:02",0,0,0,1,3,432
1727,"0432-09-22 21:27:29",1,0,0,0,4,432
1728,"0432-12-20 18:45:00",0,0,1,0,1,432
1729,"0433-03-20 14:28:15",0,1,0,0,2,433
1730,"0433-06-22 08:46:02",0,0,0,1,3,433
1731,"0433-09-23 03:24:48",1,0,0,0,4,433
1732,"0433-12-21 00:42:18",0,0,1,0,1,433
1733,"0434-03-20 20:27:36",0,1,0,0,2,434
1734,"0434-06-22 14:39:52",0,0,0,1,3,434
1735,"0434-09-23 09:13:12",1,0,0,0,4,434
1736,"0434-12-21 06:23:07",0,0,1,0,1,434
1737,"0435-03-21 02:15:56",0,1,0,0,2,435
1738,"0435-06-22 20:33:28",0,0,0,1,3,435
1739,"0435-09-23 15:07:07",1,0,0,0,4,435
1740,"0435-12-21 12:18:36",0,0,1,0,1,435
1741,"0436-03-20 08:11:53",0,1,0,0,2,436
1742,"0436-06-22 02:24:36",0,0,0,1,3,436
1743,"0436-09-22 20:53:28",1,0,0,0,4,436
1744,"0436-12-20 18:13:38",0,0,1,0,1,436
1745,"0437-03-20 14:01:50",0,1,0,0,2,437
1746,"0437-06-22 08:11:12",0,0,0,1,3,437
1747,"0437-09-23 02:39:55",1,0,0,0,4,437
1748,"0437-12-20 23:54:53",0,0,1,0,1,437
1749,"0438-03-20 19:38:39",0,1,0,0,2,438
1750,"0438-06-22 14:01:35",0,0,0,1,3,438
1751,"0438-09-23 08:37:34",1,0,0,0,4,438
1752,"0438-12-21 05:48:19",0,0,1,0,1,438
1753,"0439-03-21 01:33:36",0,1,0,0,2,439
1754,"0439-06-22 19:54:22",0,0,0,1,3,439
1755,"0439-09-23 14:21:11",1,0,0,0,4,439
1756,"0439-12-21 11:32:17",0,0,1,0,1,439
1757,"0440-03-20 07:21:51",0,1,0,0,2,440
1758,"0440-06-22 01:35:44",0,0,0,1,3,440
1759,"0440-09-22 20:08:47",1,0,0,0,4,440
1760,"0440-12-20 17:20:22",0,0,1,0,1,440
1761,"0441-03-20 13:00:13",0,1,0,0,2,441
1762,"0441-06-22 07:14:44",0,0,0,1,3,441
1763,"0441-09-23 02:03:09",1,0,0,0,4,441
1764,"0441-12-20 23:15:15",0,0,1,0,1,441
1765,"0442-03-20 18:49:51",0,1,0,0,2,442
1766,"0442-06-22 13:03:12",0,0,0,1,3,442
1767,"0442-09-23 07:46:09",1,0,0,0,4,442
1768,"0442-12-21 04:57:36",0,0,1,0,1,442
1769,"0443-03-21 00:32:53",0,1,0,0,2,443
1770,"0443-06-22 18:49:19",0,0,0,1,3,443
1771,"0443-09-23 13:32:34",1,0,0,0,4,443
1772,"0443-12-21 10:51:02",0,0,1,0,1,443
1773,"0444-03-20 06:24:43",0,1,0,0,2,444
1774,"0444-06-22 00:33:26",0,0,0,1,3,444
1775,"0444-09-22 19:15:27",1,0,0,0,4,444
1776,"0444-12-20 16:44:39",0,0,1,0,1,444
1777,"0445-03-20 12:18:18",0,1,0,0,2,445
1778,"0445-06-22 06:17:20",0,0,0,1,3,445
1779,"0445-09-23 01:00:35",1,0,0,0,4,445
1780,"0445-12-20 22:23:00",0,0,1,0,1,445
1781,"0446-03-20 17:57:45",0,1,0,0,2,446
1782,"0446-06-22 12:04:40",0,0,0,1,3,446
1783,"0446-09-23 06:55:35",1,0,0,0,4,446
1784,"0446-12-21 04:14:28",0,0,1,0,1,446
1785,"0447-03-20 23:54:00",0,1,0,0,2,447
1786,"0447-06-22 18:01:03",0,0,0,1,3,447
1787,"0447-09-23 12:40:02",1,0,0,0,4,447
1788,"0447-12-21 10:03:18",0,0,1,0,1,447
1789,"0448-03-20 05:45:56",0,1,0,0,2,448
1790,"0448-06-21 23:48:07",0,0,0,1,3,448
1791,"0448-09-22 18:25:34",1,0,0,0,4,448
1792,"0448-12-20 15:52:10",0,0,1,0,1,448
1793,"0449-03-20 11:25:01",0,1,0,0,2,449
1794,"0449-06-22 05:32:44",0,0,0,1,3,449
1795,"0449-09-23 00:21:38",1,0,0,0,4,449
1796,"0449-12-20 21:48:34",0,0,1,0,1,449
1797,"0450-03-20 17:20:10",0,1,0,0,2,450
1798,"0450-06-22 11:29:44",0,0,0,1,3,450
1799,"0450-09-23 06:11:10",1,0,0,0,4,450
1800,"0450-12-21 03:31:26",0,0,1,0,1,450
1801,"0451-03-20 23:08:13",0,1,0,0,2,451
1802,"0451-06-22 17:19:49",0,0,0,1,3,451
1803,"0451-09-23 12:04:04",1,0,0,0,4,451
1804,"0451-12-21 09:22:08",0,0,1,0,1,451
1805,"0452-03-20 05:00:20",0,1,0,0,2,452
1806,"0452-06-21 23:07:18",0,0,0,1,3,452
1807,"0452-09-22 17:56:27",1,0,0,0,4,452
1808,"0452-12-20 15:19:27",0,0,1,0,1,452
1809,"0453-03-20 10:53:55",0,1,0,0,2,453
1810,"0453-06-22 04:55:45",0,0,0,1,3,453
1811,"0453-09-22 23:47:58",1,0,0,0,4,453
1812,"0453-12-20 21:04:41",0,0,1,0,1,453
1813,"0454-03-20 16:30:54",0,1,0,0,2,454
1814,"0454-06-22 10:42:42",0,0,0,1,3,454
1815,"0454-09-23 05:43:19",1,0,0,0,4,454
1816,"0454-12-21 03:02:00",0,0,1,0,1,454
1817,"0455-03-20 22:25:31",0,1,0,0,2,455
1818,"0455-06-22 16:38:13",0,0,0,1,3,455
1819,"0455-09-23 11:29:56",1,0,0,0,4,455
1820,"0455-12-21 08:57:39",0,0,1,0,1,455
1821,"0456-03-20 04:21:24",0,1,0,0,2,456
1822,"0456-06-21 22:22:27",0,0,0,1,3,456
1823,"0456-09-22 17:13:32",1,0,0,0,4,456
1824,"0456-12-20 14:45:09",0,0,1,0,1,456
1825,"0457-03-20 10:02:28",0,1,0,0,2,457
1826,"0457-06-22 04:00:58",0,0,0,1,3,457
1827,"0457-09-22 23:07:19",1,0,0,0,4,457
1828,"0457-12-20 20:39:07",0,0,1,0,1,457
1829,"0458-03-20 16:00:12",0,1,0,0,2,458
1830,"0458-06-22 09:56:08",0,0,0,1,3,458
1831,"0458-09-23 04:54:40",1,0,0,0,4,458
1832,"0458-12-21 02:21:08",0,0,1,0,1,458
1833,"0459-03-20 21:47:57",0,1,0,0,2,459
1834,"0459-06-22 15:43:23",0,0,0,1,3,459
1835,"0459-09-23 10:39:09",1,0,0,0,4,459
1836,"0459-12-21 08:08:33",0,0,1,0,1,459
1837,"0460-03-20 03:35:24",0,1,0,0,2,460
1838,"0460-06-21 21:28:42",0,0,0,1,3,460
1839,"0460-09-22 16:24:05",1,0,0,0,4,460
1840,"0460-12-20 14:02:38",0,0,1,0,1,460
1841,"0461-03-20 09:26:02",0,1,0,0,2,461
1842,"0461-06-22 03:17:13",0,0,0,1,3,461
1843,"0461-09-22 22:09:05",1,0,0,0,4,461
1844,"0461-12-20 19:41:28",0,0,1,0,1,461
1845,"0462-03-20 15:01:20",0,1,0,0,2,462
1846,"0462-06-22 09:01:48",0,0,0,1,3,462
1847,"0462-09-23 03:59:42",1,0,0,0,4,462
1848,"0462-12-21 01:28:21",0,0,1,0,1,462
1849,"0463-03-20 20:51:33",0,1,0,0,2,463
1850,"0463-06-22 14:54:33",0,0,0,1,3,463
1851,"0463-09-23 09:47:18",1,0,0,0,4,463
1852,"0463-12-21 07:16:17",0,0,1,0,1,463
1853,"0464-03-20 02:43:54",0,1,0,0,2,464
1854,"0464-06-21 20:38:52",0,0,0,1,3,464
1855,"0464-09-22 15:33:48",1,0,0,0,4,464
1856,"0464-12-20 13:01:44",0,0,1,0,1,464
1857,"0465-03-20 08:18:59",0,1,0,0,2,465
1858,"0465-06-22 02:15:41",0,0,0,1,3,465
1859,"0465-09-22 21:28:35",1,0,0,0,4,465
1860,"0465-12-20 18:57:37",0,0,1,0,1,465
1861,"0466-03-20 14:10:03",0,1,0,0,2,466
1862,"0466-06-22 08:11:04",0,0,0,1,3,466
1863,"0466-09-23 03:18:29",1,0,0,0,4,466
1864,"0466-12-21 00:47:23",0,0,1,0,1,466
1865,"0467-03-20 19:59:55",0,1,0,0,2,467
1866,"0467-06-22 13:59:08",0,0,0,1,3,467
1867,"0467-09-23 09:04:16",1,0,0,0,4,467
1868,"0467-12-21 06:39:50",0,0,1,0,1,467
1869,"0468-03-20 01:51:06",0,1,0,0,2,468
1870,"0468-06-21 19:43:07",0,0,0,1,3,468
1871,"0468-09-22 14:52:55",1,0,0,0,4,468
1872,"0468-12-20 12:37:23",0,0,1,0,1,468
1873,"0469-03-20 07:49:51",0,1,0,0,2,469
1874,"0469-06-22 01:35:01",0,0,0,1,3,469
1875,"0469-09-22 20:44:26",1,0,0,0,4,469
1876,"0469-12-20 18:21:13",0,0,1,0,1,469
1877,"0470-03-20 13:34:19",0,1,0,0,2,470
1878,"0470-06-22 07:23:23",0,0,0,1,3,470
1879,"0470-09-23 02:38:07",1,0,0,0,4,470
1880,"0470-12-21 00:12:16",0,0,1,0,1,470
1881,"0471-03-20 19:27:58",0,1,0,0,2,471
1882,"0471-06-22 13:20:36",0,0,0,1,3,471
1883,"0471-09-23 08:27:01",1,0,0,0,4,471
1884,"0471-12-21 06:06:20",0,0,1,0,1,471
1885,"0472-03-20 01:24:49",0,1,0,0,2,472
1886,"0472-06-21 19:12:07",0,0,0,1,3,472
1887,"0472-09-22 14:13:43",1,0,0,0,4,472
1888,"0472-12-20 11:56:47",0,0,1,0,1,472
1889,"0473-03-20 07:04:07",0,1,0,0,2,473
1890,"0473-06-22 00:52:28",0,0,0,1,3,473
1891,"0473-09-22 20:06:48",1,0,0,0,4,473
1892,"0473-12-20 17:49:40",0,0,1,0,1,473
1893,"0474-03-20 12:55:59",0,1,0,0,2,474
1894,"0474-06-22 06:50:17",0,0,0,1,3,474
1895,"0474-09-23 01:59:02",1,0,0,0,4,474
1896,"0474-12-20 23:35:54",0,0,1,0,1,474
1897,"0475-03-20 18:48:44",0,1,0,0,2,475
1898,"0475-06-22 12:39:48",0,0,0,1,3,475
1899,"0475-09-23 07:47:07",1,0,0,0,4,475
1900,"0475-12-21 05:22:18",0,0,1,0,1,475
1901,"0476-03-20 00:34:43",0,1,0,0,2,476
1902,"0476-06-21 18:19:32",0,0,0,1,3,476
1903,"0476-09-22 13:35:29",1,0,0,0,4,476
1904,"0476-12-20 11:16:20",0,0,1,0,1,476
1905,"0477-03-20 06:25:42",0,1,0,0,2,477
1906,"0477-06-22 00:09:29",0,0,0,1,3,477
1907,"0477-09-22 19:26:15",1,0,0,0,4,477
1908,"0477-12-20 17:02:13",0,0,1,0,1,477
1909,"0478-03-20 12:03:52",0,1,0,0,2,478
1910,"0478-06-22 05:52:41",0,0,0,1,3,478
1911,"0478-09-23 01:13:09",1,0,0,0,4,478
1912,"0478-12-20 22:51:38",0,0,1,0,1,478
1913,"0479-03-20 17:51:32",0,1,0,0,2,479
1914,"0479-06-22 11:43:16",0,0,0,1,3,479
1915,"0479-09-23 06:57:49",1,0,0,0,4,479
1916,"0479-12-21 04:44:44",0,0,1,0,1,479
1917,"0480-03-19 23:48:33",0,1,0,0,2,480
1918,"0480-06-21 17:30:32",0,0,0,1,3,480
1919,"0480-09-22 12:42:12",1,0,0,0,4,480
1920,"0480-12-20 10:30:49",0,0,1,0,1,480
1921,"0481-03-20 05:28:04",0,1,0,0,2,481
1922,"0481-06-21 23:05:08",0,0,0,1,3,481
1923,"0481-09-22 18:32:16",1,0,0,0,4,481
1924,"0481-12-20 16:18:34",0,0,1,0,1,481
1925,"0482-03-20 11:18:51",0,1,0,0,2,482
1926,"0482-06-22 05:01:03",0,0,0,1,3,482
1927,"0482-09-23 00:23:35",1,0,0,0,4,482
1928,"0482-12-20 22:05:15",0,0,1,0,1,482
1929,"0483-03-20 17:11:13",0,1,0,0,2,483
1930,"0483-06-22 10:51:52",0,0,0,1,3,483
1931,"0483-09-23 06:08:05",1,0,0,0,4,483
1932,"0483-12-21 03:52:31",0,0,1,0,1,483
1933,"0484-03-19 22:55:27",0,1,0,0,2,484
1934,"0484-06-21 16:32:04",0,0,0,1,3,484
1935,"0484-09-22 11:52:32",1,0,0,0,4,484
1936,"0484-12-20 09:46:21",0,0,1,0,1,484
1937,"0485-03-20 04:46:28",0,1,0,0,2,485
1938,"0485-06-21 22:25:54",0,0,0,1,3,485
1939,"0485-09-22 17:45:22",1,0,0,0,4,485
1940,"0485-12-20 15:32:13",0,0,1,0,1,485
1941,"0486-03-20 10:28:37",0,1,0,0,2,486
1942,"0486-06-22 04:12:30",0,0,0,1,3,486
1943,"0486-09-22 23:34:47",1,0,0,0,4,486
1944,"0486-12-20 21:17:47",0,0,1,0,1,486
1945,"0487-03-20 16:17:34",0,1,0,0,2,487
1946,"0487-06-22 10:03:59",0,0,0,1,3,487
1947,"0487-09-23 05:26:13",1,0,0,0,4,487
1948,"0487-12-21 03:11:30",0,0,1,0,1,487
1949,"0488-03-19 22:15:13",0,1,0,0,2,488
1950,"0488-06-21 15:54:57",0,0,0,1,3,488
1951,"0488-09-22 11:17:45",1,0,0,0,4,488
1952,"0488-12-20 09:02:30",0,0,1,0,1,488
1953,"0489-03-20 03:53:38",0,1,0,0,2,489
1954,"0489-06-21 21:31:25",0,0,0,1,3,489
1955,"0489-09-22 17:09:57",1,0,0,0,4,489
1956,"0489-12-20 14:57:11",0,0,1,0,1,489
1957,"0490-03-20 09:44:11",0,1,0,0,2,490
1958,"0490-06-22 03:29:31",0,0,0,1,3,490
1959,"0490-09-22 23:04:20",1,0,0,0,4,490
1960,"0490-12-20 20:52:32",0,0,1,0,1,490
1961,"0491-03-20 15:41:20",0,1,0,0,2,491
1962,"0491-06-22 09:22:37",0,0,0,1,3,491
1963,"0491-09-23 04:50:38",1,0,0,0,4,491
1964,"0491-12-21 02:45:09",0,0,1,0,1,491
1965,"0492-03-19 21:32:38",0,1,0,0,2,492
1966,"0492-06-21 15:01:40",0,0,0,1,3,492
1967,"0492-09-22 10:36:06",1,0,0,0,4,492
1968,"0492-12-20 08:39:02",0,0,1,0,1,492
1969,"0493-03-20 03:28:40",0,1,0,0,2,493
1970,"0493-06-21 20:55:33",0,0,0,1,3,493
1971,"0493-09-22 16:31:10",1,0,0,0,4,493
1972,"0493-12-20 14:25:25",0,0,1,0,1,493
1973,"0494-03-20 09:16:17",0,1,0,0,2,494
1974,"0494-06-22 02:44:43",0,0,0,1,3,494
1975,"0494-09-22 22:18:45",1,0,0,0,4,494
1976,"0494-12-20 20:10:54",0,0,1,0,1,494
1977,"0495-03-20 15:04:22",0,1,0,0,2,495
1978,"0495-06-22 08:35:33",0,0,0,1,3,495
1979,"0495-09-23 04:03:42",1,0,0,0,4,495
1980,"0495-12-21 02:01:53",0,0,1,0,1,495
1981,"0496-03-19 20:58:31",0,1,0,0,2,496
1982,"0496-06-21 14:28:33",0,0,0,1,3,496
1983,"0496-09-22 09:51:20",1,0,0,0,4,496
1984,"0496-12-20 07:50:40",0,0,1,0,1,496
1985,"0497-03-20 02:35:50",0,1,0,0,2,497
1986,"0497-06-21 20:04:52",0,0,0,1,3,497
1987,"0497-09-22 15:38:31",1,0,0,0,4,497
1988,"0497-12-20 13:35:42",0,0,1,0,1,497
1989,"0498-03-20 08:20:27",0,1,0,0,2,498
1990,"0498-06-22 01:58:30",0,0,0,1,3,498
1991,"0498-09-22 21:31:11",1,0,0,0,4,498
1992,"0498-12-20 19:21:09",0,0,1,0,1,498
1993,"0499-03-20 14:12:54",0,1,0,0,2,499
1994,"0499-06-22 07:48:59",0,0,0,1,3,499
1995,"0499-09-23 03:18:58",1,0,0,0,4,499
1996,"0499-12-21 01:07:51",0,0,1,0,1,499
1997,"0500-03-20 19:56:19",0,1,0,0,2,500
1998,"0500-06-22 13:21:58",0,0,0,1,3,500
1999,"0500-09-23 09:02:49",1,0,0,0,4,500
2000,"0500-12-21 06:58:14",0,0,1,0,1,500
2001,"0501-03-21 01:41:11",0,1,0,0,2,501
2002,"0501-06-22 19:11:11",0,0,0,1,3,501
2003,"0501-09-23 14:56:51",1,0,0,0,4,501
2004,"0501-12-21 12:48:22",0,0,1,0,1,501
2005,"0502-03-21 07:24:43",0,1,0,0,2,502
2006,"0502-06-23 00:58:03",0,0,0,1,3,502
2007,"0502-09-23 20:42:54",1,0,0,0,4,502
2008,"0502-12-21 18:38:30",0,0,1,0,1,502
2009,"0503-03-21 13:12:02",0,1,0,0,2,503
2010,"0503-06-23 06:43:13",0,0,0,1,3,503
2011,"0503-09-24 02:24:56",1,0,0,0,4,503
2012,"0503-12-22 00:30:19",0,0,1,0,1,503
2013,"0504-03-20 19:09:34",0,1,0,0,2,504
2014,"0504-06-22 12:34:43",0,0,0,1,3,504
2015,"0504-09-23 08:15:46",1,0,0,0,4,504
2016,"0504-12-21 06:23:02",0,0,1,0,1,504
2017,"0505-03-21 00:56:47",0,1,0,0,2,505
2018,"0505-06-22 18:13:30",0,0,0,1,3,505
2019,"0505-09-23 14:05:19",1,0,0,0,4,505
2020,"0505-12-21 12:09:49",0,0,1,0,1,505
2021,"0506-03-21 06:46:28",0,1,0,0,2,506
2022,"0506-06-23 00:10:09",0,0,0,1,3,506
2023,"0506-09-23 19:59:03",1,0,0,0,4,506
2024,"0506-12-21 18:00:33",0,0,1,0,1,506
2025,"0507-03-21 12:45:01",0,1,0,0,2,507
2026,"0507-06-23 06:09:50",0,0,0,1,3,507
2027,"0507-09-24 01:49:25",1,0,0,0,4,507
2028,"0507-12-21 23:54:35",0,0,1,0,1,507
2029,"0508-03-20 18:34:08",0,1,0,0,2,508
2030,"0508-06-22 11:49:36",0,0,0,1,3,508
2031,"0508-09-23 07:32:51",1,0,0,0,4,508
2032,"0508-12-21 05:45:58",0,0,1,0,1,508
2033,"0509-03-21 00:23:07",0,1,0,0,2,509
2034,"0509-06-22 17:45:37",0,0,0,1,3,509
2035,"0509-09-23 13:31:08",1,0,0,0,4,509
2036,"0509-12-21 11:35:46",0,0,1,0,1,509
2037,"0510-03-21 06:12:29",0,1,0,0,2,510
2038,"0510-06-22 23:38:47",0,0,0,1,3,510
2039,"0510-09-23 19:22:18",1,0,0,0,4,510
2040,"0510-12-21 17:22:17",0,0,1,0,1,510
2041,"0511-03-21 12:01:19",0,1,0,0,2,511
2042,"0511-06-23 05:25:11",0,0,0,1,3,511
2043,"0511-09-24 01:09:06",1,0,0,0,4,511
2044,"0511-12-21 23:11:34",0,0,1,0,1,511
2045,"0512-03-20 17:54:32",0,1,0,0,2,512
2046,"0512-06-22 11:17:38",0,0,0,1,3,512
2047,"0512-09-23 07:04:42",1,0,0,0,4,512
2048,"0512-12-21 05:06:05",0,0,1,0,1,512
2049,"0513-03-20 23:35:38",0,1,0,0,2,513
2050,"0513-06-22 16:55:35",0,0,0,1,3,513
2051,"0513-09-23 12:53:05",1,0,0,0,4,513
2052,"0513-12-21 10:55:17",0,0,1,0,1,513
2053,"0514-03-21 05:19:17",0,1,0,0,2,514
2054,"0514-06-22 22:46:35",0,0,0,1,3,514
2055,"0514-09-23 18:42:39",1,0,0,0,4,514
2056,"0514-12-21 16:46:41",0,0,1,0,1,514
2057,"0515-03-21 11:14:15",0,1,0,0,2,515
2058,"0515-06-23 04:40:28",0,0,0,1,3,515
2059,"0515-09-24 00:30:22",1,0,0,0,4,515
2060,"0515-12-21 22:39:31",0,0,1,0,1,515
2061,"0516-03-20 17:03:43",0,1,0,0,2,516
2062,"0516-06-22 10:12:44",0,0,0,1,3,516
2063,"0516-09-23 06:09:14",1,0,0,0,4,516
2064,"0516-12-21 04:24:59",0,0,1,0,1,516
2065,"0517-03-20 22:50:55",0,1,0,0,2,517
2066,"0517-06-22 16:01:38",0,0,0,1,3,517
2067,"0517-09-23 12:04:20",1,0,0,0,4,517
2068,"0517-12-21 10:11:14",0,0,1,0,1,517
2069,"0518-03-21 04:38:08",0,1,0,0,2,518
2070,"0518-06-22 21:52:25",0,0,0,1,3,518
2071,"0518-09-23 17:49:59",1,0,0,0,4,518
2072,"0518-12-21 15:56:44",0,0,1,0,1,518
2073,"0519-03-21 10:24:01",0,1,0,0,2,519
2074,"0519-06-23 03:35:34",0,0,0,1,3,519
2075,"0519-09-23 23:28:25",1,0,0,0,4,519
2076,"0519-12-21 21:44:37",0,0,1,0,1,519
2077,"0520-03-20 16:13:49",0,1,0,0,2,520
2078,"0520-06-22 09:27:15",0,0,0,1,3,520
2079,"0520-09-23 05:19:31",1,0,0,0,4,520
2080,"0520-12-21 03:36:23",0,0,1,0,1,520
2081,"0521-03-20 21:55:33",0,1,0,0,2,521
2082,"0521-06-22 15:07:09",0,0,0,1,3,521
2083,"0521-09-23 11:06:09",1,0,0,0,4,521
2084,"0521-12-21 09:20:54",0,0,1,0,1,521
2085,"0522-03-21 03:41:13",0,1,0,0,2,522
2086,"0522-06-22 20:58:26",0,0,0,1,3,522
2087,"0522-09-23 16:57:33",1,0,0,0,4,522
2088,"0522-12-21 15:06:55",0,0,1,0,1,522
2089,"0523-03-21 09:35:50",0,1,0,0,2,523
2090,"0523-06-23 02:54:41",0,0,0,1,3,523
2091,"0523-09-23 22:52:17",1,0,0,0,4,523
2092,"0523-12-21 21:01:15",0,0,1,0,1,523
2093,"0524-03-20 15:26:01",0,1,0,0,2,524
2094,"0524-06-22 08:31:10",0,0,0,1,3,524
2095,"0524-09-23 04:36:09",1,0,0,0,4,524
2096,"0524-12-21 02:51:47",0,0,1,0,1,524
2097,"0525-03-20 21:11:14",0,1,0,0,2,525
2098,"0525-06-22 14:22:10",0,0,0,1,3,525
2099,"0525-09-23 10:34:14",1,0,0,0,4,525
2100,"0525-12-21 08:45:56",0,0,1,0,1,525
2101,"0526-03-21 03:01:14",0,1,0,0,2,526
2102,"0526-06-22 20:18:40",0,0,0,1,3,526
2103,"0526-09-23 16:25:34",1,0,0,0,4,526
2104,"0526-12-21 14:41:22",0,0,1,0,1,526
2105,"0527-03-21 08:55:09",0,1,0,0,2,527
2106,"0527-06-23 02:04:09",0,0,0,1,3,527
2107,"0527-09-23 22:06:49",1,0,0,0,4,527
2108,"0527-12-21 20:31:27",0,0,1,0,1,527
2109,"0528-03-20 14:51:03",0,1,0,0,2,528
2110,"0528-06-22 07:57:46",0,0,0,1,3,528
2111,"0528-09-23 04:04:14",1,0,0,0,4,528
2112,"0528-12-21 02:26:37",0,0,1,0,1,528
2113,"0529-03-20 20:41:40",0,1,0,0,2,529
2114,"0529-06-22 13:42:57",0,0,0,1,3,529
2115,"0529-09-23 09:55:26",1,0,0,0,4,529
2116,"0529-12-21 08:14:23",0,0,1,0,1,529
2117,"0530-03-21 02:30:15",0,1,0,0,2,530
2118,"0530-06-22 19:35:24",0,0,0,1,3,530
2119,"0530-09-23 15:44:24",1,0,0,0,4,530
2120,"0530-12-21 14:01:23",0,0,1,0,1,530
2121,"0531-03-21 08:23:30",0,1,0,0,2,531
2122,"0531-06-23 01:34:14",0,0,0,1,3,531
2123,"0531-09-23 21:37:04",1,0,0,0,4,531
2124,"0531-12-21 19:57:38",0,0,1,0,1,531
2125,"0532-03-20 14:13:32",0,1,0,0,2,532
2126,"0532-06-22 07:12:15",0,0,0,1,3,532
2127,"0532-09-23 03:16:37",1,0,0,0,4,532
2128,"0532-12-21 01:43:16",0,0,1,0,1,532
2129,"0533-03-20 19:55:12",0,1,0,0,2,533
2130,"0533-06-22 12:59:34",0,0,0,1,3,533
2131,"0533-09-23 09:10:01",1,0,0,0,4,533
2132,"0533-12-21 07:27:52",0,0,1,0,1,533
2133,"0534-03-21 01:40:54",0,1,0,0,2,534
2134,"0534-06-22 18:52:46",0,0,0,1,3,534
2135,"0534-09-23 15:01:50",1,0,0,0,4,534
2136,"0534-12-21 13:16:23",0,0,1,0,1,534
2137,"0535-03-21 07:29:08",0,1,0,0,2,535
2138,"0535-06-23 00:31:24",0,0,0,1,3,535
2139,"0535-09-23 20:39:36",1,0,0,0,4,535
2140,"0535-12-21 18:58:03",0,0,1,0,1,535
2141,"0536-03-20 13:12:56",0,1,0,0,2,536
2142,"0536-06-22 06:16:54",0,0,0,1,3,536
2143,"0536-09-23 02:33:11",1,0,0,0,4,536
2144,"0536-12-21 00:52:18",0,0,1,0,1,536
2145,"0537-03-20 18:55:43",0,1,0,0,2,537
2146,"0537-06-22 11:58:26",0,0,0,1,3,537
2147,"0537-09-23 08:20:42",1,0,0,0,4,537
2148,"0537-12-21 06:42:16",0,0,1,0,1,537
2149,"0538-03-21 00:39:42",0,1,0,0,2,538
2150,"0538-06-22 17:44:01",0,0,0,1,3,538
2151,"0538-09-23 14:03:17",1,0,0,0,4,538
2152,"0538-12-21 12:28:38",0,0,1,0,1,538
2153,"0539-03-21 06:32:33",0,1,0,0,2,539
2154,"0539-06-22 23:38:54",0,0,0,1,3,539
2155,"0539-09-23 19:55:39",1,0,0,0,4,539
2156,"0539-12-21 18:25:42",0,0,1,0,1,539
2157,"0540-03-20 12:28:21",0,1,0,0,2,540
2158,"0540-06-22 05:16:09",0,0,0,1,3,540
2159,"0540-09-23 01:36:13",1,0,0,0,4,540
2160,"0540-12-21 00:10:55",0,0,1,0,1,540
2161,"0541-03-20 18:15:35",0,1,0,0,2,541
2162,"0541-06-22 11:04:21",0,0,0,1,3,541
2163,"0541-09-23 07:30:33",1,0,0,0,4,541
2164,"0541-12-21 05:57:09",0,0,1,0,1,541
2165,"0542-03-21 00:05:06",0,1,0,0,2,542
2166,"0542-06-22 17:03:53",0,0,0,1,3,542
2167,"0542-09-23 13:24:31",1,0,0,0,4,542
2168,"0542-12-21 11:51:18",0,0,1,0,1,542
2169,"0543-03-21 05:58:49",0,1,0,0,2,543
2170,"0543-06-22 22:51:11",0,0,0,1,3,543
2171,"0543-09-23 19:03:24",1,0,0,0,4,543
2172,"0543-12-21 17:37:39",0,0,1,0,1,543
2173,"0544-03-20 11:47:02",0,1,0,0,2,544
2174,"0544-06-22 04:43:47",0,0,0,1,3,544
2175,"0544-09-23 01:00:17",1,0,0,0,4,544
2176,"0544-12-20 23:33:07",0,0,1,0,1,544
2177,"0545-03-20 17:33:58",0,1,0,0,2,545
2178,"0545-06-22 10:33:27",0,0,0,1,3,545
2179,"0545-09-23 06:54:58",1,0,0,0,4,545
2180,"0545-12-21 05:23:39",0,0,1,0,1,545
2181,"0546-03-20 23:23:33",0,1,0,0,2,546
2182,"0546-06-22 16:23:23",0,0,0,1,3,546
2183,"0546-09-23 12:44:00",1,0,0,0,4,546
2184,"0546-12-21 11:07:49",0,0,1,0,1,546
2185,"0547-03-21 05:15:24",0,1,0,0,2,547
2186,"0547-06-22 22:19:46",0,0,0,1,3,547
2187,"0547-09-23 18:43:46",1,0,0,0,4,547
2188,"0547-12-21 17:07:04",0,0,1,0,1,547
2189,"0548-03-20 11:08:19",0,1,0,0,2,548
2190,"0548-06-22 03:59:05",0,0,0,1,3,548
2191,"0548-09-23 00:27:43",1,0,0,0,4,548
2192,"0548-12-20 22:57:54",0,0,1,0,1,548
2193,"0549-03-20 16:51:34",0,1,0,0,2,549
2194,"0549-06-22 09:44:14",0,0,0,1,3,549
2195,"0549-09-23 06:20:05",1,0,0,0,4,549
2196,"0549-12-21 04:47:46",0,0,1,0,1,549
2197,"0550-03-20 22:37:00",0,1,0,0,2,550
2198,"0550-06-22 15:39:20",0,0,0,1,3,550
2199,"0550-09-23 12:11:49",1,0,0,0,4,550
2200,"0550-12-21 10:43:45",0,0,1,0,1,550
2201,"0551-03-21 04:32:22",0,1,0,0,2,551
2202,"0551-06-22 21:21:12",0,0,0,1,3,551
2203,"0551-09-23 17:46:42",1,0,0,0,4,551
2204,"0551-12-21 16:27:58",0,0,1,0,1,551
2205,"0552-03-20 10:22:19",0,1,0,0,2,552
2206,"0552-06-22 03:05:55",0,0,0,1,3,552
2207,"0552-09-22 23:38:56",1,0,0,0,4,552
2208,"0552-12-20 22:17:19",0,0,1,0,1,552
2209,"0553-03-20 16:07:46",0,1,0,0,2,553
2210,"0553-06-22 08:51:54",0,0,0,1,3,553
2211,"0553-09-23 05:29:27",1,0,0,0,4,553
2212,"0553-12-21 04:05:55",0,0,1,0,1,553
2213,"0554-03-20 21:56:38",0,1,0,0,2,554
2214,"0554-06-22 14:39:55",0,0,0,1,3,554
2215,"0554-09-23 11:09:59",1,0,0,0,4,554
2216,"0554-12-21 09:46:23",0,0,1,0,1,554
2217,"0555-03-21 03:43:12",0,1,0,0,2,555
2218,"0555-06-22 20:33:29",0,0,0,1,3,555
2219,"0555-09-23 17:01:54",1,0,0,0,4,555
2220,"0555-12-21 15:41:58",0,0,1,0,1,555
2221,"0556-03-20 09:34:02",0,1,0,0,2,556
2222,"0556-06-22 02:14:22",0,0,0,1,3,556
2223,"0556-09-22 22:42:28",1,0,0,0,4,556
2224,"0556-12-20 21:28:07",0,0,1,0,1,556
2225,"0557-03-20 15:16:57",0,1,0,0,2,557
2226,"0557-06-22 07:58:13",0,0,0,1,3,557
2227,"0557-09-23 04:31:42",1,0,0,0,4,557
2228,"0557-12-21 03:08:24",0,0,1,0,1,557
2229,"0558-03-20 21:00:11",0,1,0,0,2,558
2230,"0558-06-22 13:53:52",0,0,0,1,3,558
2231,"0558-09-23 10:28:33",1,0,0,0,4,558
2232,"0558-12-21 09:01:14",0,0,1,0,1,558
2233,"0559-03-21 02:55:05",0,1,0,0,2,559
2234,"0559-06-22 19:38:24",0,0,0,1,3,559
2235,"0559-09-23 16:08:32",1,0,0,0,4,559
2236,"0559-12-21 14:45:39",0,0,1,0,1,559
2237,"0560-03-20 08:39:45",0,1,0,0,2,560
2238,"0560-06-22 01:23:23",0,0,0,1,3,560
2239,"0560-09-22 22:03:32",1,0,0,0,4,560
2240,"0560-12-20 20:40:15",0,0,1,0,1,560
2241,"0561-03-20 14:22:35",0,1,0,0,2,561
2242,"0561-06-22 07:12:57",0,0,0,1,3,561
2243,"0561-09-23 03:59:33",1,0,0,0,4,561
2244,"0561-12-21 02:39:01",0,0,1,0,1,561
2245,"0562-03-20 20:15:17",0,1,0,0,2,562
2246,"0562-06-22 13:03:08",0,0,0,1,3,562
2247,"0562-09-23 09:42:47",1,0,0,0,4,562
2248,"0562-12-21 08:25:12",0,0,1,0,1,562
2249,"0563-03-21 02:07:50",0,1,0,0,2,563
2250,"0563-06-22 18:56:51",0,0,0,1,3,563
2251,"0563-09-23 15:39:16",1,0,0,0,4,563
2252,"0563-12-21 14:25:19",0,0,1,0,1,563
2253,"0564-03-20 08:07:18",0,1,0,0,2,564
2254,"0564-06-22 00:41:23",0,0,0,1,3,564
2255,"0564-09-22 21:27:10",1,0,0,0,4,564
2256,"0564-12-20 20:16:50",0,0,1,0,1,564
2257,"0565-03-20 13:57:53",0,1,0,0,2,565
2258,"0565-06-22 06:28:09",0,0,0,1,3,565
2259,"0565-09-23 03:17:13",1,0,0,0,4,565
2260,"0565-12-21 01:59:44",0,0,1,0,1,565
2261,"0566-03-20 19:43:34",0,1,0,0,2,566
2262,"0566-06-22 12:27:20",0,0,0,1,3,566
2263,"0566-09-23 09:14:15",1,0,0,0,4,566
2264,"0566-12-21 07:58:21",0,0,1,0,1,566
2265,"0567-03-21 01:41:40",0,1,0,0,2,567
2266,"0567-06-22 18:16:20",0,0,0,1,3,567
2267,"0567-09-23 14:51:22",1,0,0,0,4,567
2268,"0567-12-21 13:43:07",0,0,1,0,1,567
2269,"0568-03-20 07:26:39",0,1,0,0,2,568
2270,"0568-06-22 00:00:59",0,0,0,1,3,568
2271,"0568-09-22 20:41:29",1,0,0,0,4,568
2272,"0568-12-20 19:31:39",0,0,1,0,1,568
2273,"0569-03-20 13:08:44",0,1,0,0,2,569
2274,"0569-06-22 05:50:50",0,0,0,1,3,569
2275,"0569-09-23 02:38:08",1,0,0,0,4,569
2276,"0569-12-21 01:23:22",0,0,1,0,1,569
2277,"0570-03-20 18:59:56",0,1,0,0,2,570
2278,"0570-06-22 11:38:42",0,0,0,1,3,570
2279,"0570-09-23 08:20:36",1,0,0,0,4,570
2280,"0570-12-21 07:01:17",0,0,1,0,1,570
2281,"0571-03-21 00:45:25",0,1,0,0,2,571
2282,"0571-06-22 17:26:47",0,0,0,1,3,571
2283,"0571-09-23 14:15:08",1,0,0,0,4,571
2284,"0571-12-21 12:56:59",0,0,1,0,1,571
2285,"0572-03-20 06:34:10",0,1,0,0,2,572
2286,"0572-06-21 23:06:44",0,0,0,1,3,572
2287,"0572-09-22 20:00:13",1,0,0,0,4,572
2288,"0572-12-20 18:49:30",0,0,1,0,1,572
2289,"0573-03-20 12:18:03",0,1,0,0,2,573
2290,"0573-06-22 04:48:24",0,0,0,1,3,573
2291,"0573-09-23 01:44:29",1,0,0,0,4,573
2292,"0573-12-21 00:31:50",0,0,1,0,1,573
2293,"0574-03-20 17:58:47",0,1,0,0,2,574
2294,"0574-06-22 10:40:48",0,0,0,1,3,574
2295,"0574-09-23 07:36:52",1,0,0,0,4,574
2296,"0574-12-21 06:28:10",0,0,1,0,1,574
2297,"0575-03-20 23:57:25",0,1,0,0,2,575
2298,"0575-06-22 16:26:40",0,0,0,1,3,575
2299,"0575-09-23 13:13:47",1,0,0,0,4,575
2300,"0575-12-21 12:12:14",0,0,1,0,1,575
2301,"0576-03-20 05:46:33",0,1,0,0,2,576
2302,"0576-06-21 22:08:14",0,0,0,1,3,576
2303,"0576-09-22 19:02:56",1,0,0,0,4,576
2304,"0576-12-20 17:57:44",0,0,1,0,1,576
2305,"0577-03-20 11:28:13",0,1,0,0,2,577
2306,"0577-06-22 03:58:22",0,0,0,1,3,577
2307,"0577-09-23 01:00:12",1,0,0,0,4,577
2308,"0577-12-20 23:52:10",0,0,1,0,1,577
2309,"0578-03-20 17:22:11",0,1,0,0,2,578
2310,"0578-06-22 09:51:27",0,0,0,1,3,578
2311,"0578-09-23 06:41:43",1,0,0,0,4,578
2312,"0578-12-21 05:34:26",0,0,1,0,1,578
2313,"0579-03-20 23:09:26",0,1,0,0,2,579
2314,"0579-06-22 15:42:50",0,0,0,1,3,579
2315,"0579-09-23 12:35:01",1,0,0,0,4,579
2316,"0579-12-21 11:31:17",0,0,1,0,1,579
2317,"0580-03-20 04:59:54",0,1,0,0,2,580
2318,"0580-06-21 21:28:40",0,0,0,1,3,580
2319,"0580-09-22 18:24:21",1,0,0,0,4,580
2320,"0580-12-20 17:25:14",0,0,1,0,1,580
2321,"0581-03-20 10:50:14",0,1,0,0,2,581
2322,"0581-06-22 03:15:50",0,0,0,1,3,581
2323,"0581-09-23 00:14:19",1,0,0,0,4,581
2324,"0581-12-20 23:06:04",0,0,1,0,1,581
2325,"0582-03-20 16:33:18",0,1,0,0,2,582
2326,"0582-06-22 09:09:42",0,0,0,1,3,582
2327,"0582-09-23 06:13:01",1,0,0,0,4,582
2328,"0582-12-21 05:01:53",0,0,1,0,1,582
2329,"0583-03-20 22:31:34",0,1,0,0,2,583
2330,"0583-06-22 14:58:59",0,0,0,1,3,583
2331,"0583-09-23 11:56:46",1,0,0,0,4,583
2332,"0583-12-21 10:53:00",0,0,1,0,1,583
2333,"0584-03-20 04:21:06",0,1,0,0,2,584
2334,"0584-06-21 20:42:14",0,0,0,1,3,584
2335,"0584-09-22 17:47:05",1,0,0,0,4,584
2336,"0584-12-20 16:43:26",0,0,1,0,1,584
2337,"0585-03-20 10:00:03",0,1,0,0,2,585
2338,"0585-06-22 02:31:54",0,0,0,1,3,585
2339,"0585-09-22 23:44:55",1,0,0,0,4,585
2340,"0585-12-20 22:43:53",0,0,1,0,1,585
2341,"0586-03-20 15:57:51",0,1,0,0,2,586
2342,"0586-06-22 08:25:53",0,0,0,1,3,586
2343,"0586-09-23 05:26:38",1,0,0,0,4,586
2344,"0586-12-21 04:28:37",0,0,1,0,1,586
2345,"0587-03-20 21:49:32",0,1,0,0,2,587
2346,"0587-06-22 14:12:47",0,0,0,1,3,587
2347,"0587-09-23 11:17:18",1,0,0,0,4,587
2348,"0587-12-21 10:21:47",0,0,1,0,1,587
2349,"0588-03-20 03:41:50",0,1,0,0,2,588
2350,"0588-06-21 19:56:37",0,0,0,1,3,588
2351,"0588-09-22 17:07:20",1,0,0,0,4,588
2352,"0588-12-20 16:14:28",0,0,1,0,1,588
2353,"0589-03-20 09:33:53",0,1,0,0,2,589
2354,"0589-06-22 01:43:39",0,0,0,1,3,589
2355,"0589-09-22 22:51:54",1,0,0,0,4,589
2356,"0589-12-20 21:52:02",0,0,1,0,1,589
2357,"0590-03-20 15:13:29",0,1,0,0,2,590
2358,"0590-06-22 07:35:56",0,0,0,1,3,590
2359,"0590-09-23 04:43:35",1,0,0,0,4,590
2360,"0590-12-21 03:45:28",0,0,1,0,1,590
2361,"0591-03-20 21:07:51",0,1,0,0,2,591
2362,"0591-06-22 13:25:42",0,0,0,1,3,591
2363,"0591-09-23 10:22:44",1,0,0,0,4,591
2364,"0591-12-21 09:32:39",0,0,1,0,1,591
2365,"0592-03-20 02:53:59",0,1,0,0,2,592
2366,"0592-06-21 19:07:11",0,0,0,1,3,592
2367,"0592-09-22 16:07:54",1,0,0,0,4,592
2368,"0592-12-20 15:13:31",0,0,1,0,1,592
2369,"0593-03-20 08:28:33",0,1,0,0,2,593
2370,"0593-06-22 00:53:39",0,0,0,1,3,593
2371,"0593-09-22 22:05:33",1,0,0,0,4,593
2372,"0593-12-20 21:05:49",0,0,1,0,1,593
2373,"0594-03-20 14:22:06",0,1,0,0,2,594
2374,"0594-06-22 06:45:49",0,0,0,1,3,594
2375,"0594-09-23 03:50:01",1,0,0,0,4,594
2376,"0594-12-21 02:46:30",0,0,1,0,1,594
2377,"0595-03-20 20:07:49",0,1,0,0,2,595
2378,"0595-06-22 12:29:11",0,0,0,1,3,595
2379,"0595-09-23 09:40:22",1,0,0,0,4,595
2380,"0595-12-21 08:39:21",0,0,1,0,1,595
2381,"0596-03-20 01:51:59",0,1,0,0,2,596
2382,"0596-06-21 18:10:53",0,0,0,1,3,596
2383,"0596-09-22 15:32:41",1,0,0,0,4,596
2384,"0596-12-20 14:38:44",0,0,1,0,1,596
2385,"0597-03-20 07:42:23",0,1,0,0,2,597
2386,"0597-06-21 23:57:46",0,0,0,1,3,597
2387,"0597-09-22 21:17:19",1,0,0,0,4,597
2388,"0597-12-20 20:22:01",0,0,1,0,1,597
2389,"0598-03-20 13:24:55",0,1,0,0,2,598
2390,"0598-06-22 05:47:37",0,0,0,1,3,598
2391,"0598-09-23 03:09:45",1,0,0,0,4,598
2392,"0598-12-21 02:20:00",0,0,1,0,1,598
2393,"0599-03-20 19:26:34",0,1,0,0,2,599
2394,"0599-06-22 11:38:06",0,0,0,1,3,599
2395,"0599-09-23 08:54:09",1,0,0,0,4,599
2396,"0599-12-21 08:11:27",0,0,1,0,1,599
2397,"0600-03-21 01:22:28",0,1,0,0,2,600
2398,"0600-06-22 17:22:49",0,0,0,1,3,600
2399,"0600-09-23 14:42:18",1,0,0,0,4,600
2400,"0600-12-21 13:55:35",0,0,1,0,1,600
2401,"0601-03-21 07:03:52",0,1,0,0,2,601
2402,"0601-06-22 23:14:23",0,0,0,1,3,601
2403,"0601-09-23 20:41:40",1,0,0,0,4,601
2404,"0601-12-21 19:53:20",0,0,1,0,1,601
2405,"0602-03-21 13:02:06",0,1,0,0,2,602
2406,"0602-06-23 05:14:24",0,0,0,1,3,602
2407,"0602-09-24 02:27:08",1,0,0,0,4,602
2408,"0602-12-22 01:40:08",0,0,1,0,1,602
2409,"0603-03-21 18:53:25",0,1,0,0,2,603
2410,"0603-06-23 11:04:10",0,0,0,1,3,603
2411,"0603-09-24 08:16:21",1,0,0,0,4,603
2412,"0603-12-22 07:32:21",0,0,1,0,1,603
2413,"0604-03-21 00:39:12",0,1,0,0,2,604
2414,"0604-06-22 16:49:26",0,0,0,1,3,604
2415,"0604-09-23 14:10:09",1,0,0,0,4,604
2416,"0604-12-21 13:27:55",0,0,1,0,1,604
2417,"0605-03-21 06:32:36",0,1,0,0,2,605
2418,"0605-06-22 22:40:29",0,0,0,1,3,605
2419,"0605-09-23 19:58:54",1,0,0,0,4,605
2420,"0605-12-21 19:06:37",0,0,1,0,1,605
2421,"0606-03-21 12:14:02",0,1,0,0,2,606
2422,"0606-06-23 04:28:34",0,0,0,1,3,606
2423,"0606-09-24 01:52:18",1,0,0,0,4,606
2424,"0606-12-22 00:57:56",0,0,1,0,1,606
2425,"0607-03-21 18:06:20",0,1,0,0,2,607
2426,"0607-06-23 10:16:23",0,0,0,1,3,607
2427,"0607-09-24 07:38:12",1,0,0,0,4,607
2428,"0607-12-22 06:50:40",0,0,1,0,1,607
2429,"0608-03-20 23:55:21",0,1,0,0,2,608
2430,"0608-06-22 15:58:08",0,0,0,1,3,608
2431,"0608-09-23 13:23:09",1,0,0,0,4,608
2432,"0608-12-21 12:35:26",0,0,1,0,1,608
2433,"0609-03-21 05:28:21",0,1,0,0,2,609
2434,"0609-06-22 21:41:25",0,0,0,1,3,609
2435,"0609-09-23 19:16:20",1,0,0,0,4,609
2436,"0609-12-21 18:31:33",0,0,1,0,1,609
2437,"0610-03-21 11:22:49",0,1,0,0,2,610
2438,"0610-06-23 03:35:00",0,0,0,1,3,610
2439,"0610-09-24 00:58:37",1,0,0,0,4,610
2440,"0610-12-22 00:17:15",0,0,1,0,1,610
2441,"0611-03-21 17:15:48",0,1,0,0,2,611
2442,"0611-06-23 09:17:48",0,0,0,1,3,611
2443,"0611-09-24 06:43:58",1,0,0,0,4,611
2444,"0611-12-22 06:03:54",0,0,1,0,1,611
2445,"0612-03-20 22:59:50",0,1,0,0,2,612
2446,"0612-06-22 14:57:06",0,0,0,1,3,612
2447,"0612-09-23 12:34:48",1,0,0,0,4,612
2448,"0612-12-21 11:56:59",0,0,1,0,1,612
2449,"0613-03-21 04:52:56",0,1,0,0,2,613
2450,"0613-06-22 20:48:38",0,0,0,1,3,613
2451,"0613-09-23 18:20:59",1,0,0,0,4,613
2452,"0613-12-21 17:38:17",0,0,1,0,1,613
2453,"0614-03-21 10:34:23",0,1,0,0,2,614
2454,"0614-06-23 02:36:30",0,0,0,1,3,614
2455,"0614-09-24 00:07:53",1,0,0,0,4,614
2456,"0614-12-21 23:28:03",0,0,1,0,1,614
2457,"0615-03-21 16:24:50",0,1,0,0,2,615
2458,"0615-06-23 08:25:52",0,0,0,1,3,615
2459,"0615-09-24 05:52:23",1,0,0,0,4,615
2460,"0615-12-22 05:21:24",0,0,1,0,1,615
2461,"0616-03-20 22:18:58",0,1,0,0,2,616
2462,"0616-06-22 14:13:14",0,0,0,1,3,616
2463,"0616-09-23 11:39:37",1,0,0,0,4,616
2464,"0616-12-21 11:03:26",0,0,1,0,1,616
2465,"0617-03-21 03:55:14",0,1,0,0,2,617
2466,"0617-06-22 19:58:34",0,0,0,1,3,617
2467,"0617-09-23 17:37:02",1,0,0,0,4,617
2468,"0617-12-21 16:56:25",0,0,1,0,1,617
2469,"0618-03-21 09:51:19",0,1,0,0,2,618
2470,"0618-06-23 01:57:15",0,0,0,1,3,618
2471,"0618-09-23 23:28:40",1,0,0,0,4,618
2472,"0618-12-21 22:46:13",0,0,1,0,1,618
2473,"0619-03-21 15:45:43",0,1,0,0,2,619
2474,"0619-06-23 07:44:48",0,0,0,1,3,619
2475,"0619-09-24 05:18:35",1,0,0,0,4,619
2476,"0619-12-22 04:38:43",0,0,1,0,1,619
2477,"0620-03-20 21:28:18",0,1,0,0,2,620
2478,"0620-06-22 13:26:52",0,0,0,1,3,620
2479,"0620-09-23 11:13:18",1,0,0,0,4,620
2480,"0620-12-21 10:40:29",0,0,1,0,1,620
2481,"0621-03-21 03:23:46",0,1,0,0,2,621
2482,"0621-06-22 19:22:27",0,0,0,1,3,621
2483,"0621-09-23 17:03:05",1,0,0,0,4,621
2484,"0621-12-21 16:28:35",0,0,1,0,1,621
2485,"0622-03-21 09:11:46",0,1,0,0,2,622
2486,"0622-06-23 01:11:43",0,0,0,1,3,622
2487,"0622-09-23 22:51:57",1,0,0,0,4,622
2488,"0622-12-21 22:20:05",0,0,1,0,1,622
2489,"0623-03-21 15:07:59",0,1,0,0,2,623
2490,"0623-06-23 07:00:41",0,0,0,1,3,623
2491,"0623-09-24 04:40:21",1,0,0,0,4,623
2492,"0623-12-22 04:13:48",0,0,1,0,1,623
2493,"0624-03-20 21:05:58",0,1,0,0,2,624
2494,"0624-06-22 12:49:23",0,0,0,1,3,624
2495,"0624-09-23 10:28:23",1,0,0,0,4,624
2496,"0624-12-21 09:56:09",0,0,1,0,1,624
2497,"0625-03-21 02:42:42",0,1,0,0,2,625
2498,"0625-06-22 18:34:05",0,0,0,1,3,625
2499,"0625-09-23 16:20:37",1,0,0,0,4,625
2500,"0625-12-21 15:47:53",0,0,1,0,1,625
2501,"0626-03-21 08:34:11",0,1,0,0,2,626
2502,"0626-06-23 00:31:49",0,0,0,1,3,626
2503,"0626-09-23 22:07:24",1,0,0,0,4,626
2504,"0626-12-21 21:36:12",0,0,1,0,1,626
2505,"0627-03-21 14:25:57",0,1,0,0,2,627
2506,"0627-06-23 06:18:22",0,0,0,1,3,627
2507,"0627-09-24 03:50:44",1,0,0,0,4,627
2508,"0627-12-22 03:21:39",0,0,1,0,1,627
2509,"0628-03-20 20:03:55",0,1,0,0,2,628
2510,"0628-06-22 11:55:05",0,0,0,1,3,628
2511,"0628-09-23 09:41:09",1,0,0,0,4,628
2512,"0628-12-21 09:13:22",0,0,1,0,1,628
2513,"0629-03-21 01:53:36",0,1,0,0,2,629
2514,"0629-06-22 17:45:53",0,0,0,1,3,629
2515,"0629-09-23 15:30:11",1,0,0,0,4,629
2516,"0629-12-21 14:53:10",0,0,1,0,1,629
2517,"0630-03-21 07:35:49",0,1,0,0,2,630
2518,"0630-06-22 23:29:29",0,0,0,1,3,630
2519,"0630-09-23 21:16:48",1,0,0,0,4,630
2520,"0630-12-21 20:39:54",0,0,1,0,1,630
2521,"0631-03-21 13:22:55",0,1,0,0,2,631
2522,"0631-06-23 05:12:21",0,0,0,1,3,631
2523,"0631-09-24 03:02:48",1,0,0,0,4,631
2524,"0631-12-22 02:34:17",0,0,1,0,1,631
2525,"0632-03-20 19:13:36",0,1,0,0,2,632
2526,"0632-06-22 10:58:23",0,0,0,1,3,632
2527,"0632-09-23 08:48:52",1,0,0,0,4,632
2528,"0632-12-21 08:21:17",0,0,1,0,1,632
2529,"0633-03-21 00:50:03",0,1,0,0,2,633
2530,"0633-06-22 16:40:31",0,0,0,1,3,633
2531,"0633-09-23 14:38:23",1,0,0,0,4,633
2532,"0633-12-21 14:14:48",0,0,1,0,1,633
2533,"0634-03-21 06:43:42",0,1,0,0,2,634
2534,"0634-06-22 22:36:11",0,0,0,1,3,634
2535,"0634-09-23 20:26:55",1,0,0,0,4,634
2536,"0634-12-21 20:06:02",0,0,1,0,1,634
2537,"0635-03-21 12:44:45",0,1,0,0,2,635
2538,"0635-06-23 04:25:53",0,0,0,1,3,635
2539,"0635-09-24 02:14:33",1,0,0,0,4,635
2540,"0635-12-22 01:54:27",0,0,1,0,1,635
2541,"0636-03-20 18:29:59",0,1,0,0,2,636
2542,"0636-06-22 10:05:31",0,0,0,1,3,636
2543,"0636-09-23 08:06:51",1,0,0,0,4,636
2544,"0636-12-21 07:49:07",0,0,1,0,1,636
2545,"0637-03-21 00:24:48",0,1,0,0,2,637
2546,"0637-06-22 16:05:11",0,0,0,1,3,637
2547,"0637-09-23 14:00:22",1,0,0,0,4,637
2548,"0637-12-21 13:37:37",0,0,1,0,1,637
2549,"0638-03-21 06:14:43",0,1,0,0,2,638
2550,"0638-06-22 21:58:41",0,0,0,1,3,638
2551,"0638-09-23 19:48:21",1,0,0,0,4,638
2552,"0638-12-21 19:27:24",0,0,1,0,1,638
2553,"0639-03-21 12:04:48",0,1,0,0,2,639
2554,"0639-06-23 03:47:29",0,0,0,1,3,639
2555,"0639-09-24 01:36:50",1,0,0,0,4,639
2556,"0639-12-22 01:22:27",0,0,1,0,1,639
2557,"0640-03-20 18:00:19",0,1,0,0,2,640
2558,"0640-06-22 09:40:41",0,0,0,1,3,640
2559,"0640-09-23 07:29:38",1,0,0,0,4,640
2560,"0640-12-21 07:08:23",0,0,1,0,1,640
2561,"0641-03-20 23:39:44",0,1,0,0,2,641
2562,"0641-06-22 15:24:45",0,0,0,1,3,641
2563,"0641-09-23 13:23:29",1,0,0,0,4,641
2564,"0641-12-21 12:56:50",0,0,1,0,1,641
2565,"0642-03-21 05:29:20",0,1,0,0,2,642
2566,"0642-06-22 21:19:22",0,0,0,1,3,642
2567,"0642-09-23 19:16:12",1,0,0,0,4,642
2568,"0642-12-21 18:48:31",0,0,1,0,1,642
2569,"0643-03-21 11:25:08",0,1,0,0,2,643
2570,"0643-06-23 03:08:11",0,0,0,1,3,643
2571,"0643-09-24 01:04:31",1,0,0,0,4,643
2572,"0643-12-22 00:40:10",0,0,1,0,1,643
2573,"0644-03-20 17:02:53",0,1,0,0,2,644
2574,"0644-06-22 08:41:14",0,0,0,1,3,644
2575,"0644-09-23 06:51:15",1,0,0,0,4,644
2576,"0644-12-21 06:34:46",0,0,1,0,1,644
2577,"0645-03-20 22:51:41",0,1,0,0,2,645
2578,"0645-06-22 14:34:01",0,0,0,1,3,645
2579,"0645-09-23 12:41:13",1,0,0,0,4,645
2580,"0645-12-21 12:24:24",0,0,1,0,1,645
2581,"0646-03-21 04:42:48",0,1,0,0,2,646
2582,"0646-06-22 20:20:34",0,0,0,1,3,646
2583,"0646-09-23 18:23:33",1,0,0,0,4,646
2584,"0646-12-21 18:08:34",0,0,1,0,1,646
2585,"0647-03-21 10:31:54",0,1,0,0,2,647
2586,"0647-06-23 01:59:57",0,0,0,1,3,647
2587,"0647-09-24 00:06:04",1,0,0,0,4,647
2588,"0647-12-21 23:57:59",0,0,1,0,1,647
2589,"0648-03-20 16:26:38",0,1,0,0,2,648
2590,"0648-06-22 07:50:40",0,0,0,1,3,648
2591,"0648-09-23 05:55:16",1,0,0,0,4,648
2592,"0648-12-21 05:42:25",0,0,1,0,1,648
2593,"0649-03-20 22:04:48",0,1,0,0,2,649
2594,"0649-06-22 13:33:43",0,0,0,1,3,649
2595,"0649-09-23 11:41:09",1,0,0,0,4,649
2596,"0649-12-21 11:28:16",0,0,1,0,1,649
2597,"0650-03-21 03:51:11",0,1,0,0,2,650
2598,"0650-06-22 19:28:16",0,0,0,1,3,650
2599,"0650-09-23 17:28:40",1,0,0,0,4,650
2600,"0650-12-21 17:18:20",0,0,1,0,1,650
2601,"0651-03-21 09:46:45",0,1,0,0,2,651
2602,"0651-06-23 01:20:15",0,0,0,1,3,651
2603,"0651-09-23 23:15:24",1,0,0,0,4,651
2604,"0651-12-21 23:06:43",0,0,1,0,1,651
2605,"0652-03-20 15:26:40",0,1,0,0,2,652
2606,"0652-06-22 06:55:29",0,0,0,1,3,652
2607,"0652-09-23 05:03:54",1,0,0,0,4,652
2608,"0652-12-21 04:55:44",0,0,1,0,1,652
2609,"0653-03-20 21:15:37",0,1,0,0,2,653
2610,"0653-06-22 12:50:46",0,0,0,1,3,653
2611,"0653-09-23 11:00:48",1,0,0,0,4,653
2612,"0653-12-21 10:43:26",0,0,1,0,1,653
2613,"0654-03-21 03:07:12",0,1,0,0,2,654
2614,"0654-06-22 18:42:47",0,0,0,1,3,654
2615,"0654-09-23 16:50:46",1,0,0,0,4,654
2616,"0654-12-21 16:32:25",0,0,1,0,1,654
2617,"0655-03-21 08:55:08",0,1,0,0,2,655
2618,"0655-06-23 00:24:34",0,0,0,1,3,655
2619,"0655-09-23 22:37:50",1,0,0,0,4,655
2620,"0655-12-21 22:29:04",0,0,1,0,1,655
2621,"0656-03-20 14:47:45",0,1,0,0,2,656
2622,"0656-06-22 06:18:23",0,0,0,1,3,656
2623,"0656-09-23 04:32:47",1,0,0,0,4,656
2624,"0656-12-21 04:23:25",0,0,1,0,1,656
2625,"0657-03-20 20:31:37",0,1,0,0,2,657
2626,"0657-06-22 12:04:47",0,0,0,1,3,657
2627,"0657-09-23 10:22:00",1,0,0,0,4,657
2628,"0657-12-21 10:15:00",0,0,1,0,1,657
2629,"0658-03-21 02:24:27",0,1,0,0,2,658
2630,"0658-06-22 17:58:33",0,0,0,1,3,658
2631,"0658-09-23 16:13:16",1,0,0,0,4,658
2632,"0658-12-21 16:07:43",0,0,1,0,1,658
2633,"0659-03-21 08:26:49",0,1,0,0,2,659
2634,"0659-06-22 23:52:27",0,0,0,1,3,659
2635,"0659-09-23 22:04:36",1,0,0,0,4,659
2636,"0659-12-21 21:59:24",0,0,1,0,1,659
2637,"0660-03-20 14:12:13",0,1,0,0,2,660
2638,"0660-06-22 05:29:05",0,0,0,1,3,660
2639,"0660-09-23 03:52:36",1,0,0,0,4,660
2640,"0660-12-21 03:50:03",0,0,1,0,1,660
2641,"0661-03-20 20:00:15",0,1,0,0,2,661
2642,"0661-06-22 11:24:33",0,0,0,1,3,661
2643,"0661-09-23 09:45:26",1,0,0,0,4,661
2644,"0661-12-21 09:38:35",0,0,1,0,1,661
2645,"0662-03-21 01:51:10",0,1,0,0,2,662
2646,"0662-06-22 17:18:06",0,0,0,1,3,662
2647,"0662-09-23 15:30:02",1,0,0,0,4,662
2648,"0662-12-21 15:26:29",0,0,1,0,1,662
2649,"0663-03-21 07:38:44",0,1,0,0,2,663
2650,"0663-06-22 22:57:21",0,0,0,1,3,663
2651,"0663-09-23 21:10:28",1,0,0,0,4,663
2652,"0663-12-21 21:14:13",0,0,1,0,1,663
2653,"0664-03-20 13:26:49",0,1,0,0,2,664
2654,"0664-06-22 04:47:29",0,0,0,1,3,664
2655,"0664-09-23 03:03:34",1,0,0,0,4,664
2656,"0664-12-21 02:59:45",0,0,1,0,1,664
2657,"0665-03-20 19:08:09",0,1,0,0,2,665
2658,"0665-06-22 10:31:31",0,0,0,1,3,665
2659,"0665-09-23 08:51:36",1,0,0,0,4,665
2660,"0665-12-21 08:42:54",0,0,1,0,1,665
2661,"0666-03-21 00:52:23",0,1,0,0,2,666
2662,"0666-06-22 16:18:19",0,0,0,1,3,666
2663,"0666-09-23 14:39:00",1,0,0,0,4,666
2664,"0666-12-21 14:31:11",0,0,1,0,1,666
2665,"0667-03-21 06:44:47",0,1,0,0,2,667
2666,"0667-06-22 22:08:52",0,0,0,1,3,667
2667,"0667-09-23 20:28:37",1,0,0,0,4,667
2668,"0667-12-21 20:25:29",0,0,1,0,1,667
2669,"0668-03-20 12:24:40",0,1,0,0,2,668
2670,"0668-06-22 03:41:24",0,0,0,1,3,668
2671,"0668-09-23 02:11:38",1,0,0,0,4,668
2672,"0668-12-21 02:15:37",0,0,1,0,1,668
2673,"0669-03-20 18:09:51",0,1,0,0,2,669
2674,"0669-06-22 09:32:41",0,0,0,1,3,669
2675,"0669-09-23 08:03:17",1,0,0,0,4,669
2676,"0669-12-21 08:05:36",0,0,1,0,1,669
2677,"0670-03-21 00:05:38",0,1,0,0,2,670
2678,"0670-06-22 15:26:11",0,0,0,1,3,670
2679,"0670-09-23 13:50:43",1,0,0,0,4,670
2680,"0670-12-21 13:54:14",0,0,1,0,1,670
2681,"0671-03-21 05:58:25",0,1,0,0,2,671
2682,"0671-06-22 21:04:37",0,0,0,1,3,671
2683,"0671-09-23 19:32:29",1,0,0,0,4,671
2684,"0671-12-21 19:42:12",0,0,1,0,1,671
2685,"0672-03-20 11:49:50",0,1,0,0,2,672
2686,"0672-06-22 02:58:34",0,0,0,1,3,672
2687,"0672-09-23 01:28:52",1,0,0,0,4,672
2688,"0672-12-21 01:33:34",0,0,1,0,1,672
2689,"0673-03-20 17:36:02",0,1,0,0,2,673
2690,"0673-06-22 08:50:24",0,0,0,1,3,673
2691,"0673-09-23 07:18:15",1,0,0,0,4,673
2692,"0673-12-21 07:22:11",0,0,1,0,1,673
2693,"0674-03-20 23:23:54",0,1,0,0,2,674
2694,"0674-06-22 14:42:27",0,0,0,1,3,674
2695,"0674-09-23 13:05:41",1,0,0,0,4,674
2696,"0674-12-21 13:12:42",0,0,1,0,1,674
2697,"0675-03-21 05:20:15",0,1,0,0,2,675
2698,"0675-06-22 20:39:49",0,0,0,1,3,675
2699,"0675-09-23 19:01:16",1,0,0,0,4,675
2700,"0675-12-21 19:08:41",0,0,1,0,1,675
2701,"0676-03-20 11:05:47",0,1,0,0,2,676
2702,"0676-06-22 02:17:22",0,0,0,1,3,676
2703,"0676-09-23 00:49:30",1,0,0,0,4,676
2704,"0676-12-21 00:55:36",0,0,1,0,1,676
2705,"0677-03-20 16:52:00",0,1,0,0,2,677
2706,"0677-06-22 08:09:32",0,0,0,1,3,677
2707,"0677-09-23 06:47:02",1,0,0,0,4,677
2708,"0677-12-21 06:46:12",0,0,1,0,1,677
2709,"0678-03-20 22:46:39",0,1,0,0,2,678
2710,"0678-06-22 14:05:13",0,0,0,1,3,678
2711,"0678-09-23 12:39:05",1,0,0,0,4,678
2712,"0678-12-21 12:39:08",0,0,1,0,1,678
2713,"0679-03-21 04:35:38",0,1,0,0,2,679
2714,"0679-06-22 19:41:46",0,0,0,1,3,679
2715,"0679-09-23 18:18:48",1,0,0,0,4,679
2716,"0679-12-21 18:30:29",0,0,1,0,1,679
2717,"0680-03-20 10:22:56",0,1,0,0,2,680
2718,"0680-06-22 01:32:41",0,0,0,1,3,680
2719,"0680-09-23 00:13:18",1,0,0,0,4,680
2720,"0680-12-21 00:24:43",0,0,1,0,1,680
2721,"0681-03-20 16:09:44",0,1,0,0,2,681
2722,"0681-06-22 07:21:35",0,0,0,1,3,681
2723,"0681-09-23 05:59:32",1,0,0,0,4,681
2724,"0681-12-21 06:12:31",0,0,1,0,1,681
2725,"0682-03-20 22:00:15",0,1,0,0,2,682
2726,"0682-06-22 13:07:20",0,0,0,1,3,682
2727,"0682-09-23 11:42:32",1,0,0,0,4,682
2728,"0682-12-21 11:57:28",0,0,1,0,1,682
2729,"0683-03-21 03:56:01",0,1,0,0,2,683
2730,"0683-06-22 18:59:59",0,0,0,1,3,683
2731,"0683-09-23 17:35:12",1,0,0,0,4,683
2732,"0683-12-21 17:49:39",0,0,1,0,1,683
2733,"0684-03-20 09:41:14",0,1,0,0,2,684
2734,"0684-06-22 00:37:24",0,0,0,1,3,684
2735,"0684-09-22 23:18:29",1,0,0,0,4,684
2736,"0684-12-20 23:34:15",0,0,1,0,1,684
2737,"0685-03-20 15:23:49",0,1,0,0,2,685
2738,"0685-06-22 06:27:33",0,0,0,1,3,685
2739,"0685-09-23 05:08:10",1,0,0,0,4,685
2740,"0685-12-21 05:20:19",0,0,1,0,1,685
2741,"0686-03-20 21:13:16",0,1,0,0,2,686
2742,"0686-06-22 12:24:05",0,0,0,1,3,686
2743,"0686-09-23 10:56:53",1,0,0,0,4,686
2744,"0686-12-21 11:10:42",0,0,1,0,1,686
2745,"0687-03-21 03:02:00",0,1,0,0,2,687
2746,"0687-06-22 18:00:47",0,0,0,1,3,687
2747,"0687-09-23 16:34:23",1,0,0,0,4,687
2748,"0687-12-21 16:54:34",0,0,1,0,1,687
2749,"0688-03-20 08:45:47",0,1,0,0,2,688
2750,"0688-06-21 23:49:03",0,0,0,1,3,688
2751,"0688-09-22 22:30:59",1,0,0,0,4,688
2752,"0688-12-20 22:42:21",0,0,1,0,1,688
2753,"0689-03-20 14:30:32",0,1,0,0,2,689
2754,"0689-06-22 05:39:12",0,0,0,1,3,689
2755,"0689-09-23 04:22:52",1,0,0,0,4,689
2756,"0689-12-21 04:30:11",0,0,1,0,1,689
2757,"0690-03-20 20:18:06",0,1,0,0,2,690
2758,"0690-06-22 11:24:10",0,0,0,1,3,690
2759,"0690-09-23 10:08:10",1,0,0,0,4,690
2760,"0690-12-21 10:18:13",0,0,1,0,1,690
2761,"0691-03-21 02:08:14",0,1,0,0,2,691
2762,"0691-06-22 17:16:36",0,0,0,1,3,691
2763,"0691-09-23 16:03:49",1,0,0,0,4,691
2764,"0691-12-21 16:18:58",0,0,1,0,1,691
2765,"0692-03-20 07:54:57",0,1,0,0,2,692
2766,"0692-06-21 22:56:33",0,0,0,1,3,692
2767,"0692-09-22 21:50:32",1,0,0,0,4,692
2768,"0692-12-20 22:12:35",0,0,1,0,1,692
2769,"0693-03-20 13:43:15",0,1,0,0,2,693
2770,"0693-06-22 04:45:39",0,0,0,1,3,693
2771,"0693-09-23 03:41:15",1,0,0,0,4,693
2772,"0693-12-21 04:01:43",0,0,1,0,1,693
2773,"0694-03-20 19:39:54",0,1,0,0,2,694
2774,"0694-06-22 10:43:37",0,0,0,1,3,694
2775,"0694-09-23 09:35:24",1,0,0,0,4,694
2776,"0694-12-21 09:57:25",0,0,1,0,1,694
2777,"0695-03-21 01:39:48",0,1,0,0,2,695
2778,"0695-06-22 16:24:47",0,0,0,1,3,695
2779,"0695-09-23 15:15:52",1,0,0,0,4,695
2780,"0695-12-21 15:44:18",0,0,1,0,1,695
2781,"0696-03-20 07:27:58",0,1,0,0,2,696
2782,"0696-06-21 22:16:00",0,0,0,1,3,696
2783,"0696-09-22 21:11:46",1,0,0,0,4,696
2784,"0696-12-20 21:35:48",0,0,1,0,1,696
2785,"0697-03-20 13:16:01",0,1,0,0,2,697
2786,"0697-06-22 04:13:13",0,0,0,1,3,697
2787,"0697-09-23 03:03:18",1,0,0,0,4,697
2788,"0697-12-21 03:27:27",0,0,1,0,1,697
2789,"0698-03-20 19:06:33",0,1,0,0,2,698
2790,"0698-06-22 10:01:10",0,0,0,1,3,698
2791,"0698-09-23 08:44:02",1,0,0,0,4,698
2792,"0698-12-21 09:11:12",0,0,1,0,1,698
2793,"0699-03-21 00:56:15",0,1,0,0,2,699
2794,"0699-06-22 15:54:30",0,0,0,1,3,699
2795,"0699-09-23 14:39:23",1,0,0,0,4,699
2796,"0699-12-21 15:05:39",0,0,1,0,1,699
2797,"0700-03-21 06:42:41",0,1,0,0,2,700
2798,"0700-06-22 21:35:10",0,0,0,1,3,700
2799,"0700-09-23 20:27:13",1,0,0,0,4,700
2800,"0700-12-21 20:50:37",0,0,1,0,1,700
2801,"0701-03-21 12:26:03",0,1,0,0,2,701
2802,"0701-06-23 03:20:36",0,0,0,1,3,701
2803,"0701-09-24 02:17:15",1,0,0,0,4,701
2804,"0701-12-22 02:33:19",0,0,1,0,1,701
2805,"0702-03-21 18:13:07",0,1,0,0,2,702
2806,"0702-06-23 09:14:43",0,0,0,1,3,702
2807,"0702-09-24 08:11:21",1,0,0,0,4,702
2808,"0702-12-22 08:28:47",0,0,1,0,1,702
2809,"0703-03-22 00:03:27",0,1,0,0,2,703
2810,"0703-06-23 14:50:54",0,0,0,1,3,703
2811,"0703-09-24 13:47:37",1,0,0,0,4,703
2812,"0703-12-22 14:15:57",0,0,1,0,1,703
2813,"0704-03-21 05:44:31",0,1,0,0,2,704
2814,"0704-06-22 20:34:19",0,0,0,1,3,704
2815,"0704-09-23 19:38:11",1,0,0,0,4,704
2816,"0704-12-21 20:06:30",0,0,1,0,1,704
2817,"0705-03-21 11:29:57",0,1,0,0,2,705
2818,"0705-06-23 02:26:01",0,0,0,1,3,705
2819,"0705-09-24 01:28:22",1,0,0,0,4,705
2820,"0705-12-22 01:57:30",0,0,1,0,1,705
2821,"0706-03-21 17:23:28",0,1,0,0,2,706
2822,"0706-06-23 08:09:03",0,0,0,1,3,706
2823,"0706-09-24 07:06:49",1,0,0,0,4,706
2824,"0706-12-22 07:38:09",0,0,1,0,1,706
2825,"0707-03-21 23:14:20",0,1,0,0,2,707
2826,"0707-06-23 13:59:16",0,0,0,1,3,707
2827,"0707-09-24 13:01:51",1,0,0,0,4,707
2828,"0707-12-22 13:33:43",0,0,1,0,1,707
2829,"0708-03-21 05:01:58",0,1,0,0,2,708
2830,"0708-06-22 19:42:52",0,0,0,1,3,708
2831,"0708-09-23 18:48:42",1,0,0,0,4,708
2832,"0708-12-21 19:22:30",0,0,1,0,1,708
2833,"0709-03-21 10:47:25",0,1,0,0,2,709
2834,"0709-06-23 01:31:31",0,0,0,1,3,709
2835,"0709-09-24 00:35:15",1,0,0,0,4,709
2836,"0709-12-22 01:07:49",0,0,1,0,1,709
2837,"0710-03-21 16:37:29",0,1,0,0,2,710
2838,"0710-06-23 07:30:44",0,0,0,1,3,710
2839,"0710-09-24 06:30:45",1,0,0,0,4,710
2840,"0710-12-22 07:04:40",0,0,1,0,1,710
2841,"0711-03-21 22:33:29",0,1,0,0,2,711
2842,"0711-06-23 13:13:21",0,0,0,1,3,711
2843,"0711-09-24 12:11:14",1,0,0,0,4,711
2844,"0711-12-22 12:50:58",0,0,1,0,1,711
2845,"0712-03-21 04:20:00",0,1,0,0,2,712
2846,"0712-06-22 19:00:49",0,0,0,1,3,712
2847,"0712-09-23 18:08:00",1,0,0,0,4,712
2848,"0712-12-21 18:39:20",0,0,1,0,1,712
2849,"0713-03-21 10:06:20",0,1,0,0,2,713
2850,"0713-06-23 00:57:15",0,0,0,1,3,713
2851,"0713-09-24 00:06:44",1,0,0,0,4,713
2852,"0713-12-22 00:34:17",0,0,1,0,1,713
2853,"0714-03-21 16:00:57",0,1,0,0,2,714
2854,"0714-06-23 06:45:01",0,0,0,1,3,714
2855,"0714-09-24 05:49:30",1,0,0,0,4,714
2856,"0714-12-22 06:20:57",0,0,1,0,1,714
2857,"0715-03-21 21:49:19",0,1,0,0,2,715
2858,"0715-06-23 12:35:11",0,0,0,1,3,715
2859,"0715-09-24 11:45:04",1,0,0,0,4,715
2860,"0715-12-22 12:21:43",0,0,1,0,1,715
2861,"0716-03-21 03:37:05",0,1,0,0,2,716
2862,"0716-06-22 18:20:40",0,0,0,1,3,716
2863,"0716-09-23 17:34:46",1,0,0,0,4,716
2864,"0716-12-21 18:16:13",0,0,1,0,1,716
2865,"0717-03-21 09:27:50",0,1,0,0,2,717
2866,"0717-06-23 00:07:40",0,0,0,1,3,717
2867,"0717-09-23 23:20:16",1,0,0,0,4,717
2868,"0717-12-21 23:58:42",0,0,1,0,1,717
2869,"0718-03-21 15:19:08",0,1,0,0,2,718
2870,"0718-06-23 06:02:52",0,0,0,1,3,718
2871,"0718-09-24 05:16:03",1,0,0,0,4,718
2872,"0718-12-22 05:53:22",0,0,1,0,1,718
2873,"0719-03-21 21:17:11",0,1,0,0,2,719
2874,"0719-06-23 11:44:52",0,0,0,1,3,719
2875,"0719-09-24 10:55:02",1,0,0,0,4,719
2876,"0719-12-22 11:38:43",0,0,1,0,1,719
2877,"0720-03-21 03:00:53",0,1,0,0,2,720
2878,"0720-06-22 17:28:52",0,0,0,1,3,720
2879,"0720-09-23 16:44:06",1,0,0,0,4,720
2880,"0720-12-21 17:23:17",0,0,1,0,1,720
2881,"0721-03-21 08:40:50",0,1,0,0,2,721
2882,"0721-06-22 23:23:26",0,0,0,1,3,721
2883,"0721-09-23 22:36:47",1,0,0,0,4,721
2884,"0721-12-21 23:15:55",0,0,1,0,1,721
2885,"0722-03-21 14:32:42",0,1,0,0,2,722
2886,"0722-06-23 05:09:42",0,0,0,1,3,722
2887,"0722-09-24 04:13:42",1,0,0,0,4,722
2888,"0722-12-22 04:55:46",0,0,1,0,1,722
2889,"0723-03-21 20:16:26",0,1,0,0,2,723
2890,"0723-06-23 10:54:06",0,0,0,1,3,723
2891,"0723-09-24 10:04:33",1,0,0,0,4,723
2892,"0723-12-22 10:46:18",0,0,1,0,1,723
2893,"0724-03-21 01:59:14",0,1,0,0,2,724
2894,"0724-06-22 16:36:28",0,0,0,1,3,724
2895,"0724-09-23 15:56:26",1,0,0,0,4,724
2896,"0724-12-21 16:36:42",0,0,1,0,1,724
2897,"0725-03-21 07:46:52",0,1,0,0,2,725
2898,"0725-06-22 22:20:21",0,0,0,1,3,725
2899,"0725-09-23 21:41:07",1,0,0,0,4,725
2900,"0725-12-21 22:15:49",0,0,1,0,1,725
2901,"0726-03-21 13:30:13",0,1,0,0,2,726
2902,"0726-06-23 04:11:36",0,0,0,1,3,726
2903,"0726-09-24 03:35:55",1,0,0,0,4,726
2904,"0726-12-22 04:14:36",0,0,1,0,1,726
2905,"0727-03-21 19:25:36",0,1,0,0,2,727
2906,"0727-06-23 09:54:41",0,0,0,1,3,727
2907,"0727-09-24 09:16:24",1,0,0,0,4,727
2908,"0727-12-22 10:07:24",0,0,1,0,1,727
2909,"0728-03-21 01:11:38",0,1,0,0,2,728
2910,"0728-06-22 15:37:58",0,0,0,1,3,728
2911,"0728-09-23 15:04:51",1,0,0,0,4,728
2912,"0728-12-21 15:55:18",0,0,1,0,1,728
2913,"0729-03-21 06:57:37",0,1,0,0,2,729
2914,"0729-06-22 21:34:12",0,0,0,1,3,729
2915,"0729-09-23 21:02:30",1,0,0,0,4,729
2916,"0729-12-21 21:52:32",0,0,1,0,1,729
2917,"0730-03-21 13:00:22",0,1,0,0,2,730
2918,"0730-06-23 03:25:03",0,0,0,1,3,730
2919,"0730-09-24 02:44:19",1,0,0,0,4,730
2920,"0730-12-22 03:36:02",0,0,1,0,1,730
2921,"0731-03-21 18:52:44",0,1,0,0,2,731
2922,"0731-06-23 09:14:25",0,0,0,1,3,731
2923,"0731-09-24 08:38:27",1,0,0,0,4,731
2924,"0731-12-22 09:31:05",0,0,1,0,1,731
2925,"0732-03-21 00:40:13",0,1,0,0,2,732
2926,"0732-06-22 15:05:22",0,0,0,1,3,732
2927,"0732-09-23 14:33:56",1,0,0,0,4,732
2928,"0732-12-21 15:27:29",0,0,1,0,1,732
2929,"0733-03-21 06:32:59",0,1,0,0,2,733
2930,"0733-06-22 20:58:11",0,0,0,1,3,733
2931,"0733-09-23 20:19:20",1,0,0,0,4,733
2932,"0733-12-21 21:09:15",0,0,1,0,1,733
2933,"0734-03-21 12:19:49",0,1,0,0,2,734
2934,"0734-06-23 02:53:53",0,0,0,1,3,734
2935,"0734-09-24 02:15:15",1,0,0,0,4,734
2936,"0734-12-22 03:05:55",0,0,1,0,1,734
2937,"0735-03-21 18:15:56",0,1,0,0,2,735
2938,"0735-06-23 08:39:48",0,0,0,1,3,735
2939,"0735-09-24 07:59:53",1,0,0,0,4,735
2940,"0735-12-22 08:54:43",0,0,1,0,1,735
2941,"0736-03-21 00:02:03",0,1,0,0,2,736
2942,"0736-06-22 14:22:22",0,0,0,1,3,736
2943,"0736-09-23 13:50:04",1,0,0,0,4,736
2944,"0736-12-21 14:35:50",0,0,1,0,1,736
2945,"0737-03-21 05:40:57",0,1,0,0,2,737
2946,"0737-06-22 20:14:38",0,0,0,1,3,737
2947,"0737-09-23 19:48:54",1,0,0,0,4,737
2948,"0737-12-21 20:30:59",0,0,1,0,1,737
2949,"0738-03-21 11:34:43",0,1,0,0,2,738
2950,"0738-06-23 02:01:34",0,0,0,1,3,738
2951,"0738-09-24 01:27:48",1,0,0,0,4,738
2952,"0738-12-22 02:15:55",0,0,1,0,1,738
2953,"0739-03-21 17:18:40",0,1,0,0,2,739
2954,"0739-06-23 07:42:35",0,0,0,1,3,739
2955,"0739-09-24 07:15:16",1,0,0,0,4,739
2956,"0739-12-22 08:10:23",0,0,1,0,1,739
2957,"0740-03-20 22:59:01",0,1,0,0,2,740
2958,"0740-06-22 13:24:50",0,0,0,1,3,740
2959,"0740-09-23 13:05:35",1,0,0,0,4,740
2960,"0740-12-21 14:04:55",0,0,1,0,1,740
2961,"0741-03-21 04:51:43",0,1,0,0,2,741
2962,"0741-06-22 19:10:37",0,0,0,1,3,741
2963,"0741-09-23 18:45:45",1,0,0,0,4,741
2964,"0741-12-21 19:42:52",0,0,1,0,1,741
2965,"0742-03-21 10:40:28",0,1,0,0,2,742
2966,"0742-06-23 00:59:18",0,0,0,1,3,742
2967,"0742-09-24 00:37:06",1,0,0,0,4,742
2968,"0742-12-22 01:34:51",0,0,1,0,1,742
2969,"0743-03-21 16:35:34",0,1,0,0,2,743
2970,"0743-06-23 06:43:29",0,0,0,1,3,743
2971,"0743-09-24 06:19:18",1,0,0,0,4,743
2972,"0743-12-22 07:24:38",0,0,1,0,1,743
2973,"0744-03-20 22:23:20",0,1,0,0,2,744
2974,"0744-06-22 12:28:40",0,0,0,1,3,744
2975,"0744-09-23 12:04:44",1,0,0,0,4,744
2976,"0744-12-21 13:05:45",0,0,1,0,1,744
2977,"0745-03-21 04:01:32",0,1,0,0,2,745
2978,"0745-06-22 18:23:11",0,0,0,1,3,745
2979,"0745-09-23 18:00:24",1,0,0,0,4,745
2980,"0745-12-21 19:00:39",0,0,1,0,1,745
2981,"0746-03-21 09:58:28",0,1,0,0,2,746
2982,"0746-06-23 00:16:40",0,0,0,1,3,746
2983,"0746-09-23 23:42:07",1,0,0,0,4,746
2984,"0746-12-22 00:45:32",0,0,1,0,1,746
2985,"0747-03-21 15:47:24",0,1,0,0,2,747
2986,"0747-06-23 06:01:43",0,0,0,1,3,747
2987,"0747-09-24 05:33:08",1,0,0,0,4,747
2988,"0747-12-22 06:34:52",0,0,1,0,1,747
2989,"0748-03-20 21:28:59",0,1,0,0,2,748
2990,"0748-06-22 11:49:03",0,0,0,1,3,748
2991,"0748-09-23 11:33:49",1,0,0,0,4,748
2992,"0748-12-21 12:31:29",0,0,1,0,1,748
2993,"0749-03-21 03:24:14",0,1,0,0,2,749
2994,"0749-06-22 17:41:51",0,0,0,1,3,749
2995,"0749-09-23 17:22:33",1,0,0,0,4,749
2996,"0749-12-21 18:15:10",0,0,1,0,1,749
2997,"0750-03-21 09:10:49",0,1,0,0,2,750
2998,"0750-06-22 23:32:24",0,0,0,1,3,750
2999,"0750-09-23 23:17:36",1,0,0,0,4,750
3000,"0750-12-22 00:14:46",0,0,1,0,1,750
3001,"0751-03-21 15:04:42",0,1,0,0,2,751
3002,"0751-06-23 05:19:09",0,0,0,1,3,751
3003,"0751-09-24 05:05:05",1,0,0,0,4,751
3004,"0751-12-22 06:14:21",0,0,1,0,1,751
3005,"0752-03-20 20:57:16",0,1,0,0,2,752
3006,"0752-06-22 11:05:23",0,0,0,1,3,752
3007,"0752-09-23 10:52:11",1,0,0,0,4,752
3008,"0752-12-21 11:58:33",0,0,1,0,1,752
3009,"0753-03-21 02:40:15",0,1,0,0,2,753
3010,"0753-06-22 16:57:12",0,0,0,1,3,753
3011,"0753-09-23 16:48:38",1,0,0,0,4,753
3012,"0753-12-21 17:53:40",0,0,1,0,1,753
3013,"0754-03-21 08:42:04",0,1,0,0,2,754
3014,"0754-06-22 22:50:05",0,0,0,1,3,754
3015,"0754-09-23 22:32:27",1,0,0,0,4,754
3016,"0754-12-21 23:40:01",0,0,1,0,1,754
3017,"0755-03-21 14:33:00",0,1,0,0,2,755
3018,"0755-06-23 04:33:20",0,0,0,1,3,755
3019,"0755-09-24 04:18:00",1,0,0,0,4,755
3020,"0755-12-22 05:26:41",0,0,1,0,1,755
3021,"0756-03-20 20:10:24",0,1,0,0,2,756
3022,"0756-06-22 10:18:37",0,0,0,1,3,756
3023,"0756-09-23 10:12:36",1,0,0,0,4,756
3024,"0756-12-21 11:23:06",0,0,1,0,1,756
3025,"0757-03-21 02:03:55",0,1,0,0,2,757
3026,"0757-06-22 16:11:23",0,0,0,1,3,757
3027,"0757-09-23 15:54:09",1,0,0,0,4,757
3028,"0757-12-21 17:02:02",0,0,1,0,1,757
3029,"0758-03-21 07:47:19",0,1,0,0,2,758
3030,"0758-06-22 21:57:15",0,0,0,1,3,758
3031,"0758-09-23 21:41:09",1,0,0,0,4,758
3032,"0758-12-21 22:51:18",0,0,1,0,1,758
3033,"0759-03-21 13:36:45",0,1,0,0,2,759
3034,"0759-06-23 03:40:18",0,0,0,1,3,759
3035,"0759-09-24 03:27:43",1,0,0,0,4,759
3036,"0759-12-22 04:42:14",0,0,1,0,1,759
3037,"0760-03-20 19:25:38",0,1,0,0,2,760
3038,"0760-06-22 09:23:29",0,0,0,1,3,760
3039,"0760-09-23 09:13:54",1,0,0,0,4,760
3040,"0760-12-21 10:19:04",0,0,1,0,1,760
3041,"0761-03-21 01:01:28",0,1,0,0,2,761
3042,"0761-06-22 15:10:53",0,0,0,1,3,761
3043,"0761-09-23 15:08:34",1,0,0,0,4,761
3044,"0761-12-21 16:12:17",0,0,1,0,1,761
3045,"0762-03-21 06:54:59",0,1,0,0,2,762
3046,"0762-06-22 21:01:34",0,0,0,1,3,762
3047,"0762-09-23 20:51:36",1,0,0,0,4,762
3048,"0762-12-21 22:02:49",0,0,1,0,1,762
3049,"0763-03-21 12:43:44",0,1,0,0,2,763
3050,"0763-06-23 02:44:04",0,0,0,1,3,763
3051,"0763-09-24 02:36:00",1,0,0,0,4,763
3052,"0763-12-22 03:52:44",0,0,1,0,1,763
3053,"0764-03-20 18:22:10",0,1,0,0,2,764
3054,"0764-06-22 08:27:55",0,0,0,1,3,764
3055,"0764-09-23 08:32:03",1,0,0,0,4,764
3056,"0764-12-21 09:50:51",0,0,1,0,1,764
3057,"0765-03-21 00:21:19",0,1,0,0,2,765
3058,"0765-06-22 14:23:13",0,0,0,1,3,765
3059,"0765-09-23 14:19:11",1,0,0,0,4,765
3060,"0765-12-21 15:33:54",0,0,1,0,1,765
3061,"0766-03-21 06:14:08",0,1,0,0,2,766
3062,"0766-06-22 20:12:14",0,0,0,1,3,766
3063,"0766-09-23 20:10:08",1,0,0,0,4,766
3064,"0766-12-21 21:26:03",0,0,1,0,1,766
3065,"0767-03-21 12:07:11",0,1,0,0,2,767
3066,"0767-06-23 02:00:00",0,0,0,1,3,767
3067,"0767-09-24 02:01:06",1,0,0,0,4,767
3068,"0767-12-22 03:24:02",0,0,1,0,1,767
3069,"0768-03-20 18:01:34",0,1,0,0,2,768
3070,"0768-06-22 07:52:18",0,0,0,1,3,768
3071,"0768-09-23 07:49:26",1,0,0,0,4,768
3072,"0768-12-21 09:07:33",0,0,1,0,1,768
3073,"0769-03-20 23:42:07",0,1,0,0,2,769
3074,"0769-06-22 13:45:10",0,0,0,1,3,769
3075,"0769-09-23 13:44:32",1,0,0,0,4,769
3076,"0769-12-21 15:02:06",0,0,1,0,1,769
3077,"0770-03-21 05:38:18",0,1,0,0,2,770
3078,"0770-06-22 19:40:35",0,0,0,1,3,770
3079,"0770-09-23 19:31:30",1,0,0,0,4,770
3080,"0770-12-21 20:52:15",0,0,1,0,1,770
3081,"0771-03-21 11:31:42",0,1,0,0,2,771
3082,"0771-06-23 01:26:18",0,0,0,1,3,771
3083,"0771-09-24 01:20:08",1,0,0,0,4,771
3084,"0771-12-22 02:38:31",0,0,1,0,1,771
3085,"0772-03-20 17:08:58",0,1,0,0,2,772
3086,"0772-06-22 07:08:18",0,0,0,1,3,772
3087,"0772-09-23 07:18:30",1,0,0,0,4,772
3088,"0772-12-21 08:32:49",0,0,1,0,1,772
3089,"0773-03-20 23:02:02",0,1,0,0,2,773
3090,"0773-06-22 13:02:16",0,0,0,1,3,773
3091,"0773-09-23 13:06:35",1,0,0,0,4,773
3092,"0773-12-21 14:18:35",0,0,1,0,1,773
3093,"0774-03-21 04:50:10",0,1,0,0,2,774
3094,"0774-06-22 18:47:45",0,0,0,1,3,774
3095,"0774-09-23 18:53:03",1,0,0,0,4,774
3096,"0774-12-21 20:11:02",0,0,1,0,1,774
3097,"0775-03-21 10:35:33",0,1,0,0,2,775
3098,"0775-06-23 00:28:08",0,0,0,1,3,775
3099,"0775-09-24 00:39:17",1,0,0,0,4,775
3100,"0775-12-22 02:09:01",0,0,1,0,1,775
3101,"0776-03-20 16:29:02",0,1,0,0,2,776
3102,"0776-06-22 06:15:56",0,0,0,1,3,776
3103,"0776-09-23 06:23:50",1,0,0,0,4,776
3104,"0776-12-21 07:50:06",0,0,1,0,1,776
3105,"0777-03-20 22:10:49",0,1,0,0,2,777
3106,"0777-06-22 12:00:55",0,0,0,1,3,777
3107,"0777-09-23 12:12:51",1,0,0,0,4,777
3108,"0777-12-21 13:37:35",0,0,1,0,1,777
3109,"0778-03-21 04:06:03",0,1,0,0,2,778
3110,"0778-06-22 17:52:04",0,0,0,1,3,778
3111,"0778-09-23 17:57:34",1,0,0,0,4,778
3112,"0778-12-21 19:25:50",0,0,1,0,1,778
3113,"0779-03-21 09:59:25",0,1,0,0,2,779
3114,"0779-06-22 23:37:52",0,0,0,1,3,779
3115,"0779-09-23 23:40:43",1,0,0,0,4,779
3116,"0779-12-22 01:09:22",0,0,1,0,1,779
3117,"0780-03-20 15:33:08",0,1,0,0,2,780
3118,"0780-06-22 05:20:02",0,0,0,1,3,780
3119,"0780-09-23 05:33:40",1,0,0,0,4,780
3120,"0780-12-21 07:02:26",0,0,1,0,1,780
3121,"0781-03-20 21:24:46",0,1,0,0,2,781
3122,"0781-06-22 11:17:31",0,0,0,1,3,781
3123,"0781-09-23 11:21:15",1,0,0,0,4,781
3124,"0781-12-21 12:47:16",0,0,1,0,1,781
3125,"0782-03-21 03:14:08",0,1,0,0,2,782
3126,"0782-06-22 17:05:03",0,0,0,1,3,782
3127,"0782-09-23 17:07:55",1,0,0,0,4,782
3128,"0782-12-21 18:34:26",0,0,1,0,1,782
3129,"0783-03-21 08:59:18",0,1,0,0,2,783
3130,"0783-06-22 22:45:58",0,0,0,1,3,783
3131,"0783-09-23 22:59:37",1,0,0,0,4,783
3132,"0783-12-22 00:29:47",0,0,1,0,1,783
3133,"0784-03-20 14:52:48",0,1,0,0,2,784
3134,"0784-06-22 04:37:16",0,0,0,1,3,784
3135,"0784-09-23 04:52:19",1,0,0,0,4,784
3136,"0784-12-21 06:13:33",0,0,1,0,1,784
3137,"0785-03-20 20:33:31",0,1,0,0,2,785
3138,"0785-06-22 10:24:08",0,0,0,1,3,785
3139,"0785-09-23 10:44:50",1,0,0,0,4,785
3140,"0785-12-21 12:06:29",0,0,1,0,1,785
3141,"0786-03-21 02:25:57",0,1,0,0,2,786
3142,"0786-06-22 16:16:32",0,0,0,1,3,786
3143,"0786-09-23 16:34:20",1,0,0,0,4,786
3144,"0786-12-21 18:05:31",0,0,1,0,1,786
3145,"0787-03-21 08:22:11",0,1,0,0,2,787
3146,"0787-06-22 22:04:38",0,0,0,1,3,787
3147,"0787-09-23 22:19:56",1,0,0,0,4,787
3148,"0787-12-21 23:55:54",0,0,1,0,1,787
3149,"0788-03-20 14:01:42",0,1,0,0,2,788
3150,"0788-06-22 03:45:47",0,0,0,1,3,788
3151,"0788-09-23 04:13:58",1,0,0,0,4,788
3152,"0788-12-21 05:52:27",0,0,1,0,1,788
3153,"0789-03-20 20:01:38",0,1,0,0,2,789
3154,"0789-06-22 09:44:34",0,0,0,1,3,789
3155,"0789-09-23 10:05:50",1,0,0,0,4,789
3156,"0789-12-21 11:39:57",0,0,1,0,1,789
3157,"0790-03-21 01:59:05",0,1,0,0,2,790
3158,"0790-06-22 15:34:28",0,0,0,1,3,790
3159,"0790-09-23 15:52:30",1,0,0,0,4,790
3160,"0790-12-21 17:27:59",0,0,1,0,1,790
3161,"0791-03-21 07:46:42",0,1,0,0,2,791
3162,"0791-06-22 21:17:05",0,0,0,1,3,791
3163,"0791-09-23 21:41:32",1,0,0,0,4,791
3164,"0791-12-21 23:24:26",0,0,1,0,1,791
3165,"0792-03-20 13:39:33",0,1,0,0,2,792
3166,"0792-06-22 03:11:44",0,0,0,1,3,792
3167,"0792-09-23 03:30:41",1,0,0,0,4,792
3168,"0792-12-21 05:08:21",0,0,1,0,1,792
3169,"0793-03-20 19:20:54",0,1,0,0,2,793
3170,"0793-06-22 09:00:01",0,0,0,1,3,793
3171,"0793-09-23 09:17:42",1,0,0,0,4,793
3172,"0793-12-21 10:54:35",0,0,1,0,1,793
3173,"0794-03-21 01:10:05",0,1,0,0,2,794
3174,"0794-06-22 14:49:37",0,0,0,1,3,794
3175,"0794-09-23 15:04:03",1,0,0,0,4,794
3176,"0794-12-21 16:44:09",0,0,1,0,1,794
3177,"0795-03-21 07:03:24",0,1,0,0,2,795
3178,"0795-06-22 20:36:42",0,0,0,1,3,795
3179,"0795-09-23 20:50:44",1,0,0,0,4,795
3180,"0795-12-21 22:26:50",0,0,1,0,1,795
3181,"0796-03-20 12:37:18",0,1,0,0,2,796
3182,"0796-06-22 02:13:22",0,0,0,1,3,796
3183,"0796-09-23 02:43:14",1,0,0,0,4,796
3184,"0796-12-21 04:15:52",0,0,1,0,1,796
3185,"0797-03-20 18:24:51",0,1,0,0,2,797
3186,"0797-06-22 08:07:19",0,0,0,1,3,797
3187,"0797-09-23 08:34:01",1,0,0,0,4,797
3188,"0797-12-21 10:04:32",0,0,1,0,1,797
3189,"0798-03-21 00:15:20",0,1,0,0,2,798
3190,"0798-06-22 13:54:06",0,0,0,1,3,798
3191,"0798-09-23 14:17:46",1,0,0,0,4,798
3192,"0798-12-21 15:54:52",0,0,1,0,1,798
3193,"0799-03-21 05:57:23",0,1,0,0,2,799
3194,"0799-06-22 19:29:42",0,0,0,1,3,799
3195,"0799-09-23 20:03:14",1,0,0,0,4,799
3196,"0799-12-21 21:51:26",0,0,1,0,1,799
3197,"0800-03-20 11:49:56",0,1,0,0,2,800
3198,"0800-06-22 01:21:15",0,0,0,1,3,800
3199,"0800-09-23 01:53:33",1,0,0,0,4,800
3200,"0800-12-21 03:37:15",0,0,1,0,1,800
3201,"0801-03-20 17:37:55",0,1,0,0,2,801
3202,"0801-06-22 07:08:18",0,0,0,1,3,801
3203,"0801-09-23 07:41:50",1,0,0,0,4,801
3204,"0801-12-21 09:23:22",0,0,1,0,1,801
3205,"0802-03-20 23:30:18",0,1,0,0,2,802
3206,"0802-06-22 12:57:06",0,0,0,1,3,802
3207,"0802-09-23 13:29:01",1,0,0,0,4,802
3208,"0802-12-21 15:15:56",0,0,1,0,1,802
3209,"0803-03-21 05:27:11",0,1,0,0,2,803
3210,"0803-06-22 18:49:56",0,0,0,1,3,803
3211,"0803-09-23 19:17:35",1,0,0,0,4,803
3212,"0803-12-21 21:06:23",0,0,1,0,1,803
3213,"0804-03-20 11:06:30",0,1,0,0,2,804
3214,"0804-06-22 00:32:15",0,0,0,1,3,804
3215,"0804-09-23 01:08:31",1,0,0,0,4,804
3216,"0804-12-21 02:57:22",0,0,1,0,1,804
3217,"0805-03-20 16:56:54",0,1,0,0,2,805
3218,"0805-06-22 06:31:28",0,0,0,1,3,805
3219,"0805-09-23 07:01:18",1,0,0,0,4,805
3220,"0805-12-21 08:48:05",0,0,1,0,1,805
3221,"0806-03-20 22:55:16",0,1,0,0,2,806
3222,"0806-06-22 12:26:02",0,0,0,1,3,806
3223,"0806-09-23 12:50:26",1,0,0,0,4,806
3224,"0806-12-21 14:37:12",0,0,1,0,1,806
3225,"0807-03-21 04:41:04",0,1,0,0,2,807
3226,"0807-06-22 18:03:47",0,0,0,1,3,807
3227,"0807-09-23 18:40:53",1,0,0,0,4,807
3228,"0807-12-21 20:30:39",0,0,1,0,1,807
3229,"0808-03-20 10:32:57",0,1,0,0,2,808
3230,"0808-06-21 23:59:04",0,0,0,1,3,808
3231,"0808-09-23 00:38:33",1,0,0,0,4,808
3232,"0808-12-21 02:19:29",0,0,1,0,1,808
3233,"0809-03-20 16:19:19",0,1,0,0,2,809
3234,"0809-06-22 05:48:10",0,0,0,1,3,809
3235,"0809-09-23 06:27:33",1,0,0,0,4,809
3236,"0809-12-21 08:08:49",0,0,1,0,1,809
3237,"0810-03-20 22:07:04",0,1,0,0,2,810
3238,"0810-06-22 11:34:27",0,0,0,1,3,810
3239,"0810-09-23 12:13:22",1,0,0,0,4,810
3240,"0810-12-21 14:05:19",0,0,1,0,1,810
3241,"0811-03-21 04:01:53",0,1,0,0,2,811
3242,"0811-06-22 17:25:06",0,0,0,1,3,811
3243,"0811-09-23 18:00:52",1,0,0,0,4,811
3244,"0811-12-21 19:56:26",0,0,1,0,1,811
3245,"0812-03-20 09:42:27",0,1,0,0,2,812
3246,"0812-06-21 23:03:03",0,0,0,1,3,812
3247,"0812-09-22 23:48:41",1,0,0,0,4,812
3248,"0812-12-21 01:43:18",0,0,1,0,1,812
3249,"0813-03-20 15:33:28",0,1,0,0,2,813
3250,"0813-06-22 04:56:38",0,0,0,1,3,813
3251,"0813-09-23 05:39:35",1,0,0,0,4,813
3252,"0813-12-21 07:30:16",0,0,1,0,1,813
3253,"0814-03-20 21:30:57",0,1,0,0,2,814
3254,"0814-06-22 10:48:30",0,0,0,1,3,814
3255,"0814-09-23 11:24:54",1,0,0,0,4,814
3256,"0814-12-21 13:17:15",0,0,1,0,1,814
3257,"0815-03-21 03:13:16",0,1,0,0,2,815
3258,"0815-06-22 16:22:56",0,0,0,1,3,815
3259,"0815-09-23 17:07:20",1,0,0,0,4,815
3260,"0815-12-21 19:07:30",0,0,1,0,1,815
3261,"0816-03-20 08:59:17",0,1,0,0,2,816
3262,"0816-06-21 22:16:33",0,0,0,1,3,816
3263,"0816-09-22 22:59:46",1,0,0,0,4,816
3264,"0816-12-21 00:53:54",0,0,1,0,1,816
3265,"0817-03-20 14:43:53",0,1,0,0,2,817
3266,"0817-06-22 04:05:42",0,0,0,1,3,817
3267,"0817-09-23 04:44:08",1,0,0,0,4,817
3268,"0817-12-21 06:37:08",0,0,1,0,1,817
3269,"0818-03-20 20:29:58",0,1,0,0,2,818
3270,"0818-06-22 09:48:35",0,0,0,1,3,818
3271,"0818-09-23 10:28:51",1,0,0,0,4,818
3272,"0818-12-21 12:26:57",0,0,1,0,1,818
3273,"0819-03-21 02:22:08",0,1,0,0,2,819
3274,"0819-06-22 15:37:59",0,0,0,1,3,819
3275,"0819-09-23 16:20:21",1,0,0,0,4,819
3276,"0819-12-21 18:14:36",0,0,1,0,1,819
3277,"0820-03-20 08:00:39",0,1,0,0,2,820
3278,"0820-06-21 21:16:05",0,0,0,1,3,820
3279,"0820-09-22 22:10:22",1,0,0,0,4,820
3280,"0820-12-21 00:02:44",0,0,1,0,1,820
3281,"0821-03-20 13:48:10",0,1,0,0,2,821
3282,"0821-06-22 03:09:35",0,0,0,1,3,821
3283,"0821-09-23 04:03:16",1,0,0,0,4,821
3284,"0821-12-21 05:56:16",0,0,1,0,1,821
3285,"0822-03-20 19:44:45",0,1,0,0,2,822
3286,"0822-06-22 09:03:57",0,0,0,1,3,822
3287,"0822-09-23 09:51:40",1,0,0,0,4,822
3288,"0822-12-21 11:52:29",0,0,1,0,1,822
3289,"0823-03-21 01:32:33",0,1,0,0,2,823
3290,"0823-06-22 14:40:25",0,0,0,1,3,823
3291,"0823-09-23 15:36:21",1,0,0,0,4,823
3292,"0823-12-21 17:47:25",0,0,1,0,1,823
3293,"0824-03-20 07:25:34",0,1,0,0,2,824
3294,"0824-06-21 20:35:50",0,0,0,1,3,824
3295,"0824-09-22 21:33:38",1,0,0,0,4,824
3296,"0824-12-20 23:38:03",0,0,1,0,1,824
3297,"0825-03-20 13:21:38",0,1,0,0,2,825
3298,"0825-06-22 02:31:05",0,0,0,1,3,825
3299,"0825-09-23 03:23:57",1,0,0,0,4,825
3300,"0825-12-21 05:25:34",0,0,1,0,1,825
3301,"0826-03-20 19:15:12",0,1,0,0,2,826
3302,"0826-06-22 08:17:42",0,0,0,1,3,826
3303,"0826-09-23 09:09:14",1,0,0,0,4,826
3304,"0826-12-21 11:17:29",0,0,1,0,1,826
3305,"0827-03-21 01:09:14",0,1,0,0,2,827
3306,"0827-06-22 14:14:02",0,0,0,1,3,827
3307,"0827-09-23 15:02:57",1,0,0,0,4,827
3308,"0827-12-21 17:10:36",0,0,1,0,1,827
3309,"0828-03-20 06:51:41",0,1,0,0,2,828
3310,"0828-06-21 19:58:59",0,0,0,1,3,828
3311,"0828-09-22 20:51:39",1,0,0,0,4,828
3312,"0828-12-20 22:57:35",0,0,1,0,1,828
3313,"0829-03-20 12:37:49",0,1,0,0,2,829
3314,"0829-06-22 01:52:35",0,0,0,1,3,829
3315,"0829-09-23 02:42:13",1,0,0,0,4,829
3316,"0829-12-21 04:45:32",0,0,1,0,1,829
3317,"0830-03-20 18:33:10",0,1,0,0,2,830
3318,"0830-06-22 07:46:59",0,0,0,1,3,830
3319,"0830-09-23 08:32:22",1,0,0,0,4,830
3320,"0830-12-21 10:35:40",0,0,1,0,1,830
3321,"0831-03-21 00:17:36",0,1,0,0,2,831
3322,"0831-06-22 13:19:12",0,0,0,1,3,831
3323,"0831-09-23 14:16:34",1,0,0,0,4,831
3324,"0831-12-21 16:21:42",0,0,1,0,1,831
3325,"0832-03-20 06:00:26",0,1,0,0,2,832
3326,"0832-06-21 19:08:12",0,0,0,1,3,832
3327,"0832-09-22 20:12:11",1,0,0,0,4,832
3328,"0832-12-20 22:09:23",0,0,1,0,1,832
3329,"0833-03-20 11:47:02",0,1,0,0,2,833
3330,"0833-06-22 00:58:42",0,0,0,1,3,833
3331,"0833-09-23 01:59:21",1,0,0,0,4,833
3332,"0833-12-21 03:58:24",0,0,1,0,1,833
3333,"0834-03-20 17:32:04",0,1,0,0,2,834
3334,"0834-06-22 06:35:53",0,0,0,1,3,834
3335,"0834-09-23 07:36:39",1,0,0,0,4,834
3336,"0834-12-21 09:48:19",0,0,1,0,1,834
3337,"0835-03-20 23:19:56",0,1,0,0,2,835
3338,"0835-06-22 12:24:05",0,0,0,1,3,835
3339,"0835-09-23 13:26:44",1,0,0,0,4,835
3340,"0835-12-21 15:41:48",0,0,1,0,1,835
3341,"0836-03-20 05:05:37",0,1,0,0,2,836
3342,"0836-06-21 18:04:42",0,0,0,1,3,836
3343,"0836-09-22 19:12:39",1,0,0,0,4,836
3344,"0836-12-20 21:25:33",0,0,1,0,1,836
3345,"0837-03-20 10:54:06",0,1,0,0,2,837
3346,"0837-06-21 23:53:10",0,0,0,1,3,837
3347,"0837-09-23 01:00:15",1,0,0,0,4,837
3348,"0837-12-21 03:11:40",0,0,1,0,1,837
3349,"0838-03-20 16:51:54",0,1,0,0,2,838
3350,"0838-06-22 05:50:04",0,0,0,1,3,838
3351,"0838-09-23 06:51:00",1,0,0,0,4,838
3352,"0838-12-21 09:05:55",0,0,1,0,1,838
3353,"0839-03-20 22:39:36",0,1,0,0,2,839
3354,"0839-06-22 11:27:10",0,0,0,1,3,839
3355,"0839-09-23 12:32:53",1,0,0,0,4,839
3356,"0839-12-21 14:54:33",0,0,1,0,1,839
3357,"0840-03-20 04:24:51",0,1,0,0,2,840
3358,"0840-06-21 17:21:43",0,0,0,1,3,840
3359,"0840-09-22 18:28:49",1,0,0,0,4,840
3360,"0840-12-20 20:44:37",0,0,1,0,1,840
3361,"0841-03-20 10:16:53",0,1,0,0,2,841
3362,"0841-06-21 23:20:22",0,0,0,1,3,841
3363,"0841-09-23 00:20:10",1,0,0,0,4,841
3364,"0841-12-21 02:34:08",0,0,1,0,1,841
3365,"0842-03-20 16:08:44",0,1,0,0,2,842
3366,"0842-06-22 05:03:35",0,0,0,1,3,842
3367,"0842-09-23 06:03:43",1,0,0,0,4,842
3368,"0842-12-21 08:22:02",0,0,1,0,1,842
3369,"0843-03-20 21:59:13",0,1,0,0,2,843
3370,"0843-06-22 10:56:47",0,0,0,1,3,843
3371,"0843-09-23 12:03:25",1,0,0,0,4,843
3372,"0843-12-21 14:16:11",0,0,1,0,1,843
3373,"0844-03-20 03:44:55",0,1,0,0,2,844
3374,"0844-06-21 16:43:41",0,0,0,1,3,844
3375,"0844-09-22 17:56:48",1,0,0,0,4,844
3376,"0844-12-20 20:05:58",0,0,1,0,1,844
3377,"0845-03-20 09:31:48",0,1,0,0,2,845
3378,"0845-06-21 22:33:28",0,0,0,1,3,845
3379,"0845-09-22 23:46:26",1,0,0,0,4,845
3380,"0845-12-21 01:58:20",0,0,1,0,1,845
3381,"0846-03-20 15:26:14",0,1,0,0,2,846
3382,"0846-06-22 04:29:40",0,0,0,1,3,846
3383,"0846-09-23 05:39:31",1,0,0,0,4,846
3384,"0846-12-21 07:58:46",0,0,1,0,1,846
3385,"0847-03-20 21:16:24",0,1,0,0,2,847
3386,"0847-06-22 10:05:13",0,0,0,1,3,847
3387,"0847-09-23 11:20:52",1,0,0,0,4,847
3388,"0847-12-21 13:48:03",0,0,1,0,1,847
3389,"0848-03-20 03:04:20",0,1,0,0,2,848
3390,"0848-06-21 15:54:00",0,0,0,1,3,848
3391,"0848-09-22 17:15:11",1,0,0,0,4,848
3392,"0848-12-20 19:35:08",0,0,1,0,1,848
3393,"0849-03-20 08:57:42",0,1,0,0,2,849
3394,"0849-06-21 21:49:12",0,0,0,1,3,849
3395,"0849-09-22 23:04:46",1,0,0,0,4,849
3396,"0849-12-21 01:22:57",0,0,1,0,1,849
3397,"0850-03-20 14:49:26",0,1,0,0,2,850
3398,"0850-06-22 03:29:02",0,0,0,1,3,850
3399,"0850-09-23 04:41:23",1,0,0,0,4,850
3400,"0850-12-21 07:08:27",0,0,1,0,1,850
3401,"0851-03-20 20:34:39",0,1,0,0,2,851
3402,"0851-06-22 09:18:13",0,0,0,1,3,851
3403,"0851-09-23 10:32:36",1,0,0,0,4,851
3404,"0851-12-21 12:58:35",0,0,1,0,1,851
3405,"0852-03-20 02:15:57",0,1,0,0,2,852
3406,"0852-06-21 15:04:13",0,0,0,1,3,852
3407,"0852-09-22 16:18:46",1,0,0,0,4,852
3408,"0852-12-20 18:43:35",0,0,1,0,1,852
3409,"0853-03-20 08:01:21",0,1,0,0,2,853
3410,"0853-06-21 20:50:54",0,0,0,1,3,853
3411,"0853-09-22 22:02:01",1,0,0,0,4,853
3412,"0853-12-21 00:25:52",0,0,1,0,1,853
3413,"0854-03-20 13:51:12",0,1,0,0,2,854
3414,"0854-06-22 02:43:31",0,0,0,1,3,854
3415,"0854-09-23 03:55:10",1,0,0,0,4,854
3416,"0854-12-21 06:19:00",0,0,1,0,1,854
3417,"0855-03-20 19:39:00",0,1,0,0,2,855
3418,"0855-06-22 08:18:54",0,0,0,1,3,855
3419,"0855-09-23 09:38:56",1,0,0,0,4,855
3420,"0855-12-21 12:04:25",0,0,1,0,1,855
3421,"0856-03-20 01:21:04",0,1,0,0,2,856
3422,"0856-06-21 14:05:04",0,0,0,1,3,856
3423,"0856-09-22 15:32:42",1,0,0,0,4,856
3424,"0856-12-20 17:52:14",0,0,1,0,1,856
3425,"0857-03-20 07:09:06",0,1,0,0,2,857
3426,"0857-06-21 20:01:37",0,0,0,1,3,857
3427,"0857-09-22 21:25:20",1,0,0,0,4,857
3428,"0857-12-20 23:48:17",0,0,1,0,1,857
3429,"0858-03-20 13:02:09",0,1,0,0,2,858
3430,"0858-06-22 01:42:44",0,0,0,1,3,858
3431,"0858-09-23 03:02:31",1,0,0,0,4,858
3432,"0858-12-21 05:38:03",0,0,1,0,1,858
3433,"0859-03-20 18:50:30",0,1,0,0,2,859
3434,"0859-06-22 07:32:32",0,0,0,1,3,859
3435,"0859-09-23 08:57:44",1,0,0,0,4,859
3436,"0859-12-21 11:33:05",0,0,1,0,1,859
3437,"0860-03-20 00:41:30",0,1,0,0,2,860
3438,"0860-06-21 13:23:40",0,0,0,1,3,860
3439,"0860-09-22 14:51:44",1,0,0,0,4,860
3440,"0860-12-20 17:23:10",0,0,1,0,1,860
3441,"0861-03-20 06:35:52",0,1,0,0,2,861
3442,"0861-06-21 19:14:00",0,0,0,1,3,861
3443,"0861-09-22 20:38:46",1,0,0,0,4,861
3444,"0861-12-20 23:08:31",0,0,1,0,1,861
3445,"0862-03-20 12:30:19",0,1,0,0,2,862
3446,"0862-06-22 01:12:17",0,0,0,1,3,862
3447,"0862-09-23 02:35:41",1,0,0,0,4,862
3448,"0862-12-21 05:08:39",0,0,1,0,1,862
3449,"0863-03-20 18:22:30",0,1,0,0,2,863
3450,"0863-06-22 06:55:29",0,0,0,1,3,863
3451,"0863-09-23 08:21:07",1,0,0,0,4,863
3452,"0863-12-21 10:58:47",0,0,1,0,1,863
3453,"0864-03-20 00:07:11",0,1,0,0,2,864
3454,"0864-06-21 12:45:00",0,0,0,1,3,864
3455,"0864-09-22 14:13:04",1,0,0,0,4,864
3456,"0864-12-20 16:45:14",0,0,1,0,1,864
3457,"0865-03-20 05:56:19",0,1,0,0,2,865
3458,"0865-06-21 18:43:51",0,0,0,1,3,865
3459,"0865-09-22 20:08:32",1,0,0,0,4,865
3460,"0865-12-20 22:38:59",0,0,1,0,1,865
3461,"0866-03-20 11:50:52",0,1,0,0,2,866
3462,"0866-06-22 00:24:11",0,0,0,1,3,866
3463,"0866-09-23 01:46:18",1,0,0,0,4,866
3464,"0866-12-21 04:21:07",0,0,1,0,1,866
3465,"0867-03-20 17:33:56",0,1,0,0,2,867
3466,"0867-06-22 06:08:36",0,0,0,1,3,867
3467,"0867-09-23 07:40:47",1,0,0,0,4,867
3468,"0867-12-21 10:11:39",0,0,1,0,1,867
3469,"0868-03-19 23:17:35",0,1,0,0,2,868
3470,"0868-06-21 11:56:42",0,0,0,1,3,868
3471,"0868-09-22 13:33:20",1,0,0,0,4,868
3472,"0868-12-20 16:02:05",0,0,1,0,1,868
3473,"0869-03-20 05:03:45",0,1,0,0,2,869
3474,"0869-06-21 17:40:29",0,0,0,1,3,869
3475,"0869-09-22 19:12:56",1,0,0,0,4,869
3476,"0869-12-20 21:46:20",0,0,1,0,1,869
3477,"0870-03-20 10:51:00",0,1,0,0,2,870
3478,"0870-06-21 23:31:05",0,0,0,1,3,870
3479,"0870-09-23 01:04:17",1,0,0,0,4,870
3480,"0870-12-21 03:45:26",0,0,1,0,1,870
3481,"0871-03-20 16:41:17",0,1,0,0,2,871
3482,"0871-06-22 05:08:42",0,0,0,1,3,871
3483,"0871-09-23 06:45:42",1,0,0,0,4,871
3484,"0871-12-21 09:32:43",0,0,1,0,1,871
3485,"0872-03-19 22:28:14",0,1,0,0,2,872
3486,"0872-06-21 10:52:20",0,0,0,1,3,872
3487,"0872-09-22 12:33:34",1,0,0,0,4,872
3488,"0872-12-20 15:13:56",0,0,1,0,1,872
3489,"0873-03-20 04:17:29",0,1,0,0,2,873
3490,"0873-06-21 16:48:31",0,0,0,1,3,873
3491,"0873-09-22 18:27:14",1,0,0,0,4,873
3492,"0873-12-20 21:06:33",0,0,1,0,1,873
3493,"0874-03-20 10:13:29",0,1,0,0,2,874
3494,"0874-06-21 22:32:03",0,0,0,1,3,874
3495,"0874-09-23 00:02:58",1,0,0,0,4,874
3496,"0874-12-21 02:50:53",0,0,1,0,1,874
3497,"0875-03-20 15:56:57",0,1,0,0,2,875
3498,"0875-06-22 04:19:08",0,0,0,1,3,875
3499,"0875-09-23 05:54:26",1,0,0,0,4,875
3500,"0875-12-21 08:41:02",0,0,1,0,1,875
3501,"0876-03-19 21:40:09",0,1,0,0,2,876
3502,"0876-06-21 10:12:43",0,0,0,1,3,876
3503,"0876-09-22 11:49:07",1,0,0,0,4,876
3504,"0876-12-20 14:32:42",0,0,1,0,1,876
3505,"0877-03-20 03:31:51",0,1,0,0,2,877
3506,"0877-06-21 16:02:12",0,0,0,1,3,877
3507,"0877-09-22 17:32:15",1,0,0,0,4,877
3508,"0877-12-20 20:14:25",0,0,1,0,1,877
3509,"0878-03-20 09:21:18",0,1,0,0,2,878
3510,"0878-06-21 21:54:55",0,0,0,1,3,878
3511,"0878-09-22 23:30:44",1,0,0,0,4,878
3512,"0878-12-21 02:11:58",0,0,1,0,1,878
3513,"0879-03-20 15:12:21",0,1,0,0,2,879
3514,"0879-06-22 03:37:51",0,0,0,1,3,879
3515,"0879-09-23 05:21:51",1,0,0,0,4,879
3516,"0879-12-21 08:04:08",0,0,1,0,1,879
3517,"0880-03-19 20:59:25",0,1,0,0,2,880
3518,"0880-06-21 09:24:31",0,0,0,1,3,880
3519,"0880-09-22 11:14:18",1,0,0,0,4,880
3520,"0880-12-20 13:51:40",0,0,1,0,1,880
3521,"0881-03-20 02:45:36",0,1,0,0,2,881
3522,"0881-06-21 15:21:18",0,0,0,1,3,881
3523,"0881-09-22 17:11:07",1,0,0,0,4,881
3524,"0881-12-20 19:52:52",0,0,1,0,1,881
3525,"0882-03-20 08:43:58",0,1,0,0,2,882
3526,"0882-06-21 21:06:00",0,0,0,1,3,882
3527,"0882-09-22 22:48:56",1,0,0,0,4,882
3528,"0882-12-21 01:44:32",0,0,1,0,1,882
3529,"0883-03-20 14:33:15",0,1,0,0,2,883
3530,"0883-06-22 02:49:57",0,0,0,1,3,883
3531,"0883-09-23 04:39:14",1,0,0,0,4,883
3532,"0883-12-21 07:33:54",0,0,1,0,1,883
3533,"0884-03-19 20:20:21",0,1,0,0,2,884
3534,"0884-06-21 08:41:36",0,0,0,1,3,884
3535,"0884-09-22 10:35:03",1,0,0,0,4,884
3536,"0884-12-20 13:25:59",0,0,1,0,1,884
3537,"0885-03-20 02:18:04",0,1,0,0,2,885
3538,"0885-06-21 14:32:04",0,0,0,1,3,885
3539,"0885-09-22 16:15:34",1,0,0,0,4,885
3540,"0885-12-20 19:06:20",0,0,1,0,1,885
3541,"0886-03-20 08:06:11",0,1,0,0,2,886
3542,"0886-06-21 20:22:48",0,0,0,1,3,886
3543,"0886-09-22 22:07:08",1,0,0,0,4,886
3544,"0886-12-21 01:01:52",0,0,1,0,1,886
3545,"0887-03-20 13:53:51",0,1,0,0,2,887
3546,"0887-06-22 02:07:14",0,0,0,1,3,887
3547,"0887-09-23 03:53:32",1,0,0,0,4,887
3548,"0887-12-21 06:52:13",0,0,1,0,1,887
3549,"0888-03-19 19:39:03",0,1,0,0,2,888
3550,"0888-06-21 07:52:50",0,0,0,1,3,888
3551,"0888-09-22 09:38:09",1,0,0,0,4,888
3552,"0888-12-20 12:30:19",0,0,1,0,1,888
3553,"0889-03-20 01:21:10",0,1,0,0,2,889
3554,"0889-06-21 13:46:29",0,0,0,1,3,889
3555,"0889-09-22 15:32:46",1,0,0,0,4,889
3556,"0889-12-20 18:22:34",0,0,1,0,1,889
3557,"0890-03-20 07:16:15",0,1,0,0,2,890
3558,"0890-06-21 19:29:18",0,0,0,1,3,890
3559,"0890-09-22 21:11:31",1,0,0,0,4,890
3560,"0890-12-21 00:05:55",0,0,1,0,1,890
3561,"0891-03-20 12:58:36",0,1,0,0,2,891
3562,"0891-06-22 01:09:08",0,0,0,1,3,891
3563,"0891-09-23 03:01:18",1,0,0,0,4,891
3564,"0891-12-21 05:50:46",0,0,1,0,1,891
3565,"0892-03-19 18:36:29",0,1,0,0,2,892
3566,"0892-06-21 06:58:20",0,0,0,1,3,892
3567,"0892-09-22 08:58:14",1,0,0,0,4,892
3568,"0892-12-20 11:46:25",0,0,1,0,1,892
3569,"0893-03-20 00:28:36",0,1,0,0,2,893
3570,"0893-06-21 12:46:48",0,0,0,1,3,893
3571,"0893-09-22 14:37:43",1,0,0,0,4,893
3572,"0893-12-20 17:31:00",0,0,1,0,1,893
3573,"0894-03-20 06:15:07",0,1,0,0,2,894
3574,"0894-06-21 18:33:31",0,0,0,1,3,894
3575,"0894-09-22 20:28:09",1,0,0,0,4,894
3576,"0894-12-20 23:29:22",0,0,1,0,1,894
3577,"0895-03-20 12:05:47",0,1,0,0,2,895
3578,"0895-06-22 00:17:15",0,0,0,1,3,895
3579,"0895-09-23 02:19:11",1,0,0,0,4,895
3580,"0895-12-21 05:23:43",0,0,1,0,1,895
3581,"0896-03-19 17:59:33",0,1,0,0,2,896
3582,"0896-06-21 06:04:23",0,0,0,1,3,896
3583,"0896-09-22 08:06:34",1,0,0,0,4,896
3584,"0896-12-20 11:03:40",0,0,1,0,1,896
3585,"0897-03-19 23:47:45",0,1,0,0,2,897
3586,"0897-06-21 12:00:25",0,0,0,1,3,897
3587,"0897-09-22 14:04:19",1,0,0,0,4,897
3588,"0897-12-20 17:02:07",0,0,1,0,1,897
3589,"0898-03-20 05:47:44",0,1,0,0,2,898
3590,"0898-06-21 17:49:56",0,0,0,1,3,898
3591,"0898-09-22 19:44:59",1,0,0,0,4,898
3592,"0898-12-20 22:52:31",0,0,1,0,1,898
3593,"0899-03-20 11:34:47",0,1,0,0,2,899
3594,"0899-06-21 23:35:33",0,0,0,1,3,899
3595,"0899-09-23 01:33:29",1,0,0,0,4,899
3596,"0899-12-21 04:40:04",0,0,1,0,1,899
3597,"0900-03-20 17:17:06",0,1,0,0,2,900
3598,"0900-06-22 05:30:38",0,0,0,1,3,900
3599,"0900-09-23 07:32:43",1,0,0,0,4,900
3600,"0900-12-21 10:36:01",0,0,1,0,1,900
3601,"0901-03-20 23:14:30",0,1,0,0,2,901
3602,"0901-06-22 11:24:07",0,0,0,1,3,901
3603,"0901-09-23 13:15:31",1,0,0,0,4,901
3604,"0901-12-21 16:17:43",0,0,1,0,1,901
3605,"0902-03-21 05:03:41",0,1,0,0,2,902
3606,"0902-06-22 17:11:34",0,0,0,1,3,902
3607,"0902-09-23 19:08:53",1,0,0,0,4,902
3608,"0902-12-21 22:11:11",0,0,1,0,1,902
3609,"0903-03-21 10:49:56",0,1,0,0,2,903
3610,"0903-06-22 22:55:14",0,0,0,1,3,903
3611,"0903-09-24 01:03:22",1,0,0,0,4,903
3612,"0903-12-22 04:05:50",0,0,1,0,1,903
3613,"0904-03-20 16:39:23",0,1,0,0,2,904
3614,"0904-06-22 04:42:25",0,0,0,1,3,904
3615,"0904-09-23 06:49:19",1,0,0,0,4,904
3616,"0904-12-21 09:47:25",0,0,1,0,1,904
3617,"0905-03-20 22:20:57",0,1,0,0,2,905
3618,"0905-06-22 10:32:50",0,0,0,1,3,905
3619,"0905-09-23 12:41:51",1,0,0,0,4,905
3620,"0905-12-21 15:45:10",0,0,1,0,1,905
3621,"0906-03-21 04:16:18",0,1,0,0,2,906
3622,"0906-06-22 16:18:01",0,0,0,1,3,906
3623,"0906-09-23 18:20:34",1,0,0,0,4,906
3624,"0906-12-21 21:36:06",0,0,1,0,1,906
3625,"0907-03-21 10:04:59",0,1,0,0,2,907
3626,"0907-06-22 21:58:02",0,0,0,1,3,907
3627,"0907-09-24 00:05:13",1,0,0,0,4,907
3628,"0907-12-22 03:17:18",0,0,1,0,1,907
3629,"0908-03-20 15:45:21",0,1,0,0,2,908
3630,"0908-06-22 03:46:16",0,0,0,1,3,908
3631,"0908-09-23 06:01:43",1,0,0,0,4,908
3632,"0908-12-21 09:09:00",0,0,1,0,1,908
3633,"0909-03-20 21:42:15",0,1,0,0,2,909
3634,"0909-06-22 09:38:30",0,0,0,1,3,909
3635,"0909-09-23 11:41:25",1,0,0,0,4,909
3636,"0909-12-21 14:50:22",0,0,1,0,1,909
3637,"0910-03-21 03:29:09",0,1,0,0,2,910
3638,"0910-06-22 15:23:49",0,0,0,1,3,910
3639,"0910-09-23 17:27:56",1,0,0,0,4,910
3640,"0910-12-21 20:41:28",0,0,1,0,1,910
3641,"0911-03-21 09:10:37",0,1,0,0,2,911
3642,"0911-06-22 21:07:46",0,0,0,1,3,911
3643,"0911-09-23 23:19:26",1,0,0,0,4,911
3644,"0911-12-22 02:35:46",0,0,1,0,1,911
3645,"0912-03-20 15:01:23",0,1,0,0,2,912
3646,"0912-06-22 02:57:54",0,0,0,1,3,912
3647,"0912-09-23 05:04:50",1,0,0,0,4,912
3648,"0912-12-21 08:14:29",0,0,1,0,1,912
3649,"0913-03-20 20:43:50",0,1,0,0,2,913
3650,"0913-06-22 08:47:24",0,0,0,1,3,913
3651,"0913-09-23 10:58:09",1,0,0,0,4,913
3652,"0913-12-21 14:06:31",0,0,1,0,1,913
3653,"0914-03-21 02:38:31",0,1,0,0,2,914
3654,"0914-06-22 14:34:06",0,0,0,1,3,914
3655,"0914-09-23 16:44:09",1,0,0,0,4,914
3656,"0914-12-21 19:59:12",0,0,1,0,1,914
3657,"0915-03-21 08:28:54",0,1,0,0,2,915
3658,"0915-06-22 20:17:25",0,0,0,1,3,915
3659,"0915-09-23 22:33:18",1,0,0,0,4,915
3660,"0915-12-22 01:43:18",0,0,1,0,1,915
3661,"0916-03-20 14:06:04",0,1,0,0,2,916
3662,"0916-06-22 02:06:43",0,0,0,1,3,916
3663,"0916-09-23 04:32:31",1,0,0,0,4,916
3664,"0916-12-21 07:43:09",0,0,1,0,1,916
3665,"0917-03-20 20:04:20",0,1,0,0,2,917
3666,"0917-06-22 08:03:19",0,0,0,1,3,917
3667,"0917-09-23 10:16:36",1,0,0,0,4,917
3668,"0917-12-21 13:34:26",0,0,1,0,1,917
3669,"0918-03-21 01:57:15",0,1,0,0,2,918
3670,"0918-06-22 13:49:42",0,0,0,1,3,918
3671,"0918-09-23 16:04:20",1,0,0,0,4,918
3672,"0918-12-21 19:29:00",0,0,1,0,1,918
3673,"0919-03-21 07:45:28",0,1,0,0,2,919
3674,"0919-06-22 19:35:01",0,0,0,1,3,919
3675,"0919-09-23 22:00:51",1,0,0,0,4,919
3676,"0919-12-22 01:26:33",0,0,1,0,1,919
3677,"0920-03-20 13:45:26",0,1,0,0,2,920
3678,"0920-06-22 01:28:57",0,0,0,1,3,920
3679,"0920-09-23 03:49:00",1,0,0,0,4,920
3680,"0920-12-21 07:06:33",0,0,1,0,1,920
3681,"0921-03-20 19:32:59",0,1,0,0,2,921
3682,"0921-06-22 07:20:53",0,0,0,1,3,921
3683,"0921-09-23 09:41:06",1,0,0,0,4,921
3684,"0921-12-21 12:59:43",0,0,1,0,1,921
3685,"0922-03-21 01:27:20",0,1,0,0,2,922
3686,"0922-06-22 13:10:55",0,0,0,1,3,922
3687,"0922-09-23 15:25:48",1,0,0,0,4,922
3688,"0922-12-21 18:53:18",0,0,1,0,1,922
3689,"0923-03-21 07:16:38",0,1,0,0,2,923
3690,"0923-06-22 18:57:04",0,0,0,1,3,923
3691,"0923-09-23 21:10:43",1,0,0,0,4,923
3692,"0923-12-22 00:33:26",0,0,1,0,1,923
3693,"0924-03-20 12:51:35",0,1,0,0,2,924
3694,"0924-06-22 00:44:36",0,0,0,1,3,924
3695,"0924-09-23 03:06:05",1,0,0,0,4,924
3696,"0924-12-21 06:25:11",0,0,1,0,1,924
3697,"0925-03-20 18:45:19",0,1,0,0,2,925
3698,"0925-06-22 06:37:56",0,0,0,1,3,925
3699,"0925-09-23 08:50:04",1,0,0,0,4,925
3700,"0925-12-21 12:08:24",0,0,1,0,1,925
3701,"0926-03-21 00:33:14",0,1,0,0,2,926
3702,"0926-06-22 12:19:04",0,0,0,1,3,926
3703,"0926-09-23 14:36:09",1,0,0,0,4,926
3704,"0926-12-21 17:54:30",0,0,1,0,1,926
3705,"0927-03-21 06:10:32",0,1,0,0,2,927
3706,"0927-06-22 17:57:27",0,0,0,1,3,927
3707,"0927-09-23 20:31:19",1,0,0,0,4,927
3708,"0927-12-21 23:50:13",0,0,1,0,1,927
3709,"0928-03-20 12:00:27",0,1,0,0,2,928
3710,"0928-06-21 23:46:41",0,0,0,1,3,928
3711,"0928-09-23 02:15:54",1,0,0,0,4,928
3712,"0928-12-21 05:32:31",0,0,1,0,1,928
3713,"0929-03-20 17:42:10",0,1,0,0,2,929
3714,"0929-06-22 05:31:30",0,0,0,1,3,929
3715,"0929-09-23 08:02:28",1,0,0,0,4,929
3716,"0929-12-21 11:27:13",0,0,1,0,1,929
3717,"0930-03-20 23:34:10",0,1,0,0,2,930
3718,"0930-06-22 11:15:14",0,0,0,1,3,930
3719,"0930-09-23 13:45:08",1,0,0,0,4,930
3720,"0930-12-21 17:21:40",0,0,1,0,1,930
3721,"0931-03-21 05:28:12",0,1,0,0,2,931
3722,"0931-06-22 16:59:20",0,0,0,1,3,931
3723,"0931-09-23 19:29:48",1,0,0,0,4,931
3724,"0931-12-21 23:01:54",0,0,1,0,1,931
3725,"0932-03-20 11:10:07",0,1,0,0,2,932
3726,"0932-06-21 22:46:49",0,0,0,1,3,932
3727,"0932-09-23 01:25:31",1,0,0,0,4,932
3728,"0932-12-21 04:54:25",0,0,1,0,1,932
3729,"0933-03-20 17:07:42",0,1,0,0,2,933
3730,"0933-06-22 04:44:50",0,0,0,1,3,933
3731,"0933-09-23 07:11:36",1,0,0,0,4,933
3732,"0933-12-21 10:43:59",0,0,1,0,1,933
3733,"0934-03-20 23:02:00",0,1,0,0,2,934
3734,"0934-06-22 10:34:25",0,0,0,1,3,934
3735,"0934-09-23 12:58:00",1,0,0,0,4,934
3736,"0934-12-21 16:34:27",0,0,1,0,1,934
3737,"0935-03-21 04:42:55",0,1,0,0,2,935
3738,"0935-06-22 16:19:10",0,0,0,1,3,935
3739,"0935-09-23 18:54:25",1,0,0,0,4,935
3740,"0935-12-21 22:32:13",0,0,1,0,1,935
3741,"0936-03-20 10:39:04",0,1,0,0,2,936
3742,"0936-06-21 22:17:45",0,0,0,1,3,936
3743,"0936-09-23 00:45:16",1,0,0,0,4,936
3744,"0936-12-21 04:15:56",0,0,1,0,1,936
3745,"0937-03-20 16:27:59",0,1,0,0,2,937
3746,"0937-06-22 04:07:57",0,0,0,1,3,937
3747,"0937-09-23 06:37:06",1,0,0,0,4,937
3748,"0937-12-21 10:06:03",0,0,1,0,1,937
3749,"0938-03-20 22:19:55",0,1,0,0,2,938
3750,"0938-06-22 09:55:01",0,0,0,1,3,938
3751,"0938-09-23 12:28:19",1,0,0,0,4,938
3752,"0938-12-21 16:01:55",0,0,1,0,1,938
3753,"0939-03-21 04:13:24",0,1,0,0,2,939
3754,"0939-06-22 15:43:35",0,0,0,1,3,939
3755,"0939-09-23 18:18:31",1,0,0,0,4,939
3756,"0939-12-21 21:46:11",0,0,1,0,1,939
3757,"0940-03-20 09:49:57",0,1,0,0,2,940
3758,"0940-06-21 21:28:54",0,0,0,1,3,940
3759,"0940-09-23 00:12:50",1,0,0,0,4,940
3760,"0940-12-21 03:41:31",0,0,1,0,1,940
3761,"0941-03-20 15:42:10",0,1,0,0,2,941
3762,"0941-06-22 03:23:31",0,0,0,1,3,941
3763,"0941-09-23 05:58:20",1,0,0,0,4,941
3764,"0941-12-21 09:34:43",0,0,1,0,1,941
3765,"0942-03-20 21:36:52",0,1,0,0,2,942
3766,"0942-06-22 09:08:20",0,0,0,1,3,942
3767,"0942-09-23 11:41:33",1,0,0,0,4,942
3768,"0942-12-21 15:22:26",0,0,1,0,1,942
3769,"0943-03-21 03:17:11",0,1,0,0,2,943
3770,"0943-06-22 14:44:48",0,0,0,1,3,943
3771,"0943-09-23 17:33:50",1,0,0,0,4,943
3772,"0943-12-21 21:15:00",0,0,1,0,1,943
3773,"0944-03-20 09:12:38",0,1,0,0,2,944
3774,"0944-06-21 20:38:53",0,0,0,1,3,944
3775,"0944-09-22 23:22:07",1,0,0,0,4,944
3776,"0944-12-21 02:57:22",0,0,1,0,1,944
3777,"0945-03-20 15:00:05",0,1,0,0,2,945
3778,"0945-06-22 02:24:55",0,0,0,1,3,945
3779,"0945-09-23 05:05:10",1,0,0,0,4,945
3780,"0945-12-21 08:43:08",0,0,1,0,1,945
3781,"0946-03-20 20:45:30",0,1,0,0,2,946
3782,"0946-06-22 08:07:47",0,0,0,1,3,946
3783,"0946-09-23 10:48:16",1,0,0,0,4,946
3784,"0946-12-21 14:37:20",0,0,1,0,1,946
3785,"0947-03-21 02:37:19",0,1,0,0,2,947
3786,"0947-06-22 13:57:08",0,0,0,1,3,947
3787,"0947-09-23 16:33:27",1,0,0,0,4,947
3788,"0947-12-21 20:17:19",0,0,1,0,1,947
3789,"0948-03-20 08:13:06",0,1,0,0,2,948
3790,"0948-06-21 19:40:37",0,0,0,1,3,948
3791,"0948-09-22 22:23:17",1,0,0,0,4,948
3792,"0948-12-21 02:04:11",0,0,1,0,1,948
3793,"0949-03-20 14:03:56",0,1,0,0,2,949
3794,"0949-06-22 01:34:56",0,0,0,1,3,949
3795,"0949-09-23 04:12:07",1,0,0,0,4,949
3796,"0949-12-21 07:52:59",0,0,1,0,1,949
3797,"0950-03-20 19:58:25",0,1,0,0,2,950
3798,"0950-06-22 07:21:36",0,0,0,1,3,950
3799,"0950-09-23 09:59:29",1,0,0,0,4,950
3800,"0950-12-21 13:39:36",0,0,1,0,1,950
3801,"0951-03-21 01:35:36",0,1,0,0,2,951
3802,"0951-06-22 12:59:13",0,0,0,1,3,951
3803,"0951-09-23 15:55:09",1,0,0,0,4,951
3804,"0951-12-21 19:36:31",0,0,1,0,1,951
3805,"0952-03-20 07:27:58",0,1,0,0,2,952
3806,"0952-06-21 18:56:26",0,0,0,1,3,952
3807,"0952-09-22 21:47:45",1,0,0,0,4,952
3808,"0952-12-21 01:27:50",0,0,1,0,1,952
3809,"0953-03-20 13:19:10",0,1,0,0,2,953
3810,"0953-06-22 00:46:31",0,0,0,1,3,953
3811,"0953-09-23 03:34:35",1,0,0,0,4,953
3812,"0953-12-21 07:21:01",0,0,1,0,1,953
3813,"0954-03-20 19:10:53",0,1,0,0,2,954
3814,"0954-06-22 06:30:37",0,0,0,1,3,954
3815,"0954-09-23 09:22:43",1,0,0,0,4,954
3816,"0954-12-21 13:19:42",0,0,1,0,1,954
3817,"0955-03-21 01:10:37",0,1,0,0,2,955
3818,"0955-06-22 12:23:53",0,0,0,1,3,955
3819,"0955-09-23 15:15:09",1,0,0,0,4,955
3820,"0955-12-21 19:04:34",0,0,1,0,1,955
3821,"0956-03-20 06:56:05",0,1,0,0,2,956
3822,"0956-06-21 18:11:45",0,0,0,1,3,956
3823,"0956-09-22 21:07:53",1,0,0,0,4,956
3824,"0956-12-21 00:54:17",0,0,1,0,1,956
3825,"0957-03-20 12:49:33",0,1,0,0,2,957
3826,"0957-06-22 00:09:27",0,0,0,1,3,957
3827,"0957-09-23 02:57:40",1,0,0,0,4,957
3828,"0957-12-21 06:47:43",0,0,1,0,1,957
3829,"0958-03-20 18:46:06",0,1,0,0,2,958
3830,"0958-06-22 06:01:38",0,0,0,1,3,958
3831,"0958-09-23 08:43:39",1,0,0,0,4,958
3832,"0958-12-21 12:36:34",0,0,1,0,1,958
3833,"0959-03-21 00:23:47",0,1,0,0,2,959
3834,"0959-06-22 11:40:03",0,0,0,1,3,959
3835,"0959-09-23 14:35:49",1,0,0,0,4,959
3836,"0959-12-21 18:29:14",0,0,1,0,1,959
3837,"0960-03-20 06:13:32",0,1,0,0,2,960
3838,"0960-06-21 17:35:47",0,0,0,1,3,960
3839,"0960-09-22 20:27:24",1,0,0,0,4,960
3840,"0960-12-21 00:13:57",0,0,1,0,1,960
3841,"0961-03-20 12:03:26",0,1,0,0,2,961
3842,"0961-06-21 23:23:00",0,0,0,1,3,961
3843,"0961-09-23 02:13:11",1,0,0,0,4,961
3844,"0961-12-21 05:59:28",0,0,1,0,1,961
3845,"0962-03-20 17:48:44",0,1,0,0,2,962
3846,"0962-06-22 04:59:36",0,0,0,1,3,962
3847,"0962-09-23 07:58:17",1,0,0,0,4,962
3848,"0962-12-21 11:51:19",0,0,1,0,1,962
3849,"0963-03-20 23:37:28",0,1,0,0,2,963
3850,"0963-06-22 10:47:15",0,0,0,1,3,963
3851,"0963-09-23 13:47:20",1,0,0,0,4,963
3852,"0963-12-21 17:36:22",0,0,1,0,1,963
3853,"0964-03-20 05:16:01",0,1,0,0,2,964
3854,"0964-06-21 16:29:47",0,0,0,1,3,964
3855,"0964-09-22 19:33:18",1,0,0,0,4,964
3856,"0964-12-20 23:25:03",0,0,1,0,1,964
3857,"0965-03-20 11:02:41",0,1,0,0,2,965
3858,"0965-06-21 22:19:16",0,0,0,1,3,965
3859,"0965-09-23 01:17:18",1,0,0,0,4,965
3860,"0965-12-21 05:17:41",0,0,1,0,1,965
3861,"0966-03-20 16:59:53",0,1,0,0,2,966
3862,"0966-06-22 04:08:05",0,0,0,1,3,966
3863,"0966-09-23 07:01:51",1,0,0,0,4,966
3864,"0966-12-21 11:05:21",0,0,1,0,1,966
3865,"0967-03-20 22:41:32",0,1,0,0,2,967
3866,"0967-06-22 09:42:48",0,0,0,1,3,967
3867,"0967-09-23 12:51:39",1,0,0,0,4,967
3868,"0967-12-21 16:53:59",0,0,1,0,1,967
3869,"0968-03-20 04:33:34",0,1,0,0,2,968
3870,"0968-06-21 15:39:52",0,0,0,1,3,968
3871,"0968-09-22 18:45:07",1,0,0,0,4,968
3872,"0968-12-20 22:41:36",0,0,1,0,1,968
3873,"0969-03-20 10:28:01",0,1,0,0,2,969
3874,"0969-06-21 21:33:30",0,0,0,1,3,969
3875,"0969-09-23 00:31:01",1,0,0,0,4,969
3876,"0969-12-21 04:30:14",0,0,1,0,1,969
3877,"0970-03-20 16:14:31",0,1,0,0,2,970
3878,"0970-06-22 03:15:08",0,0,0,1,3,970
3879,"0970-09-23 06:16:09",1,0,0,0,4,970
3880,"0970-12-21 10:25:11",0,0,1,0,1,970
3881,"0971-03-20 22:06:42",0,1,0,0,2,971
3882,"0971-06-22 09:10:55",0,0,0,1,3,971
3883,"0971-09-23 12:10:36",1,0,0,0,4,971
3884,"0971-12-21 16:13:17",0,0,1,0,1,971
3885,"0972-03-20 03:51:35",0,1,0,0,2,972
3886,"0972-06-21 15:00:05",0,0,0,1,3,972
3887,"0972-09-22 18:01:52",1,0,0,0,4,972
3888,"0972-12-20 22:00:04",0,0,1,0,1,972
3889,"0973-03-20 09:41:24",0,1,0,0,2,973
3890,"0973-06-21 20:52:30",0,0,0,1,3,973
3891,"0973-09-22 23:53:22",1,0,0,0,4,973
3892,"0973-12-21 03:52:44",0,0,1,0,1,973
3893,"0974-03-20 15:39:28",0,1,0,0,2,974
3894,"0974-06-22 02:45:52",0,0,0,1,3,974
3895,"0974-09-23 05:46:51",1,0,0,0,4,974
3896,"0974-12-21 09:45:03",0,0,1,0,1,974
3897,"0975-03-20 21:19:10",0,1,0,0,2,975
3898,"0975-06-22 08:22:16",0,0,0,1,3,975
3899,"0975-09-23 11:38:45",1,0,0,0,4,975
3900,"0975-12-21 15:38:20",0,0,1,0,1,975
3901,"0976-03-20 03:07:01",0,1,0,0,2,976
3902,"0976-06-21 14:18:09",0,0,0,1,3,976
3903,"0976-09-22 17:33:34",1,0,0,0,4,976
3904,"0976-12-20 21:33:28",0,0,1,0,1,976
3905,"0977-03-20 09:02:28",0,1,0,0,2,977
3906,"0977-06-21 20:09:57",0,0,0,1,3,977
3907,"0977-09-22 23:18:03",1,0,0,0,4,977
3908,"0977-12-21 03:24:17",0,0,1,0,1,977
3909,"0978-03-20 14:50:57",0,1,0,0,2,978
3910,"0978-06-22 01:44:58",0,0,0,1,3,978
3911,"0978-09-23 04:59:15",1,0,0,0,4,978
3912,"0978-12-21 09:16:33",0,0,1,0,1,978
3913,"0979-03-20 20:45:41",0,1,0,0,2,979
3914,"0979-06-22 07:36:49",0,0,0,1,3,979
3915,"0979-09-23 10:52:47",1,0,0,0,4,979
3916,"0979-12-21 15:02:05",0,0,1,0,1,979
3917,"0980-03-20 02:32:30",0,1,0,0,2,980
3918,"0980-06-21 13:24:05",0,0,0,1,3,980
3919,"0980-09-22 16:38:30",1,0,0,0,4,980
3920,"0980-12-20 20:45:25",0,0,1,0,1,980
3921,"0981-03-20 08:19:28",0,1,0,0,2,981
3922,"0981-06-21 19:13:30",0,0,0,1,3,981
3923,"0981-09-22 22:21:49",1,0,0,0,4,981
3924,"0981-12-21 02:34:57",0,0,1,0,1,981
3925,"0982-03-20 14:12:39",0,1,0,0,2,982
3926,"0982-06-22 01:06:09",0,0,0,1,3,982
3927,"0982-09-23 04:08:49",1,0,0,0,4,982
3928,"0982-12-21 08:23:47",0,0,1,0,1,982
3929,"0983-03-20 19:50:34",0,1,0,0,2,983
3930,"0983-06-22 06:42:15",0,0,0,1,3,983
3931,"0983-09-23 09:55:01",1,0,0,0,4,983
3932,"0983-12-21 14:08:45",0,0,1,0,1,983
3933,"0984-03-20 01:34:59",0,1,0,0,2,984
3934,"0984-06-21 12:35:14",0,0,0,1,3,984
3935,"0984-09-22 15:47:51",1,0,0,0,4,984
3936,"0984-12-20 19:54:28",0,0,1,0,1,984
3937,"0985-03-20 07:27:42",0,1,0,0,2,985
3938,"0985-06-21 18:27:26",0,0,0,1,3,985
3939,"0985-09-22 21:36:18",1,0,0,0,4,985
3940,"0985-12-21 01:41:22",0,0,1,0,1,985
3941,"0986-03-20 13:12:42",0,1,0,0,2,986
3942,"0986-06-22 00:01:08",0,0,0,1,3,986
3943,"0986-09-23 03:19:38",1,0,0,0,4,986
3944,"0986-12-21 07:32:04",0,0,1,0,1,986
3945,"0987-03-20 18:58:44",0,1,0,0,2,987
3946,"0987-06-22 05:51:47",0,0,0,1,3,987
3947,"0987-09-23 09:16:07",1,0,0,0,4,987
3948,"0987-12-21 13:23:49",0,0,1,0,1,987
3949,"0988-03-20 00:43:53",0,1,0,0,2,988
3950,"0988-06-21 11:40:55",0,0,0,1,3,988
3951,"0988-09-22 15:03:49",1,0,0,0,4,988
3952,"0988-12-20 19:14:49",0,0,1,0,1,988
3953,"0989-03-20 06:32:46",0,1,0,0,2,989
3954,"0989-06-21 17:28:16",0,0,0,1,3,989
3955,"0989-09-22 20:48:13",1,0,0,0,4,989
3956,"0989-12-21 01:08:54",0,0,1,0,1,989
3957,"0990-03-20 12:31:24",0,1,0,0,2,990
3958,"0990-06-21 23:21:55",0,0,0,1,3,990
3959,"0990-09-23 02:40:55",1,0,0,0,4,990
3960,"0990-12-21 07:03:12",0,0,1,0,1,990
3961,"0991-03-20 18:20:05",0,1,0,0,2,991
3962,"0991-06-22 05:01:50",0,0,0,1,3,991
3963,"0991-09-23 08:32:01",1,0,0,0,4,991
3964,"0991-12-21 12:51:55",0,0,1,0,1,991
3965,"0992-03-20 00:10:42",0,1,0,0,2,992
3966,"0992-06-21 10:57:33",0,0,0,1,3,992
3967,"0992-09-22 14:26:08",1,0,0,0,4,992
3968,"0992-12-20 18:42:06",0,0,1,0,1,992
3969,"0993-03-20 06:07:42",0,1,0,0,2,993
3970,"0993-06-21 16:56:31",0,0,0,1,3,993
3971,"0993-09-22 20:15:58",1,0,0,0,4,993
3972,"0993-12-21 00:36:32",0,0,1,0,1,993
3973,"0994-03-20 11:58:05",0,1,0,0,2,994
3974,"0994-06-21 22:35:23",0,0,0,1,3,994
3975,"0994-09-23 01:57:02",1,0,0,0,4,994
3976,"0994-12-21 06:26:47",0,0,1,0,1,994
3977,"0995-03-20 17:45:03",0,1,0,0,2,995
3978,"0995-06-22 04:28:27",0,0,0,1,3,995
3979,"0995-09-23 07:53:18",1,0,0,0,4,995
3980,"0995-12-21 12:15:35",0,0,1,0,1,995
3981,"0996-03-19 23:33:50",0,1,0,0,2,996
3982,"0996-06-21 10:21:14",0,0,0,1,3,996
3983,"0996-09-22 13:43:04",1,0,0,0,4,996
3984,"0996-12-20 18:00:59",0,0,1,0,1,996
3985,"0997-03-20 05:21:43",0,1,0,0,2,997
3986,"0997-06-21 16:05:30",0,0,0,1,3,997
3987,"0997-09-22 19:26:57",1,0,0,0,4,997
3988,"0997-12-20 23:47:34",0,0,1,0,1,997
3989,"0998-03-20 11:13:05",0,1,0,0,2,998
3990,"0998-06-21 21:56:39",0,0,0,1,3,998
3991,"0998-09-23 01:21:02",1,0,0,0,4,998
3992,"0998-12-21 05:40:49",0,0,1,0,1,998
3993,"0999-03-20 16:54:18",0,1,0,0,2,999
3994,"0999-06-22 03:33:48",0,0,0,1,3,999
3995,"0999-09-23 07:07:57",1,0,0,0,4,999
3996,"0999-12-21 11:28:34",0,0,1,0,1,999
3997,"1000-03-20 22:36:39",0,1,0,0,2,1000
3998,"1000-06-22 09:22:55",0,0,0,1,3,1000
3999,"1000-09-23 12:56:33",1,0,0,0,4,1000
4000,"1000-12-21 17:18:28",0,0,1,0,1,1000
4001,"1001-03-21 04:29:49",0,1,0,0,2,1001
4002,"1001-06-22 15:16:42",0,0,0,1,3,1001
4003,"1001-09-23 18:43:42",1,0,0,0,4,1001
4004,"1001-12-21 23:11:23",0,0,1,0,1,1001
4005,"1002-03-21 10:20:06",0,1,0,0,2,1002
4006,"1002-06-22 20:49:35",0,0,0,1,3,1002
4007,"1002-09-24 00:21:25",1,0,0,0,4,1002
4008,"1002-12-22 04:56:47",0,0,1,0,1,1002
4009,"1003-03-21 16:07:26",0,1,0,0,2,1003
4010,"1003-06-23 02:38:03",0,0,0,1,3,1003
4011,"1003-09-24 06:16:35",1,0,0,0,4,1003
4012,"1003-12-22 10:43:29",0,0,1,0,1,1003
4013,"1004-03-20 21:56:26",0,1,0,0,2,1004
4014,"1004-06-22 08:31:32",0,0,0,1,3,1004
4015,"1004-09-23 12:05:03",1,0,0,0,4,1004
4016,"1004-12-21 16:30:26",0,0,1,0,1,1004
4017,"1005-03-21 03:44:11",0,1,0,0,2,1005
4018,"1005-06-22 14:16:47",0,0,0,1,3,1005
4019,"1005-09-23 17:44:26",1,0,0,0,4,1005
4020,"1005-12-21 22:17:57",0,0,1,0,1,1005
4021,"1006-03-21 09:34:13",0,1,0,0,2,1006
4022,"1006-06-22 20:10:35",0,0,0,1,3,1006
4023,"1006-09-23 23:38:44",1,0,0,0,4,1006
4024,"1006-12-22 04:13:02",0,0,1,0,1,1006
4025,"1007-03-21 15:18:35",0,1,0,0,2,1007
4026,"1007-06-23 01:52:53",0,0,0,1,3,1007
4027,"1007-09-24 05:27:22",1,0,0,0,4,1007
4028,"1007-12-22 09:59:13",0,0,1,0,1,1007
4029,"1008-03-20 21:04:33",0,1,0,0,2,1008
4030,"1008-06-22 07:43:42",0,0,0,1,3,1008
4031,"1008-09-23 11:19:56",1,0,0,0,4,1008
4032,"1008-12-21 15:47:13",0,0,1,0,1,1008
4033,"1009-03-21 03:00:01",0,1,0,0,2,1009
4034,"1009-06-22 13:40:37",0,0,0,1,3,1009
4035,"1009-09-23 17:15:16",1,0,0,0,4,1009
4036,"1009-12-21 21:41:46",0,0,1,0,1,1009
4037,"1010-03-21 08:51:04",0,1,0,0,2,1010
4038,"1010-06-22 19:17:04",0,0,0,1,3,1010
4039,"1010-09-23 22:57:47",1,0,0,0,4,1010
4040,"1010-12-22 03:31:56",0,0,1,0,1,1010
4041,"1011-03-21 14:37:09",0,1,0,0,2,1011
4042,"1011-06-23 01:07:36",0,0,0,1,3,1011
4043,"1011-09-24 04:55:50",1,0,0,0,4,1011
4044,"1011-12-22 09:26:11",0,0,1,0,1,1011
4045,"1012-03-20 20:26:24",0,1,0,0,2,1012
4046,"1012-06-22 07:03:38",0,0,0,1,3,1012
4047,"1012-09-23 10:47:11",1,0,0,0,4,1012
4048,"1012-12-21 15:21:01",0,0,1,0,1,1012
4049,"1013-03-21 02:19:41",0,1,0,0,2,1013
4050,"1013-06-22 12:48:54",0,0,0,1,3,1013
4051,"1013-09-23 16:26:44",1,0,0,0,4,1013
4052,"1013-12-21 21:10:06",0,0,1,0,1,1013
4053,"1014-03-21 08:14:01",0,1,0,0,2,1014
4054,"1014-06-22 18:40:25",0,0,0,1,3,1014
4055,"1014-09-23 22:22:16",1,0,0,0,4,1014
4056,"1014-12-22 03:04:35",0,0,1,0,1,1014
4057,"1015-03-21 14:04:15",0,1,0,0,2,1015
4058,"1015-06-23 00:24:38",0,0,0,1,3,1015
4059,"1015-09-24 04:12:05",1,0,0,0,4,1015
4060,"1015-12-22 08:50:52",0,0,1,0,1,1015
4061,"1016-03-20 19:52:08",0,1,0,0,2,1016
4062,"1016-06-22 06:14:44",0,0,0,1,3,1016
4063,"1016-09-23 09:59:06",1,0,0,0,4,1016
4064,"1016-12-21 14:35:47",0,0,1,0,1,1016
4065,"1017-03-21 01:43:08",0,1,0,0,2,1017
4066,"1017-06-22 12:12:16",0,0,0,1,3,1017
4067,"1017-09-23 15:50:33",1,0,0,0,4,1017
4068,"1017-12-21 20:30:25",0,0,1,0,1,1017
4069,"1018-03-21 07:32:41",0,1,0,0,2,1018
4070,"1018-06-22 17:49:53",0,0,0,1,3,1018
4071,"1018-09-23 21:27:53",1,0,0,0,4,1018
4072,"1018-12-22 02:15:06",0,0,1,0,1,1018
4073,"1019-03-21 13:13:55",0,1,0,0,2,1019
4074,"1019-06-22 23:35:57",0,0,0,1,3,1019
4075,"1019-09-24 03:20:42",1,0,0,0,4,1019
4076,"1019-12-22 07:59:31",0,0,1,0,1,1019
4077,"1020-03-20 18:58:38",0,1,0,0,2,1020
4078,"1020-06-22 05:29:13",0,0,0,1,3,1020
4079,"1020-09-23 09:12:23",1,0,0,0,4,1020
4080,"1020-12-21 13:47:08",0,0,1,0,1,1020
4081,"1021-03-21 00:47:39",0,1,0,0,2,1021
4082,"1021-06-22 11:09:50",0,0,0,1,3,1021
4083,"1021-09-23 14:51:07",1,0,0,0,4,1021
4084,"1021-12-21 19:29:17",0,0,1,0,1,1021
4085,"1022-03-21 06:31:54",0,1,0,0,2,1022
4086,"1022-06-22 16:55:33",0,0,0,1,3,1022
4087,"1022-09-23 20:45:36",1,0,0,0,4,1022
4088,"1022-12-22 01:23:41",0,0,1,0,1,1022
4089,"1023-03-21 12:14:36",0,1,0,0,2,1023
4090,"1023-06-22 22:37:54",0,0,0,1,3,1023
4091,"1023-09-24 02:35:21",1,0,0,0,4,1023
4092,"1023-12-22 07:15:54",0,0,1,0,1,1023
4093,"1024-03-20 17:59:50",0,1,0,0,2,1024
4094,"1024-06-22 04:23:21",0,0,0,1,3,1024
4095,"1024-09-23 08:18:31",1,0,0,0,4,1024
4096,"1024-12-21 13:02:40",0,0,1,0,1,1024
4097,"1025-03-20 23:51:14",0,1,0,0,2,1025
4098,"1025-06-22 10:17:26",0,0,0,1,3,1025
4099,"1025-09-23 14:10:57",1,0,0,0,4,1025
4100,"1025-12-21 19:01:49",0,0,1,0,1,1025
4101,"1026-03-21 05:50:12",0,1,0,0,2,1026
4102,"1026-06-22 15:56:56",0,0,0,1,3,1026
4103,"1026-09-23 19:51:46",1,0,0,0,4,1026
4104,"1026-12-22 00:48:46",0,0,1,0,1,1026
4105,"1027-03-21 11:39:20",0,1,0,0,2,1027
4106,"1027-06-22 21:44:40",0,0,0,1,3,1027
4107,"1027-09-24 01:46:15",1,0,0,0,4,1027
4108,"1027-12-22 06:35:41",0,0,1,0,1,1027
4109,"1028-03-20 17:30:21",0,1,0,0,2,1028
4110,"1028-06-22 03:45:58",0,0,0,1,3,1028
4111,"1028-09-23 07:42:04",1,0,0,0,4,1028
4112,"1028-12-21 12:30:59",0,0,1,0,1,1028
4113,"1029-03-20 23:26:08",0,1,0,0,2,1029
4114,"1029-06-22 09:35:17",0,0,0,1,3,1029
4115,"1029-09-23 13:20:59",1,0,0,0,4,1029
4116,"1029-12-21 18:17:15",0,0,1,0,1,1029
4117,"1030-03-21 05:14:39",0,1,0,0,2,1030
4118,"1030-06-22 15:27:42",0,0,0,1,3,1030
4119,"1030-09-23 19:17:20",1,0,0,0,4,1030
4120,"1030-12-22 00:13:02",0,0,1,0,1,1030
4121,"1031-03-21 11:01:58",0,1,0,0,2,1031
4122,"1031-06-22 21:17:34",0,0,0,1,3,1031
4123,"1031-09-24 01:11:50",1,0,0,0,4,1031
4124,"1031-12-22 06:03:35",0,0,1,0,1,1031
4125,"1032-03-20 16:51:31",0,1,0,0,2,1032
4126,"1032-06-22 03:06:57",0,0,0,1,3,1032
4127,"1032-09-23 06:59:28",1,0,0,0,4,1032
4128,"1032-12-21 11:45:50",0,0,1,0,1,1032
4129,"1033-03-20 22:41:20",0,1,0,0,2,1033
4130,"1033-06-22 09:01:33",0,0,0,1,3,1033
4131,"1033-09-23 12:57:20",1,0,0,0,4,1033
4132,"1033-12-21 17:43:11",0,0,1,0,1,1033
4133,"1034-03-21 04:33:57",0,1,0,0,2,1034
4134,"1034-06-22 14:40:55",0,0,0,1,3,1034
4135,"1034-09-23 18:39:55",1,0,0,0,4,1034
4136,"1034-12-21 23:32:11",0,0,1,0,1,1034
4137,"1035-03-21 10:15:56",0,1,0,0,2,1035
4138,"1035-06-22 20:23:54",0,0,0,1,3,1035
4139,"1035-09-24 00:30:11",1,0,0,0,4,1035
4140,"1035-12-22 05:19:54",0,0,1,0,1,1035
4141,"1036-03-20 15:59:25",0,1,0,0,2,1036
4142,"1036-06-22 02:18:28",0,0,0,1,3,1036
4143,"1036-09-23 06:22:41",1,0,0,0,4,1036
4144,"1036-12-21 11:15:42",0,0,1,0,1,1036
4145,"1037-03-20 21:54:00",0,1,0,0,2,1037
4146,"1037-06-22 08:01:04",0,0,0,1,3,1037
4147,"1037-09-23 11:56:34",1,0,0,0,4,1037
4148,"1037-12-21 16:58:08",0,0,1,0,1,1037
4149,"1038-03-21 03:42:03",0,1,0,0,2,1038
4150,"1038-06-22 13:44:18",0,0,0,1,3,1038
4151,"1038-09-23 17:48:31",1,0,0,0,4,1038
4152,"1038-12-21 22:48:16",0,0,1,0,1,1038
4153,"1039-03-21 09:27:24",0,1,0,0,2,1039
4154,"1039-06-22 19:29:37",0,0,0,1,3,1039
4155,"1039-09-23 23:39:41",1,0,0,0,4,1039
4156,"1039-12-22 04:36:33",0,0,1,0,1,1039
4157,"1040-03-20 15:15:45",0,1,0,0,2,1040
4158,"1040-06-22 01:16:47",0,0,0,1,3,1040
4159,"1040-09-23 05:20:09",1,0,0,0,4,1040
4160,"1040-12-21 10:17:43",0,0,1,0,1,1040
4161,"1041-03-20 21:02:28",0,1,0,0,2,1041
4162,"1041-06-22 07:09:30",0,0,0,1,3,1041
4163,"1041-09-23 11:11:50",1,0,0,0,4,1041
4164,"1041-12-21 16:13:35",0,0,1,0,1,1041
4165,"1042-03-21 02:53:35",0,1,0,0,2,1042
4166,"1042-06-22 12:50:48",0,0,0,1,3,1042
4167,"1042-09-23 16:52:08",1,0,0,0,4,1042
4168,"1042-12-21 22:01:02",0,0,1,0,1,1042
4169,"1043-03-21 08:38:47",0,1,0,0,2,1043
4170,"1043-06-22 18:35:48",0,0,0,1,3,1043
4171,"1043-09-23 22:42:03",1,0,0,0,4,1043
4172,"1043-12-22 03:43:05",0,0,1,0,1,1043
4173,"1044-03-20 14:23:00",0,1,0,0,2,1044
4174,"1044-06-22 00:32:00",0,0,0,1,3,1044
4175,"1044-09-23 04:40:07",1,0,0,0,4,1044
4176,"1044-12-21 09:37:07",0,0,1,0,1,1044
4177,"1045-03-20 20:20:05",0,1,0,0,2,1045
4178,"1045-06-22 06:19:48",0,0,0,1,3,1045
4179,"1045-09-23 10:21:16",1,0,0,0,4,1045
4180,"1045-12-21 15:22:23",0,0,1,0,1,1045
4181,"1046-03-21 02:06:49",0,1,0,0,2,1046
4182,"1046-06-22 12:05:20",0,0,0,1,3,1046
4183,"1046-09-23 16:16:35",1,0,0,0,4,1046
4184,"1046-12-21 21:17:44",0,0,1,0,1,1046
4185,"1047-03-21 07:50:30",0,1,0,0,2,1047
4186,"1047-06-22 17:55:48",0,0,0,1,3,1047
4187,"1047-09-23 22:14:14",1,0,0,0,4,1047
4188,"1047-12-22 03:17:06",0,0,1,0,1,1047
4189,"1048-03-20 13:44:10",0,1,0,0,2,1048
4190,"1048-06-21 23:47:04",0,0,0,1,3,1048
4191,"1048-09-23 03:57:46",1,0,0,0,4,1048
4192,"1048-12-21 09:03:29",0,0,1,0,1,1048
4193,"1049-03-20 19:35:54",0,1,0,0,2,1049
4194,"1049-06-22 05:39:58",0,0,0,1,3,1049
4195,"1049-09-23 09:53:16",1,0,0,0,4,1049
4196,"1049-12-21 15:03:12",0,0,1,0,1,1049
4197,"1050-03-21 01:35:01",0,1,0,0,2,1050
4198,"1050-06-22 11:24:19",0,0,0,1,3,1050
4199,"1050-09-23 15:39:48",1,0,0,0,4,1050
4200,"1050-12-21 20:54:16",0,0,1,0,1,1050
4201,"1051-03-21 07:26:31",0,1,0,0,2,1051
4202,"1051-06-22 17:10:43",0,0,0,1,3,1051
4203,"1051-09-23 21:29:30",1,0,0,0,4,1051
4204,"1051-12-22 02:36:16",0,0,1,0,1,1051
4205,"1052-03-20 13:10:43",0,1,0,0,2,1052
4206,"1052-06-21 23:08:14",0,0,0,1,3,1052
4207,"1052-09-23 03:25:21",1,0,0,0,4,1052
4208,"1052-12-21 08:32:30",0,0,1,0,1,1052
4209,"1053-03-20 19:07:31",0,1,0,0,2,1053
4210,"1053-06-22 04:58:15",0,0,0,1,3,1053
4211,"1053-09-23 09:02:35",1,0,0,0,4,1053
4212,"1053-12-21 14:17:01",0,0,1,0,1,1053
4213,"1054-03-21 00:51:43",0,1,0,0,2,1054
4214,"1054-06-22 10:41:05",0,0,0,1,3,1054
4215,"1054-09-23 14:50:48",1,0,0,0,4,1054
4216,"1054-12-21 20:04:06",0,0,1,0,1,1054
4217,"1055-03-21 06:30:55",0,1,0,0,2,1055
4218,"1055-06-22 16:28:11",0,0,0,1,3,1055
4219,"1055-09-23 20:46:47",1,0,0,0,4,1055
4220,"1055-12-22 01:56:06",0,0,1,0,1,1055
4221,"1056-03-20 12:21:50",0,1,0,0,2,1056
4222,"1056-06-21 22:15:01",0,0,0,1,3,1056
4223,"1056-09-23 02:27:32",1,0,0,0,4,1056
4224,"1056-12-21 07:32:03",0,0,1,0,1,1056
4225,"1057-03-20 18:04:56",0,1,0,0,2,1057
4226,"1057-06-22 03:59:51",0,0,0,1,3,1057
4227,"1057-09-23 08:19:20",1,0,0,0,4,1057
4228,"1057-12-21 13:26:18",0,0,1,0,1,1057
4229,"1058-03-20 23:54:13",0,1,0,0,2,1058
4230,"1058-06-22 09:40:11",0,0,0,1,3,1058
4231,"1058-09-23 14:04:13",1,0,0,0,4,1058
4232,"1058-12-21 19:18:54",0,0,1,0,1,1058
4233,"1059-03-21 05:38:52",0,1,0,0,2,1059
4234,"1059-06-22 15:21:44",0,0,0,1,3,1059
4235,"1059-09-23 19:48:25",1,0,0,0,4,1059
4236,"1059-12-22 01:01:25",0,0,1,0,1,1059
4237,"1060-03-20 11:19:28",0,1,0,0,2,1060
4238,"1060-06-21 21:14:16",0,0,0,1,3,1060
4239,"1060-09-23 01:41:40",1,0,0,0,4,1060
4240,"1060-12-21 06:59:11",0,0,1,0,1,1060
4241,"1061-03-20 17:19:19",0,1,0,0,2,1061
4242,"1061-06-22 03:02:33",0,0,0,1,3,1061
4243,"1061-09-23 07:19:26",1,0,0,0,4,1061
4244,"1061-12-21 12:44:51",0,0,1,0,1,1061
4245,"1062-03-20 23:10:44",0,1,0,0,2,1062
4246,"1062-06-22 08:45:28",0,0,0,1,3,1062
4247,"1062-09-23 13:09:00",1,0,0,0,4,1062
4248,"1062-12-21 18:31:42",0,0,1,0,1,1062
4249,"1063-03-21 04:54:38",0,1,0,0,2,1063
4250,"1063-06-22 14:36:37",0,0,0,1,3,1063
4251,"1063-09-23 19:08:09",1,0,0,0,4,1063
4252,"1063-12-22 00:27:39",0,0,1,0,1,1063
4253,"1064-03-20 10:51:05",0,1,0,0,2,1064
4254,"1064-06-21 20:32:55",0,0,0,1,3,1064
4255,"1064-09-23 00:51:44",1,0,0,0,4,1064
4256,"1064-12-21 06:10:40",0,0,1,0,1,1064
4257,"1065-03-20 16:39:24",0,1,0,0,2,1065
4258,"1065-06-22 02:25:05",0,0,0,1,3,1065
4259,"1065-09-23 06:45:09",1,0,0,0,4,1065
4260,"1065-12-21 12:08:09",0,0,1,0,1,1065
4261,"1066-03-20 22:31:06",0,1,0,0,2,1066
4262,"1066-06-22 08:12:47",0,0,0,1,3,1066
4263,"1066-09-23 12:35:59",1,0,0,0,4,1066
4264,"1066-12-21 18:03:17",0,0,1,0,1,1066
4265,"1067-03-21 04:22:41",0,1,0,0,2,1067
4266,"1067-06-22 14:01:16",0,0,0,1,3,1067
4267,"1067-09-23 18:25:55",1,0,0,0,4,1067
4268,"1067-12-21 23:43:49",0,0,1,0,1,1067
4269,"1068-03-20 10:05:38",0,1,0,0,2,1068
4270,"1068-06-21 19:55:09",0,0,0,1,3,1068
4271,"1068-09-23 00:25:31",1,0,0,0,4,1068
4272,"1068-12-21 05:39:49",0,0,1,0,1,1068
4273,"1069-03-20 16:03:30",0,1,0,0,2,1069
4274,"1069-06-22 01:45:20",0,0,0,1,3,1069
4275,"1069-09-23 06:09:14",1,0,0,0,4,1069
4276,"1069-12-21 11:28:54",0,0,1,0,1,1069
4277,"1070-03-20 21:51:21",0,1,0,0,2,1070
4278,"1070-06-22 07:27:06",0,0,0,1,3,1070
4279,"1070-09-23 11:58:38",1,0,0,0,4,1070
4280,"1070-12-21 17:18:45",0,0,1,0,1,1070
4281,"1071-03-21 03:28:13",0,1,0,0,2,1071
4282,"1071-06-22 13:13:15",0,0,0,1,3,1071
4283,"1071-09-23 17:54:55",1,0,0,0,4,1071
4284,"1071-12-21 23:17:10",0,0,1,0,1,1071
4285,"1072-03-20 09:22:33",0,1,0,0,2,1072
4286,"1072-06-21 19:04:47",0,0,0,1,3,1072
4287,"1072-09-22 23:34:33",1,0,0,0,4,1072
4288,"1072-12-21 05:01:06",0,0,1,0,1,1072
4289,"1073-03-20 15:12:51",0,1,0,0,2,1073
4290,"1073-06-22 00:48:49",0,0,0,1,3,1073
4291,"1073-09-23 05:21:49",1,0,0,0,4,1073
4292,"1073-12-21 10:52:29",0,0,1,0,1,1073
4293,"1074-03-20 21:03:03",0,1,0,0,2,1074
4294,"1074-06-22 06:29:42",0,0,0,1,3,1074
4295,"1074-09-23 11:09:29",1,0,0,0,4,1074
4296,"1074-12-21 16:43:51",0,0,1,0,1,1074
4297,"1075-03-21 02:55:38",0,1,0,0,2,1075
4298,"1075-06-22 12:16:49",0,0,0,1,3,1075
4299,"1075-09-23 16:53:38",1,0,0,0,4,1075
4300,"1075-12-21 22:21:01",0,0,1,0,1,1075
4301,"1076-03-20 08:34:54",0,1,0,0,2,1076
4302,"1076-06-21 18:07:26",0,0,0,1,3,1076
4303,"1076-09-22 22:44:23",1,0,0,0,4,1076
4304,"1076-12-21 04:13:54",0,0,1,0,1,1076
4305,"1077-03-20 14:28:51",0,1,0,0,2,1077
4306,"1077-06-21 23:58:21",0,0,0,1,3,1077
4307,"1077-09-23 04:23:56",1,0,0,0,4,1077
4308,"1077-12-21 10:01:37",0,0,1,0,1,1077
4309,"1078-03-20 20:16:35",0,1,0,0,2,1078
4310,"1078-06-22 05:40:44",0,0,0,1,3,1078
4311,"1078-09-23 10:08:53",1,0,0,0,4,1078
4312,"1078-12-21 15:43:40",0,0,1,0,1,1078
4313,"1079-03-21 01:52:04",0,1,0,0,2,1079
4314,"1079-06-22 11:27:01",0,0,0,1,3,1079
4315,"1079-09-23 16:07:08",1,0,0,0,4,1079
4316,"1079-12-21 21:36:55",0,0,1,0,1,1079
4317,"1080-03-20 07:47:05",0,1,0,0,2,1080
4318,"1080-06-21 17:21:31",0,0,0,1,3,1080
4319,"1080-09-22 21:53:02",1,0,0,0,4,1080
4320,"1080-12-21 03:18:45",0,0,1,0,1,1080
4321,"1081-03-20 13:34:51",0,1,0,0,2,1081
4322,"1081-06-21 23:06:37",0,0,0,1,3,1081
4323,"1081-09-23 03:44:07",1,0,0,0,4,1081
4324,"1081-12-21 09:11:54",0,0,1,0,1,1081
4325,"1082-03-20 19:20:24",0,1,0,0,2,1082
4326,"1082-06-22 04:49:38",0,0,0,1,3,1082
4327,"1082-09-23 09:37:27",1,0,0,0,4,1082
4328,"1082-12-21 15:12:22",0,0,1,0,1,1082
4329,"1083-03-21 01:13:25",0,1,0,0,2,1083
4330,"1083-06-22 10:40:00",0,0,0,1,3,1083
4331,"1083-09-23 15:25:25",1,0,0,0,4,1083
4332,"1083-12-21 20:57:56",0,0,1,0,1,1083
4333,"1084-03-20 06:56:56",0,1,0,0,2,1084
4334,"1084-06-21 16:30:39",0,0,0,1,3,1084
4335,"1084-09-22 21:18:36",1,0,0,0,4,1084
4336,"1084-12-21 02:56:02",0,0,1,0,1,1084
4337,"1085-03-20 12:57:55",0,1,0,0,2,1085
4338,"1085-06-21 22:22:58",0,0,0,1,3,1085
4339,"1085-09-23 03:04:54",1,0,0,0,4,1085
4340,"1085-12-21 08:49:23",0,0,1,0,1,1085
4341,"1086-03-20 18:55:25",0,1,0,0,2,1086
4342,"1086-06-22 04:08:16",0,0,0,1,3,1086
4343,"1086-09-23 08:52:56",1,0,0,0,4,1086
4344,"1086-12-21 14:33:13",0,0,1,0,1,1086
4345,"1087-03-21 00:35:44",0,1,0,0,2,1087
4346,"1087-06-22 09:56:46",0,0,0,1,3,1087
4347,"1087-09-23 14:51:29",1,0,0,0,4,1087
4348,"1087-12-21 20:31:01",0,0,1,0,1,1087
4349,"1088-03-20 06:33:34",0,1,0,0,2,1088
4350,"1088-06-21 15:55:50",0,0,0,1,3,1088
4351,"1088-09-22 20:35:50",1,0,0,0,4,1088
4352,"1088-12-21 02:16:08",0,0,1,0,1,1088
4353,"1089-03-20 12:22:46",0,1,0,0,2,1089
4354,"1089-06-21 21:42:52",0,0,0,1,3,1089
4355,"1089-09-23 02:21:27",1,0,0,0,4,1089
4356,"1089-12-21 08:06:10",0,0,1,0,1,1089
4357,"1090-03-20 18:07:31",0,1,0,0,2,1090
4358,"1090-06-22 03:26:11",0,0,0,1,3,1090
4359,"1090-09-23 08:12:54",1,0,0,0,4,1090
4360,"1090-12-21 14:00:40",0,0,1,0,1,1090
4361,"1091-03-20 23:59:56",0,1,0,0,2,1091
4362,"1091-06-22 09:16:14",0,0,0,1,3,1091
4363,"1091-09-23 14:00:06",1,0,0,0,4,1091
4364,"1091-12-21 19:38:01",0,0,1,0,1,1091
4365,"1092-03-20 05:40:15",0,1,0,0,2,1092
4366,"1092-06-21 15:02:42",0,0,0,1,3,1092
4367,"1092-09-22 19:51:30",1,0,0,0,4,1092
4368,"1092-12-21 01:27:32",0,0,1,0,1,1092
4369,"1093-03-20 11:31:15",0,1,0,0,2,1093
4370,"1093-06-21 20:49:47",0,0,0,1,3,1093
4371,"1093-09-23 01:36:23",1,0,0,0,4,1093
4372,"1093-12-21 07:18:45",0,0,1,0,1,1093
4373,"1094-03-20 17:20:12",0,1,0,0,2,1094
4374,"1094-06-22 02:31:54",0,0,0,1,3,1094
4375,"1094-09-23 07:20:43",1,0,0,0,4,1094
4376,"1094-12-21 13:02:50",0,0,1,0,1,1094
4377,"1095-03-20 22:52:56",0,1,0,0,2,1095
4378,"1095-06-22 08:13:30",0,0,0,1,3,1095
4379,"1095-09-23 13:13:23",1,0,0,0,4,1095
4380,"1095-12-21 18:58:54",0,0,1,0,1,1095
4381,"1096-03-20 04:46:42",0,1,0,0,2,1096
4382,"1096-06-21 14:08:02",0,0,0,1,3,1096
4383,"1096-09-22 18:56:41",1,0,0,0,4,1096
4384,"1096-12-21 00:45:08",0,0,1,0,1,1096
4385,"1097-03-20 10:40:17",0,1,0,0,2,1097
4386,"1097-06-21 19:51:53",0,0,0,1,3,1097
4387,"1097-09-23 00:41:28",1,0,0,0,4,1097
4388,"1097-12-21 06:32:23",0,0,1,0,1,1097
4389,"1098-03-20 16:26:14",0,1,0,0,2,1098
4390,"1098-06-22 01:32:06",0,0,0,1,3,1098
4391,"1098-09-23 06:33:43",1,0,0,0,4,1098
4392,"1098-12-21 12:26:50",0,0,1,0,1,1098
4393,"1099-03-20 22:21:27",0,1,0,0,2,1099
4394,"1099-06-22 07:26:24",0,0,0,1,3,1099
4395,"1099-09-23 12:22:21",1,0,0,0,4,1099
4396,"1099-12-21 18:09:09",0,0,1,0,1,1099
4397,"1100-03-21 04:04:51",0,1,0,0,2,1100
4398,"1100-06-22 13:17:03",0,0,0,1,3,1100
4399,"1100-09-23 18:12:13",1,0,0,0,4,1100
4400,"1100-12-22 00:01:22",0,0,1,0,1,1100
4401,"1101-03-21 09:56:36",0,1,0,0,2,1101
4402,"1101-06-22 19:08:37",0,0,0,1,3,1101
4403,"1101-09-23 23:58:57",1,0,0,0,4,1101
4404,"1101-12-22 05:55:51",0,0,1,0,1,1101
4405,"1102-03-21 15:51:17",0,1,0,0,2,1102
4406,"1102-06-23 00:57:40",0,0,0,1,3,1102
4407,"1102-09-24 05:47:59",1,0,0,0,4,1102
4408,"1102-12-22 11:40:49",0,0,1,0,1,1102
4409,"1103-03-21 21:28:55",0,1,0,0,2,1103
4410,"1103-06-23 06:41:39",0,0,0,1,3,1103
4411,"1103-09-24 11:44:53",1,0,0,0,4,1103
4412,"1103-12-22 17:33:44",0,0,1,0,1,1103
4413,"1104-03-21 03:23:27",0,1,0,0,2,1104
4414,"1104-06-22 12:39:06",0,0,0,1,3,1104
4415,"1104-09-23 17:36:01",1,0,0,0,4,1104
4416,"1104-12-21 23:23:19",0,0,1,0,1,1104
4417,"1105-03-21 09:19:02",0,1,0,0,2,1105
4418,"1105-06-22 18:26:54",0,0,0,1,3,1105
4419,"1105-09-23 23:24:37",1,0,0,0,4,1105
4420,"1105-12-22 05:14:30",0,0,1,0,1,1105
4421,"1106-03-21 15:00:47",0,1,0,0,2,1106
4422,"1106-06-23 00:06:06",0,0,0,1,3,1106
4423,"1106-09-24 05:17:00",1,0,0,0,4,1106
4424,"1106-12-22 11:14:35",0,0,1,0,1,1106
4425,"1107-03-21 20:55:06",0,1,0,0,2,1107
4426,"1107-06-23 06:01:11",0,0,0,1,3,1107
4427,"1107-09-24 11:06:31",1,0,0,0,4,1107
4428,"1107-12-22 17:02:19",0,0,1,0,1,1107
4429,"1108-03-21 02:41:50",0,1,0,0,2,1108
4430,"1108-06-22 11:48:42",0,0,0,1,3,1108
4431,"1108-09-23 16:52:54",1,0,0,0,4,1108
4432,"1108-12-21 22:52:21",0,0,1,0,1,1108
4433,"1109-03-21 08:35:55",0,1,0,0,2,1109
4434,"1109-06-22 17:35:46",0,0,0,1,3,1109
4435,"1109-09-23 22:38:57",1,0,0,0,4,1109
4436,"1109-12-22 04:44:25",0,0,1,0,1,1109
4437,"1110-03-21 14:33:29",0,1,0,0,2,1110
4438,"1110-06-22 23:23:42",0,0,0,1,3,1110
4439,"1110-09-24 04:25:31",1,0,0,0,4,1110
4440,"1110-12-22 10:25:48",0,0,1,0,1,1110
4441,"1111-03-21 20:10:01",0,1,0,0,2,1111
4442,"1111-06-23 05:06:16",0,0,0,1,3,1111
4443,"1111-09-24 10:16:05",1,0,0,0,4,1111
4444,"1111-12-22 16:15:49",0,0,1,0,1,1111
4445,"1112-03-21 01:59:53",0,1,0,0,2,1112
4446,"1112-06-22 11:03:10",0,0,0,1,3,1112
4447,"1112-09-23 16:02:16",1,0,0,0,4,1112
4448,"1112-12-21 22:03:26",0,0,1,0,1,1112
4449,"1113-03-21 07:51:46",0,1,0,0,2,1113
4450,"1113-06-22 16:50:42",0,0,0,1,3,1113
4451,"1113-09-23 21:45:14",1,0,0,0,4,1113
4452,"1113-12-22 03:48:36",0,0,1,0,1,1113
4453,"1114-03-21 13:30:00",0,1,0,0,2,1114
4454,"1114-06-22 22:26:35",0,0,0,1,3,1114
4455,"1114-09-24 03:34:11",1,0,0,0,4,1114
4456,"1114-12-22 09:40:12",0,0,1,0,1,1114
4457,"1115-03-21 19:20:38",0,1,0,0,2,1115
4458,"1115-06-23 04:19:33",0,0,0,1,3,1115
4459,"1115-09-24 09:25:59",1,0,0,0,4,1115
4460,"1115-12-22 15:22:01",0,0,1,0,1,1115
4461,"1116-03-21 01:04:42",0,1,0,0,2,1116
4462,"1116-06-22 10:05:20",0,0,0,1,3,1116
4463,"1116-09-23 15:13:40",1,0,0,0,4,1116
4464,"1116-12-21 21:08:23",0,0,1,0,1,1116
4465,"1117-03-21 06:51:50",0,1,0,0,2,1117
4466,"1117-06-22 15:49:26",0,0,0,1,3,1117
4467,"1117-09-23 21:01:42",1,0,0,0,4,1117
4468,"1117-12-22 03:04:21",0,0,1,0,1,1117
4469,"1118-03-21 12:44:09",0,1,0,0,2,1118
4470,"1118-06-22 21:37:29",0,0,0,1,3,1118
4471,"1118-09-24 02:49:51",1,0,0,0,4,1118
4472,"1118-12-22 08:52:51",0,0,1,0,1,1118
4473,"1119-03-21 18:21:02",0,1,0,0,2,1119
4474,"1119-06-23 03:18:59",0,0,0,1,3,1119
4475,"1119-09-24 08:40:06",1,0,0,0,4,1119
4476,"1119-12-22 14:48:37",0,0,1,0,1,1119
4477,"1120-03-21 00:15:39",0,1,0,0,2,1120
4478,"1120-06-22 09:15:13",0,0,0,1,3,1120
4479,"1120-09-23 14:29:26",1,0,0,0,4,1120
4480,"1120-12-21 20:41:01",0,0,1,0,1,1120
4481,"1121-03-21 06:17:11",0,1,0,0,2,1121
4482,"1121-06-22 15:05:37",0,0,0,1,3,1121
4483,"1121-09-23 20:16:36",1,0,0,0,4,1121
4484,"1121-12-22 02:29:57",0,0,1,0,1,1121
4485,"1122-03-21 12:04:52",0,1,0,0,2,1122
4486,"1122-06-22 20:45:21",0,0,0,1,3,1122
4487,"1122-09-24 02:08:28",1,0,0,0,4,1122
4488,"1122-12-22 08:25:01",0,0,1,0,1,1122
4489,"1123-03-21 18:00:23",0,1,0,0,2,1123
4490,"1123-06-23 02:45:10",0,0,0,1,3,1123
4491,"1123-09-24 08:02:51",1,0,0,0,4,1123
4492,"1123-12-22 14:13:35",0,0,1,0,1,1123
4493,"1124-03-20 23:50:45",0,1,0,0,2,1124
4494,"1124-06-22 08:39:38",0,0,0,1,3,1124
4495,"1124-09-23 13:50:21",1,0,0,0,4,1124
4496,"1124-12-21 20:02:46",0,0,1,0,1,1124
4497,"1125-03-21 05:40:19",0,1,0,0,2,1125
4498,"1125-06-22 14:27:14",0,0,0,1,3,1125
4499,"1125-09-23 19:36:58",1,0,0,0,4,1125
4500,"1125-12-22 01:56:28",0,0,1,0,1,1125
4501,"1126-03-21 11:34:41",0,1,0,0,2,1126
4502,"1126-06-22 20:19:59",0,0,0,1,3,1126
4503,"1126-09-24 01:28:42",1,0,0,0,4,1126
4504,"1126-12-22 07:41:32",0,0,1,0,1,1126
4505,"1127-03-21 17:13:29",0,1,0,0,2,1127
4506,"1127-06-23 02:02:15",0,0,0,1,3,1127
4507,"1127-09-24 07:20:14",1,0,0,0,4,1127
4508,"1127-12-22 13:28:06",0,0,1,0,1,1127
4509,"1128-03-20 23:01:06",0,1,0,0,2,1128
4510,"1128-06-22 07:55:07",0,0,0,1,3,1128
4511,"1128-09-23 13:11:36",1,0,0,0,4,1128
4512,"1128-12-21 19:17:12",0,0,1,0,1,1128
4513,"1129-03-21 04:55:07",0,1,0,0,2,1129
4514,"1129-06-22 13:43:27",0,0,0,1,3,1129
4515,"1129-09-23 18:58:14",1,0,0,0,4,1129
4516,"1129-12-22 01:06:53",0,0,1,0,1,1129
4517,"1130-03-21 10:32:44",0,1,0,0,2,1130
4518,"1130-06-22 19:15:23",0,0,0,1,3,1130
4519,"1130-09-24 00:44:09",1,0,0,0,4,1130
4520,"1130-12-22 07:00:43",0,0,1,0,1,1130
4521,"1131-03-21 16:19:49",0,1,0,0,2,1131
4522,"1131-06-23 01:07:23",0,0,0,1,3,1131
4523,"1131-09-24 06:34:27",1,0,0,0,4,1131
4524,"1131-12-22 12:49:39",0,0,1,0,1,1131
4525,"1132-03-20 22:09:53",0,1,0,0,2,1132
4526,"1132-06-22 06:55:18",0,0,0,1,3,1132
4527,"1132-09-23 12:17:53",1,0,0,0,4,1132
4528,"1132-12-21 18:35:26",0,0,1,0,1,1132
4529,"1133-03-21 03:59:17",0,1,0,0,2,1133
4530,"1133-06-22 12:34:13",0,0,0,1,3,1133
4531,"1133-09-23 17:59:58",1,0,0,0,4,1133
4532,"1133-12-22 00:24:30",0,0,1,0,1,1133
4533,"1134-03-21 09:53:28",0,1,0,0,2,1134
4534,"1134-06-22 18:24:39",0,0,0,1,3,1134
4535,"1134-09-23 23:50:42",1,0,0,0,4,1134
4536,"1134-12-22 06:11:11",0,0,1,0,1,1134
4537,"1135-03-21 15:33:56",0,1,0,0,2,1135
4538,"1135-06-23 00:07:47",0,0,0,1,3,1135
4539,"1135-09-24 05:36:45",1,0,0,0,4,1135
4540,"1135-12-22 11:57:22",0,0,1,0,1,1135
4541,"1136-03-20 21:19:44",0,1,0,0,2,1136
4542,"1136-06-22 06:01:21",0,0,0,1,3,1136
4543,"1136-09-23 11:24:12",1,0,0,0,4,1136
4544,"1136-12-21 17:48:13",0,0,1,0,1,1136
4545,"1137-03-21 03:17:07",0,1,0,0,2,1137
4546,"1137-06-22 11:55:50",0,0,0,1,3,1137
4547,"1137-09-23 17:12:13",1,0,0,0,4,1137
4548,"1137-12-21 23:38:32",0,0,1,0,1,1137
4549,"1138-03-21 08:59:26",0,1,0,0,2,1138
4550,"1138-06-22 17:31:33",0,0,0,1,3,1138
4551,"1138-09-23 23:00:30",1,0,0,0,4,1138
4552,"1138-12-22 05:28:42",0,0,1,0,1,1138
4553,"1139-03-21 14:49:44",0,1,0,0,2,1139
4554,"1139-06-22 23:28:04",0,0,0,1,3,1139
4555,"1139-09-24 04:59:09",1,0,0,0,4,1139
4556,"1139-12-22 11:18:07",0,0,1,0,1,1139
4557,"1140-03-20 20:43:10",0,1,0,0,2,1140
4558,"1140-06-22 05:22:09",0,0,0,1,3,1140
4559,"1140-09-23 10:49:55",1,0,0,0,4,1140
4560,"1140-12-21 17:07:32",0,0,1,0,1,1140
4561,"1141-03-21 02:32:17",0,1,0,0,2,1141
4562,"1141-06-22 11:04:16",0,0,0,1,3,1141
4563,"1141-09-23 16:36:14",1,0,0,0,4,1141
4564,"1141-12-21 23:03:23",0,0,1,0,1,1141
4565,"1142-03-21 08:24:56",0,1,0,0,2,1142
4566,"1142-06-22 16:58:06",0,0,0,1,3,1142
4567,"1142-09-23 22:31:28",1,0,0,0,4,1142
4568,"1142-12-22 04:58:00",0,0,1,0,1,1142
4569,"1143-03-21 14:09:03",0,1,0,0,2,1143
4570,"1143-06-22 22:44:25",0,0,0,1,3,1143
4571,"1143-09-24 04:19:55",1,0,0,0,4,1143
4572,"1143-12-22 10:48:43",0,0,1,0,1,1143
4573,"1144-03-20 20:00:10",0,1,0,0,2,1144
4574,"1144-06-22 04:36:25",0,0,0,1,3,1144
4575,"1144-09-23 10:08:55",1,0,0,0,4,1144
4576,"1144-12-21 16:40:00",0,0,1,0,1,1144
4577,"1145-03-21 02:01:25",0,1,0,0,2,1145
4578,"1145-06-22 10:30:05",0,0,0,1,3,1145
4579,"1145-09-23 15:59:32",1,0,0,0,4,1145
4580,"1145-12-21 22:30:27",0,0,1,0,1,1145
4581,"1146-03-21 07:46:54",0,1,0,0,2,1146
4582,"1146-06-22 16:05:26",0,0,0,1,3,1146
4583,"1146-09-23 21:45:08",1,0,0,0,4,1146
4584,"1146-12-22 04:18:37",0,0,1,0,1,1146
4585,"1147-03-21 13:33:49",0,1,0,0,2,1147
4586,"1147-06-22 22:00:07",0,0,0,1,3,1147
4587,"1147-09-24 03:38:49",1,0,0,0,4,1147
4588,"1147-12-22 10:07:08",0,0,1,0,1,1147
4589,"1148-03-20 19:23:45",0,1,0,0,2,1148
4590,"1148-06-22 03:54:11",0,0,0,1,3,1148
4591,"1148-09-23 09:23:21",1,0,0,0,4,1148
4592,"1148-12-21 15:53:43",0,0,1,0,1,1148
4593,"1149-03-21 01:09:29",0,1,0,0,2,1149
4594,"1149-06-22 09:32:03",0,0,0,1,3,1149
4595,"1149-09-23 15:02:36",1,0,0,0,4,1149
4596,"1149-12-21 21:41:27",0,0,1,0,1,1149
4597,"1150-03-21 06:56:30",0,1,0,0,2,1150
4598,"1150-06-22 15:20:38",0,0,0,1,3,1150
4599,"1150-09-23 20:54:53",1,0,0,0,4,1150
4600,"1150-12-22 03:26:48",0,0,1,0,1,1150
4601,"1151-03-21 12:36:59",0,1,0,0,2,1151
4602,"1151-06-22 21:03:22",0,0,0,1,3,1151
4603,"1151-09-24 02:41:48",1,0,0,0,4,1151
4604,"1151-12-22 09:10:13",0,0,1,0,1,1151
4605,"1152-03-20 18:22:09",0,1,0,0,2,1152
4606,"1152-06-22 02:49:38",0,0,0,1,3,1152
4607,"1152-09-23 08:28:24",1,0,0,0,4,1152
4608,"1152-12-21 14:57:31",0,0,1,0,1,1152
4609,"1153-03-21 00:14:01",0,1,0,0,2,1153
4610,"1153-06-22 08:40:18",0,0,0,1,3,1153
4611,"1153-09-23 14:18:23",1,0,0,0,4,1153
4612,"1153-12-21 20:51:51",0,0,1,0,1,1153
4613,"1154-03-21 05:56:11",0,1,0,0,2,1154
4614,"1154-06-22 14:14:39",0,0,0,1,3,1154
4615,"1154-09-23 20:02:13",1,0,0,0,4,1154
4616,"1154-12-22 02:43:21",0,0,1,0,1,1154
4617,"1155-03-21 11:42:17",0,1,0,0,2,1155
4618,"1155-06-22 20:06:14",0,0,0,1,3,1155
4619,"1155-09-24 01:55:26",1,0,0,0,4,1155
4620,"1155-12-22 08:35:08",0,0,1,0,1,1155
4621,"1156-03-20 17:38:50",0,1,0,0,2,1156
4622,"1156-06-22 02:02:25",0,0,0,1,3,1156
4623,"1156-09-23 07:44:37",1,0,0,0,4,1156
4624,"1156-12-21 14:25:56",0,0,1,0,1,1156
4625,"1157-03-20 23:34:18",0,1,0,0,2,1157
4626,"1157-06-22 07:42:21",0,0,0,1,3,1157
4627,"1157-09-23 13:26:40",1,0,0,0,4,1157
4628,"1157-12-21 20:14:42",0,0,1,0,1,1157
4629,"1158-03-21 05:27:19",0,1,0,0,2,1158
4630,"1158-06-22 13:37:12",0,0,0,1,3,1158
4631,"1158-09-23 19:24:35",1,0,0,0,4,1158
4632,"1158-12-22 02:07:12",0,0,1,0,1,1158
4633,"1159-03-21 11:15:21",0,1,0,0,2,1159
4634,"1159-06-22 19:30:41",0,0,0,1,3,1159
4635,"1159-09-24 01:14:54",1,0,0,0,4,1159
4636,"1159-12-22 07:56:43",0,0,1,0,1,1159
4637,"1160-03-20 17:03:59",0,1,0,0,2,1160
4638,"1160-06-22 01:23:09",0,0,0,1,3,1160
4639,"1160-09-23 07:02:09",1,0,0,0,4,1160
4640,"1160-12-21 13:46:33",0,0,1,0,1,1160
4641,"1161-03-20 22:59:17",0,1,0,0,2,1161
4642,"1161-06-22 07:20:31",0,0,0,1,3,1161
4643,"1161-09-23 12:57:10",1,0,0,0,4,1161
4644,"1161-12-21 19:42:02",0,0,1,0,1,1161
4645,"1162-03-21 04:45:55",0,1,0,0,2,1162
4646,"1162-06-22 12:59:03",0,0,0,1,3,1162
4647,"1162-09-23 18:45:09",1,0,0,0,4,1162
4648,"1162-12-22 01:28:54",0,0,1,0,1,1162
4649,"1163-03-21 10:31:19",0,1,0,0,2,1163
4650,"1163-06-22 18:49:36",0,0,0,1,3,1163
4651,"1163-09-24 00:41:41",1,0,0,0,4,1163
4652,"1163-12-22 07:17:03",0,0,1,0,1,1163
4653,"1164-03-20 16:23:15",0,1,0,0,2,1164
4654,"1164-06-22 00:44:59",0,0,0,1,3,1164
4655,"1164-09-23 06:34:12",1,0,0,0,4,1164
4656,"1164-12-21 13:09:28",0,0,1,0,1,1164
4657,"1165-03-20 22:11:26",0,1,0,0,2,1165
4658,"1165-06-22 06:20:03",0,0,0,1,3,1165
4659,"1165-09-23 12:11:51",1,0,0,0,4,1165
4660,"1165-12-21 18:58:08",0,0,1,0,1,1165
4661,"1166-03-21 03:55:10",0,1,0,0,2,1166
4662,"1166-06-22 12:06:57",0,0,0,1,3,1166
4663,"1166-09-23 18:04:50",1,0,0,0,4,1166
4664,"1166-12-22 00:52:28",0,0,1,0,1,1166
4665,"1167-03-21 09:40:49",0,1,0,0,2,1167
4666,"1167-06-22 17:53:53",0,0,0,1,3,1167
4667,"1167-09-23 23:49:20",1,0,0,0,4,1167
4668,"1167-12-22 06:39:27",0,0,1,0,1,1167
4669,"1168-03-20 15:29:05",0,1,0,0,2,1168
4670,"1168-06-21 23:36:31",0,0,0,1,3,1168
4671,"1168-09-23 05:28:53",1,0,0,0,4,1168
4672,"1168-12-21 12:22:47",0,0,1,0,1,1168
4673,"1169-03-20 21:24:22",0,1,0,0,2,1169
4674,"1169-06-22 05:28:25",0,0,0,1,3,1169
4675,"1169-09-23 11:20:52",1,0,0,0,4,1169
4676,"1169-12-21 18:14:49",0,0,1,0,1,1169
4677,"1170-03-21 03:11:15",0,1,0,0,2,1170
4678,"1170-06-22 11:06:06",0,0,0,1,3,1170
4679,"1170-09-23 17:03:36",1,0,0,0,4,1170
4680,"1170-12-21 23:59:24",0,0,1,0,1,1170
4681,"1171-03-21 08:54:47",0,1,0,0,2,1171
4682,"1171-06-22 16:56:23",0,0,0,1,3,1171
4683,"1171-09-23 22:53:51",1,0,0,0,4,1171
4684,"1171-12-22 05:46:16",0,0,1,0,1,1171
4685,"1172-03-20 14:44:45",0,1,0,0,2,1172
4686,"1172-06-21 22:54:33",0,0,0,1,3,1172
4687,"1172-09-23 04:44:05",1,0,0,0,4,1172
4688,"1172-12-21 11:38:08",0,0,1,0,1,1172
4689,"1173-03-20 20:35:39",0,1,0,0,2,1173
4690,"1173-06-22 04:33:40",0,0,0,1,3,1173
4691,"1173-09-23 10:21:56",1,0,0,0,4,1173
4692,"1173-12-21 17:23:00",0,0,1,0,1,1173
4693,"1174-03-21 02:21:06",0,1,0,0,2,1174
4694,"1174-06-22 10:22:38",0,0,0,1,3,1174
4695,"1174-09-23 16:19:27",1,0,0,0,4,1174
4696,"1174-12-21 23:12:47",0,0,1,0,1,1174
4697,"1175-03-21 08:07:54",0,1,0,0,2,1175
4698,"1175-06-22 16:15:11",0,0,0,1,3,1175
4699,"1175-09-23 22:13:20",1,0,0,0,4,1175
4700,"1175-12-22 05:01:51",0,0,1,0,1,1175
4701,"1176-03-20 13:57:28",0,1,0,0,2,1176
4702,"1176-06-21 22:01:55",0,0,0,1,3,1176
4703,"1176-09-23 03:58:57",1,0,0,0,4,1176
4704,"1176-12-21 10:49:41",0,0,1,0,1,1176
4705,"1177-03-20 19:48:50",0,1,0,0,2,1177
4706,"1177-06-22 03:56:01",0,0,0,1,3,1177
4707,"1177-09-23 09:56:36",1,0,0,0,4,1177
4708,"1177-12-21 16:51:19",0,0,1,0,1,1177
4709,"1178-03-21 01:37:10",0,1,0,0,2,1178
4710,"1178-06-22 09:37:59",0,0,0,1,3,1178
4711,"1178-09-23 15:44:01",1,0,0,0,4,1178
4712,"1178-12-21 22:44:59",0,0,1,0,1,1178
4713,"1179-03-21 07:25:38",0,1,0,0,2,1179
4714,"1179-06-22 15:27:47",0,0,0,1,3,1179
4715,"1179-09-23 21:36:07",1,0,0,0,4,1179
4716,"1179-12-22 04:35:33",0,0,1,0,1,1179
4717,"1180-03-20 13:21:13",0,1,0,0,2,1180
4718,"1180-06-21 21:25:57",0,0,0,1,3,1180
4719,"1180-09-23 03:30:44",1,0,0,0,4,1180
4720,"1180-12-21 10:30:40",0,0,1,0,1,1180
4721,"1181-03-20 19:20:12",0,1,0,0,2,1181
4722,"1181-06-22 03:06:24",0,0,0,1,3,1181
4723,"1181-09-23 09:10:12",1,0,0,0,4,1181
4724,"1181-12-21 16:17:00",0,0,1,0,1,1181
4725,"1182-03-21 01:07:39",0,1,0,0,2,1182
4726,"1182-06-22 08:54:19",0,0,0,1,3,1182
4727,"1182-09-23 15:03:55",1,0,0,0,4,1182
4728,"1182-12-21 22:06:33",0,0,1,0,1,1182
4729,"1183-03-21 06:52:42",0,1,0,0,2,1183
4730,"1183-06-22 14:48:29",0,0,0,1,3,1183
4731,"1183-09-23 20:53:25",1,0,0,0,4,1183
4732,"1183-12-22 03:57:07",0,0,1,0,1,1183
4733,"1184-03-20 12:42:47",0,1,0,0,2,1184
4734,"1184-06-21 20:35:17",0,0,0,1,3,1184
4735,"1184-09-23 02:31:39",1,0,0,0,4,1184
4736,"1184-12-21 09:38:42",0,0,1,0,1,1184
4737,"1185-03-20 18:30:02",0,1,0,0,2,1185
4738,"1185-06-22 02:25:36",0,0,0,1,3,1185
4739,"1185-09-23 08:24:27",1,0,0,0,4,1185
4740,"1185-12-21 15:31:36",0,0,1,0,1,1185
4741,"1186-03-21 00:16:13",0,1,0,0,2,1186
4742,"1186-06-22 08:06:15",0,0,0,1,3,1186
4743,"1186-09-23 14:11:10",1,0,0,0,4,1186
4744,"1186-12-21 21:16:16",0,0,1,0,1,1186
4745,"1187-03-21 05:59:41",0,1,0,0,2,1187
4746,"1187-06-22 13:50:24",0,0,0,1,3,1187
4747,"1187-09-23 20:00:00",1,0,0,0,4,1187
4748,"1187-12-22 02:57:45",0,0,1,0,1,1187
4749,"1188-03-20 11:45:26",0,1,0,0,2,1188
4750,"1188-06-21 19:44:25",0,0,0,1,3,1188
4751,"1188-09-23 01:54:18",1,0,0,0,4,1188
4752,"1188-12-21 08:52:38",0,0,1,0,1,1188
4753,"1189-03-20 17:36:48",0,1,0,0,2,1189
4754,"1189-06-22 01:22:02",0,0,0,1,3,1189
4755,"1189-09-23 07:30:32",1,0,0,0,4,1189
4756,"1189-12-21 14:39:46",0,0,1,0,1,1189
4757,"1190-03-20 23:18:17",0,1,0,0,2,1190
4758,"1190-06-22 07:05:10",0,0,0,1,3,1190
4759,"1190-09-23 13:21:34",1,0,0,0,4,1190
4760,"1190-12-21 20:31:14",0,0,1,0,1,1190
4761,"1191-03-21 05:03:34",0,1,0,0,2,1191
4762,"1191-06-22 12:57:45",0,0,0,1,3,1191
4763,"1191-09-23 19:13:06",1,0,0,0,4,1191
4764,"1191-12-22 02:24:24",0,0,1,0,1,1191
4765,"1192-03-20 10:59:02",0,1,0,0,2,1192
4766,"1192-06-21 18:43:18",0,0,0,1,3,1192
4767,"1192-09-23 00:52:39",1,0,0,0,4,1192
4768,"1192-12-21 08:05:59",0,0,1,0,1,1192
4769,"1193-03-20 16:51:19",0,1,0,0,2,1193
4770,"1193-06-22 00:34:06",0,0,0,1,3,1193
4771,"1193-09-23 06:48:28",1,0,0,0,4,1193
4772,"1193-12-21 14:02:19",0,0,1,0,1,1193
4773,"1194-03-20 22:42:02",0,1,0,0,2,1194
4774,"1194-06-22 06:21:07",0,0,0,1,3,1194
4775,"1194-09-23 12:38:47",1,0,0,0,4,1194
4776,"1194-12-21 19:53:56",0,0,1,0,1,1194
4777,"1195-03-21 04:30:09",0,1,0,0,2,1195
4778,"1195-06-22 12:11:48",0,0,0,1,3,1195
4779,"1195-09-23 18:27:10",1,0,0,0,4,1195
4780,"1195-12-22 01:39:37",0,0,1,0,1,1195
4781,"1196-03-20 10:19:18",0,1,0,0,2,1196
4782,"1196-06-21 18:11:52",0,0,0,1,3,1196
4783,"1196-09-23 00:24:49",1,0,0,0,4,1196
4784,"1196-12-21 07:38:34",0,0,1,0,1,1196
4785,"1197-03-20 16:16:34",0,1,0,0,2,1197
4786,"1197-06-21 23:55:44",0,0,0,1,3,1197
4787,"1197-09-23 06:05:06",1,0,0,0,4,1197
4788,"1197-12-21 13:24:50",0,0,1,0,1,1197
4789,"1198-03-20 22:02:10",0,1,0,0,2,1198
4790,"1198-06-22 05:40:39",0,0,0,1,3,1198
4791,"1198-09-23 12:00:07",1,0,0,0,4,1198
4792,"1198-12-21 19:13:39",0,0,1,0,1,1198
4793,"1199-03-21 03:48:12",0,1,0,0,2,1199
4794,"1199-06-22 11:35:25",0,0,0,1,3,1199
4795,"1199-09-23 17:57:48",1,0,0,0,4,1199
4796,"1199-12-22 01:07:19",0,0,1,0,1,1199
4797,"1200-03-20 09:41:32",0,1,0,0,2,1200
4798,"1200-06-21 17:21:42",0,0,0,1,3,1200
4799,"1200-09-22 23:37:50",1,0,0,0,4,1200
4800,"1200-12-21 06:51:02",0,0,1,0,1,1200
4801,"1201-03-20 15:28:35",0,1,0,0,2,1201
4802,"1201-06-21 23:09:33",0,0,0,1,3,1201
4803,"1201-09-23 05:31:12",1,0,0,0,4,1201
4804,"1201-12-21 12:50:04",0,0,1,0,1,1201
4805,"1202-03-20 21:14:56",0,1,0,0,2,1202
4806,"1202-06-22 04:53:16",0,0,0,1,3,1202
4807,"1202-09-23 11:19:19",1,0,0,0,4,1202
4808,"1202-12-21 18:43:37",0,0,1,0,1,1202
4809,"1203-03-21 03:04:30",0,1,0,0,2,1203
4810,"1203-06-22 10:39:05",0,0,0,1,3,1203
4811,"1203-09-23 17:02:54",1,0,0,0,4,1203
4812,"1203-12-22 00:25:03",0,0,1,0,1,1203
4813,"1204-03-20 08:53:57",0,1,0,0,2,1204
4814,"1204-06-21 16:32:14",0,0,0,1,3,1204
4815,"1204-09-22 22:56:50",1,0,0,0,4,1204
4816,"1204-12-21 06:18:34",0,0,1,0,1,1204
4817,"1205-03-20 14:52:03",0,1,0,0,2,1205
4818,"1205-06-21 22:14:33",0,0,0,1,3,1205
4819,"1205-09-23 04:34:53",1,0,0,0,4,1205
4820,"1205-12-21 12:02:36",0,0,1,0,1,1205
4821,"1206-03-20 20:36:20",0,1,0,0,2,1206
4822,"1206-06-22 03:57:39",0,0,0,1,3,1206
4823,"1206-09-23 10:22:50",1,0,0,0,4,1206
4824,"1206-12-21 17:46:52",0,0,1,0,1,1206
4825,"1207-03-21 02:15:50",0,1,0,0,2,1207
4826,"1207-06-22 09:52:13",0,0,0,1,3,1207
4827,"1207-09-23 16:16:20",1,0,0,0,4,1207
4828,"1207-12-21 23:39:47",0,0,1,0,1,1207
4829,"1208-03-20 08:08:14",0,1,0,0,2,1208
4830,"1208-06-21 15:40:31",0,0,0,1,3,1208
4831,"1208-09-22 21:53:14",1,0,0,0,4,1208
4832,"1208-12-21 05:19:42",0,0,1,0,1,1208
4833,"1209-03-20 13:53:20",0,1,0,0,2,1209
4834,"1209-06-21 21:26:04",0,0,0,1,3,1209
4835,"1209-09-23 03:45:13",1,0,0,0,4,1209
4836,"1209-12-21 11:11:47",0,0,1,0,1,1209
4837,"1210-03-20 19:37:40",0,1,0,0,2,1210
4838,"1210-06-22 03:10:27",0,0,0,1,3,1210
4839,"1210-09-23 09:38:52",1,0,0,0,4,1210
4840,"1210-12-21 17:03:06",0,0,1,0,1,1210
4841,"1211-03-21 01:27:18",0,1,0,0,2,1211
4842,"1211-06-22 08:57:32",0,0,0,1,3,1211
4843,"1211-09-23 15:26:45",1,0,0,0,4,1211
4844,"1211-12-21 22:44:24",0,0,1,0,1,1211
4845,"1212-03-20 07:11:55",0,1,0,0,2,1212
4846,"1212-06-21 14:49:56",0,0,0,1,3,1212
4847,"1212-09-22 21:23:31",1,0,0,0,4,1212
4848,"1212-12-21 04:43:45",0,0,1,0,1,1212
4849,"1213-03-20 13:07:38",0,1,0,0,2,1213
4850,"1213-06-21 20:34:29",0,0,0,1,3,1213
4851,"1213-09-23 03:05:57",1,0,0,0,4,1213
4852,"1213-12-21 10:38:48",0,0,1,0,1,1213
4853,"1214-03-20 18:55:29",0,1,0,0,2,1214
4854,"1214-06-22 02:17:43",0,0,0,1,3,1214
4855,"1214-09-23 08:54:25",1,0,0,0,4,1214
4856,"1214-12-21 16:27:25",0,0,1,0,1,1214
4857,"1215-03-21 00:39:53",0,1,0,0,2,1215
4858,"1215-06-22 08:12:06",0,0,0,1,3,1215
4859,"1215-09-23 14:51:21",1,0,0,0,4,1215
4860,"1215-12-21 22:25:25",0,0,1,0,1,1215
4861,"1216-03-20 06:43:46",0,1,0,0,2,1216
4862,"1216-06-21 14:04:27",0,0,0,1,3,1216
4863,"1216-09-22 20:32:51",1,0,0,0,4,1216
4864,"1216-12-21 04:08:31",0,0,1,0,1,1216
4865,"1217-03-20 12:36:26",0,1,0,0,2,1217
4866,"1217-06-21 19:51:56",0,0,0,1,3,1217
4867,"1217-09-23 02:25:14",1,0,0,0,4,1217
4868,"1217-12-21 10:02:09",0,0,1,0,1,1217
4869,"1218-03-20 18:23:31",0,1,0,0,2,1218
4870,"1218-06-22 01:42:10",0,0,0,1,3,1218
4871,"1218-09-23 08:20:20",1,0,0,0,4,1218
4872,"1218-12-21 15:58:13",0,0,1,0,1,1218
4873,"1219-03-21 00:16:12",0,1,0,0,2,1219
4874,"1219-06-22 07:34:36",0,0,0,1,3,1219
4875,"1219-09-23 14:04:35",1,0,0,0,4,1219
4876,"1219-12-21 21:38:44",0,0,1,0,1,1219
4877,"1220-03-20 06:00:53",0,1,0,0,2,1220
4878,"1220-06-21 13:28:04",0,0,0,1,3,1220
4879,"1220-09-22 19:58:16",1,0,0,0,4,1220
4880,"1220-12-21 03:33:38",0,0,1,0,1,1220
4881,"1221-03-20 11:55:41",0,1,0,0,2,1221
4882,"1221-06-21 19:13:04",0,0,0,1,3,1221
4883,"1221-09-23 01:40:57",1,0,0,0,4,1221
4884,"1221-12-21 09:21:18",0,0,1,0,1,1221
4885,"1222-03-20 17:41:20",0,1,0,0,2,1222
4886,"1222-06-22 00:54:25",0,0,0,1,3,1222
4887,"1222-09-23 07:29:06",1,0,0,0,4,1222
4888,"1222-12-21 15:00:45",0,0,1,0,1,1222
4889,"1223-03-20 23:18:24",0,1,0,0,2,1223
4890,"1223-06-22 06:44:21",0,0,0,1,3,1223
4891,"1223-09-23 13:26:19",1,0,0,0,4,1223
4892,"1223-12-21 20:54:23",0,0,1,0,1,1223
4893,"1224-03-20 05:11:46",0,1,0,0,2,1224
4894,"1224-06-21 12:32:22",0,0,0,1,3,1224
4895,"1224-09-22 19:05:29",1,0,0,0,4,1224
4896,"1224-12-21 02:37:55",0,0,1,0,1,1224
4897,"1225-03-20 10:55:22",0,1,0,0,2,1225
4898,"1225-06-21 18:12:38",0,0,0,1,3,1225
4899,"1225-09-23 00:51:50",1,0,0,0,4,1225
4900,"1225-12-21 08:31:11",0,0,1,0,1,1225
4901,"1226-03-20 16:35:17",0,1,0,0,2,1226
4902,"1226-06-21 23:55:33",0,0,0,1,3,1226
4903,"1226-09-23 06:44:18",1,0,0,0,4,1226
4904,"1226-12-21 14:28:06",0,0,1,0,1,1226
4905,"1227-03-20 22:28:59",0,1,0,0,2,1227
4906,"1227-06-22 05:43:19",0,0,0,1,3,1227
4907,"1227-09-23 12:25:57",1,0,0,0,4,1227
4908,"1227-12-21 20:06:59",0,0,1,0,1,1227
4909,"1228-03-20 04:17:06",0,1,0,0,2,1228
4910,"1228-06-21 11:31:31",0,0,0,1,3,1228
4911,"1228-09-22 18:18:18",1,0,0,0,4,1228
4912,"1228-12-21 02:00:51",0,0,1,0,1,1228
4913,"1229-03-20 10:13:56",0,1,0,0,2,1229
4914,"1229-06-21 17:16:30",0,0,0,1,3,1229
4915,"1229-09-23 00:01:34",1,0,0,0,4,1229
4916,"1229-12-21 07:51:29",0,0,1,0,1,1229
4917,"1230-03-20 16:03:07",0,1,0,0,2,1230
4918,"1230-06-21 23:02:04",0,0,0,1,3,1230
4919,"1230-09-23 05:47:20",1,0,0,0,4,1230
4920,"1230-12-21 13:34:40",0,0,1,0,1,1230
4921,"1231-03-20 21:43:26",0,1,0,0,2,1231
4922,"1231-06-22 04:56:52",0,0,0,1,3,1231
4923,"1231-09-23 11:43:41",1,0,0,0,4,1231
4924,"1231-12-21 19:31:01",0,0,1,0,1,1231
4925,"1232-03-20 03:41:12",0,1,0,0,2,1232
4926,"1232-06-21 10:52:02",0,0,0,1,3,1232
4927,"1232-09-22 17:26:00",1,0,0,0,4,1232
4928,"1232-12-21 01:16:27",0,0,1,0,1,1232
4929,"1233-03-20 09:32:17",0,1,0,0,2,1233
4930,"1233-06-21 16:38:33",0,0,0,1,3,1233
4931,"1233-09-22 23:16:56",1,0,0,0,4,1233
4932,"1233-12-21 07:06:41",0,0,1,0,1,1233
4933,"1234-03-20 15:15:00",0,1,0,0,2,1234
4934,"1234-06-21 22:25:46",0,0,0,1,3,1234
4935,"1234-09-23 05:17:43",1,0,0,0,4,1234
4936,"1234-12-21 13:03:37",0,0,1,0,1,1234
4937,"1235-03-20 21:11:11",0,1,0,0,2,1235
4938,"1235-06-22 04:20:06",0,0,0,1,3,1235
4939,"1235-09-23 11:06:57",1,0,0,0,4,1235
4940,"1235-12-21 18:46:42",0,0,1,0,1,1235
4941,"1236-03-20 02:57:38",0,1,0,0,2,1236
4942,"1236-06-21 10:09:40",0,0,0,1,3,1236
4943,"1236-09-22 17:00:39",1,0,0,0,4,1236
4944,"1236-12-21 00:44:43",0,0,1,0,1,1236
4945,"1237-03-20 08:50:19",0,1,0,0,2,1237
4946,"1237-06-21 15:55:42",0,0,0,1,3,1237
4947,"1237-09-22 22:47:19",1,0,0,0,4,1237
4948,"1237-12-21 06:42:59",0,0,1,0,1,1237
4949,"1238-03-20 14:42:02",0,1,0,0,2,1238
4950,"1238-06-21 21:41:17",0,0,0,1,3,1238
4951,"1238-09-23 04:32:43",1,0,0,0,4,1238
4952,"1238-12-21 12:26:35",0,0,1,0,1,1238
4953,"1239-03-20 20:23:11",0,1,0,0,2,1239
4954,"1239-06-22 03:30:39",0,0,0,1,3,1239
4955,"1239-09-23 10:27:07",1,0,0,0,4,1239
4956,"1239-12-21 18:20:17",0,0,1,0,1,1239
4957,"1240-03-20 02:23:12",0,1,0,0,2,1240
4958,"1240-06-21 09:22:56",0,0,0,1,3,1240
4959,"1240-09-22 16:09:18",1,0,0,0,4,1240
4960,"1240-12-21 00:04:21",0,0,1,0,1,1240
4961,"1241-03-20 08:14:34",0,1,0,0,2,1241
4962,"1241-06-21 15:06:14",0,0,0,1,3,1241
4963,"1241-09-22 21:54:28",1,0,0,0,4,1241
4964,"1241-12-21 05:50:10",0,0,1,0,1,1241
4965,"1242-03-20 13:51:26",0,1,0,0,2,1242
4966,"1242-06-21 20:50:20",0,0,0,1,3,1242
4967,"1242-09-23 03:48:40",1,0,0,0,4,1242
4968,"1242-12-21 11:45:09",0,0,1,0,1,1242
4969,"1243-03-20 19:43:31",0,1,0,0,2,1243
4970,"1243-06-22 02:44:11",0,0,0,1,3,1243
4971,"1243-09-23 09:32:04",1,0,0,0,4,1243
4972,"1243-12-21 17:25:11",0,0,1,0,1,1243
4973,"1244-03-20 01:26:36",0,1,0,0,2,1244
4974,"1244-06-21 08:29:25",0,0,0,1,3,1244
4975,"1244-09-22 15:18:28",1,0,0,0,4,1244
4976,"1244-12-20 23:13:58",0,0,1,0,1,1244
4977,"1245-03-20 07:14:25",0,1,0,0,2,1245
4978,"1245-06-21 14:11:10",0,0,0,1,3,1245
4979,"1245-09-22 21:04:54",1,0,0,0,4,1245
4980,"1245-12-21 05:06:31",0,0,1,0,1,1245
4981,"1246-03-20 13:05:15",0,1,0,0,2,1246
4982,"1246-06-21 19:55:06",0,0,0,1,3,1246
4983,"1246-09-23 02:51:09",1,0,0,0,4,1246
4984,"1246-12-21 10:44:00",0,0,1,0,1,1246
4985,"1247-03-20 18:40:57",0,1,0,0,2,1247
4986,"1247-06-22 01:40:50",0,0,0,1,3,1247
4987,"1247-09-23 08:45:03",1,0,0,0,4,1247
4988,"1247-12-21 16:37:11",0,0,1,0,1,1247
4989,"1248-03-20 00:35:42",0,1,0,0,2,1248
4990,"1248-06-21 07:33:44",0,0,0,1,3,1248
4991,"1248-09-22 14:29:46",1,0,0,0,4,1248
4992,"1248-12-20 22:28:31",0,0,1,0,1,1248
4993,"1249-03-20 06:26:28",0,1,0,0,2,1249
4994,"1249-06-21 13:17:46",0,0,0,1,3,1249
4995,"1249-09-22 20:14:56",1,0,0,0,4,1249
4996,"1249-12-21 04:19:35",0,0,1,0,1,1249
4997,"1250-03-20 12:06:01",0,1,0,0,2,1250
4998,"1250-06-21 19:02:12",0,0,0,1,3,1250
4999,"1250-09-23 02:11:55",1,0,0,0,4,1250
5000,"1250-12-21 10:19:53",0,0,1,0,1,1250
5001,"1251-03-20 18:06:26",0,1,0,0,2,1251
5002,"1251-06-22 00:59:31",0,0,0,1,3,1251
5003,"1251-09-23 08:00:40",1,0,0,0,4,1251
5004,"1251-12-21 16:04:32",0,0,1,0,1,1251
5005,"1252-03-20 00:00:37",0,1,0,0,2,1252
5006,"1252-06-21 06:49:17",0,0,0,1,3,1252
5007,"1252-09-22 13:51:38",1,0,0,0,4,1252
5008,"1252-12-20 21:56:25",0,0,1,0,1,1252
5009,"1253-03-20 05:54:34",0,1,0,0,2,1253
5010,"1253-06-21 12:36:53",0,0,0,1,3,1253
5011,"1253-09-22 19:42:30",1,0,0,0,4,1253
5012,"1253-12-21 03:54:21",0,0,1,0,1,1253
5013,"1254-03-20 11:49:57",0,1,0,0,2,1254
5014,"1254-06-21 18:30:12",0,0,0,1,3,1254
5015,"1254-09-23 01:31:05",1,0,0,0,4,1254
5016,"1254-12-21 09:37:50",0,0,1,0,1,1254
5017,"1255-03-20 17:29:47",0,1,0,0,2,1255
5018,"1255-06-22 00:21:23",0,0,0,1,3,1255
5019,"1255-09-23 07:24:13",1,0,0,0,4,1255
5020,"1255-12-21 15:31:18",0,0,1,0,1,1255
5021,"1256-03-19 23:24:47",0,1,0,0,2,1256
5022,"1256-06-21 06:16:46",0,0,0,1,3,1256
5023,"1256-09-22 13:10:52",1,0,0,0,4,1256
5024,"1256-12-20 21:20:23",0,0,1,0,1,1256
5025,"1257-03-20 05:17:43",0,1,0,0,2,1257
5026,"1257-06-21 12:02:14",0,0,0,1,3,1257
5027,"1257-09-22 18:57:22",1,0,0,0,4,1257
5028,"1257-12-21 03:04:30",0,0,1,0,1,1257
5029,"1258-03-20 10:53:48",0,1,0,0,2,1258
5030,"1258-06-21 17:42:35",0,0,0,1,3,1258
5031,"1258-09-23 00:55:02",1,0,0,0,4,1258
5032,"1258-12-21 08:58:20",0,0,1,0,1,1258
5033,"1259-03-20 16:45:41",0,1,0,0,2,1259
5034,"1259-06-21 23:36:08",0,0,0,1,3,1259
5035,"1259-09-23 06:43:17",1,0,0,0,4,1259
5036,"1259-12-21 14:42:08",0,0,1,0,1,1259
5037,"1260-03-19 22:31:23",0,1,0,0,2,1260
5038,"1260-06-21 05:19:48",0,0,0,1,3,1260
5039,"1260-09-22 12:28:37",1,0,0,0,4,1260
5040,"1260-12-20 20:33:43",0,0,1,0,1,1260
5041,"1261-03-20 04:15:24",0,1,0,0,2,1261
5042,"1261-06-21 10:57:24",0,0,0,1,3,1261
5043,"1261-09-22 18:12:58",1,0,0,0,4,1261
5044,"1261-12-21 02:30:25",0,0,1,0,1,1261
5045,"1262-03-20 10:06:43",0,1,0,0,2,1262
5046,"1262-06-21 16:43:34",0,0,0,1,3,1262
5047,"1262-09-22 23:56:12",1,0,0,0,4,1262
5048,"1262-12-21 08:12:18",0,0,1,0,1,1262
5049,"1263-03-20 15:49:06",0,1,0,0,2,1263
5050,"1263-06-21 22:27:39",0,0,0,1,3,1263
5051,"1263-09-23 05:43:48",1,0,0,0,4,1263
5052,"1263-12-21 14:00:00",0,0,1,0,1,1263
5053,"1264-03-19 21:44:09",0,1,0,0,2,1264
5054,"1264-06-21 04:18:18",0,0,0,1,3,1264
5055,"1264-09-22 11:28:24",1,0,0,0,4,1264
5056,"1264-12-20 19:47:49",0,0,1,0,1,1264
5057,"1265-03-20 03:39:51",0,1,0,0,2,1265
5058,"1265-06-21 10:06:28",0,0,0,1,3,1265
5059,"1265-09-22 17:12:34",1,0,0,0,4,1265
5060,"1265-12-21 01:32:43",0,0,1,0,1,1265
5061,"1266-03-20 09:15:53",0,1,0,0,2,1266
5062,"1266-06-21 15:49:02",0,0,0,1,3,1266
5063,"1266-09-22 23:06:01",1,0,0,0,4,1266
5064,"1266-12-21 07:27:08",0,0,1,0,1,1266
5065,"1267-03-20 15:08:43",0,1,0,0,2,1267
5066,"1267-06-21 21:49:01",0,0,0,1,3,1267
5067,"1267-09-23 04:56:03",1,0,0,0,4,1267
5068,"1267-12-21 13:13:43",0,0,1,0,1,1267
5069,"1268-03-19 21:00:17",0,1,0,0,2,1268
5070,"1268-06-21 03:39:12",0,0,0,1,3,1268
5071,"1268-09-22 10:43:39",1,0,0,0,4,1268
5072,"1268-12-20 19:02:10",0,0,1,0,1,1268
5073,"1269-03-20 02:47:16",0,1,0,0,2,1269
5074,"1269-06-21 09:21:13",0,0,0,1,3,1269
5075,"1269-09-22 16:35:53",1,0,0,0,4,1269
5076,"1269-12-21 00:58:23",0,0,1,0,1,1269
5077,"1270-03-20 08:42:15",0,1,0,0,2,1270
5078,"1270-06-21 15:14:39",0,0,0,1,3,1270
5079,"1270-09-22 22:30:05",1,0,0,0,4,1270
5080,"1270-12-21 06:43:27",0,0,1,0,1,1270
5081,"1271-03-20 14:24:41",0,1,0,0,2,1271
5082,"1271-06-21 21:02:39",0,0,0,1,3,1271
5083,"1271-09-23 04:23:19",1,0,0,0,4,1271
5084,"1271-12-21 12:35:59",0,0,1,0,1,1271
5085,"1272-03-19 20:16:39",0,1,0,0,2,1272
5086,"1272-06-21 02:55:16",0,0,0,1,3,1272
5087,"1272-09-22 10:12:50",1,0,0,0,4,1272
5088,"1272-12-20 18:33:30",0,0,1,0,1,1272
5089,"1273-03-20 02:13:13",0,1,0,0,2,1273
5090,"1273-06-21 08:45:08",0,0,0,1,3,1273
5091,"1273-09-22 15:59:48",1,0,0,0,4,1273
5092,"1273-12-21 00:24:50",0,0,1,0,1,1273
5093,"1274-03-20 07:52:20",0,1,0,0,2,1274
5094,"1274-06-21 14:24:55",0,0,0,1,3,1274
5095,"1274-09-22 21:52:33",1,0,0,0,4,1274
5096,"1274-12-21 06:20:08",0,0,1,0,1,1274
5097,"1275-03-20 13:49:06",0,1,0,0,2,1275
5098,"1275-06-21 20:22:13",0,0,0,1,3,1275
5099,"1275-09-23 03:44:41",1,0,0,0,4,1275
5100,"1275-12-21 12:07:39",0,0,1,0,1,1275
5101,"1276-03-19 19:45:37",0,1,0,0,2,1276
5102,"1276-06-21 02:10:40",0,0,0,1,3,1276
5103,"1276-09-22 09:29:27",1,0,0,0,4,1276
5104,"1276-12-20 17:53:07",0,0,1,0,1,1276
5105,"1277-03-20 01:30:50",0,1,0,0,2,1277
5106,"1277-06-21 07:49:04",0,0,0,1,3,1277
5107,"1277-09-22 15:15:22",1,0,0,0,4,1277
5108,"1277-12-20 23:48:20",0,0,1,0,1,1277
5109,"1278-03-20 07:22:49",0,1,0,0,2,1278
5110,"1278-06-21 13:42:15",0,0,0,1,3,1278
5111,"1278-09-22 21:03:21",1,0,0,0,4,1278
5112,"1278-12-21 05:31:32",0,0,1,0,1,1278
5113,"1279-03-20 13:02:21",0,1,0,0,2,1279
5114,"1279-06-21 19:28:03",0,0,0,1,3,1279
5115,"1279-09-23 02:47:40",1,0,0,0,4,1279
5116,"1279-12-21 11:16:14",0,0,1,0,1,1279
5117,"1280-03-19 18:50:19",0,1,0,0,2,1280
5118,"1280-06-21 01:16:39",0,0,0,1,3,1280
5119,"1280-09-22 08:32:44",1,0,0,0,4,1280
5120,"1280-12-20 17:05:03",0,0,1,0,1,1280
5121,"1281-03-20 00:43:43",0,1,0,0,2,1281
5122,"1281-06-21 07:03:55",0,0,0,1,3,1281
5123,"1281-09-22 14:18:49",1,0,0,0,4,1281
5124,"1281-12-20 22:47:56",0,0,1,0,1,1281
5125,"1282-03-20 06:18:39",0,1,0,0,2,1282
5126,"1282-06-21 12:40:15",0,0,0,1,3,1282
5127,"1282-09-22 20:10:37",1,0,0,0,4,1282
5128,"1282-12-21 04:36:59",0,0,1,0,1,1282
5129,"1283-03-20 12:06:40",0,1,0,0,2,1283
5130,"1283-06-21 18:34:38",0,0,0,1,3,1283
5131,"1283-09-23 02:02:40",1,0,0,0,4,1283
5132,"1283-12-21 10:25:55",0,0,1,0,1,1283
5133,"1284-03-19 17:58:16",0,1,0,0,2,1284
5134,"1284-06-21 00:23:35",0,0,0,1,3,1284
5135,"1284-09-22 07:47:37",1,0,0,0,4,1284
5136,"1284-12-20 16:16:40",0,0,1,0,1,1284
5137,"1285-03-19 23:41:41",0,1,0,0,2,1285
5138,"1285-06-21 05:59:38",0,0,0,1,3,1285
5139,"1285-09-22 13:33:14",1,0,0,0,4,1285
5140,"1285-12-20 22:14:41",0,0,1,0,1,1285
5141,"1286-03-20 05:35:13",0,1,0,0,2,1286
5142,"1286-06-21 11:53:12",0,0,0,1,3,1286
5143,"1286-09-22 19:25:48",1,0,0,0,4,1286
5144,"1286-12-21 04:03:04",0,0,1,0,1,1286
5145,"1287-03-20 11:24:58",0,1,0,0,2,1287
5146,"1287-06-21 17:42:06",0,0,0,1,3,1287
5147,"1287-09-23 01:14:37",1,0,0,0,4,1287
5148,"1287-12-21 09:50:19",0,0,1,0,1,1287
5149,"1288-03-19 17:19:34",0,1,0,0,2,1288
5150,"1288-06-20 23:32:36",0,0,0,1,3,1288
5151,"1288-09-22 07:03:47",1,0,0,0,4,1288
5152,"1288-12-20 15:43:46",0,0,1,0,1,1288
5153,"1289-03-19 23:18:22",0,1,0,0,2,1289
5154,"1289-06-21 05:27:49",0,0,0,1,3,1289
5155,"1289-09-22 12:54:01",1,0,0,0,4,1289
5156,"1289-12-20 21:34:41",0,0,1,0,1,1289
5157,"1290-03-20 04:58:58",0,1,0,0,2,1290
5158,"1290-06-21 11:11:22",0,0,0,1,3,1290
5159,"1290-09-22 18:46:20",1,0,0,0,4,1290
5160,"1290-12-21 03:27:21",0,0,1,0,1,1290
5161,"1291-03-20 10:49:15",0,1,0,0,2,1291
5162,"1291-06-21 17:10:23",0,0,0,1,3,1291
5163,"1291-09-23 00:39:49",1,0,0,0,4,1291
5164,"1291-12-21 09:17:39",0,0,1,0,1,1291
5165,"1292-03-19 16:45:56",0,1,0,0,2,1292
5166,"1292-06-20 23:04:18",0,0,0,1,3,1292
5167,"1292-09-22 06:28:10",1,0,0,0,4,1292
5168,"1292-12-20 15:07:01",0,0,1,0,1,1292
5169,"1293-03-19 22:31:53",0,1,0,0,2,1293
5170,"1293-06-21 04:39:26",0,0,0,1,3,1293
5171,"1293-09-22 12:15:09",1,0,0,0,4,1293
5172,"1293-12-20 20:58:13",0,0,1,0,1,1293
5173,"1294-03-20 04:21:00",0,1,0,0,2,1294
5174,"1294-06-21 10:31:30",0,0,0,1,3,1294
5175,"1294-09-22 18:10:33",1,0,0,0,4,1294
5176,"1294-12-21 02:45:19",0,0,1,0,1,1294
5177,"1295-03-20 10:06:55",0,1,0,0,2,1295
5178,"1295-06-21 16:19:56",0,0,0,1,3,1295
5179,"1295-09-22 23:57:37",1,0,0,0,4,1295
5180,"1295-12-21 08:32:28",0,0,1,0,1,1295
5181,"1296-03-19 15:52:47",0,1,0,0,2,1296
5182,"1296-06-20 22:03:28",0,0,0,1,3,1296
5183,"1296-09-22 05:40:54",1,0,0,0,4,1296
5184,"1296-12-20 14:26:09",0,0,1,0,1,1296
5185,"1297-03-19 21:45:41",0,1,0,0,2,1297
5186,"1297-06-21 03:53:34",0,0,0,1,3,1297
5187,"1297-09-22 11:27:42",1,0,0,0,4,1297
5188,"1297-12-20 20:17:18",0,0,1,0,1,1297
5189,"1298-03-20 03:25:59",0,1,0,0,2,1298
5190,"1298-06-21 09:30:26",0,0,0,1,3,1298
5191,"1298-09-22 17:13:39",1,0,0,0,4,1298
5192,"1298-12-21 02:03:53",0,0,1,0,1,1298
5193,"1299-03-20 09:15:54",0,1,0,0,2,1299
5194,"1299-06-21 15:22:47",0,0,0,1,3,1299
5195,"1299-09-22 23:04:01",1,0,0,0,4,1299
5196,"1299-12-21 07:50:05",0,0,1,0,1,1299
5197,"1300-03-20 15:13:43",0,1,0,0,2,1300
5198,"1300-06-21 21:15:26",0,0,0,1,3,1300
5199,"1300-09-23 04:49:34",1,0,0,0,4,1300
5200,"1300-12-21 13:36:50",0,0,1,0,1,1300
5201,"1301-03-20 20:57:43",0,1,0,0,2,1301
5202,"1301-06-22 02:50:18",0,0,0,1,3,1301
5203,"1301-09-23 10:31:33",1,0,0,0,4,1301
5204,"1301-12-21 19:26:58",0,0,1,0,1,1301
5205,"1302-03-21 02:44:02",0,1,0,0,2,1302
5206,"1302-06-22 08:44:41",0,0,0,1,3,1302
5207,"1302-09-23 16:25:15",1,0,0,0,4,1302
5208,"1302-12-22 01:14:57",0,0,1,0,1,1302
5209,"1303-03-21 08:30:29",0,1,0,0,2,1303
5210,"1303-06-22 14:36:48",0,0,0,1,3,1303
5211,"1303-09-23 22:11:45",1,0,0,0,4,1303
5212,"1303-12-22 06:59:49",0,0,1,0,1,1303
5213,"1304-03-20 14:17:55",0,1,0,0,2,1304
5214,"1304-06-21 20:21:10",0,0,0,1,3,1304
5215,"1304-09-23 03:56:54",1,0,0,0,4,1304
5216,"1304-12-21 12:49:38",0,0,1,0,1,1304
5217,"1305-03-20 20:11:32",0,1,0,0,2,1305
5218,"1305-06-22 02:13:48",0,0,0,1,3,1305
5219,"1305-09-23 09:52:00",1,0,0,0,4,1305
5220,"1305-12-21 18:40:34",0,0,1,0,1,1305
5221,"1306-03-21 01:53:02",0,1,0,0,2,1306
5222,"1306-06-22 07:54:22",0,0,0,1,3,1306
5223,"1306-09-23 15:43:57",1,0,0,0,4,1306
5224,"1306-12-22 00:29:20",0,0,1,0,1,1306
5225,"1307-03-21 07:40:14",0,1,0,0,2,1307
5226,"1307-06-22 13:47:47",0,0,0,1,3,1307
5227,"1307-09-23 21:38:55",1,0,0,0,4,1307
5228,"1307-12-22 06:24:12",0,0,1,0,1,1307
5229,"1308-03-20 13:36:57",0,1,0,0,2,1308
5230,"1308-06-21 19:42:38",0,0,0,1,3,1308
5231,"1308-09-23 03:28:07",1,0,0,0,4,1308
5232,"1308-12-21 12:20:20",0,0,1,0,1,1308
5233,"1309-03-20 19:24:06",0,1,0,0,2,1309
5234,"1309-06-22 01:17:16",0,0,0,1,3,1309
5235,"1309-09-23 09:10:41",1,0,0,0,4,1309
5236,"1309-12-21 18:15:40",0,0,1,0,1,1309
5237,"1310-03-21 01:16:51",0,1,0,0,2,1310
5238,"1310-06-22 07:11:14",0,0,0,1,3,1310
5239,"1310-09-23 15:06:57",1,0,0,0,4,1310
5240,"1310-12-22 00:06:32",0,0,1,0,1,1310
5241,"1311-03-21 07:11:53",0,1,0,0,2,1311
5242,"1311-06-22 13:05:06",0,0,0,1,3,1311
5243,"1311-09-23 20:55:24",1,0,0,0,4,1311
5244,"1311-12-22 05:52:31",0,0,1,0,1,1311
5245,"1312-03-20 13:05:17",0,1,0,0,2,1312
5246,"1312-06-21 18:50:17",0,0,0,1,3,1312
5247,"1312-09-23 02:38:27",1,0,0,0,4,1312
5248,"1312-12-21 11:42:03",0,0,1,0,1,1312
5249,"1313-03-20 18:58:07",0,1,0,0,2,1313
5250,"1313-06-22 00:44:53",0,0,0,1,3,1313
5251,"1313-09-23 08:30:49",1,0,0,0,4,1313
5252,"1313-12-21 17:34:08",0,0,1,0,1,1313
5253,"1314-03-21 00:39:55",0,1,0,0,2,1314
5254,"1314-06-22 06:29:06",0,0,0,1,3,1314
5255,"1314-09-23 14:17:48",1,0,0,0,4,1314
5256,"1314-12-21 23:19:59",0,0,1,0,1,1314
5257,"1315-03-21 06:24:41",0,1,0,0,2,1315
5258,"1315-06-22 12:20:25",0,0,0,1,3,1315
5259,"1315-09-23 20:06:28",1,0,0,0,4,1315
5260,"1315-12-22 05:06:25",0,0,1,0,1,1315
5261,"1316-03-20 12:18:10",0,1,0,0,2,1316
5262,"1316-06-21 18:14:13",0,0,0,1,3,1316
5263,"1316-09-23 01:55:36",1,0,0,0,4,1316
5264,"1316-12-21 10:55:29",0,0,1,0,1,1316
5265,"1317-03-20 18:02:53",0,1,0,0,2,1317
5266,"1317-06-21 23:45:51",0,0,0,1,3,1317
5267,"1317-09-23 07:37:34",1,0,0,0,4,1317
5268,"1317-12-21 16:40:38",0,0,1,0,1,1317
5269,"1318-03-20 23:45:32",0,1,0,0,2,1318
5270,"1318-06-22 05:34:03",0,0,0,1,3,1318
5271,"1318-09-23 13:33:15",1,0,0,0,4,1318
5272,"1318-12-21 22:28:00",0,0,1,0,1,1318
5273,"1319-03-21 05:32:01",0,1,0,0,2,1319
5274,"1319-06-22 11:25:35",0,0,0,1,3,1319
5275,"1319-09-23 19:20:46",1,0,0,0,4,1319
5276,"1319-12-22 04:16:34",0,0,1,0,1,1319
5277,"1320-03-20 11:18:22",0,1,0,0,2,1320
5278,"1320-06-21 17:04:32",0,0,0,1,3,1320
5279,"1320-09-23 00:59:21",1,0,0,0,4,1320
5280,"1320-12-21 10:07:02",0,0,1,0,1,1320
5281,"1321-03-20 17:06:40",0,1,0,0,2,1321
5282,"1321-06-21 22:54:02",0,0,0,1,3,1321
5283,"1321-09-23 06:51:11",1,0,0,0,4,1321
5284,"1321-12-21 16:01:51",0,0,1,0,1,1321
5285,"1322-03-20 22:53:08",0,1,0,0,2,1322
5286,"1322-06-22 04:37:02",0,0,0,1,3,1322
5287,"1322-09-23 12:39:34",1,0,0,0,4,1322
5288,"1322-12-21 21:48:56",0,0,1,0,1,1322
5289,"1323-03-21 04:43:27",0,1,0,0,2,1323
5290,"1323-06-22 10:25:58",0,0,0,1,3,1323
5291,"1323-09-23 18:28:27",1,0,0,0,4,1323
5292,"1323-12-22 03:35:35",0,0,1,0,1,1323
5293,"1324-03-20 10:41:11",0,1,0,0,2,1324
5294,"1324-06-21 16:23:15",0,0,0,1,3,1324
5295,"1324-09-23 00:20:57",1,0,0,0,4,1324
5296,"1324-12-21 09:31:58",0,0,1,0,1,1324
5297,"1325-03-20 16:32:25",0,1,0,0,2,1325
5298,"1325-06-21 22:01:52",0,0,0,1,3,1325
5299,"1325-09-23 06:02:49",1,0,0,0,4,1325
5300,"1325-12-21 15:21:25",0,0,1,0,1,1325
5301,"1326-03-20 22:17:53",0,1,0,0,2,1326
5302,"1326-06-22 03:55:16",0,0,0,1,3,1326
5303,"1326-09-23 11:58:25",1,0,0,0,4,1326
5304,"1326-12-21 21:12:21",0,0,1,0,1,1326
5305,"1327-03-21 04:10:45",0,1,0,0,2,1327
5306,"1327-06-22 09:55:35",0,0,0,1,3,1327
5307,"1327-09-23 17:50:31",1,0,0,0,4,1327
5308,"1327-12-22 03:02:44",0,0,1,0,1,1327
5309,"1328-03-20 10:03:39",0,1,0,0,2,1328
5310,"1328-06-21 15:39:03",0,0,0,1,3,1328
5311,"1328-09-22 23:32:29",1,0,0,0,4,1328
5312,"1328-12-21 08:49:19",0,0,1,0,1,1328
5313,"1329-03-20 15:53:43",0,1,0,0,2,1329
5314,"1329-06-21 21:31:42",0,0,0,1,3,1329
5315,"1329-09-23 05:31:25",1,0,0,0,4,1329
5316,"1329-12-21 14:43:02",0,0,1,0,1,1329
5317,"1330-03-20 21:39:43",0,1,0,0,2,1330
5318,"1330-06-22 03:18:30",0,0,0,1,3,1330
5319,"1330-09-23 11:23:57",1,0,0,0,4,1330
5320,"1330-12-21 20:31:27",0,0,1,0,1,1330
5321,"1331-03-21 03:25:33",0,1,0,0,2,1331
5322,"1331-06-22 09:06:38",0,0,0,1,3,1331
5323,"1331-09-23 17:12:00",1,0,0,0,4,1331
5324,"1331-12-22 02:20:55",0,0,1,0,1,1331
5325,"1332-03-20 09:17:16",0,1,0,0,2,1332
5326,"1332-06-21 15:01:07",0,0,0,1,3,1332
5327,"1332-09-22 23:03:58",1,0,0,0,4,1332
5328,"1332-12-21 08:19:48",0,0,1,0,1,1332
5329,"1333-03-20 15:06:25",0,1,0,0,2,1333
5330,"1333-06-21 20:36:04",0,0,0,1,3,1333
5331,"1333-09-23 04:43:19",1,0,0,0,4,1333
5332,"1333-12-21 14:07:56",0,0,1,0,1,1333
5333,"1334-03-20 20:52:19",0,1,0,0,2,1334
5334,"1334-06-22 02:22:11",0,0,0,1,3,1334
5335,"1334-09-23 10:35:20",1,0,0,0,4,1334
5336,"1334-12-21 19:54:12",0,0,1,0,1,1334
5337,"1335-03-21 02:44:40",0,1,0,0,2,1335
5338,"1335-06-22 08:17:12",0,0,0,1,3,1335
5339,"1335-09-23 16:25:26",1,0,0,0,4,1335
5340,"1335-12-22 01:41:36",0,0,1,0,1,1335
5341,"1336-03-20 08:36:55",0,1,0,0,2,1336
5342,"1336-06-21 13:57:23",0,0,0,1,3,1336
5343,"1336-09-22 22:00:58",1,0,0,0,4,1336
5344,"1336-12-21 07:24:48",0,0,1,0,1,1336
5345,"1337-03-20 14:21:34",0,1,0,0,2,1337
5346,"1337-06-21 19:46:49",0,0,0,1,3,1337
5347,"1337-09-23 03:53:33",1,0,0,0,4,1337
5348,"1337-12-21 13:16:48",0,0,1,0,1,1337
5349,"1338-03-20 20:03:42",0,1,0,0,2,1338
5350,"1338-06-22 01:34:08",0,0,0,1,3,1338
5351,"1338-09-23 09:41:16",1,0,0,0,4,1338
5352,"1338-12-21 19:02:44",0,0,1,0,1,1338
5353,"1339-03-21 01:48:38",0,1,0,0,2,1339
5354,"1339-06-22 07:20:30",0,0,0,1,3,1339
5355,"1339-09-23 15:25:12",1,0,0,0,4,1339
5356,"1339-12-22 00:46:25",0,0,1,0,1,1339
5357,"1340-03-20 07:38:38",0,1,0,0,2,1340
5358,"1340-06-21 13:12:47",0,0,0,1,3,1340
5359,"1340-09-22 21:18:42",1,0,0,0,4,1340
5360,"1340-12-21 06:40:05",0,0,1,0,1,1340
5361,"1341-03-20 13:27:20",0,1,0,0,2,1341
5362,"1341-06-21 18:48:38",0,0,0,1,3,1341
5363,"1341-09-23 03:01:56",1,0,0,0,4,1341
5364,"1341-12-21 12:26:44",0,0,1,0,1,1341
5365,"1342-03-20 19:11:58",0,1,0,0,2,1342
5366,"1342-06-22 00:35:21",0,0,0,1,3,1342
5367,"1342-09-23 08:56:31",1,0,0,0,4,1342
5368,"1342-12-21 18:15:38",0,0,1,0,1,1342
5369,"1343-03-21 01:00:30",0,1,0,0,2,1343
5370,"1343-06-22 06:32:36",0,0,0,1,3,1343
5371,"1343-09-23 14:50:38",1,0,0,0,4,1343
5372,"1343-12-22 00:12:26",0,0,1,0,1,1343
5373,"1344-03-20 06:55:34",0,1,0,0,2,1344
5374,"1344-06-21 12:16:15",0,0,0,1,3,1344
5375,"1344-09-22 20:28:39",1,0,0,0,4,1344
5376,"1344-12-21 06:02:57",0,0,1,0,1,1344
5377,"1345-03-20 12:44:45",0,1,0,0,2,1345
5378,"1345-06-21 18:05:52",0,0,0,1,3,1345
5379,"1345-09-23 02:23:40",1,0,0,0,4,1345
5380,"1345-12-21 11:59:35",0,0,1,0,1,1345
5381,"1346-03-20 18:36:16",0,1,0,0,2,1346
5382,"1346-06-21 23:57:49",0,0,0,1,3,1346
5383,"1346-09-23 08:18:01",1,0,0,0,4,1346
5384,"1346-12-21 17:50:29",0,0,1,0,1,1346
5385,"1347-03-21 00:31:51",0,1,0,0,2,1347
5386,"1347-06-22 05:48:03",0,0,0,1,3,1347
5387,"1347-09-23 14:04:10",1,0,0,0,4,1347
5388,"1347-12-21 23:34:26",0,0,1,0,1,1347
5389,"1348-03-20 06:25:37",0,1,0,0,2,1348
5390,"1348-06-21 11:45:15",0,0,0,1,3,1348
5391,"1348-09-22 20:00:20",1,0,0,0,4,1348
5392,"1348-12-21 05:32:58",0,0,1,0,1,1348
5393,"1349-03-20 12:17:43",0,1,0,0,2,1349
5394,"1349-06-21 17:28:30",0,0,0,1,3,1349
5395,"1349-09-23 01:44:06",1,0,0,0,4,1349
5396,"1349-12-21 11:22:15",0,0,1,0,1,1349
5397,"1350-03-20 18:01:54",0,1,0,0,2,1350
5398,"1350-06-21 23:16:36",0,0,0,1,3,1350
5399,"1350-09-23 07:34:46",1,0,0,0,4,1350
5400,"1350-12-21 17:07:32",0,0,1,0,1,1350
5401,"1351-03-20 23:48:33",0,1,0,0,2,1351
5402,"1351-06-22 05:14:00",0,0,0,1,3,1351
5403,"1351-09-23 13:28:47",1,0,0,0,4,1351
5404,"1351-12-21 22:59:29",0,0,1,0,1,1351
5405,"1352-03-20 05:42:50",0,1,0,0,2,1352
5406,"1352-06-21 10:55:27",0,0,0,1,3,1352
5407,"1352-09-22 19:06:05",1,0,0,0,4,1352
5408,"1352-12-21 04:40:47",0,0,1,0,1,1352
5409,"1353-03-20 11:25:19",0,1,0,0,2,1353
5410,"1353-06-21 16:38:22",0,0,0,1,3,1353
5411,"1353-09-23 00:59:13",1,0,0,0,4,1353
5412,"1353-12-21 10:29:42",0,0,1,0,1,1353
5413,"1354-03-20 17:06:55",0,1,0,0,2,1354
5414,"1354-06-21 22:25:37",0,0,0,1,3,1354
5415,"1354-09-23 06:52:36",1,0,0,0,4,1354
5416,"1354-12-21 16:20:31",0,0,1,0,1,1354
5417,"1355-03-20 22:53:04",0,1,0,0,2,1355
5418,"1355-06-22 04:08:51",0,0,0,1,3,1355
5419,"1355-09-23 12:31:33",1,0,0,0,4,1355
5420,"1355-12-21 22:02:57",0,0,1,0,1,1355
5421,"1356-03-20 04:37:38",0,1,0,0,2,1356
5422,"1356-06-21 09:56:55",0,0,0,1,3,1356
5423,"1356-09-22 18:21:56",1,0,0,0,4,1356
5424,"1356-12-21 04:02:38",0,0,1,0,1,1356
5425,"1357-03-20 10:29:00",0,1,0,0,2,1357
5426,"1357-06-21 15:35:22",0,0,0,1,3,1357
5427,"1357-09-23 00:03:03",1,0,0,0,4,1357
5428,"1357-12-21 09:51:13",0,0,1,0,1,1357
5429,"1358-03-20 16:16:24",0,1,0,0,2,1358
5430,"1358-06-21 21:18:09",0,0,0,1,3,1358
5431,"1358-09-23 05:50:13",1,0,0,0,4,1358
5432,"1358-12-21 15:33:04",0,0,1,0,1,1358
5433,"1359-03-20 22:06:38",0,1,0,0,2,1359
5434,"1359-06-22 03:15:21",0,0,0,1,3,1359
5435,"1359-09-23 11:45:36",1,0,0,0,4,1359
5436,"1359-12-21 21:26:55",0,0,1,0,1,1359
5437,"1360-03-20 04:05:26",0,1,0,0,2,1360
5438,"1360-06-21 09:01:40",0,0,0,1,3,1360
5439,"1360-09-22 17:22:34",1,0,0,0,4,1360
5440,"1360-12-21 03:12:00",0,0,1,0,1,1360
5441,"1361-03-20 09:51:00",0,1,0,0,2,1361
5442,"1361-06-21 14:50:03",0,0,0,1,3,1361
5443,"1361-09-22 23:14:59",1,0,0,0,4,1361
5444,"1361-12-21 09:04:09",0,0,1,0,1,1361
5445,"1362-03-20 15:35:48",0,1,0,0,2,1362
5446,"1362-06-21 20:45:14",0,0,0,1,3,1362
5447,"1362-09-23 05:11:40",1,0,0,0,4,1362
5448,"1362-12-21 14:57:51",0,0,1,0,1,1362
5449,"1363-03-20 21:29:27",0,1,0,0,2,1363
5450,"1363-06-22 02:37:07",0,0,0,1,3,1363
5451,"1363-09-23 10:55:44",1,0,0,0,4,1363
5452,"1363-12-21 20:39:42",0,0,1,0,1,1363
5453,"1364-03-20 03:19:16",0,1,0,0,2,1364
5454,"1364-06-21 08:29:49",0,0,0,1,3,1364
5455,"1364-09-22 16:53:48",1,0,0,0,4,1364
5456,"1364-12-21 02:37:24",0,0,1,0,1,1364
5457,"1365-03-20 09:11:20",0,1,0,0,2,1365
5458,"1365-06-21 14:14:01",0,0,0,1,3,1365
5459,"1365-09-22 22:45:16",1,0,0,0,4,1365
5460,"1365-12-21 08:29:24",0,0,1,0,1,1365
5461,"1366-03-20 14:58:43",0,1,0,0,2,1366
5462,"1366-06-21 20:00:24",0,0,0,1,3,1366
5463,"1366-09-23 04:36:44",1,0,0,0,4,1366
5464,"1366-12-21 14:15:28",0,0,1,0,1,1366
5465,"1367-03-20 20:43:37",0,1,0,0,2,1367
5466,"1367-06-22 01:56:31",0,0,0,1,3,1367
5467,"1367-09-23 10:34:12",1,0,0,0,4,1367
5468,"1367-12-21 20:15:49",0,0,1,0,1,1367
5469,"1368-03-20 02:40:55",0,1,0,0,2,1368
5470,"1368-06-21 07:41:35",0,0,0,1,3,1368
5471,"1368-09-22 16:11:06",1,0,0,0,4,1368
5472,"1368-12-21 02:05:16",0,0,1,0,1,1368
5473,"1369-03-20 08:27:54",0,1,0,0,2,1369
5474,"1369-06-21 13:23:50",0,0,0,1,3,1369
5475,"1369-09-22 22:00:16",1,0,0,0,4,1369
5476,"1369-12-21 07:55:17",0,0,1,0,1,1369
5477,"1370-03-20 14:13:04",0,1,0,0,2,1370
5478,"1370-06-21 19:13:02",0,0,0,1,3,1370
5479,"1370-09-23 03:55:07",1,0,0,0,4,1370
5480,"1370-12-21 13:46:17",0,0,1,0,1,1370
5481,"1371-03-20 20:08:56",0,1,0,0,2,1371
5482,"1371-06-22 01:01:30",0,0,0,1,3,1371
5483,"1371-09-23 09:34:20",1,0,0,0,4,1371
5484,"1371-12-21 19:25:27",0,0,1,0,1,1371
5485,"1372-03-20 01:56:16",0,1,0,0,2,1372
5486,"1372-06-21 06:49:01",0,0,0,1,3,1372
5487,"1372-09-22 15:23:12",1,0,0,0,4,1372
5488,"1372-12-21 01:18:56",0,0,1,0,1,1372
5489,"1373-03-20 07:42:05",0,1,0,0,2,1373
5490,"1373-06-21 12:31:20",0,0,0,1,3,1373
5491,"1373-09-22 21:07:38",1,0,0,0,4,1373
5492,"1373-12-21 07:08:56",0,0,1,0,1,1373
5493,"1374-03-20 13:28:09",0,1,0,0,2,1374
5494,"1374-06-21 18:17:09",0,0,0,1,3,1374
5495,"1374-09-23 02:51:31",1,0,0,0,4,1374
5496,"1374-12-21 12:47:16",0,0,1,0,1,1374
5497,"1375-03-20 19:09:32",0,1,0,0,2,1375
5498,"1375-06-22 00:09:34",0,0,0,1,3,1375
5499,"1375-09-23 08:45:31",1,0,0,0,4,1375
5500,"1375-12-21 18:39:27",0,0,1,0,1,1375
5501,"1376-03-20 01:05:34",0,1,0,0,2,1376
5502,"1376-06-21 05:54:38",0,0,0,1,3,1376
5503,"1376-09-22 14:24:52",1,0,0,0,4,1376
5504,"1376-12-21 00:23:34",0,0,1,0,1,1376
5505,"1377-03-20 06:50:06",0,1,0,0,2,1377
5506,"1377-06-21 11:35:20",0,0,0,1,3,1377
5507,"1377-09-22 20:14:42",1,0,0,0,4,1377
5508,"1377-12-21 06:09:30",0,0,1,0,1,1377
5509,"1378-03-20 12:29:05",0,1,0,0,2,1378
5510,"1378-06-21 17:25:20",0,0,0,1,3,1378
5511,"1378-09-23 02:13:28",1,0,0,0,4,1378
5512,"1378-12-21 12:06:14",0,0,1,0,1,1378
5513,"1379-03-20 18:23:19",0,1,0,0,2,1379
5514,"1379-06-21 23:16:39",0,0,0,1,3,1379
5515,"1379-09-23 07:54:47",1,0,0,0,4,1379
5516,"1379-12-21 17:51:42",0,0,1,0,1,1379
5517,"1380-03-20 00:11:05",0,1,0,0,2,1380
5518,"1380-06-21 05:04:19",0,0,0,1,3,1380
5519,"1380-09-22 13:45:56",1,0,0,0,4,1380
5520,"1380-12-20 23:51:05",0,0,1,0,1,1380
5521,"1381-03-20 06:02:44",0,1,0,0,2,1381
5522,"1381-06-21 10:49:34",0,0,0,1,3,1381
5523,"1381-09-22 19:37:42",1,0,0,0,4,1381
5524,"1381-12-21 05:47:31",0,0,1,0,1,1381
5525,"1382-03-20 11:59:06",0,1,0,0,2,1382
5526,"1382-06-21 16:39:06",0,0,0,1,3,1382
5527,"1382-09-23 01:26:42",1,0,0,0,4,1382
5528,"1382-12-21 11:28:36",0,0,1,0,1,1382
5529,"1383-03-20 17:48:01",0,1,0,0,2,1383
5530,"1383-06-21 22:35:13",0,0,0,1,3,1383
5531,"1383-09-23 07:24:36",1,0,0,0,4,1383
5532,"1383-12-21 17:25:56",0,0,1,0,1,1383
5533,"1384-03-19 23:48:46",0,1,0,0,2,1384
5534,"1384-06-21 04:27:18",0,0,0,1,3,1384
5535,"1384-09-22 13:07:19",1,0,0,0,4,1384
5536,"1384-12-20 23:17:11",0,0,1,0,1,1384
5537,"1385-03-20 05:36:42",0,1,0,0,2,1385
5538,"1385-06-21 10:13:18",0,0,0,1,3,1385
5539,"1385-09-22 18:55:24",1,0,0,0,4,1385
5540,"1385-12-21 05:04:10",0,0,1,0,1,1385
5541,"1386-03-20 11:16:21",0,1,0,0,2,1386
5542,"1386-06-21 16:05:52",0,0,0,1,3,1386
5543,"1386-09-23 00:54:24",1,0,0,0,4,1386
5544,"1386-12-21 11:00:26",0,0,1,0,1,1386
5545,"1387-03-20 17:12:40",0,1,0,0,2,1387
5546,"1387-06-21 21:58:18",0,0,0,1,3,1387
5547,"1387-09-23 06:35:28",1,0,0,0,4,1387
5548,"1387-12-21 16:39:51",0,0,1,0,1,1387
5549,"1388-03-19 22:58:59",0,1,0,0,2,1388
5550,"1388-06-21 03:41:44",0,0,0,1,3,1388
5551,"1388-09-22 12:24:51",1,0,0,0,4,1388
5552,"1388-12-20 22:31:16",0,0,1,0,1,1388
5553,"1389-03-20 04:44:31",0,1,0,0,2,1389
5554,"1389-06-21 09:23:27",0,0,0,1,3,1389
5555,"1389-09-22 18:17:14",1,0,0,0,4,1389
5556,"1389-12-21 04:24:20",0,0,1,0,1,1389
5557,"1390-03-20 10:32:58",0,1,0,0,2,1390
5558,"1390-06-21 15:09:10",0,0,0,1,3,1390
5559,"1390-09-23 00:01:32",1,0,0,0,4,1390
5560,"1390-12-21 10:03:47",0,0,1,0,1,1390
5561,"1391-03-20 16:13:00",0,1,0,0,2,1391
5562,"1391-06-21 20:57:56",0,0,0,1,3,1391
5563,"1391-09-23 05:52:51",1,0,0,0,4,1391
5564,"1391-12-21 16:00:14",0,0,1,0,1,1391
5565,"1392-03-19 22:07:14",0,1,0,0,2,1392
5566,"1392-06-21 02:43:06",0,0,0,1,3,1392
5567,"1392-09-22 11:31:13",1,0,0,0,4,1392
5568,"1392-12-20 21:50:56",0,0,1,0,1,1392
5569,"1393-03-20 03:55:57",0,1,0,0,2,1393
5570,"1393-06-21 08:23:32",0,0,0,1,3,1393
5571,"1393-09-22 17:15:00",1,0,0,0,4,1393
5572,"1393-12-21 03:33:06",0,0,1,0,1,1393
5573,"1394-03-20 09:36:31",0,1,0,0,2,1394
5574,"1394-06-21 14:10:43",0,0,0,1,3,1394
5575,"1394-09-22 23:11:41",1,0,0,0,4,1394
5576,"1394-12-21 09:25:25",0,0,1,0,1,1394
5577,"1395-03-20 15:34:37",0,1,0,0,2,1395
5578,"1395-06-21 20:04:50",0,0,0,1,3,1395
5579,"1395-09-23 04:53:02",1,0,0,0,4,1395
5580,"1395-12-21 15:06:53",0,0,1,0,1,1395
5581,"1396-03-19 21:23:03",0,1,0,0,2,1396
5582,"1396-06-21 01:51:10",0,0,0,1,3,1396
5583,"1396-09-22 10:39:42",1,0,0,0,4,1396
5584,"1396-12-20 20:58:56",0,0,1,0,1,1396
5585,"1397-03-20 03:06:11",0,1,0,0,2,1397
5586,"1397-06-21 07:36:36",0,0,0,1,3,1397
5587,"1397-09-22 16:32:59",1,0,0,0,4,1397
5588,"1397-12-21 02:55:19",0,0,1,0,1,1397
5589,"1398-03-20 08:58:56",0,1,0,0,2,1398
5590,"1398-06-21 13:29:32",0,0,0,1,3,1398
5591,"1398-09-22 22:20:05",1,0,0,0,4,1398
5592,"1398-12-21 08:35:34",0,0,1,0,1,1398
5593,"1399-03-20 14:43:12",0,1,0,0,2,1399
5594,"1399-06-21 19:21:00",0,0,0,1,3,1399
5595,"1399-09-23 04:15:27",1,0,0,0,4,1399
5596,"1399-12-21 14:29:27",0,0,1,0,1,1399
5597,"1400-03-20 20:39:26",0,1,0,0,2,1400
5598,"1400-06-22 01:10:09",0,0,0,1,3,1400
5599,"1400-09-23 10:03:15",1,0,0,0,4,1400
5600,"1400-12-21 20:22:14",0,0,1,0,1,1400
5601,"1401-03-21 02:30:49",0,1,0,0,2,1401
5602,"1401-06-22 06:55:21",0,0,0,1,3,1401
5603,"1401-09-23 15:54:04",1,0,0,0,4,1401
5604,"1401-12-22 02:08:08",0,0,1,0,1,1401
5605,"1402-03-21 08:08:26",0,1,0,0,2,1402
5606,"1402-06-22 12:43:17",0,0,0,1,3,1402
5607,"1402-09-23 21:53:26",1,0,0,0,4,1402
5608,"1402-12-22 08:07:15",0,0,1,0,1,1402
5609,"1403-03-21 14:04:39",0,1,0,0,2,1403
5610,"1403-06-22 18:38:46",0,0,0,1,3,1403
5611,"1403-09-24 03:37:30",1,0,0,0,4,1403
5612,"1403-12-22 13:58:30",0,0,1,0,1,1403
5613,"1404-03-20 19:57:19",0,1,0,0,2,1404
5614,"1404-06-22 00:23:26",0,0,0,1,3,1404
5615,"1404-09-23 09:22:36",1,0,0,0,4,1404
5616,"1404-12-21 19:51:49",0,0,1,0,1,1404
5617,"1405-03-21 01:42:58",0,1,0,0,2,1405
5618,"1405-06-22 06:04:53",0,0,0,1,3,1405
5619,"1405-09-23 15:15:43",1,0,0,0,4,1405
5620,"1405-12-22 01:48:15",0,0,1,0,1,1405
5621,"1406-03-21 07:42:36",0,1,0,0,2,1406
5622,"1406-06-22 11:58:11",0,0,0,1,3,1406
5623,"1406-09-23 21:02:36",1,0,0,0,4,1406
5624,"1406-12-22 07:27:09",0,0,1,0,1,1406
5625,"1407-03-21 13:29:19",0,1,0,0,2,1407
5626,"1407-06-22 17:47:26",0,0,0,1,3,1407
5627,"1407-09-24 02:52:02",1,0,0,0,4,1407
5628,"1407-12-22 13:17:41",0,0,1,0,1,1407
5629,"1408-03-20 19:22:19",0,1,0,0,2,1408
5630,"1408-06-21 23:36:39",0,0,0,1,3,1408
5631,"1408-09-23 08:35:23",1,0,0,0,4,1408
5632,"1408-12-21 19:09:59",0,0,1,0,1,1408
5633,"1409-03-21 01:11:40",0,1,0,0,2,1409
5634,"1409-06-22 05:22:49",0,0,0,1,3,1409
5635,"1409-09-23 14:18:55",1,0,0,0,4,1409
5636,"1409-12-22 00:49:51",0,0,1,0,1,1409
5637,"1410-03-21 06:45:48",0,1,0,0,2,1410
5638,"1410-06-22 11:08:31",0,0,0,1,3,1410
5639,"1410-09-23 20:12:57",1,0,0,0,4,1410
5640,"1410-12-22 06:40:41",0,0,1,0,1,1410
5641,"1411-03-21 12:38:44",0,1,0,0,2,1411
5642,"1411-06-22 17:02:17",0,0,0,1,3,1411
5643,"1411-09-24 01:56:56",1,0,0,0,4,1411
5644,"1411-12-22 12:23:28",0,0,1,0,1,1411
5645,"1412-03-20 18:27:24",0,1,0,0,2,1412
5646,"1412-06-21 22:44:21",0,0,0,1,3,1412
5647,"1412-09-23 07:42:26",1,0,0,0,4,1412
5648,"1412-12-21 18:09:07",0,0,1,0,1,1412
5649,"1413-03-21 00:05:13",0,1,0,0,2,1413
5650,"1413-06-22 04:22:27",0,0,0,1,3,1413
5651,"1413-09-23 13:37:19",1,0,0,0,4,1413
5652,"1413-12-22 00:05:07",0,0,1,0,1,1413
5653,"1414-03-21 05:56:50",0,1,0,0,2,1414
5654,"1414-06-22 10:14:27",0,0,0,1,3,1414
5655,"1414-09-23 19:25:03",1,0,0,0,4,1414
5656,"1414-12-22 05:48:57",0,0,1,0,1,1414
5657,"1415-03-21 11:39:48",0,1,0,0,2,1415
5658,"1415-06-22 16:00:55",0,0,0,1,3,1415
5659,"1415-09-24 01:12:44",1,0,0,0,4,1415
5660,"1415-12-22 11:43:36",0,0,1,0,1,1415
5661,"1416-03-20 17:32:17",0,1,0,0,2,1416
5662,"1416-06-21 21:47:14",0,0,0,1,3,1416
5663,"1416-09-23 06:58:27",1,0,0,0,4,1416
5664,"1416-12-21 17:41:21",0,0,1,0,1,1416
5665,"1417-03-20 23:28:39",0,1,0,0,2,1417
5666,"1417-06-22 03:34:20",0,0,0,1,3,1417
5667,"1417-09-23 12:45:11",1,0,0,0,4,1417
5668,"1417-12-21 23:23:59",0,0,1,0,1,1417
5669,"1418-03-21 05:11:16",0,1,0,0,2,1418
5670,"1418-06-22 09:21:04",0,0,0,1,3,1418
5671,"1418-09-23 18:42:05",1,0,0,0,4,1418
5672,"1418-12-22 05:18:20",0,0,1,0,1,1418
5673,"1419-03-21 11:10:13",0,1,0,0,2,1419
5674,"1419-06-22 15:19:43",0,0,0,1,3,1419
5675,"1419-09-24 00:29:23",1,0,0,0,4,1419
5676,"1419-12-22 11:07:31",0,0,1,0,1,1419
5677,"1420-03-20 17:04:37",0,1,0,0,2,1420
5678,"1420-06-21 21:09:05",0,0,0,1,3,1420
5679,"1420-09-23 06:14:37",1,0,0,0,4,1420
5680,"1420-12-21 16:58:00",0,0,1,0,1,1420
5681,"1421-03-20 22:46:37",0,1,0,0,2,1421
5682,"1421-06-22 02:53:03",0,0,0,1,3,1421
5683,"1421-09-23 12:10:00",1,0,0,0,4,1421
5684,"1421-12-21 22:55:57",0,0,1,0,1,1421
5685,"1422-03-21 04:42:05",0,1,0,0,2,1422
5686,"1422-06-22 08:51:03",0,0,0,1,3,1422
5687,"1422-09-23 18:00:32",1,0,0,0,4,1422
5688,"1422-12-22 04:39:11",0,0,1,0,1,1422
5689,"1423-03-21 10:30:27",0,1,0,0,2,1423
5690,"1423-06-22 14:40:48",0,0,0,1,3,1423
5691,"1423-09-23 23:50:35",1,0,0,0,4,1423
5692,"1423-12-22 10:27:52",0,0,1,0,1,1423
5693,"1424-03-20 16:21:18",0,1,0,0,2,1424
5694,"1424-06-21 20:26:06",0,0,0,1,3,1424
5695,"1424-09-23 05:39:41",1,0,0,0,4,1424
5696,"1424-12-21 16:21:51",0,0,1,0,1,1424
5697,"1425-03-20 22:13:54",0,1,0,0,2,1425
5698,"1425-06-22 02:14:16",0,0,0,1,3,1425
5699,"1425-09-23 11:28:32",1,0,0,0,4,1425
5700,"1425-12-21 22:04:48",0,0,1,0,1,1425
5701,"1426-03-21 03:49:23",0,1,0,0,2,1426
5702,"1426-06-22 07:57:01",0,0,0,1,3,1426
5703,"1426-09-23 17:20:42",1,0,0,0,4,1426
5704,"1426-12-22 03:57:55",0,0,1,0,1,1426
5705,"1427-03-21 09:39:11",0,1,0,0,2,1427
5706,"1427-06-22 13:50:18",0,0,0,1,3,1427
5707,"1427-09-23 23:05:34",1,0,0,0,4,1427
5708,"1427-12-22 09:49:12",0,0,1,0,1,1427
5709,"1428-03-20 15:32:21",0,1,0,0,2,1428
5710,"1428-06-21 19:34:44",0,0,0,1,3,1428
5711,"1428-09-23 04:46:54",1,0,0,0,4,1428
5712,"1428-12-21 15:36:26",0,0,1,0,1,1428
5713,"1429-03-20 21:12:20",0,1,0,0,2,1429
5714,"1429-06-22 01:09:40",0,0,0,1,3,1429
5715,"1429-09-23 10:37:55",1,0,0,0,4,1429
5716,"1429-12-21 21:28:58",0,0,1,0,1,1429
5717,"1430-03-21 03:07:21",0,1,0,0,2,1430
5718,"1430-06-22 07:03:45",0,0,0,1,3,1430
5719,"1430-09-23 16:26:54",1,0,0,0,4,1430
5720,"1430-12-22 03:10:53",0,0,1,0,1,1430
5721,"1431-03-21 08:56:04",0,1,0,0,2,1431
5722,"1431-06-22 12:51:44",0,0,0,1,3,1431
5723,"1431-09-23 22:11:38",1,0,0,0,4,1431
5724,"1431-12-22 08:57:37",0,0,1,0,1,1431
5725,"1432-03-20 14:42:37",0,1,0,0,2,1432
5726,"1432-06-21 18:35:27",0,0,0,1,3,1432
5727,"1432-09-23 03:55:45",1,0,0,0,4,1432
5728,"1432-12-21 14:52:13",0,0,1,0,1,1432
5729,"1433-03-20 20:34:31",0,1,0,0,2,1433
5730,"1433-06-22 00:26:35",0,0,0,1,3,1433
5731,"1433-09-23 09:43:28",1,0,0,0,4,1433
5732,"1433-12-21 20:35:46",0,0,1,0,1,1433
5733,"1434-03-21 02:12:11",0,1,0,0,2,1434
5734,"1434-06-22 06:10:14",0,0,0,1,3,1434
5735,"1434-09-23 15:33:40",1,0,0,0,4,1434
5736,"1434-12-22 02:23:28",0,0,1,0,1,1434
5737,"1435-03-21 08:02:36",0,1,0,0,2,1435
5738,"1435-06-22 12:04:15",0,0,0,1,3,1435
5739,"1435-09-23 21:23:03",1,0,0,0,4,1435
5740,"1435-12-22 08:13:43",0,0,1,0,1,1435
5741,"1436-03-20 13:59:57",0,1,0,0,2,1436
5742,"1436-06-21 17:53:12",0,0,0,1,3,1436
5743,"1436-09-23 03:10:54",1,0,0,0,4,1436
5744,"1436-12-21 14:01:18",0,0,1,0,1,1436
5745,"1437-03-20 19:38:42",0,1,0,0,2,1437
5746,"1437-06-21 23:30:03",0,0,0,1,3,1437
5747,"1437-09-23 09:05:47",1,0,0,0,4,1437
5748,"1437-12-21 19:58:14",0,0,1,0,1,1437
5749,"1438-03-21 01:32:02",0,1,0,0,2,1438
5750,"1438-06-22 05:28:43",0,0,0,1,3,1438
5751,"1438-09-23 15:00:25",1,0,0,0,4,1438
5752,"1438-12-22 01:50:24",0,0,1,0,1,1438
5753,"1439-03-21 07:24:07",0,1,0,0,2,1439
5754,"1439-06-22 11:19:51",0,0,0,1,3,1439
5755,"1439-09-23 20:47:13",1,0,0,0,4,1439
5756,"1439-12-22 07:43:21",0,0,1,0,1,1439
5757,"1440-03-20 13:15:32",0,1,0,0,2,1440
5758,"1440-06-21 17:03:26",0,0,0,1,3,1440
5759,"1440-09-23 02:34:04",1,0,0,0,4,1440
5760,"1440-12-21 13:42:00",0,0,1,0,1,1440
5761,"1441-03-20 19:15:03",0,1,0,0,2,1441
5762,"1441-06-21 22:56:36",0,0,0,1,3,1441
5763,"1441-09-23 08:25:50",1,0,0,0,4,1441
5764,"1441-12-21 19:27:13",0,0,1,0,1,1441
5765,"1442-03-21 01:00:40",0,1,0,0,2,1442
5766,"1442-06-22 04:43:08",0,0,0,1,3,1442
5767,"1442-09-23 14:16:54",1,0,0,0,4,1442
5768,"1442-12-22 01:14:45",0,0,1,0,1,1442
5769,"1443-03-21 06:52:48",0,1,0,0,2,1443
5770,"1443-06-22 10:39:11",0,0,0,1,3,1443
5771,"1443-09-23 20:05:06",1,0,0,0,4,1443
5772,"1443-12-22 07:05:57",0,0,1,0,1,1443
5773,"1444-03-20 12:48:28",0,1,0,0,2,1444
5774,"1444-06-21 16:31:29",0,0,0,1,3,1444
5775,"1444-09-23 01:49:53",1,0,0,0,4,1444
5776,"1444-12-21 12:53:29",0,0,1,0,1,1444
5777,"1445-03-20 18:25:13",0,1,0,0,2,1445
5778,"1445-06-21 22:07:58",0,0,0,1,3,1445
5779,"1445-09-23 07:39:14",1,0,0,0,4,1445
5780,"1445-12-21 18:44:29",0,0,1,0,1,1445
5781,"1446-03-21 00:13:39",0,1,0,0,2,1446
5782,"1446-06-22 04:03:26",0,0,0,1,3,1446
5783,"1446-09-23 13:31:43",1,0,0,0,4,1446
5784,"1446-12-22 00:29:08",0,0,1,0,1,1446
5785,"1447-03-21 06:02:59",0,1,0,0,2,1447
5786,"1447-06-22 09:51:24",0,0,0,1,3,1447
5787,"1447-09-23 19:16:53",1,0,0,0,4,1447
5788,"1447-12-22 06:12:42",0,0,1,0,1,1447
5789,"1448-03-20 11:47:19",0,1,0,0,2,1448
5790,"1448-06-21 15:27:36",0,0,0,1,3,1448
5791,"1448-09-23 01:02:04",1,0,0,0,4,1448
5792,"1448-12-21 12:04:55",0,0,1,0,1,1448
5793,"1449-03-20 17:36:00",0,1,0,0,2,1449
5794,"1449-06-21 21:15:34",0,0,0,1,3,1449
5795,"1449-09-23 06:52:22",1,0,0,0,4,1449
5796,"1449-12-21 17:50:24",0,0,1,0,1,1449
5797,"1450-03-20 23:14:04",0,1,0,0,2,1450
5798,"1450-06-22 02:57:15",0,0,0,1,3,1450
5799,"1450-09-23 12:38:44",1,0,0,0,4,1450
5800,"1450-12-21 23:40:03",0,0,1,0,1,1450
5801,"1451-03-21 05:00:59",0,1,0,0,2,1451
5802,"1451-06-22 08:46:00",0,0,0,1,3,1451
5803,"1451-09-23 18:22:46",1,0,0,0,4,1451
5804,"1451-12-22 05:32:43",0,0,1,0,1,1451
5805,"1452-03-20 10:57:33",0,1,0,0,2,1452
5806,"1452-06-21 14:35:06",0,0,0,1,3,1452
5807,"1452-09-23 00:07:06",1,0,0,0,4,1452
5808,"1452-12-21 11:22:06",0,0,1,0,1,1452
5809,"1453-03-20 16:41:52",0,1,0,0,2,1453
5810,"1453-06-21 20:10:55",0,0,0,1,3,1453
5811,"1453-09-23 05:56:56",1,0,0,0,4,1453
5812,"1453-12-21 17:12:18",0,0,1,0,1,1453
5813,"1454-03-20 22:35:25",0,1,0,0,2,1454
5814,"1454-06-22 02:08:25",0,0,0,1,3,1454
5815,"1454-09-23 11:52:16",1,0,0,0,4,1454
5816,"1454-12-21 23:00:53",0,0,1,0,1,1454
5817,"1455-03-21 04:31:53",0,1,0,0,2,1455
5818,"1455-06-22 08:05:07",0,0,0,1,3,1455
5819,"1455-09-23 17:39:57",1,0,0,0,4,1455
5820,"1455-12-22 04:50:46",0,0,1,0,1,1455
5821,"1456-03-20 10:20:34",0,1,0,0,2,1456
5822,"1456-06-21 13:47:40",0,0,0,1,3,1456
5823,"1456-09-22 23:25:05",1,0,0,0,4,1456
5824,"1456-12-21 10:46:36",0,0,1,0,1,1456
5825,"1457-03-20 16:13:13",0,1,0,0,2,1457
5826,"1457-06-21 19:44:33",0,0,0,1,3,1457
5827,"1457-09-23 05:20:49",1,0,0,0,4,1457
5828,"1457-12-21 16:36:09",0,0,1,0,1,1457
5829,"1458-03-20 21:59:17",0,1,0,0,2,1458
5830,"1458-06-22 01:34:21",0,0,0,1,3,1458
5831,"1458-09-23 11:11:44",1,0,0,0,4,1458
5832,"1458-12-21 22:22:52",0,0,1,0,1,1458
5833,"1459-03-21 03:48:49",0,1,0,0,2,1459
5834,"1459-06-22 07:25:56",0,0,0,1,3,1459
5835,"1459-09-23 17:02:05",1,0,0,0,4,1459
5836,"1459-12-22 04:13:50",0,0,1,0,1,1459
5837,"1460-03-20 09:45:54",0,1,0,0,2,1460
5838,"1460-06-21 13:18:57",0,0,0,1,3,1460
5839,"1460-09-22 22:54:15",1,0,0,0,4,1460
5840,"1460-12-21 10:05:03",0,0,1,0,1,1460
5841,"1461-03-20 15:26:05",0,1,0,0,2,1461
5842,"1461-06-21 18:54:40",0,0,0,1,3,1461
5843,"1461-09-23 04:44:47",1,0,0,0,4,1461
5844,"1461-12-21 15:56:36",0,0,1,0,1,1461
5845,"1462-03-20 21:11:57",0,1,0,0,2,1462
5846,"1462-06-22 00:48:33",0,0,0,1,3,1462
5847,"1462-09-23 10:38:40",1,0,0,0,4,1462
5848,"1462-12-21 21:49:10",0,0,1,0,1,1462
5849,"1463-03-21 03:05:17",0,1,0,0,2,1463
5850,"1463-06-22 06:40:55",0,0,0,1,3,1463
5851,"1463-09-23 16:23:39",1,0,0,0,4,1463
5852,"1463-12-22 03:40:01",0,0,1,0,1,1463
5853,"1464-03-20 08:52:49",0,1,0,0,2,1464
5854,"1464-06-21 12:14:31",0,0,0,1,3,1464
5855,"1464-09-22 22:02:44",1,0,0,0,4,1464
5856,"1464-12-21 09:30:58",0,0,1,0,1,1464
5857,"1465-03-20 14:44:35",0,1,0,0,2,1465
5858,"1465-06-21 18:03:56",0,0,0,1,3,1465
5859,"1465-09-23 03:56:02",1,0,0,0,4,1465
5860,"1465-12-21 15:17:34",0,0,1,0,1,1465
5861,"1466-03-20 20:31:38",0,1,0,0,2,1466
5862,"1466-06-21 23:49:48",0,0,0,1,3,1466
5863,"1466-09-23 09:40:34",1,0,0,0,4,1466
5864,"1466-12-21 20:59:19",0,0,1,0,1,1466
5865,"1467-03-21 02:17:04",0,1,0,0,2,1467
5866,"1467-06-22 05:36:26",0,0,0,1,3,1467
5867,"1467-09-23 15:21:42",1,0,0,0,4,1467
5868,"1467-12-22 02:47:54",0,0,1,0,1,1467
5869,"1468-03-20 08:10:46",0,1,0,0,2,1468
5870,"1468-06-21 11:29:37",0,0,0,1,3,1468
5871,"1468-09-22 21:08:41",1,0,0,0,4,1468
5872,"1468-12-21 08:37:39",0,0,1,0,1,1468
5873,"1469-03-20 13:50:02",0,1,0,0,2,1469
5874,"1469-06-21 17:05:49",0,0,0,1,3,1469
5875,"1469-09-23 02:53:58",1,0,0,0,4,1469
5876,"1469-12-21 14:23:01",0,0,1,0,1,1469
5877,"1470-03-20 19:35:25",0,1,0,0,2,1470
5878,"1470-06-21 22:59:33",0,0,0,1,3,1470
5879,"1470-09-23 08:47:54",1,0,0,0,4,1470
5880,"1470-12-21 20:10:01",0,0,1,0,1,1470
5881,"1471-03-21 01:29:40",0,1,0,0,2,1471
5882,"1471-06-22 04:54:14",0,0,0,1,3,1471
5883,"1471-09-23 14:37:48",1,0,0,0,4,1471
5884,"1471-12-22 01:58:05",0,0,1,0,1,1471
5885,"1472-03-20 07:17:14",0,1,0,0,2,1472
5886,"1472-06-21 10:30:05",0,0,0,1,3,1472
5887,"1472-09-22 20:21:36",1,0,0,0,4,1472
5888,"1472-12-21 07:49:29",0,0,1,0,1,1472
5889,"1473-03-20 13:04:56",0,1,0,0,2,1473
5890,"1473-06-21 16:22:09",0,0,0,1,3,1473
5891,"1473-09-23 02:20:05",1,0,0,0,4,1473
5892,"1473-12-21 13:43:00",0,0,1,0,1,1473
5893,"1474-03-20 18:51:53",0,1,0,0,2,1474
5894,"1474-06-21 22:13:41",0,0,0,1,3,1474
5895,"1474-09-23 08:09:47",1,0,0,0,4,1474
5896,"1474-12-21 19:34:45",0,0,1,0,1,1474
5897,"1475-03-21 00:41:32",0,1,0,0,2,1475
5898,"1475-06-22 04:01:44",0,0,0,1,3,1475
5899,"1475-09-23 13:54:12",1,0,0,0,4,1475
5900,"1475-12-22 01:29:13",0,0,1,0,1,1475
5901,"1476-03-20 06:40:14",0,1,0,0,2,1476
5902,"1476-06-21 09:56:32",0,0,0,1,3,1476
5903,"1476-09-22 19:47:48",1,0,0,0,4,1476
5904,"1476-12-21 07:24:47",0,0,1,0,1,1476
5905,"1477-03-20 12:30:16",0,1,0,0,2,1477
5906,"1477-06-21 15:37:04",0,0,0,1,3,1477
5907,"1477-09-23 01:37:59",1,0,0,0,4,1477
5908,"1477-12-21 13:12:45",0,0,1,0,1,1477
5909,"1478-03-20 18:21:26",0,1,0,0,2,1478
5910,"1478-06-21 21:32:33",0,0,0,1,3,1478
5911,"1478-09-23 07:33:09",1,0,0,0,4,1478
5912,"1478-12-21 19:02:33",0,0,1,0,1,1478
5913,"1479-03-21 00:17:44",0,1,0,0,2,1479
5914,"1479-06-22 03:32:03",0,0,0,1,3,1479
5915,"1479-09-23 13:23:15",1,0,0,0,4,1479
5916,"1479-12-22 00:55:08",0,0,1,0,1,1479
5917,"1480-03-20 06:06:38",0,1,0,0,2,1480
5918,"1480-06-21 09:10:19",0,0,0,1,3,1480
5919,"1480-09-22 19:03:16",1,0,0,0,4,1480
5920,"1480-12-21 06:45:02",0,0,1,0,1,1480
5921,"1481-03-20 11:51:41",0,1,0,0,2,1481
5922,"1481-06-21 15:00:42",0,0,0,1,3,1481
5923,"1481-09-23 00:58:09",1,0,0,0,4,1481
5924,"1481-12-21 12:32:46",0,0,1,0,1,1481
5925,"1482-03-20 17:37:31",0,1,0,0,2,1482
5926,"1482-06-21 20:50:56",0,0,0,1,3,1482
5927,"1482-09-23 06:46:06",1,0,0,0,4,1482
5928,"1482-12-21 18:17:34",0,0,1,0,1,1482
5929,"1483-03-20 23:24:49",0,1,0,0,2,1483
5930,"1483-06-22 02:32:51",0,0,0,1,3,1483
5931,"1483-09-23 12:26:54",1,0,0,0,4,1483
5932,"1483-12-22 00:01:31",0,0,1,0,1,1483
5933,"1484-03-20 05:13:30",0,1,0,0,2,1484
5934,"1484-06-21 08:21:06",0,0,0,1,3,1484
5935,"1484-09-22 18:18:45",1,0,0,0,4,1484
5936,"1484-12-21 05:53:22",0,0,1,0,1,1484
5937,"1485-03-20 10:55:18",0,1,0,0,2,1485
5938,"1485-06-21 13:58:24",0,0,0,1,3,1485
5939,"1485-09-23 00:04:51",1,0,0,0,4,1485
5940,"1485-12-21 11:40:33",0,0,1,0,1,1485
5941,"1486-03-20 16:37:15",0,1,0,0,2,1486
5942,"1486-06-21 19:45:51",0,0,0,1,3,1486
5943,"1486-09-23 05:52:55",1,0,0,0,4,1486
5944,"1486-12-21 17:29:47",0,0,1,0,1,1486
5945,"1487-03-20 22:29:23",0,1,0,0,2,1487
5946,"1487-06-22 01:40:29",0,0,0,1,3,1487
5947,"1487-09-23 11:40:55",1,0,0,0,4,1487
5948,"1487-12-21 23:23:44",0,0,1,0,1,1487
5949,"1488-03-20 04:21:16",0,1,0,0,2,1488
5950,"1488-06-21 07:14:44",0,0,0,1,3,1488
5951,"1488-09-22 17:18:05",1,0,0,0,4,1488
5952,"1488-12-21 05:10:18",0,0,1,0,1,1488
5953,"1489-03-20 10:09:40",0,1,0,0,2,1489
5954,"1489-06-21 13:03:21",0,0,0,1,3,1489
5955,"1489-09-22 23:14:12",1,0,0,0,4,1489
5956,"1489-12-21 10:58:20",0,0,1,0,1,1489
5957,"1490-03-20 16:00:35",0,1,0,0,2,1490
5958,"1490-06-21 18:58:44",0,0,0,1,3,1490
5959,"1490-09-23 05:04:41",1,0,0,0,4,1490
5960,"1490-12-21 16:46:37",0,0,1,0,1,1490
5961,"1491-03-20 21:50:45",0,1,0,0,2,1491
5962,"1491-06-22 00:46:09",0,0,0,1,3,1491
5963,"1491-09-23 10:45:08",1,0,0,0,4,1491
5964,"1491-12-21 22:34:35",0,0,1,0,1,1491
5965,"1492-03-20 03:41:35",0,1,0,0,2,1492
5966,"1492-06-21 06:41:10",0,0,0,1,3,1492
5967,"1492-09-22 16:40:27",1,0,0,0,4,1492
5968,"1492-12-21 04:31:30",0,0,1,0,1,1492
5969,"1493-03-20 09:28:42",0,1,0,0,2,1493
5970,"1493-06-21 12:26:29",0,0,0,1,3,1493
5971,"1493-09-22 22:31:15",1,0,0,0,4,1493
5972,"1493-12-21 10:19:48",0,0,1,0,1,1493
5973,"1494-03-20 15:16:10",0,1,0,0,2,1494
5974,"1494-06-21 18:17:58",0,0,0,1,3,1494
5975,"1494-09-23 04:24:14",1,0,0,0,4,1494
5976,"1494-12-21 16:07:17",0,0,1,0,1,1494
5977,"1495-03-20 21:11:06",0,1,0,0,2,1495
5978,"1495-06-22 00:16:28",0,0,0,1,3,1495
5979,"1495-09-23 10:21:41",1,0,0,0,4,1495
5980,"1495-12-21 22:03:07",0,0,1,0,1,1495
5981,"1496-03-20 03:03:46",0,1,0,0,2,1496
5982,"1496-06-21 05:54:04",0,0,0,1,3,1496
5983,"1496-09-22 16:03:45",1,0,0,0,4,1496
5984,"1496-12-21 03:52:12",0,0,1,0,1,1496
5985,"1497-03-20 08:48:03",0,1,0,0,2,1497
5986,"1497-06-21 11:41:53",0,0,0,1,3,1497
5987,"1497-09-22 22:00:59",1,0,0,0,4,1497
5988,"1497-12-21 09:46:28",0,0,1,0,1,1497
5989,"1498-03-20 14:36:02",0,1,0,0,2,1498
5990,"1498-06-21 17:35:57",0,0,0,1,3,1498
5991,"1498-09-23 03:51:10",1,0,0,0,4,1498
5992,"1498-12-21 15:39:28",0,0,1,0,1,1498
5993,"1499-03-20 20:26:36",0,1,0,0,2,1499
5994,"1499-06-21 23:18:22",0,0,0,1,3,1499
5995,"1499-09-23 09:26:59",1,0,0,0,4,1499
5996,"1499-12-21 21:26:15",0,0,1,0,1,1499
5997,"1500-03-21 02:19:12",0,1,0,0,2,1500
5998,"1500-06-22 05:07:30",0,0,0,1,3,1500
5999,"1500-09-23 15:19:54",1,0,0,0,4,1500
6000,"1500-12-22 03:19:54",0,0,1,0,1,1500
6001,"1501-03-21 08:08:42",0,1,0,0,2,1501
6002,"1501-06-22 10:50:00",0,0,0,1,3,1501
6003,"1501-09-23 21:07:44",1,0,0,0,4,1501
6004,"1501-12-22 09:04:34",0,0,1,0,1,1501
6005,"1502-03-21 13:56:20",0,1,0,0,2,1502
6006,"1502-06-22 16:38:46",0,0,0,1,3,1502
6007,"1502-09-24 02:53:27",1,0,0,0,4,1502
6008,"1502-12-22 14:47:53",0,0,1,0,1,1502
6009,"1503-03-21 19:46:06",0,1,0,0,2,1503
6010,"1503-06-22 22:35:30",0,0,0,1,3,1503
6011,"1503-09-24 08:44:19",1,0,0,0,4,1503
6012,"1503-12-22 20:41:55",0,0,1,0,1,1503
6013,"1504-03-21 01:36:07",0,1,0,0,2,1504
6014,"1504-06-22 04:14:17",0,0,0,1,3,1504
6015,"1504-09-23 14:20:53",1,0,0,0,4,1504
6016,"1504-12-22 02:26:30",0,0,1,0,1,1504
6017,"1505-03-21 07:17:41",0,1,0,0,2,1505
6018,"1505-06-22 09:59:43",0,0,0,1,3,1505
6019,"1505-09-23 20:13:08",1,0,0,0,4,1505
6020,"1505-12-22 08:11:33",0,0,1,0,1,1505
6021,"1506-03-21 13:02:32",0,1,0,0,2,1506
6022,"1506-06-22 15:53:54",0,0,0,1,3,1506
6023,"1506-09-24 02:06:05",1,0,0,0,4,1506
6024,"1506-12-22 13:59:37",0,0,1,0,1,1506
6025,"1507-03-21 18:52:57",0,1,0,0,2,1507
6026,"1507-06-22 21:36:34",0,0,0,1,3,1507
6027,"1507-09-24 07:44:51",1,0,0,0,4,1507
6028,"1507-12-22 19:41:41",0,0,1,0,1,1507
6029,"1508-03-21 00:38:36",0,1,0,0,2,1508
6030,"1508-06-22 03:23:30",0,0,0,1,3,1508
6031,"1508-09-23 13:40:55",1,0,0,0,4,1508
6032,"1508-12-22 01:37:15",0,0,1,0,1,1508
6033,"1509-03-21 06:23:03",0,1,0,0,2,1509
6034,"1509-06-22 09:08:15",0,0,0,1,3,1509
6035,"1509-09-23 19:32:45",1,0,0,0,4,1509
6036,"1509-12-22 07:30:22",0,0,1,0,1,1509
6037,"1510-03-21 12:10:17",0,1,0,0,2,1510
6038,"1510-06-22 14:56:27",0,0,0,1,3,1510
6039,"1510-09-24 01:19:17",1,0,0,0,4,1510
6040,"1510-12-22 13:19:23",0,0,1,0,1,1510
6041,"1511-03-21 18:02:07",0,1,0,0,2,1511
6042,"1511-06-22 20:52:08",0,0,0,1,3,1511
6043,"1511-09-24 07:13:59",1,0,0,0,4,1511
6044,"1511-12-22 19:19:55",0,0,1,0,1,1511
6045,"1512-03-21 00:01:32",0,1,0,0,2,1512
6046,"1512-06-22 02:33:26",0,0,0,1,3,1512
6047,"1512-09-23 12:56:12",1,0,0,0,4,1512
6048,"1512-12-22 01:09:32",0,0,1,0,1,1512
6049,"1513-03-21 05:52:07",0,1,0,0,2,1513
6050,"1513-06-22 08:20:01",0,0,0,1,3,1513
6051,"1513-09-23 18:50:19",1,0,0,0,4,1513
6052,"1513-12-22 06:56:26",0,0,1,0,1,1513
6053,"1514-03-21 11:41:49",0,1,0,0,2,1514
6054,"1514-06-22 14:19:22",0,0,0,1,3,1514
6055,"1514-09-24 00:45:51",1,0,0,0,4,1514
6056,"1514-12-22 12:51:46",0,0,1,0,1,1514
6057,"1515-03-21 17:38:48",0,1,0,0,2,1515
6058,"1515-06-22 20:09:12",0,0,0,1,3,1515
6059,"1515-09-24 06:23:13",1,0,0,0,4,1515
6060,"1515-12-22 18:36:33",0,0,1,0,1,1515
6061,"1516-03-20 23:25:39",0,1,0,0,2,1516
6062,"1516-06-22 01:58:36",0,0,0,1,3,1516
6063,"1516-09-23 12:16:41",1,0,0,0,4,1516
6064,"1516-12-22 00:30:57",0,0,1,0,1,1516
6065,"1517-03-21 05:12:03",0,1,0,0,2,1517
6066,"1517-06-22 07:47:40",0,0,0,1,3,1517
6067,"1517-09-23 18:10:06",1,0,0,0,4,1517
6068,"1517-12-22 06:20:51",0,0,1,0,1,1517
6069,"1518-03-21 11:00:58",0,1,0,0,2,1518
6070,"1518-06-22 13:35:28",0,0,0,1,3,1518
6071,"1518-09-23 23:55:31",1,0,0,0,4,1518
6072,"1518-12-22 12:00:52",0,0,1,0,1,1518
6073,"1519-03-21 16:48:25",0,1,0,0,2,1519
6074,"1519-06-22 19:27:57",0,0,0,1,3,1519
6075,"1519-09-24 05:51:31",1,0,0,0,4,1519
6076,"1519-12-22 17:56:19",0,0,1,0,1,1519
6077,"1520-03-20 22:40:36",0,1,0,0,2,1520
6078,"1520-06-22 01:06:55",0,0,0,1,3,1520
6079,"1520-09-23 11:32:27",1,0,0,0,4,1520
6080,"1520-12-21 23:44:00",0,0,1,0,1,1520
6081,"1521-03-21 04:21:57",0,1,0,0,2,1521
6082,"1521-06-22 06:48:12",0,0,0,1,3,1521
6083,"1521-09-23 17:21:13",1,0,0,0,4,1521
6084,"1521-12-22 05:30:17",0,0,1,0,1,1521
6085,"1522-03-21 10:03:36",0,1,0,0,2,1522
6086,"1522-06-22 12:41:20",0,0,0,1,3,1522
6087,"1522-09-23 23:13:21",1,0,0,0,4,1522
6088,"1522-12-22 11:25:46",0,0,1,0,1,1522
6089,"1523-03-21 15:58:06",0,1,0,0,2,1523
6090,"1523-06-22 18:25:16",0,0,0,1,3,1523
6091,"1523-09-24 04:46:50",1,0,0,0,4,1523
6092,"1523-12-22 17:08:02",0,0,1,0,1,1523
6093,"1524-03-20 21:45:59",0,1,0,0,2,1524
6094,"1524-06-22 00:07:46",0,0,0,1,3,1524
6095,"1524-09-23 10:37:24",1,0,0,0,4,1524
6096,"1524-12-21 22:58:29",0,0,1,0,1,1524
6097,"1525-03-21 03:32:57",0,1,0,0,2,1525
6098,"1525-06-22 05:54:45",0,0,0,1,3,1525
6099,"1525-09-23 16:31:14",1,0,0,0,4,1525
6100,"1525-12-22 04:48:30",0,0,1,0,1,1525
6101,"1526-03-21 09:23:49",0,1,0,0,2,1526
6102,"1526-06-22 11:44:23",0,0,0,1,3,1526
6103,"1526-09-23 22:13:30",1,0,0,0,4,1526
6104,"1526-12-22 10:29:29",0,0,1,0,1,1526
6105,"1527-03-21 15:10:34",0,1,0,0,2,1527
6106,"1527-06-22 17:38:32",0,0,0,1,3,1527
6107,"1527-09-24 04:07:51",1,0,0,0,4,1527
6108,"1527-12-22 16:28:00",0,0,1,0,1,1527
6109,"1528-03-20 21:03:48",0,1,0,0,2,1528
6110,"1528-06-21 23:22:27",0,0,0,1,3,1528
6111,"1528-09-23 09:50:06",1,0,0,0,4,1528
6112,"1528-12-21 22:17:31",0,0,1,0,1,1528
6113,"1529-03-21 02:50:00",0,1,0,0,2,1529
6114,"1529-06-22 05:07:35",0,0,0,1,3,1529
6115,"1529-09-23 15:40:45",1,0,0,0,4,1529
6116,"1529-12-22 04:02:11",0,0,1,0,1,1529
6117,"1530-03-21 08:35:42",0,1,0,0,2,1530
6118,"1530-06-22 11:03:39",0,0,0,1,3,1530
6119,"1530-09-23 21:39:19",1,0,0,0,4,1530
6120,"1530-12-22 09:56:47",0,0,1,0,1,1530
6121,"1531-03-21 14:33:22",0,1,0,0,2,1531
6122,"1531-06-22 16:52:21",0,0,0,1,3,1531
6123,"1531-09-24 03:19:47",1,0,0,0,4,1531
6124,"1531-12-22 15:41:29",0,0,1,0,1,1531
6125,"1532-03-20 20:21:36",0,1,0,0,2,1532
6126,"1532-06-21 22:38:06",0,0,0,1,3,1532
6127,"1532-09-23 09:14:11",1,0,0,0,4,1532
6128,"1532-12-21 21:36:39",0,0,1,0,1,1532
6129,"1533-03-21 02:05:16",0,1,0,0,2,1533
6130,"1533-06-22 04:27:48",0,0,0,1,3,1533
6131,"1533-09-23 15:11:53",1,0,0,0,4,1533
6132,"1533-12-22 03:35:18",0,0,1,0,1,1533
6133,"1534-03-21 07:58:48",0,1,0,0,2,1534
6134,"1534-06-22 10:19:45",0,0,0,1,3,1534
6135,"1534-09-23 20:55:05",1,0,0,0,4,1534
6136,"1534-12-22 09:20:44",0,0,1,0,1,1534
6137,"1535-03-21 13:48:50",0,1,0,0,2,1535
6138,"1535-06-22 16:10:42",0,0,0,1,3,1535
6139,"1535-09-24 02:48:30",1,0,0,0,4,1535
6140,"1535-12-22 15:19:18",0,0,1,0,1,1535
6141,"1536-03-20 19:46:39",0,1,0,0,2,1536
6142,"1536-06-21 21:54:18",0,0,0,1,3,1536
6143,"1536-09-23 08:33:28",1,0,0,0,4,1536
6144,"1536-12-21 21:09:18",0,0,1,0,1,1536
6145,"1537-03-21 01:37:55",0,1,0,0,2,1537
6146,"1537-06-22 03:39:11",0,0,0,1,3,1537
6147,"1537-09-23 14:21:18",1,0,0,0,4,1537
6148,"1537-12-22 02:49:34",0,0,1,0,1,1537
6149,"1538-03-21 07:20:30",0,1,0,0,2,1538
6150,"1538-06-22 09:34:26",0,0,0,1,3,1538
6151,"1538-09-23 20:16:00",1,0,0,0,4,1538
6152,"1538-12-22 08:43:50",0,0,1,0,1,1538
6153,"1539-03-21 13:15:56",0,1,0,0,2,1539
6154,"1539-06-22 15:24:37",0,0,0,1,3,1539
6155,"1539-09-24 01:51:48",1,0,0,0,4,1539
6156,"1539-12-22 14:26:53",0,0,1,0,1,1539
6157,"1540-03-20 18:59:53",0,1,0,0,2,1540
6158,"1540-06-21 21:06:50",0,0,0,1,3,1540
6159,"1540-09-23 07:38:57",1,0,0,0,4,1540
6160,"1540-12-21 20:13:42",0,0,1,0,1,1540
6161,"1541-03-21 00:38:11",0,1,0,0,2,1541
6162,"1541-06-22 02:53:12",0,0,0,1,3,1541
6163,"1541-09-23 13:34:44",1,0,0,0,4,1541
6164,"1541-12-22 02:04:57",0,0,1,0,1,1541
6165,"1542-03-21 06:29:23",0,1,0,0,2,1542
6166,"1542-06-22 08:42:13",0,0,0,1,3,1542
6167,"1542-09-23 19:17:25",1,0,0,0,4,1542
6168,"1542-12-22 07:41:59",0,0,1,0,1,1542
6169,"1543-03-21 12:12:49",0,1,0,0,2,1543
6170,"1543-06-22 14:27:08",0,0,0,1,3,1543
6171,"1543-09-24 01:09:38",1,0,0,0,4,1543
6172,"1543-12-22 13:35:49",0,0,1,0,1,1543
6173,"1544-03-20 18:01:27",0,1,0,0,2,1544
6174,"1544-06-21 20:07:52",0,0,0,1,3,1544
6175,"1544-09-23 06:56:15",1,0,0,0,4,1544
6176,"1544-12-21 19:30:35",0,0,1,0,1,1544
6177,"1545-03-20 23:47:55",0,1,0,0,2,1545
6178,"1545-06-22 01:50:00",0,0,0,1,3,1545
6179,"1545-09-23 12:41:10",1,0,0,0,4,1545
6180,"1545-12-22 01:13:48",0,0,1,0,1,1545
6181,"1546-03-21 05:27:30",0,1,0,0,2,1546
6182,"1546-06-22 07:40:42",0,0,0,1,3,1546
6183,"1546-09-23 18:34:27",1,0,0,0,4,1546
6184,"1546-12-22 07:13:01",0,0,1,0,1,1546
6185,"1547-03-21 11:29:00",0,1,0,0,2,1547
6186,"1547-06-22 13:31:24",0,0,0,1,3,1547
6187,"1547-09-24 00:13:09",1,0,0,0,4,1547
6188,"1547-12-22 13:00:27",0,0,1,0,1,1547
6189,"1548-03-20 17:22:14",0,1,0,0,2,1548
6190,"1548-06-21 19:14:31",0,0,0,1,3,1548
6191,"1548-09-23 06:02:06",1,0,0,0,4,1548
6192,"1548-12-21 18:48:12",0,0,1,0,1,1548
6193,"1549-03-20 23:08:01",0,1,0,0,2,1549
6194,"1549-06-22 01:06:14",0,0,0,1,3,1549
6195,"1549-09-23 12:02:34",1,0,0,0,4,1549
6196,"1549-12-22 00:45:17",0,0,1,0,1,1549
6197,"1550-03-21 05:06:38",0,1,0,0,2,1550
6198,"1550-06-22 07:04:34",0,0,0,1,3,1550
6199,"1550-09-23 17:47:16",1,0,0,0,4,1550
6200,"1550-12-22 06:28:30",0,0,1,0,1,1550
6201,"1551-03-21 10:55:18",0,1,0,0,2,1551
6202,"1551-06-22 12:56:51",0,0,0,1,3,1551
6203,"1551-09-23 23:39:56",1,0,0,0,4,1551
6204,"1551-12-22 12:25:37",0,0,1,0,1,1551
6205,"1552-03-20 16:46:58",0,1,0,0,2,1552
6206,"1552-06-21 18:44:30",0,0,0,1,3,1552
6207,"1552-09-23 05:30:17",1,0,0,0,4,1552
6208,"1552-12-21 18:20:54",0,0,1,0,1,1552
6209,"1553-03-20 22:38:49",0,1,0,0,2,1553
6210,"1553-06-22 00:33:06",0,0,0,1,3,1553
6211,"1553-09-23 11:19:13",1,0,0,0,4,1553
6212,"1553-12-22 00:00:29",0,0,1,0,1,1553
6213,"1554-03-21 04:20:18",0,1,0,0,2,1554
6214,"1554-06-22 06:24:35",0,0,0,1,3,1554
6215,"1554-09-23 17:16:33",1,0,0,0,4,1554
6216,"1554-12-22 05:54:41",0,0,1,0,1,1554
6217,"1555-03-21 10:17:00",0,1,0,0,2,1555
6218,"1555-06-22 12:14:39",0,0,0,1,3,1555
6219,"1555-09-23 22:59:21",1,0,0,0,4,1555
6220,"1555-12-22 11:41:48",0,0,1,0,1,1555
6221,"1556-03-20 16:04:03",0,1,0,0,2,1556
6222,"1556-06-21 17:55:18",0,0,0,1,3,1556
6223,"1556-09-23 04:46:10",1,0,0,0,4,1556
6224,"1556-12-21 17:29:13",0,0,1,0,1,1556
6225,"1557-03-20 21:39:45",0,1,0,0,2,1557
6226,"1557-06-21 23:40:03",0,0,0,1,3,1557
6227,"1557-09-23 10:42:41",1,0,0,0,4,1557
6228,"1557-12-21 23:27:18",0,0,1,0,1,1557
6229,"1558-03-21 03:33:07",0,1,0,0,2,1558
6230,"1558-06-22 05:32:05",0,0,0,1,3,1558
6231,"1558-09-23 16:22:39",1,0,0,0,4,1558
6232,"1558-12-22 05:09:50",0,0,1,0,1,1558
6233,"1559-03-21 09:21:01",0,1,0,0,2,1559
6234,"1559-06-22 11:14:57",0,0,0,1,3,1559
6235,"1559-09-23 22:09:06",1,0,0,0,4,1559
6236,"1559-12-22 11:01:41",0,0,1,0,1,1559
6237,"1560-03-20 15:10:44",0,1,0,0,2,1560
6238,"1560-06-21 16:54:37",0,0,0,1,3,1560
6239,"1560-09-23 03:56:13",1,0,0,0,4,1560
6240,"1560-12-21 16:52:56",0,0,1,0,1,1560
6241,"1561-03-20 21:03:09",0,1,0,0,2,1561
6242,"1561-06-21 22:41:07",0,0,0,1,3,1561
6243,"1561-09-23 09:40:17",1,0,0,0,4,1561
6244,"1561-12-21 22:31:05",0,0,1,0,1,1561
6245,"1562-03-21 02:43:46",0,1,0,0,2,1562
6246,"1562-06-22 04:30:53",0,0,0,1,3,1562
6247,"1562-09-23 15:30:35",1,0,0,0,4,1562
6248,"1562-12-22 04:23:52",0,0,1,0,1,1562
6249,"1563-03-21 08:37:19",0,1,0,0,2,1563
6250,"1563-06-22 10:22:18",0,0,0,1,3,1563
6251,"1563-09-23 21:10:23",1,0,0,0,4,1563
6252,"1563-12-22 10:12:11",0,0,1,0,1,1563
6253,"1564-03-20 14:27:22",0,1,0,0,2,1564
6254,"1564-06-21 16:07:09",0,0,0,1,3,1564
6255,"1564-09-23 02:55:57",1,0,0,0,4,1564
6256,"1564-12-21 15:56:08",0,0,1,0,1,1564
6257,"1565-03-20 20:04:40",0,1,0,0,2,1565
6258,"1565-06-21 21:53:31",0,0,0,1,3,1565
6259,"1565-09-23 08:55:01",1,0,0,0,4,1565
6260,"1565-12-21 21:50:45",0,0,1,0,1,1565
6261,"1566-03-21 02:01:24",0,1,0,0,2,1566
6262,"1566-06-22 03:50:58",0,0,0,1,3,1566
6263,"1566-09-23 14:43:11",1,0,0,0,4,1566
6264,"1566-12-22 03:33:52",0,0,1,0,1,1566
6265,"1567-03-21 07:51:20",0,1,0,0,2,1567
6266,"1567-06-22 09:37:46",0,0,0,1,3,1567
6267,"1567-09-23 20:34:41",1,0,0,0,4,1567
6268,"1567-12-22 09:27:14",0,0,1,0,1,1567
6269,"1568-03-20 13:38:03",0,1,0,0,2,1568
6270,"1568-06-21 15:21:43",0,0,0,1,3,1568
6271,"1568-09-23 02:28:56",1,0,0,0,4,1568
6272,"1568-12-21 15:28:06",0,0,1,0,1,1568
6273,"1569-03-20 19:32:10",0,1,0,0,2,1569
6274,"1569-06-21 21:13:42",0,0,0,1,3,1569
6275,"1569-09-23 08:18:04",1,0,0,0,4,1569
6276,"1569-12-21 21:14:18",0,0,1,0,1,1569
6277,"1570-03-21 01:15:31",0,1,0,0,2,1570
6278,"1570-06-22 03:03:46",0,0,0,1,3,1570
6279,"1570-09-23 14:10:48",1,0,0,0,4,1570
6280,"1570-12-22 03:11:54",0,0,1,0,1,1570
6281,"1571-03-21 07:14:48",0,1,0,0,2,1571
6282,"1571-06-22 08:55:49",0,0,0,1,3,1571
6283,"1571-09-23 19:56:04",1,0,0,0,4,1571
6284,"1571-12-22 09:04:33",0,0,1,0,1,1571
6285,"1572-03-20 13:12:45",0,1,0,0,2,1572
6286,"1572-06-21 14:41:37",0,0,0,1,3,1572
6287,"1572-09-23 01:43:36",1,0,0,0,4,1572
6288,"1572-12-21 14:48:00",0,0,1,0,1,1572
6289,"1573-03-20 18:52:32",0,1,0,0,2,1573
6290,"1573-06-21 20:27:42",0,0,0,1,3,1573
6291,"1573-09-23 07:40:41",1,0,0,0,4,1573
6292,"1573-12-21 20:43:13",0,0,1,0,1,1573
6293,"1574-03-21 00:48:20",0,1,0,0,2,1574
6294,"1574-06-22 02:26:46",0,0,0,1,3,1574
6295,"1574-09-23 13:26:01",1,0,0,0,4,1574
6296,"1574-12-22 02:28:15",0,0,1,0,1,1574
6297,"1575-03-21 06:36:29",0,1,0,0,2,1575
6298,"1575-06-22 08:12:46",0,0,0,1,3,1575
6299,"1575-09-23 19:09:55",1,0,0,0,4,1575
6300,"1575-12-22 08:16:26",0,0,1,0,1,1575
6301,"1576-03-20 12:18:23",0,1,0,0,2,1576
6302,"1576-06-21 13:52:43",0,0,0,1,3,1576
6303,"1576-09-23 00:59:30",1,0,0,0,4,1576
6304,"1576-12-21 14:11:08",0,0,1,0,1,1576
6305,"1577-03-20 18:10:19",0,1,0,0,2,1577
6306,"1577-06-21 19:41:24",0,0,0,1,3,1577
6307,"1577-09-23 06:45:23",1,0,0,0,4,1577
6308,"1577-12-21 19:47:30",0,0,1,0,1,1577
6309,"1578-03-20 23:48:46",0,1,0,0,2,1578
6310,"1578-06-22 01:24:41",0,0,0,1,3,1578
6311,"1578-09-23 12:33:50",1,0,0,0,4,1578
6312,"1578-12-22 01:35:23",0,0,1,0,1,1578
6313,"1579-03-21 05:39:25",0,1,0,0,2,1579
6314,"1579-06-22 07:11:40",0,0,0,1,3,1579
6315,"1579-09-23 18:18:10",1,0,0,0,4,1579
6316,"1579-12-22 07:26:00",0,0,1,0,1,1579
6317,"1580-03-20 11:29:06",0,1,0,0,2,1580
6318,"1580-06-21 12:54:16",0,0,0,1,3,1580
6319,"1580-09-23 00:02:04",1,0,0,0,4,1580
6320,"1580-12-21 13:10:08",0,0,1,0,1,1580
6321,"1581-03-20 17:02:39",0,1,0,0,2,1581
6322,"1581-06-21 18:35:31",0,0,0,1,3,1581
6323,"1581-09-23 05:55:09",1,0,0,0,4,1581
6324,"1581-12-21 19:07:07",0,0,1,0,1,1581
6325,"1582-03-20 22:56:55",0,1,0,0,2,1582
6326,"1582-06-22 00:31:29",0,0,0,1,3,1582
6327,"1582-09-23 11:40:11",1,0,0,0,4,1582
6328,"1582-12-22 00:55:01",0,0,1,0,1,1582
6329,"1583-03-21 04:51:57",0,1,0,0,2,1583
6330,"1583-06-22 06:17:31",0,0,0,1,3,1583
6331,"1583-09-23 17:25:25",1,0,0,0,4,1583
6332,"1583-12-22 06:43:35",0,0,1,0,1,1583
6333,"1584-03-20 10:40:11",0,1,0,0,2,1584
6334,"1584-06-21 11:58:18",0,0,0,1,3,1584
6335,"1584-09-22 23:18:10",1,0,0,0,4,1584
6336,"1584-12-21 12:39:35",0,0,1,0,1,1584
6337,"1585-03-20 16:37:56",0,1,0,0,2,1585
6338,"1585-06-21 17:55:08",0,0,0,1,3,1585
6339,"1585-09-23 05:09:20",1,0,0,0,4,1585
6340,"1585-12-21 18:23:17",0,0,1,0,1,1585
6341,"1586-03-20 22:23:12",0,1,0,0,2,1586
6342,"1586-06-21 23:47:17",0,0,0,1,3,1586
6343,"1586-09-23 10:59:35",1,0,0,0,4,1586
6344,"1586-12-22 00:15:58",0,0,1,0,1,1586
6345,"1587-03-21 04:15:58",0,1,0,0,2,1587
6346,"1587-06-22 05:40:37",0,0,0,1,3,1587
6347,"1587-09-23 16:47:41",1,0,0,0,4,1587
6348,"1587-12-22 06:11:11",0,0,1,0,1,1587
6349,"1588-03-20 10:11:44",0,1,0,0,2,1588
6350,"1588-06-21 11:31:37",0,0,0,1,3,1588
6351,"1588-09-22 22:36:53",1,0,0,0,4,1588
6352,"1588-12-21 11:56:15",0,0,1,0,1,1588
6353,"1589-03-20 15:50:13",0,1,0,0,2,1589
6354,"1589-06-21 17:15:47",0,0,0,1,3,1589
6355,"1589-09-23 04:34:26",1,0,0,0,4,1589
6356,"1589-12-21 17:49:50",0,0,1,0,1,1589
6357,"1590-03-20 21:44:11",0,1,0,0,2,1590
6358,"1590-06-21 23:13:24",0,0,0,1,3,1590
6359,"1590-09-23 10:26:16",1,0,0,0,4,1590
6360,"1590-12-21 23:37:53",0,0,1,0,1,1590
6361,"1591-03-21 03:37:55",0,1,0,0,2,1591
6362,"1591-06-22 05:00:37",0,0,0,1,3,1591
6363,"1591-09-23 16:14:05",1,0,0,0,4,1591
6364,"1591-12-22 05:28:15",0,0,1,0,1,1591
6365,"1592-03-20 09:18:36",0,1,0,0,2,1592
6366,"1592-06-21 10:36:32",0,0,0,1,3,1592
6367,"1592-09-22 22:03:42",1,0,0,0,4,1592
6368,"1592-12-21 11:26:01",0,0,1,0,1,1592
6369,"1593-03-20 15:09:39",0,1,0,0,2,1593
6370,"1593-06-21 16:28:33",0,0,0,1,3,1593
6371,"1593-09-23 03:51:37",1,0,0,0,4,1593
6372,"1593-12-21 17:12:59",0,0,1,0,1,1593
6373,"1594-03-20 20:55:30",0,1,0,0,2,1594
6374,"1594-06-21 22:14:24",0,0,0,1,3,1594
6375,"1594-09-23 09:35:18",1,0,0,0,4,1594
6376,"1594-12-21 23:01:20",0,0,1,0,1,1594
6377,"1595-03-21 02:46:59",0,1,0,0,2,1595
6378,"1595-06-22 03:58:34",0,0,0,1,3,1595
6379,"1595-09-23 15:18:24",1,0,0,0,4,1595
6380,"1595-12-22 04:51:34",0,0,1,0,1,1595
6381,"1596-03-20 08:44:23",0,1,0,0,2,1596
6382,"1596-06-21 09:46:47",0,0,0,1,3,1596
6383,"1596-09-22 21:04:24",1,0,0,0,4,1596
6384,"1596-12-21 10:32:44",0,0,1,0,1,1596
6385,"1597-03-20 14:21:48",0,1,0,0,2,1597
6386,"1597-06-21 15:28:01",0,0,0,1,3,1597
6387,"1597-09-23 02:53:58",1,0,0,0,4,1597
6388,"1597-12-21 16:21:52",0,0,1,0,1,1597
6389,"1598-03-20 20:10:57",0,1,0,0,2,1598
6390,"1598-06-21 21:25:16",0,0,0,1,3,1598
6391,"1598-09-23 08:41:05",1,0,0,0,4,1598
6392,"1598-12-21 22:09:37",0,0,1,0,1,1598
6393,"1599-03-21 02:03:35",0,1,0,0,2,1599
6394,"1599-06-22 03:14:31",0,0,0,1,3,1599
6395,"1599-09-23 14:24:25",1,0,0,0,4,1599
6396,"1599-12-22 03:55:35",0,0,1,0,1,1599
6397,"1600-03-20 07:43:03",0,1,0,0,2,1600
6398,"1600-06-21 08:50:35",0,0,0,1,3,1600
6399,"1600-09-22 20:13:14",1,0,0,0,4,1600
6400,"1600-12-21 09:48:07",0,0,1,0,1,1600
6401,"1601-03-20 13:34:38",0,1,0,0,2,1601
6402,"1601-06-21 14:44:58",0,0,0,1,3,1601
6403,"1601-09-23 02:06:52",1,0,0,0,4,1601
6404,"1601-12-21 15:31:51",0,0,1,0,1,1601
6405,"1602-03-20 19:20:54",0,1,0,0,2,1602
6406,"1602-06-21 20:33:15",0,0,0,1,3,1602
6407,"1602-09-23 07:55:56",1,0,0,0,4,1602
6408,"1602-12-21 21:18:55",0,0,1,0,1,1602
6409,"1603-03-21 01:09:13",0,1,0,0,2,1603
6410,"1603-06-22 02:18:36",0,0,0,1,3,1603
6411,"1603-09-23 13:44:26",1,0,0,0,4,1603
6412,"1603-12-22 03:15:06",0,0,1,0,1,1603
6413,"1604-03-20 07:03:37",0,1,0,0,2,1604
6414,"1604-06-21 08:10:00",0,0,0,1,3,1604
6415,"1604-09-22 19:35:58",1,0,0,0,4,1604
6416,"1604-12-21 09:06:05",0,0,1,0,1,1604
6417,"1605-03-20 12:42:30",0,1,0,0,2,1605
6418,"1605-06-21 13:52:44",0,0,0,1,3,1605
6419,"1605-09-23 01:27:34",1,0,0,0,4,1605
6420,"1605-12-21 15:01:51",0,0,1,0,1,1605
6421,"1606-03-20 18:35:52",0,1,0,0,2,1606
6422,"1606-06-21 19:49:38",0,0,0,1,3,1606
6423,"1606-09-23 07:19:09",1,0,0,0,4,1606
6424,"1606-12-21 20:56:15",0,0,1,0,1,1606
6425,"1607-03-21 00:37:42",0,1,0,0,2,1607
6426,"1607-06-22 01:40:45",0,0,0,1,3,1607
6427,"1607-09-23 13:06:17",1,0,0,0,4,1607
6428,"1607-12-22 02:45:10",0,0,1,0,1,1607
6429,"1608-03-20 06:24:48",0,1,0,0,2,1608
6430,"1608-06-21 07:17:34",0,0,0,1,3,1608
6431,"1608-09-22 18:56:03",1,0,0,0,4,1608
6432,"1608-12-21 08:40:14",0,0,1,0,1,1608
6433,"1609-03-20 12:20:13",0,1,0,0,2,1609
6434,"1609-06-21 13:15:22",0,0,0,1,3,1609
6435,"1609-09-23 00:49:31",1,0,0,0,4,1609
6436,"1609-12-21 14:27:33",0,0,1,0,1,1609
6437,"1610-03-20 18:08:50",0,1,0,0,2,1610
6438,"1610-06-21 19:07:45",0,0,0,1,3,1610
6439,"1610-09-23 06:34:05",1,0,0,0,4,1610
6440,"1610-12-21 20:14:36",0,0,1,0,1,1610
6441,"1611-03-20 23:57:11",0,1,0,0,2,1611
6442,"1611-06-22 00:53:29",0,0,0,1,3,1611
6443,"1611-09-23 12:17:48",1,0,0,0,4,1611
6444,"1611-12-22 02:06:32",0,0,1,0,1,1611
6445,"1612-03-20 05:50:06",0,1,0,0,2,1612
6446,"1612-06-21 06:44:43",0,0,0,1,3,1612
6447,"1612-09-22 18:07:42",1,0,0,0,4,1612
6448,"1612-12-21 07:50:38",0,0,1,0,1,1612
6449,"1613-03-20 11:28:28",0,1,0,0,2,1613
6450,"1613-06-21 12:25:47",0,0,0,1,3,1613
6451,"1613-09-22 23:57:15",1,0,0,0,4,1613
6452,"1613-12-21 13:35:42",0,0,1,0,1,1613
6453,"1614-03-20 17:14:54",0,1,0,0,2,1614
6454,"1614-06-21 18:17:03",0,0,0,1,3,1614
6455,"1614-09-23 05:47:19",1,0,0,0,4,1614
6456,"1614-12-21 19:23:07",0,0,1,0,1,1614
6457,"1615-03-20 23:08:04",0,1,0,0,2,1615
6458,"1615-06-22 00:05:49",0,0,0,1,3,1615
6459,"1615-09-23 11:33:28",1,0,0,0,4,1615
6460,"1615-12-22 01:11:38",0,0,1,0,1,1615
6461,"1616-03-20 04:46:14",0,1,0,0,2,1616
6462,"1616-06-21 05:37:04",0,0,0,1,3,1616
6463,"1616-09-22 17:18:02",1,0,0,0,4,1616
6464,"1616-12-21 07:05:04",0,0,1,0,1,1616
6465,"1617-03-20 10:32:51",0,1,0,0,2,1617
6466,"1617-06-21 11:29:00",0,0,0,1,3,1617
6467,"1617-09-22 23:09:38",1,0,0,0,4,1617
6468,"1617-12-21 12:54:42",0,0,1,0,1,1617
6469,"1618-03-20 16:23:08",0,1,0,0,2,1618
6470,"1618-06-21 17:18:32",0,0,0,1,3,1618
6471,"1618-09-23 04:53:17",1,0,0,0,4,1618
6472,"1618-12-21 18:41:26",0,0,1,0,1,1618
6473,"1619-03-20 22:14:04",0,1,0,0,2,1619
6474,"1619-06-21 22:58:46",0,0,0,1,3,1619
6475,"1619-09-23 10:36:02",1,0,0,0,4,1619
6476,"1619-12-22 00:31:36",0,0,1,0,1,1619
6477,"1620-03-20 04:09:59",0,1,0,0,2,1620
6478,"1620-06-21 04:51:16",0,0,0,1,3,1620
6479,"1620-09-22 16:28:48",1,0,0,0,4,1620
6480,"1620-12-21 06:19:22",0,0,1,0,1,1620
6481,"1621-03-20 09:53:15",0,1,0,0,2,1621
6482,"1621-06-21 10:37:43",0,0,0,1,3,1621
6483,"1621-09-22 22:18:10",1,0,0,0,4,1621
6484,"1621-12-21 12:08:09",0,0,1,0,1,1621
6485,"1622-03-20 15:40:49",0,1,0,0,2,1622
6486,"1622-06-21 16:33:03",0,0,0,1,3,1622
6487,"1622-09-23 04:07:53",1,0,0,0,4,1622
6488,"1622-12-21 17:59:57",0,0,1,0,1,1622
6489,"1623-03-20 21:37:57",0,1,0,0,2,1623
6490,"1623-06-21 22:29:08",0,0,0,1,3,1623
6491,"1623-09-23 09:58:07",1,0,0,0,4,1623
6492,"1623-12-21 23:52:55",0,0,1,0,1,1623
6493,"1624-03-20 03:22:31",0,1,0,0,2,1624
6494,"1624-06-21 04:04:54",0,0,0,1,3,1624
6495,"1624-09-22 15:45:37",1,0,0,0,4,1624
6496,"1624-12-21 05:43:17",0,0,1,0,1,1624
6497,"1625-03-20 09:11:45",0,1,0,0,2,1625
6498,"1625-06-21 09:59:27",0,0,0,1,3,1625
6499,"1625-09-22 21:43:45",1,0,0,0,4,1625
6500,"1625-12-21 11:32:54",0,0,1,0,1,1625
6501,"1626-03-20 15:06:07",0,1,0,0,2,1626
6502,"1626-06-21 15:54:28",0,0,0,1,3,1626
6503,"1626-09-23 03:34:04",1,0,0,0,4,1626
6504,"1626-12-21 17:21:31",0,0,1,0,1,1626
6505,"1627-03-20 20:54:49",0,1,0,0,2,1627
6506,"1627-06-21 21:34:50",0,0,0,1,3,1627
6507,"1627-09-23 09:17:44",1,0,0,0,4,1627
6508,"1627-12-21 23:14:59",0,0,1,0,1,1627
6509,"1628-03-20 02:46:12",0,1,0,0,2,1628
6510,"1628-06-21 03:27:47",0,0,0,1,3,1628
6511,"1628-09-22 15:12:26",1,0,0,0,4,1628
6512,"1628-12-21 05:08:58",0,0,1,0,1,1628
6513,"1629-03-20 08:29:46",0,1,0,0,2,1629
6514,"1629-06-21 09:13:04",0,0,0,1,3,1629
6515,"1629-09-22 20:59:20",1,0,0,0,4,1629
6516,"1629-12-21 10:58:20",0,0,1,0,1,1629
6517,"1630-03-20 14:18:33",0,1,0,0,2,1630
6518,"1630-06-21 15:02:52",0,0,0,1,3,1630
6519,"1630-09-23 02:46:06",1,0,0,0,4,1630
6520,"1630-12-21 16:47:49",0,0,1,0,1,1630
6521,"1631-03-20 20:17:51",0,1,0,0,2,1631
6522,"1631-06-21 20:55:22",0,0,0,1,3,1631
6523,"1631-09-23 08:35:14",1,0,0,0,4,1631
6524,"1631-12-21 22:37:09",0,0,1,0,1,1631
6525,"1632-03-20 02:03:28",0,1,0,0,2,1632
6526,"1632-06-21 02:29:32",0,0,0,1,3,1632
6527,"1632-09-22 14:18:50",1,0,0,0,4,1632
6528,"1632-12-21 04:23:30",0,0,1,0,1,1632
6529,"1633-03-20 07:49:10",0,1,0,0,2,1633
6530,"1633-06-21 08:22:19",0,0,0,1,3,1633
6531,"1633-09-22 20:11:44",1,0,0,0,4,1633
6532,"1633-12-21 10:11:18",0,0,1,0,1,1633
6533,"1634-03-20 13:38:30",0,1,0,0,2,1634
6534,"1634-06-21 14:17:14",0,0,0,1,3,1634
6535,"1634-09-23 01:56:45",1,0,0,0,4,1634
6536,"1634-12-21 15:57:46",0,0,1,0,1,1634
6537,"1635-03-20 19:24:16",0,1,0,0,2,1635
6538,"1635-06-21 19:55:09",0,0,0,1,3,1635
6539,"1635-09-23 07:34:31",1,0,0,0,4,1635
6540,"1635-12-21 21:44:39",0,0,1,0,1,1635
6541,"1636-03-20 01:11:36",0,1,0,0,2,1636
6542,"1636-06-21 01:44:52",0,0,0,1,3,1636
6543,"1636-09-22 13:28:55",1,0,0,0,4,1636
6544,"1636-12-21 03:32:25",0,0,1,0,1,1636
6545,"1637-03-20 06:54:05",0,1,0,0,2,1637
6546,"1637-06-21 07:29:38",0,0,0,1,3,1637
6547,"1637-09-22 19:17:31",1,0,0,0,4,1637
6548,"1637-12-21 09:16:17",0,0,1,0,1,1637
6549,"1638-03-20 12:39:13",0,1,0,0,2,1638
6550,"1638-06-21 13:16:27",0,0,0,1,3,1638
6551,"1638-09-23 01:05:41",1,0,0,0,4,1638
6552,"1638-12-21 15:05:01",0,0,1,0,1,1638
6553,"1639-03-20 18:31:59",0,1,0,0,2,1639
6554,"1639-06-21 19:08:13",0,0,0,1,3,1639
6555,"1639-09-23 06:57:21",1,0,0,0,4,1639
6556,"1639-12-21 21:00:15",0,0,1,0,1,1639
6557,"1640-03-20 00:15:17",0,1,0,0,2,1640
6558,"1640-06-21 00:42:55",0,0,0,1,3,1640
6559,"1640-09-22 12:41:22",1,0,0,0,4,1640
6560,"1640-12-21 02:53:37",0,0,1,0,1,1640
6561,"1641-03-20 06:03:09",0,1,0,0,2,1641
6562,"1641-06-21 06:34:23",0,0,0,1,3,1641
6563,"1641-09-22 18:35:22",1,0,0,0,4,1641
6564,"1641-12-21 08:46:47",0,0,1,0,1,1641
6565,"1642-03-20 11:59:24",0,1,0,0,2,1642
6566,"1642-06-21 12:31:05",0,0,0,1,3,1642
6567,"1642-09-23 00:24:43",1,0,0,0,4,1642
6568,"1642-12-21 14:38:36",0,0,1,0,1,1642
6569,"1643-03-20 17:56:54",0,1,0,0,2,1643
6570,"1643-06-21 18:12:22",0,0,0,1,3,1643
6571,"1643-09-23 06:06:06",1,0,0,0,4,1643
6572,"1643-12-21 20:27:32",0,0,1,0,1,1643
6573,"1644-03-19 23:50:58",0,1,0,0,2,1644
6574,"1644-06-21 00:06:38",0,0,0,1,3,1644
6575,"1644-09-22 12:04:00",1,0,0,0,4,1644
6576,"1644-12-21 02:20:10",0,0,1,0,1,1644
6577,"1645-03-20 05:39:59",0,1,0,0,2,1645
6578,"1645-06-21 06:00:59",0,0,0,1,3,1645
6579,"1645-09-22 17:54:29",1,0,0,0,4,1645
6580,"1645-12-21 08:09:25",0,0,1,0,1,1645
6581,"1646-03-20 11:28:34",0,1,0,0,2,1646
6582,"1646-06-21 11:52:42",0,0,0,1,3,1646
6583,"1646-09-22 23:40:01",1,0,0,0,4,1646
6584,"1646-12-21 13:57:40",0,0,1,0,1,1646
6585,"1647-03-20 17:22:08",0,1,0,0,2,1647
6586,"1647-06-21 17:49:07",0,0,0,1,3,1647
6587,"1647-09-23 05:33:56",1,0,0,0,4,1647
6588,"1647-12-21 19:51:50",0,0,1,0,1,1647
6589,"1648-03-19 23:08:35",0,1,0,0,2,1648
6590,"1648-06-20 23:27:06",0,0,0,1,3,1648
6591,"1648-09-22 11:19:33",1,0,0,0,4,1648
6592,"1648-12-21 01:37:20",0,0,1,0,1,1648
6593,"1649-03-20 04:52:51",0,1,0,0,2,1649
6594,"1649-06-21 05:15:30",0,0,0,1,3,1649
6595,"1649-09-22 17:14:29",1,0,0,0,4,1649
6596,"1649-12-21 07:23:29",0,0,1,0,1,1649
6597,"1650-03-20 10:42:32",0,1,0,0,2,1650
6598,"1650-06-21 11:10:07",0,0,0,1,3,1650
6599,"1650-09-22 23:05:47",1,0,0,0,4,1650
6600,"1650-12-21 13:14:01",0,0,1,0,1,1650
6601,"1651-03-20 16:30:42",0,1,0,0,2,1651
6602,"1651-06-21 16:45:45",0,0,0,1,3,1651
6603,"1651-09-23 04:42:41",1,0,0,0,4,1651
6604,"1651-12-21 19:01:21",0,0,1,0,1,1651
6605,"1652-03-19 22:13:18",0,1,0,0,2,1652
6606,"1652-06-20 22:31:27",0,0,0,1,3,1652
6607,"1652-09-22 10:35:23",1,0,0,0,4,1652
6608,"1652-12-21 00:54:35",0,0,1,0,1,1652
6609,"1653-03-20 03:57:43",0,1,0,0,2,1653
6610,"1653-06-21 04:19:14",0,0,0,1,3,1653
6611,"1653-09-22 16:21:52",1,0,0,0,4,1653
6612,"1653-12-21 06:43:23",0,0,1,0,1,1653
6613,"1654-03-20 09:46:09",0,1,0,0,2,1654
6614,"1654-06-21 10:01:56",0,0,0,1,3,1654
6615,"1654-09-22 22:01:10",1,0,0,0,4,1654
6616,"1654-12-21 12:26:31",0,0,1,0,1,1654
6617,"1655-03-20 15:40:00",0,1,0,0,2,1655
6618,"1655-06-21 15:52:40",0,0,0,1,3,1655
6619,"1655-09-23 03:53:46",1,0,0,0,4,1655
6620,"1655-12-21 18:20:17",0,0,1,0,1,1655
6621,"1656-03-19 21:29:41",0,1,0,0,2,1656
6622,"1656-06-20 21:31:16",0,0,0,1,3,1656
6623,"1656-09-22 09:36:41",1,0,0,0,4,1656
6624,"1656-12-21 00:05:21",0,0,1,0,1,1656
6625,"1657-03-20 03:13:37",0,1,0,0,2,1657
6626,"1657-06-21 03:20:26",0,0,0,1,3,1657
6627,"1657-09-22 15:26:47",1,0,0,0,4,1657
6628,"1657-12-21 05:52:52",0,0,1,0,1,1657
6629,"1658-03-20 09:04:41",0,1,0,0,2,1658
6630,"1658-06-21 09:20:46",0,0,0,1,3,1658
6631,"1658-09-22 21:18:57",1,0,0,0,4,1658
6632,"1658-12-21 11:46:34",0,0,1,0,1,1658
6633,"1659-03-20 14:57:44",0,1,0,0,2,1659
6634,"1659-06-21 15:01:58",0,0,0,1,3,1659
6635,"1659-09-23 02:57:02",1,0,0,0,4,1659
6636,"1659-12-21 17:32:17",0,0,1,0,1,1659
6637,"1660-03-19 20:44:38",0,1,0,0,2,1660
6638,"1660-06-20 20:51:46",0,0,0,1,3,1660
6639,"1660-09-22 08:55:30",1,0,0,0,4,1660
6640,"1660-12-20 23:23:58",0,0,1,0,1,1660
6641,"1661-03-20 02:33:04",0,1,0,0,2,1661
6642,"1661-06-21 02:45:47",0,0,0,1,3,1661
6643,"1661-09-22 14:50:50",1,0,0,0,4,1661
6644,"1661-12-21 05:14:08",0,0,1,0,1,1661
6645,"1662-03-20 08:23:54",0,1,0,0,2,1662
6646,"1662-06-21 08:33:40",0,0,0,1,3,1662
6647,"1662-09-22 20:36:16",1,0,0,0,4,1662
6648,"1662-12-21 11:01:00",0,0,1,0,1,1662
6649,"1663-03-20 14:14:59",0,1,0,0,2,1663
6650,"1663-06-21 14:27:14",0,0,0,1,3,1663
6651,"1663-09-23 02:33:37",1,0,0,0,4,1663
6652,"1663-12-21 17:02:08",0,0,1,0,1,1663
6653,"1664-03-19 20:03:44",0,1,0,0,2,1664
6654,"1664-06-20 20:09:33",0,0,0,1,3,1664
6655,"1664-09-22 08:20:38",1,0,0,0,4,1664
6656,"1664-12-20 22:55:04",0,0,1,0,1,1664
6657,"1665-03-20 01:51:02",0,1,0,0,2,1665
6658,"1665-06-21 01:57:30",0,0,0,1,3,1665
6659,"1665-09-22 14:10:49",1,0,0,0,4,1665
6660,"1665-12-21 04:44:26",0,0,1,0,1,1665
6661,"1666-03-20 07:44:29",0,1,0,0,2,1666
6662,"1666-06-21 07:54:38",0,0,0,1,3,1666
6663,"1666-09-22 20:04:50",1,0,0,0,4,1666
6664,"1666-12-21 10:38:41",0,0,1,0,1,1666
6665,"1667-03-20 13:42:51",0,1,0,0,2,1667
6666,"1667-06-21 13:34:47",0,0,0,1,3,1667
6667,"1667-09-23 01:41:57",1,0,0,0,4,1667
6668,"1667-12-21 16:22:18",0,0,1,0,1,1667
6669,"1668-03-19 19:29:32",0,1,0,0,2,1668
6670,"1668-06-20 19:21:16",0,0,0,1,3,1668
6671,"1668-09-22 07:35:25",1,0,0,0,4,1668
6672,"1668-12-20 22:11:45",0,0,1,0,1,1668
6673,"1669-03-20 01:13:37",0,1,0,0,2,1669
6674,"1669-06-21 01:14:46",0,0,0,1,3,1669
6675,"1669-09-22 13:25:15",1,0,0,0,4,1669
6676,"1669-12-21 04:01:24",0,0,1,0,1,1669
6677,"1670-03-20 07:01:41",0,1,0,0,2,1670
6678,"1670-06-21 07:00:39",0,0,0,1,3,1670
6679,"1670-09-22 19:02:42",1,0,0,0,4,1670
6680,"1670-12-21 09:42:45",0,0,1,0,1,1670
6681,"1671-03-20 12:47:38",0,1,0,0,2,1671
6682,"1671-06-21 12:48:27",0,0,0,1,3,1671
6683,"1671-09-23 00:53:47",1,0,0,0,4,1671
6684,"1671-12-21 15:34:53",0,0,1,0,1,1671
6685,"1672-03-19 18:32:49",0,1,0,0,2,1672
6686,"1672-06-20 18:27:37",0,0,0,1,3,1672
6687,"1672-09-22 06:39:01",1,0,0,0,4,1672
6688,"1672-12-20 21:20:06",0,0,1,0,1,1672
6689,"1673-03-20 00:17:56",0,1,0,0,2,1673
6690,"1673-06-21 00:11:29",0,0,0,1,3,1673
6691,"1673-09-22 12:26:57",1,0,0,0,4,1673
6692,"1673-12-21 03:01:15",0,0,1,0,1,1673
6693,"1674-03-20 06:03:06",0,1,0,0,2,1674
6694,"1674-06-21 06:04:57",0,0,0,1,3,1674
6695,"1674-09-22 18:21:14",1,0,0,0,4,1674
6696,"1674-12-21 08:55:55",0,0,1,0,1,1674
6697,"1675-03-20 11:56:29",0,1,0,0,2,1675
6698,"1675-06-21 11:45:33",0,0,0,1,3,1675
6699,"1675-09-22 23:58:23",1,0,0,0,4,1675
6700,"1675-12-21 14:43:54",0,0,1,0,1,1675
6701,"1676-03-19 17:39:50",0,1,0,0,2,1676
6702,"1676-06-20 17:29:15",0,0,0,1,3,1676
6703,"1676-09-22 05:50:15",1,0,0,0,4,1676
6704,"1676-12-20 20:36:52",0,0,1,0,1,1676
6705,"1677-03-19 23:25:55",0,1,0,0,2,1677
6706,"1677-06-20 23:23:36",0,0,0,1,3,1677
6707,"1677-09-22 11:44:08",1,0,0,0,4,1677
6708,"1677-12-21 02:32:22",0,0,1,0,1,1677
6709,"1678-03-20 05:23:35",0,1,0,0,2,1678
6710,"1678-06-21 05:11:52",0,0,0,1,3,1678
6711,"1678-09-22 17:24:33",1,0,0,0,4,1678
6712,"1678-12-21 08:15:03",0,0,1,0,1,1678
6713,"1679-03-20 11:17:20",0,1,0,0,2,1679
6714,"1679-06-21 11:03:12",0,0,0,1,3,1679
6715,"1679-09-22 23:21:02",1,0,0,0,4,1679
6716,"1679-12-21 14:12:01",0,0,1,0,1,1679
6717,"1680-03-19 17:10:00",0,1,0,0,2,1680
6718,"1680-06-20 16:51:52",0,0,0,1,3,1680
6719,"1680-09-22 05:12:23",1,0,0,0,4,1680
6720,"1680-12-20 20:04:39",0,0,1,0,1,1680
6721,"1681-03-19 22:59:57",0,1,0,0,2,1681
6722,"1681-06-20 22:43:46",0,0,0,1,3,1681
6723,"1681-09-22 11:01:20",1,0,0,0,4,1681
6724,"1681-12-21 01:50:09",0,0,1,0,1,1681
6725,"1682-03-20 04:48:06",0,1,0,0,2,1682
6726,"1682-06-21 04:43:38",0,0,0,1,3,1682
6727,"1682-09-22 16:58:33",1,0,0,0,4,1682
6728,"1682-12-21 07:48:16",0,0,1,0,1,1682
6729,"1683-03-20 10:45:54",0,1,0,0,2,1683
6730,"1683-06-21 10:29:28",0,0,0,1,3,1683
6731,"1683-09-22 22:39:19",1,0,0,0,4,1683
6732,"1683-12-21 13:34:36",0,0,1,0,1,1683
6733,"1684-03-19 16:31:22",0,1,0,0,2,1684
6734,"1684-06-20 16:13:21",0,0,0,1,3,1684
6735,"1684-09-22 04:33:00",1,0,0,0,4,1684
6736,"1684-12-20 19:21:31",0,0,1,0,1,1684
6737,"1685-03-19 22:14:37",0,1,0,0,2,1685
6738,"1685-06-20 22:06:34",0,0,0,1,3,1685
6739,"1685-09-22 10:31:13",1,0,0,0,4,1685
6740,"1685-12-21 01:15:00",0,0,1,0,1,1685
6741,"1686-03-20 04:06:56",0,1,0,0,2,1686
6742,"1686-06-21 03:52:15",0,0,0,1,3,1686
6743,"1686-09-22 16:09:46",1,0,0,0,4,1686
6744,"1686-12-21 06:55:59",0,0,1,0,1,1686
6745,"1687-03-20 09:50:44",0,1,0,0,2,1687
6746,"1687-06-21 09:35:57",0,0,0,1,3,1687
6747,"1687-09-22 22:00:33",1,0,0,0,4,1687
6748,"1687-12-21 12:53:56",0,0,1,0,1,1687
6749,"1688-03-19 15:36:06",0,1,0,0,2,1688
6750,"1688-06-20 15:17:34",0,0,0,1,3,1688
6751,"1688-09-22 03:47:07",1,0,0,0,4,1688
6752,"1688-12-20 18:46:32",0,0,1,0,1,1688
6753,"1689-03-19 21:23:47",0,1,0,0,2,1689
6754,"1689-06-20 21:00:58",0,0,0,1,3,1689
6755,"1689-09-22 09:28:12",1,0,0,0,4,1689
6756,"1689-12-21 00:26:47",0,0,1,0,1,1689
6757,"1690-03-20 03:11:53",0,1,0,0,2,1690
6758,"1690-06-21 02:52:49",0,0,0,1,3,1690
6759,"1690-09-22 15:20:54",1,0,0,0,4,1690
6760,"1690-12-21 06:20:08",0,0,1,0,1,1690
6761,"1691-03-20 09:10:38",0,1,0,0,2,1691
6762,"1691-06-21 08:35:37",0,0,0,1,3,1691
6763,"1691-09-22 20:58:32",1,0,0,0,4,1691
6764,"1691-12-21 12:03:54",0,0,1,0,1,1691
6765,"1692-03-19 14:56:22",0,1,0,0,2,1692
6766,"1692-06-20 14:19:15",0,0,0,1,3,1692
6767,"1692-09-22 02:46:32",1,0,0,0,4,1692
6768,"1692-12-20 17:48:49",0,0,1,0,1,1692
6769,"1693-03-19 20:36:34",0,1,0,0,2,1693
6770,"1693-06-20 20:14:13",0,0,0,1,3,1693
6771,"1693-09-22 08:41:27",1,0,0,0,4,1693
6772,"1693-12-20 23:43:06",0,0,1,0,1,1693
6773,"1694-03-20 02:30:23",0,1,0,0,2,1694
6774,"1694-06-21 02:05:24",0,0,0,1,3,1694
6775,"1694-09-22 14:19:42",1,0,0,0,4,1694
6776,"1694-12-21 05:23:50",0,0,1,0,1,1694
6777,"1695-03-20 08:16:57",0,1,0,0,2,1695
6778,"1695-06-21 07:51:37",0,0,0,1,3,1695
6779,"1695-09-22 20:12:01",1,0,0,0,4,1695
6780,"1695-12-21 11:17:21",0,0,1,0,1,1695
6781,"1696-03-19 14:03:05",0,1,0,0,2,1696
6782,"1696-06-20 13:37:42",0,0,0,1,3,1696
6783,"1696-09-22 02:07:33",1,0,0,0,4,1696
6784,"1696-12-20 17:10:27",0,0,1,0,1,1696
6785,"1697-03-19 19:54:55",0,1,0,0,2,1697
6786,"1697-06-20 19:26:57",0,0,0,1,3,1697
6787,"1697-09-22 07:56:25",1,0,0,0,4,1697
6788,"1697-12-20 22:52:23",0,0,1,0,1,1697
6789,"1698-03-20 01:40:47",0,1,0,0,2,1698
6790,"1698-06-21 01:20:31",0,0,0,1,3,1698
6791,"1698-09-22 13:54:39",1,0,0,0,4,1698
6792,"1698-12-21 04:52:29",0,0,1,0,1,1698
6793,"1699-03-20 07:37:36",0,1,0,0,2,1699
6794,"1699-06-21 07:07:08",0,0,0,1,3,1699
6795,"1699-09-22 19:38:04",1,0,0,0,4,1699
6796,"1699-12-21 10:47:06",0,0,1,0,1,1699
6797,"1700-03-20 13:26:08",0,1,0,0,2,1700
6798,"1700-06-21 12:51:39",0,0,0,1,3,1700
6799,"1700-09-23 01:27:51",1,0,0,0,4,1700
6800,"1700-12-21 16:37:18",0,0,1,0,1,1700
6801,"1701-03-20 19:09:53",0,1,0,0,2,1701
6802,"1701-06-21 18:45:03",0,0,0,1,3,1701
6803,"1701-09-23 07:25:01",1,0,0,0,4,1701
6804,"1701-12-21 22:35:13",0,0,1,0,1,1701
6805,"1702-03-21 01:11:52",0,1,0,0,2,1702
6806,"1702-06-22 00:36:45",0,0,0,1,3,1702
6807,"1702-09-23 13:05:47",1,0,0,0,4,1702
6808,"1702-12-22 04:18:07",0,0,1,0,1,1702
6809,"1703-03-21 07:04:16",0,1,0,0,2,1703
6810,"1703-06-22 06:21:11",0,0,0,1,3,1703
6811,"1703-09-23 18:55:07",1,0,0,0,4,1703
6812,"1703-12-22 10:09:15",0,0,1,0,1,1703
6813,"1704-03-20 12:48:54",0,1,0,0,2,1704
6814,"1704-06-21 12:07:41",0,0,0,1,3,1704
6815,"1704-09-23 00:47:37",1,0,0,0,4,1704
6816,"1704-12-21 16:03:52",0,0,1,0,1,1704
6817,"1705-03-20 18:41:29",0,1,0,0,2,1705
6818,"1705-06-21 17:59:42",0,0,0,1,3,1705
6819,"1705-09-23 06:30:13",1,0,0,0,4,1705
6820,"1705-12-21 21:42:49",0,0,1,0,1,1705
6821,"1706-03-21 00:23:58",0,1,0,0,2,1706
6822,"1706-06-21 23:50:09",0,0,0,1,3,1706
6823,"1706-09-23 12:21:00",1,0,0,0,4,1706
6824,"1706-12-22 03:35:43",0,0,1,0,1,1706
6825,"1707-03-21 06:17:43",0,1,0,0,2,1707
6826,"1707-06-22 05:35:06",0,0,0,1,3,1707
6827,"1707-09-23 18:02:37",1,0,0,0,4,1707
6828,"1707-12-22 09:22:54",0,0,1,0,1,1707
6829,"1708-03-20 12:03:59",0,1,0,0,2,1708
6830,"1708-06-21 11:16:10",0,0,0,1,3,1708
6831,"1708-09-22 23:49:22",1,0,0,0,4,1708
6832,"1708-12-21 15:01:50",0,0,1,0,1,1708
6833,"1709-03-20 17:40:25",0,1,0,0,2,1709
6834,"1709-06-21 17:05:05",0,0,0,1,3,1709
6835,"1709-09-23 05:46:12",1,0,0,0,4,1709
6836,"1709-12-21 20:54:57",0,0,1,0,1,1709
6837,"1710-03-20 23:34:09",0,1,0,0,2,1710
6838,"1710-06-21 22:54:47",0,0,0,1,3,1710
6839,"1710-09-23 11:25:58",1,0,0,0,4,1710
6840,"1710-12-22 02:38:06",0,0,1,0,1,1710
6841,"1711-03-21 05:18:40",0,1,0,0,2,1711
6842,"1711-06-22 04:35:42",0,0,0,1,3,1711
6843,"1711-09-23 17:12:23",1,0,0,0,4,1711
6844,"1711-12-22 08:31:16",0,0,1,0,1,1711
6845,"1712-03-20 10:58:53",0,1,0,0,2,1712
6846,"1712-06-21 10:19:03",0,0,0,1,3,1712
6847,"1712-09-22 23:06:00",1,0,0,0,4,1712
6848,"1712-12-21 14:29:48",0,0,1,0,1,1712
6849,"1713-03-20 16:54:19",0,1,0,0,2,1713
6850,"1713-06-21 16:09:44",0,0,0,1,3,1713
6851,"1713-09-23 04:49:57",1,0,0,0,4,1713
6852,"1713-12-21 20:10:35",0,0,1,0,1,1713
6853,"1714-03-20 22:43:28",0,1,0,0,2,1714
6854,"1714-06-21 21:58:54",0,0,0,1,3,1714
6855,"1714-09-23 10:42:47",1,0,0,0,4,1714
6856,"1714-12-22 02:04:59",0,0,1,0,1,1714
6857,"1715-03-21 04:42:31",0,1,0,0,2,1715
6858,"1715-06-22 03:47:04",0,0,0,1,3,1715
6859,"1715-09-23 16:29:35",1,0,0,0,4,1715
6860,"1715-12-22 07:58:14",0,0,1,0,1,1715
6861,"1716-03-20 10:34:57",0,1,0,0,2,1716
6862,"1716-06-21 09:35:39",0,0,0,1,3,1716
6863,"1716-09-22 22:17:37",1,0,0,0,4,1716
6864,"1716-12-21 13:42:26",0,0,1,0,1,1716
6865,"1717-03-20 16:14:57",0,1,0,0,2,1717
6866,"1717-06-21 15:30:21",0,0,0,1,3,1717
6867,"1717-09-23 04:15:48",1,0,0,0,4,1717
6868,"1717-12-21 19:40:56",0,0,1,0,1,1717
6869,"1718-03-20 22:13:07",0,1,0,0,2,1718
6870,"1718-06-21 21:26:33",0,0,0,1,3,1718
6871,"1718-09-23 09:58:49",1,0,0,0,4,1718
6872,"1718-12-22 01:26:14",0,0,1,0,1,1718
6873,"1719-03-21 04:03:23",0,1,0,0,2,1719
6874,"1719-06-22 03:11:22",0,0,0,1,3,1719
6875,"1719-09-23 15:47:42",1,0,0,0,4,1719
6876,"1719-12-22 07:16:27",0,0,1,0,1,1719
6877,"1720-03-20 09:46:22",0,1,0,0,2,1720
6878,"1720-06-21 08:56:33",0,0,0,1,3,1720
6879,"1720-09-22 21:46:47",1,0,0,0,4,1720
6880,"1720-12-21 13:12:23",0,0,1,0,1,1720
6881,"1721-03-20 15:41:14",0,1,0,0,2,1721
6882,"1721-06-21 14:49:25",0,0,0,1,3,1721
6883,"1721-09-23 03:34:13",1,0,0,0,4,1721
6884,"1721-12-21 18:53:19",0,0,1,0,1,1721
6885,"1722-03-20 21:26:23",0,1,0,0,2,1722
6886,"1722-06-21 20:37:18",0,0,0,1,3,1722
6887,"1722-09-23 09:25:30",1,0,0,0,4,1722
6888,"1722-12-22 00:49:05",0,0,1,0,1,1722
6889,"1723-03-21 03:17:18",0,1,0,0,2,1723
6890,"1723-06-22 02:21:18",0,0,0,1,3,1723
6891,"1723-09-23 15:10:26",1,0,0,0,4,1723
6892,"1723-12-22 06:45:38",0,0,1,0,1,1723
6893,"1724-03-20 09:07:53",0,1,0,0,2,1724
6894,"1724-06-21 08:06:15",0,0,0,1,3,1724
6895,"1724-09-22 20:54:28",1,0,0,0,4,1724
6896,"1724-12-21 12:28:30",0,0,1,0,1,1724
6897,"1725-03-20 14:47:23",0,1,0,0,2,1725
6898,"1725-06-21 13:52:48",0,0,0,1,3,1725
6899,"1725-09-23 02:46:33",1,0,0,0,4,1725
6900,"1725-12-21 18:21:17",0,0,1,0,1,1725
6901,"1726-03-20 20:45:57",0,1,0,0,2,1726
6902,"1726-06-21 19:44:37",0,0,0,1,3,1726
6903,"1726-09-23 08:27:58",1,0,0,0,4,1726
6904,"1726-12-22 00:03:59",0,0,1,0,1,1726
6905,"1727-03-21 02:37:45",0,1,0,0,2,1727
6906,"1727-06-22 01:27:35",0,0,0,1,3,1727
6907,"1727-09-23 14:11:37",1,0,0,0,4,1727
6908,"1727-12-22 05:48:57",0,0,1,0,1,1727
6909,"1728-03-20 08:14:59",0,1,0,0,2,1728
6910,"1728-06-21 07:10:54",0,0,0,1,3,1728
6911,"1728-09-22 20:05:41",1,0,0,0,4,1728
6912,"1728-12-21 11:43:57",0,0,1,0,1,1728
6913,"1729-03-20 14:07:14",0,1,0,0,2,1729
6914,"1729-06-21 13:06:14",0,0,0,1,3,1729
6915,"1729-09-23 01:50:02",1,0,0,0,4,1729
6916,"1729-12-21 17:24:29",0,0,1,0,1,1729
6917,"1730-03-20 19:51:30",0,1,0,0,2,1730
6918,"1730-06-21 18:53:14",0,0,0,1,3,1730
6919,"1730-09-23 07:37:40",1,0,0,0,4,1730
6920,"1730-12-21 23:14:32",0,0,1,0,1,1730
6921,"1731-03-21 01:40:27",0,1,0,0,2,1731
6922,"1731-06-22 00:36:28",0,0,0,1,3,1731
6923,"1731-09-23 13:25:31",1,0,0,0,4,1731
6924,"1731-12-22 05:07:49",0,0,1,0,1,1731
6925,"1732-03-20 07:32:54",0,1,0,0,2,1732
6926,"1732-06-21 06:23:38",0,0,0,1,3,1732
6927,"1732-09-22 19:14:56",1,0,0,0,4,1732
6928,"1732-12-21 10:48:35",0,0,1,0,1,1732
6929,"1733-03-20 13:10:43",0,1,0,0,2,1733
6930,"1733-06-21 12:10:01",0,0,0,1,3,1733
6931,"1733-09-23 01:10:07",1,0,0,0,4,1733
6932,"1733-12-21 16:42:39",0,0,1,0,1,1733
6933,"1734-03-20 19:05:20",0,1,0,0,2,1734
6934,"1734-06-21 18:03:45",0,0,0,1,3,1734
6935,"1734-09-23 06:56:41",1,0,0,0,4,1734
6936,"1734-12-21 22:35:42",0,0,1,0,1,1734
6937,"1735-03-21 00:58:36",0,1,0,0,2,1735
6938,"1735-06-21 23:48:58",0,0,0,1,3,1735
6939,"1735-09-23 12:41:53",1,0,0,0,4,1735
6940,"1735-12-22 04:27:03",0,0,1,0,1,1735
6941,"1736-03-20 06:37:52",0,1,0,0,2,1736
6942,"1736-06-21 05:31:23",0,0,0,1,3,1736
6943,"1736-09-22 18:37:33",1,0,0,0,4,1736
6944,"1736-12-21 10:27:47",0,0,1,0,1,1736
6945,"1737-03-20 12:38:52",0,1,0,0,2,1737
6946,"1737-06-21 11:29:59",0,0,0,1,3,1737
6947,"1737-09-23 00:26:56",1,0,0,0,4,1737
6948,"1737-12-21 16:13:02",0,0,1,0,1,1737
6949,"1738-03-20 18:33:18",0,1,0,0,2,1738
6950,"1738-06-21 17:19:10",0,0,0,1,3,1738
6951,"1738-09-23 06:16:10",1,0,0,0,4,1738
6952,"1738-12-21 22:03:24",0,0,1,0,1,1738
6953,"1739-03-21 00:27:00",0,1,0,0,2,1739
6954,"1739-06-21 23:05:57",0,0,0,1,3,1739
6955,"1739-09-23 12:06:05",1,0,0,0,4,1739
6956,"1739-12-22 04:00:19",0,0,1,0,1,1739
6957,"1740-03-20 06:22:32",0,1,0,0,2,1740
6958,"1740-06-21 04:59:22",0,0,0,1,3,1740
6959,"1740-09-22 17:53:56",1,0,0,0,4,1740
6960,"1740-12-21 09:43:08",0,0,1,0,1,1740
6961,"1741-03-20 12:01:09",0,1,0,0,2,1741
6962,"1741-06-21 10:48:39",0,0,0,1,3,1741
6963,"1741-09-22 23:44:59",1,0,0,0,4,1741
6964,"1741-12-21 15:34:48",0,0,1,0,1,1741
6965,"1742-03-20 17:54:04",0,1,0,0,2,1742
6966,"1742-06-21 16:42:46",0,0,0,1,3,1742
6967,"1742-09-23 05:30:13",1,0,0,0,4,1742
6968,"1742-12-21 21:22:15",0,0,1,0,1,1742
6969,"1743-03-20 23:46:20",0,1,0,0,2,1743
6970,"1743-06-21 22:27:54",0,0,0,1,3,1743
6971,"1743-09-23 11:15:01",1,0,0,0,4,1743
6972,"1743-12-22 03:04:47",0,0,1,0,1,1743
6973,"1744-03-20 05:21:21",0,1,0,0,2,1744
6974,"1744-06-21 04:05:50",0,0,0,1,3,1744
6975,"1744-09-22 17:10:12",1,0,0,0,4,1744
6976,"1744-12-21 08:57:06",0,0,1,0,1,1744
6977,"1745-03-20 11:12:27",0,1,0,0,2,1745
6978,"1745-06-21 09:59:41",0,0,0,1,3,1745
6979,"1745-09-22 22:59:23",1,0,0,0,4,1745
6980,"1745-12-21 14:40:09",0,0,1,0,1,1745
6981,"1746-03-20 16:57:43",0,1,0,0,2,1746
6982,"1746-06-21 15:43:48",0,0,0,1,3,1746
6983,"1746-09-23 04:43:56",1,0,0,0,4,1746
6984,"1746-12-21 20:29:49",0,0,1,0,1,1746
6985,"1747-03-20 22:41:18",0,1,0,0,2,1747
6986,"1747-06-21 21:21:55",0,0,0,1,3,1747
6987,"1747-09-23 10:29:49",1,0,0,0,4,1747
6988,"1747-12-22 02:28:00",0,0,1,0,1,1747
6989,"1748-03-20 04:33:13",0,1,0,0,2,1748
6990,"1748-06-21 03:09:51",0,0,0,1,3,1748
6991,"1748-09-22 16:15:16",1,0,0,0,4,1748
6992,"1748-12-21 08:11:33",0,0,1,0,1,1748
6993,"1749-03-20 10:15:00",0,1,0,0,2,1749
6994,"1749-06-21 08:53:31",0,0,0,1,3,1749
6995,"1749-09-22 22:03:39",1,0,0,0,4,1749
6996,"1749-12-21 14:01:38",0,0,1,0,1,1749
6997,"1750-03-20 16:10:49",0,1,0,0,2,1750
6998,"1750-06-21 14:44:06",0,0,0,1,3,1750
6999,"1750-09-23 03:49:03",1,0,0,0,4,1750
7000,"1750-12-21 19:49:52",0,0,1,0,1,1750
7001,"1751-03-20 22:07:36",0,1,0,0,2,1751
7002,"1751-06-21 20:32:49",0,0,0,1,3,1751
7003,"1751-09-23 09:33:28",1,0,0,0,4,1751
7004,"1751-12-22 01:36:20",0,0,1,0,1,1751
7005,"1752-03-20 03:46:41",0,1,0,0,2,1752
7006,"1752-06-21 02:15:52",0,0,0,1,3,1752
7007,"1752-09-22 15:27:00",1,0,0,0,4,1752
7008,"1752-12-21 07:32:00",0,0,1,0,1,1752
7009,"1753-03-20 09:40:09",0,1,0,0,2,1753
7010,"1753-06-21 08:16:33",0,0,0,1,3,1753
7011,"1753-09-22 21:18:23",1,0,0,0,4,1753
7012,"1753-12-21 13:19:30",0,0,1,0,1,1753
7013,"1754-03-20 15:33:19",0,1,0,0,2,1754
7014,"1754-06-21 14:09:10",0,0,0,1,3,1754
7015,"1754-09-23 03:06:34",1,0,0,0,4,1754
7016,"1754-12-21 19:08:43",0,0,1,0,1,1754
7017,"1755-03-20 21:21:40",0,1,0,0,2,1755
7018,"1755-06-21 19:51:01",0,0,0,1,3,1755
7019,"1755-09-23 08:58:06",1,0,0,0,4,1755
7020,"1755-12-22 01:05:10",0,0,1,0,1,1755
7021,"1756-03-20 03:17:08",0,1,0,0,2,1756
7022,"1756-06-21 01:45:27",0,0,0,1,3,1756
7023,"1756-09-22 14:53:01",1,0,0,0,4,1756
7024,"1756-12-21 06:50:39",0,0,1,0,1,1756
7025,"1757-03-20 09:00:04",0,1,0,0,2,1757
7026,"1757-06-21 07:32:59",0,0,0,1,3,1757
7027,"1757-09-22 20:44:57",1,0,0,0,4,1757
7028,"1757-12-21 12:41:53",0,0,1,0,1,1757
7029,"1758-03-20 14:50:36",0,1,0,0,2,1758
7030,"1758-06-21 13:24:20",0,0,0,1,3,1758
7031,"1758-09-23 02:33:21",1,0,0,0,4,1758
7032,"1758-12-21 18:37:09",0,0,1,0,1,1758
7033,"1759-03-20 20:46:02",0,1,0,0,2,1759
7034,"1759-06-21 19:13:36",0,0,0,1,3,1759
7035,"1759-09-23 08:18:46",1,0,0,0,4,1759
7036,"1759-12-22 00:27:25",0,0,1,0,1,1759
7037,"1760-03-20 02:24:15",0,1,0,0,2,1760
7038,"1760-06-21 00:51:15",0,0,0,1,3,1760
7039,"1760-09-22 14:09:10",1,0,0,0,4,1760
7040,"1760-12-21 06:21:22",0,0,1,0,1,1760
7041,"1761-03-20 08:18:36",0,1,0,0,2,1761
7042,"1761-06-21 06:46:47",0,0,0,1,3,1761
7043,"1761-09-22 19:59:49",1,0,0,0,4,1761
7044,"1761-12-21 12:07:13",0,0,1,0,1,1761
7045,"1762-03-20 14:14:42",0,1,0,0,2,1762
7046,"1762-06-21 12:35:54",0,0,0,1,3,1762
7047,"1762-09-23 01:44:26",1,0,0,0,4,1762
7048,"1762-12-21 17:51:50",0,0,1,0,1,1762
7049,"1763-03-20 20:00:02",0,1,0,0,2,1763
7050,"1763-06-21 18:13:10",0,0,0,1,3,1763
7051,"1763-09-23 07:29:04",1,0,0,0,4,1763
7052,"1763-12-21 23:45:05",0,0,1,0,1,1763
7053,"1764-03-20 01:50:20",0,1,0,0,2,1764
7054,"1764-06-21 00:06:32",0,0,0,1,3,1764
7055,"1764-09-22 13:18:46",1,0,0,0,4,1764
7056,"1764-12-21 05:29:56",0,0,1,0,1,1764
7057,"1765-03-20 07:30:07",0,1,0,0,2,1765
7058,"1765-06-21 05:52:14",0,0,0,1,3,1765
7059,"1765-09-22 19:02:43",1,0,0,0,4,1765
7060,"1765-12-21 11:14:20",0,0,1,0,1,1765
7061,"1766-03-20 13:16:20",0,1,0,0,2,1766
7062,"1766-06-21 11:39:03",0,0,0,1,3,1766
7063,"1766-09-23 00:47:05",1,0,0,0,4,1766
7064,"1766-12-21 17:03:51",0,0,1,0,1,1766
7065,"1767-03-20 19:11:16",0,1,0,0,2,1767
7066,"1767-06-21 17:27:10",0,0,0,1,3,1767
7067,"1767-09-23 06:33:14",1,0,0,0,4,1767
7068,"1767-12-21 22:47:38",0,0,1,0,1,1767
7069,"1768-03-20 00:47:15",0,1,0,0,2,1768
7070,"1768-06-20 23:02:42",0,0,0,1,3,1768
7071,"1768-09-22 12:23:51",1,0,0,0,4,1768
7072,"1768-12-21 04:36:49",0,0,1,0,1,1768
7073,"1769-03-20 06:36:35",0,1,0,0,2,1769
7074,"1769-06-21 04:58:32",0,0,0,1,3,1769
7075,"1769-09-22 18:17:42",1,0,0,0,4,1769
7076,"1769-12-21 10:26:50",0,0,1,0,1,1769
7077,"1770-03-20 12:29:58",0,1,0,0,2,1770
7078,"1770-06-21 10:49:59",0,0,0,1,3,1770
7079,"1770-09-23 00:04:00",1,0,0,0,4,1770
7080,"1770-12-21 16:18:15",0,0,1,0,1,1770
7081,"1771-03-20 18:15:13",0,1,0,0,2,1771
7082,"1771-06-21 16:27:23",0,0,0,1,3,1771
7083,"1771-09-23 05:50:15",1,0,0,0,4,1771
7084,"1771-12-21 22:17:29",0,0,1,0,1,1771
7085,"1772-03-20 00:09:52",0,1,0,0,2,1772
7086,"1772-06-20 22:22:34",0,0,0,1,3,1772
7087,"1772-09-22 11:44:50",1,0,0,0,4,1772
7088,"1772-12-21 04:08:07",0,0,1,0,1,1772
7089,"1773-03-20 06:00:58",0,1,0,0,2,1773
7090,"1773-06-21 04:13:08",0,0,0,1,3,1773
7091,"1773-09-22 17:34:10",1,0,0,0,4,1773
7092,"1773-12-21 09:55:49",0,0,1,0,1,1773
7093,"1774-03-20 11:56:15",0,1,0,0,2,1774
7094,"1774-06-21 10:03:30",0,0,0,1,3,1774
7095,"1774-09-22 23:22:57",1,0,0,0,4,1774
7096,"1774-12-21 15:48:32",0,0,1,0,1,1774
7097,"1775-03-20 17:55:37",0,1,0,0,2,1775
7098,"1775-06-21 15:59:35",0,0,0,1,3,1775
7099,"1775-09-23 05:13:47",1,0,0,0,4,1775
7100,"1775-12-21 21:39:18",0,0,1,0,1,1775
7101,"1776-03-19 23:36:26",0,1,0,0,2,1776
7102,"1776-06-20 21:42:34",0,0,0,1,3,1776
7103,"1776-09-22 11:04:25",1,0,0,0,4,1776
7104,"1776-12-21 03:30:53",0,0,1,0,1,1776
7105,"1777-03-20 05:25:34",0,1,0,0,2,1777
7106,"1777-06-21 03:40:42",0,0,0,1,3,1777
7107,"1777-09-22 16:58:05",1,0,0,0,4,1777
7108,"1777-12-21 09:20:24",0,0,1,0,1,1777
7109,"1778-03-20 11:20:47",0,1,0,0,2,1778
7110,"1778-06-21 09:34:35",0,0,0,1,3,1778
7111,"1778-09-22 22:45:15",1,0,0,0,4,1778
7112,"1778-12-21 15:07:32",0,0,1,0,1,1778
7113,"1779-03-20 17:05:28",0,1,0,0,2,1779
7114,"1779-06-21 15:08:36",0,0,0,1,3,1779
7115,"1779-09-23 04:30:54",1,0,0,0,4,1779
7116,"1779-12-21 20:58:17",0,0,1,0,1,1779
7117,"1780-03-19 22:53:13",0,1,0,0,2,1780
7118,"1780-06-20 20:59:07",0,0,0,1,3,1780
7119,"1780-09-22 10:26:03",1,0,0,0,4,1780
7120,"1780-12-21 02:44:19",0,0,1,0,1,1780
7121,"1781-03-20 04:36:50",0,1,0,0,2,1781
7122,"1781-06-21 02:45:51",0,0,0,1,3,1781
7123,"1781-09-22 16:12:04",1,0,0,0,4,1781
7124,"1781-12-21 08:30:51",0,0,1,0,1,1781
7125,"1782-03-20 10:21:37",0,1,0,0,2,1782
7126,"1782-06-21 08:26:37",0,0,0,1,3,1782
7127,"1782-09-22 21:52:56",1,0,0,0,4,1782
7128,"1782-12-21 14:22:04",0,0,1,0,1,1782
7129,"1783-03-20 16:11:51",0,1,0,0,2,1783
7130,"1783-06-21 14:14:22",0,0,0,1,3,1783
7131,"1783-09-23 03:38:22",1,0,0,0,4,1783
7132,"1783-12-21 20:13:14",0,0,1,0,1,1783
7133,"1784-03-19 21:53:01",0,1,0,0,2,1784
7134,"1784-06-20 19:51:08",0,0,0,1,3,1784
7135,"1784-09-22 09:23:03",1,0,0,0,4,1784
7136,"1784-12-21 02:00:18",0,0,1,0,1,1784
7137,"1785-03-20 03:42:28",0,1,0,0,2,1785
7138,"1785-06-21 01:41:58",0,0,0,1,3,1785
7139,"1785-09-22 15:12:55",1,0,0,0,4,1785
7140,"1785-12-21 07:46:29",0,0,1,0,1,1785
7141,"1786-03-20 09:41:13",0,1,0,0,2,1786
7142,"1786-06-21 07:36:29",0,0,0,1,3,1786
7143,"1786-09-22 20:59:45",1,0,0,0,4,1786
7144,"1786-12-21 13:34:12",0,0,1,0,1,1786
7145,"1787-03-20 15:28:06",0,1,0,0,2,1787
7146,"1787-06-21 13:12:39",0,0,0,1,3,1787
7147,"1787-09-23 02:41:41",1,0,0,0,4,1787
7148,"1787-12-21 19:25:16",0,0,1,0,1,1787
7149,"1788-03-19 21:15:48",0,1,0,0,2,1788
7150,"1788-06-20 19:08:30",0,0,0,1,3,1788
7151,"1788-09-22 08:37:28",1,0,0,0,4,1788
7152,"1788-12-21 01:15:25",0,0,1,0,1,1788
7153,"1789-03-20 03:04:20",0,1,0,0,2,1789
7154,"1789-06-21 01:03:22",0,0,0,1,3,1789
7155,"1789-09-22 14:25:36",1,0,0,0,4,1789
7156,"1789-12-21 07:02:03",0,0,1,0,1,1789
7157,"1790-03-20 08:53:35",0,1,0,0,2,1790
7158,"1790-06-21 06:49:09",0,0,0,1,3,1790
7159,"1790-09-22 20:11:10",1,0,0,0,4,1790
7160,"1790-12-21 12:52:07",0,0,1,0,1,1790
7161,"1791-03-20 14:48:11",0,1,0,0,2,1791
7162,"1791-06-21 12:43:15",0,0,0,1,3,1791
7163,"1791-09-23 02:07:21",1,0,0,0,4,1791
7164,"1791-12-21 18:44:27",0,0,1,0,1,1791
7165,"1792-03-19 20:32:10",0,1,0,0,2,1792
7166,"1792-06-20 18:25:47",0,0,0,1,3,1792
7167,"1792-09-22 08:00:07",1,0,0,0,4,1792
7168,"1792-12-21 00:33:32",0,0,1,0,1,1792
7169,"1793-03-20 02:19:37",0,1,0,0,2,1793
7170,"1793-06-21 00:18:59",0,0,0,1,3,1793
7171,"1793-09-22 13:54:56",1,0,0,0,4,1793
7172,"1793-12-21 06:26:53",0,0,1,0,1,1793
7173,"1794-03-20 08:15:53",0,1,0,0,2,1794
7174,"1794-06-21 06:15:27",0,0,0,1,3,1794
7175,"1794-09-22 19:46:00",1,0,0,0,4,1794
7176,"1794-12-21 12:23:32",0,0,1,0,1,1794
7177,"1795-03-20 14:03:31",0,1,0,0,2,1795
7178,"1795-06-21 11:50:09",0,0,0,1,3,1795
7179,"1795-09-23 01:27:32",1,0,0,0,4,1795
7180,"1795-12-21 18:17:29",0,0,1,0,1,1795
7181,"1796-03-19 19:53:18",0,1,0,0,2,1796
7182,"1796-06-20 17:41:47",0,0,0,1,3,1796
7183,"1796-09-22 07:23:31",1,0,0,0,4,1796
7184,"1796-12-21 00:09:09",0,0,1,0,1,1796
7185,"1797-03-20 01:47:03",0,1,0,0,2,1797
7186,"1797-06-20 23:34:06",0,0,0,1,3,1797
7187,"1797-09-22 13:10:15",1,0,0,0,4,1797
7188,"1797-12-21 05:53:25",0,0,1,0,1,1797
7189,"1798-03-20 07:38:12",0,1,0,0,2,1798
7190,"1798-06-21 05:15:43",0,0,0,1,3,1798
7191,"1798-09-22 18:49:43",1,0,0,0,4,1798
7192,"1798-12-21 11:40:31",0,0,1,0,1,1798
7193,"1799-03-20 13:30:19",0,1,0,0,2,1799
7194,"1799-06-21 11:08:27",0,0,0,1,3,1799
7195,"1799-09-23 00:40:22",1,0,0,0,4,1799
7196,"1799-12-21 17:31:24",0,0,1,0,1,1799
7197,"1800-03-20 19:11:06",0,1,0,0,2,1800
7198,"1800-06-21 16:51:08",0,0,0,1,3,1800
7199,"1800-09-23 06:25:06",1,0,0,0,4,1800
7200,"1800-12-21 23:15:45",0,0,1,0,1,1800
7201,"1801-03-21 00:55:02",0,1,0,0,2,1801
7202,"1801-06-21 22:41:20",0,0,0,1,3,1801
7203,"1801-09-23 12:12:43",1,0,0,0,4,1801
7204,"1801-12-22 05:01:19",0,0,1,0,1,1801
7205,"1802-03-21 06:47:31",0,1,0,0,2,1802
7206,"1802-06-22 04:35:00",0,0,0,1,3,1802
7207,"1802-09-23 18:01:48",1,0,0,0,4,1802
7208,"1802-12-22 10:50:13",0,0,1,0,1,1802
7209,"1803-03-21 12:33:22",0,1,0,0,2,1803
7210,"1803-06-22 10:07:41",0,0,0,1,3,1803
7211,"1803-09-23 23:43:05",1,0,0,0,4,1803
7212,"1803-12-22 16:35:30",0,0,1,0,1,1803
7213,"1804-03-20 18:16:45",0,1,0,0,2,1804
7214,"1804-06-21 15:55:42",0,0,0,1,3,1804
7215,"1804-09-23 05:39:21",1,0,0,0,4,1804
7216,"1804-12-21 22:23:42",0,0,1,0,1,1804
7217,"1805-03-21 00:04:00",0,1,0,0,2,1805
7218,"1805-06-21 21:49:02",0,0,0,1,3,1805
7219,"1805-09-23 11:28:34",1,0,0,0,4,1805
7220,"1805-12-22 04:12:52",0,0,1,0,1,1805
7221,"1806-03-21 05:51:48",0,1,0,0,2,1806
7222,"1806-06-22 03:29:35",0,0,0,1,3,1806
7223,"1806-09-23 17:07:30",1,0,0,0,4,1806
7224,"1806-12-22 10:03:32",0,0,1,0,1,1806
7225,"1807-03-21 11:41:00",0,1,0,0,2,1807
7226,"1807-06-22 09:20:25",0,0,0,1,3,1807
7227,"1807-09-23 23:01:17",1,0,0,0,4,1807
7228,"1807-12-22 16:00:27",0,0,1,0,1,1807
7229,"1808-03-20 17:29:03",0,1,0,0,2,1808
7230,"1808-06-21 15:05:42",0,0,0,1,3,1808
7231,"1808-09-23 04:50:45",1,0,0,0,4,1808
7232,"1808-12-21 21:49:18",0,0,1,0,1,1808
7233,"1809-03-20 23:21:24",0,1,0,0,2,1809
7234,"1809-06-21 20:56:15",0,0,0,1,3,1809
7235,"1809-09-23 10:41:42",1,0,0,0,4,1809
7236,"1809-12-22 03:37:18",0,0,1,0,1,1809
7237,"1810-03-21 05:20:05",0,1,0,0,2,1810
7238,"1810-06-22 02:55:10",0,0,0,1,3,1810
7239,"1810-09-23 16:36:19",1,0,0,0,4,1810
7240,"1810-12-22 09:33:36",0,0,1,0,1,1810
7241,"1811-03-21 11:12:37",0,1,0,0,2,1811
7242,"1811-06-22 08:35:58",0,0,0,1,3,1811
7243,"1811-09-23 22:19:40",1,0,0,0,4,1811
7244,"1811-12-22 15:24:47",0,0,1,0,1,1811
7245,"1812-03-20 16:58:32",0,1,0,0,2,1812
7246,"1812-06-21 14:28:27",0,0,0,1,3,1812
7247,"1812-09-23 04:15:25",1,0,0,0,4,1812
7248,"1812-12-21 21:15:56",0,0,1,0,1,1812
7249,"1813-03-20 22:49:15",0,1,0,0,2,1813
7250,"1813-06-21 20:27:10",0,0,0,1,3,1813
7251,"1813-09-23 10:07:11",1,0,0,0,4,1813
7252,"1813-12-22 03:06:56",0,0,1,0,1,1813
7253,"1814-03-21 04:42:21",0,1,0,0,2,1814
7254,"1814-06-22 02:09:07",0,0,0,1,3,1814
7255,"1814-09-23 15:46:03",1,0,0,0,4,1814
7256,"1814-12-22 08:50:56",0,0,1,0,1,1814
7257,"1815-03-21 10:29:48",0,1,0,0,2,1815
7258,"1815-06-22 07:57:47",0,0,0,1,3,1815
7259,"1815-09-23 21:41:36",1,0,0,0,4,1815
7260,"1815-12-22 14:42:52",0,0,1,0,1,1815
7261,"1816-03-20 16:15:23",0,1,0,0,2,1816
7262,"1816-06-21 13:43:50",0,0,0,1,3,1816
7263,"1816-09-23 03:32:18",1,0,0,0,4,1816
7264,"1816-12-21 20:29:43",0,0,1,0,1,1816
7265,"1817-03-20 21:59:58",0,1,0,0,2,1817
7266,"1817-06-21 19:29:27",0,0,0,1,3,1817
7267,"1817-09-23 09:17:42",1,0,0,0,4,1817
7268,"1817-12-22 02:16:08",0,0,1,0,1,1817
7269,"1818-03-21 03:49:09",0,1,0,0,2,1818
7270,"1818-06-22 01:22:31",0,0,0,1,3,1818
7271,"1818-09-23 15:08:47",1,0,0,0,4,1818
7272,"1818-12-22 08:13:46",0,0,1,0,1,1818
7273,"1819-03-21 09:38:05",0,1,0,0,2,1819
7274,"1819-06-22 06:57:20",0,0,0,1,3,1819
7275,"1819-09-23 20:46:29",1,0,0,0,4,1819
7276,"1819-12-22 14:01:25",0,0,1,0,1,1819
7277,"1820-03-20 15:23:05",0,1,0,0,2,1820
7278,"1820-06-21 12:41:51",0,0,0,1,3,1820
7279,"1820-09-23 02:37:15",1,0,0,0,4,1820
7280,"1820-12-21 19:47:40",0,0,1,0,1,1820
7281,"1821-03-20 21:14:48",0,1,0,0,2,1821
7282,"1821-06-21 18:36:40",0,0,0,1,3,1821
7283,"1821-09-23 08:27:34",1,0,0,0,4,1821
7284,"1821-12-22 01:35:16",0,0,1,0,1,1821
7285,"1822-03-21 03:08:41",0,1,0,0,2,1822
7286,"1822-06-22 00:18:16",0,0,0,1,3,1822
7287,"1822-09-23 14:02:57",1,0,0,0,4,1822
7288,"1822-12-22 07:17:36",0,0,1,0,1,1822
7289,"1823-03-21 08:54:02",0,1,0,0,2,1823
7290,"1823-06-22 06:07:55",0,0,0,1,3,1823
7291,"1823-09-23 19:55:39",1,0,0,0,4,1823
7292,"1823-12-22 13:10:42",0,0,1,0,1,1823
7293,"1824-03-20 14:38:08",0,1,0,0,2,1824
7294,"1824-06-21 11:57:57",0,0,0,1,3,1824
7295,"1824-09-23 01:45:56",1,0,0,0,4,1824
7296,"1824-12-21 18:58:44",0,0,1,0,1,1824
7297,"1825-03-20 20:24:53",0,1,0,0,2,1825
7298,"1825-06-21 17:46:25",0,0,0,1,3,1825
7299,"1825-09-23 07:30:56",1,0,0,0,4,1825
7300,"1825-12-22 00:42:24",0,0,1,0,1,1825
7301,"1826-03-21 02:15:36",0,1,0,0,2,1826
7302,"1826-06-21 23:41:15",0,0,0,1,3,1826
7303,"1826-09-23 13:27:48",1,0,0,0,4,1826
7304,"1826-12-22 06:38:56",0,0,1,0,1,1826
7305,"1827-03-21 08:07:21",0,1,0,0,2,1827
7306,"1827-06-22 05:20:27",0,0,0,1,3,1827
7307,"1827-09-23 19:13:05",1,0,0,0,4,1827
7308,"1827-12-22 12:27:00",0,0,1,0,1,1827
7309,"1828-03-20 13:52:34",0,1,0,0,2,1828
7310,"1828-06-21 11:07:09",0,0,0,1,3,1828
7311,"1828-09-23 01:09:07",1,0,0,0,4,1828
7312,"1828-12-21 18:17:56",0,0,1,0,1,1828
7313,"1829-03-20 19:41:29",0,1,0,0,2,1829
7314,"1829-06-21 17:04:21",0,0,0,1,3,1829
7315,"1829-09-23 07:04:14",1,0,0,0,4,1829
7316,"1829-12-22 00:14:40",0,0,1,0,1,1829
7317,"1830-03-21 01:36:10",0,1,0,0,2,1830
7318,"1830-06-21 22:47:39",0,0,0,1,3,1830
7319,"1830-09-23 12:40:52",1,0,0,0,4,1830
7320,"1830-12-22 06:04:21",0,0,1,0,1,1830
7321,"1831-03-21 07:25:36",0,1,0,0,2,1831
7322,"1831-06-22 04:36:00",0,0,0,1,3,1831
7323,"1831-09-23 18:34:18",1,0,0,0,4,1831
7324,"1831-12-22 12:01:00",0,0,1,0,1,1831
7325,"1832-03-20 13:15:55",0,1,0,0,2,1832
7326,"1832-06-21 10:26:19",0,0,0,1,3,1832
7327,"1832-09-23 00:27:11",1,0,0,0,4,1832
7328,"1832-12-21 17:51:07",0,0,1,0,1,1832
7329,"1833-03-20 19:11:16",0,1,0,0,2,1833
7330,"1833-06-21 16:15:59",0,0,0,1,3,1833
7331,"1833-09-23 06:11:40",1,0,0,0,4,1833
7332,"1833-12-21 23:32:56",0,0,1,0,1,1833
7333,"1834-03-21 01:03:39",0,1,0,0,2,1834
7334,"1834-06-21 22:11:01",0,0,0,1,3,1834
7335,"1834-09-23 12:06:09",1,0,0,0,4,1834
7336,"1834-12-22 05:29:25",0,0,1,0,1,1834
7337,"1835-03-21 06:55:02",0,1,0,0,2,1835
7338,"1835-06-22 03:54:09",0,0,0,1,3,1835
7339,"1835-09-23 17:48:31",1,0,0,0,4,1835
7340,"1835-12-22 11:17:36",0,0,1,0,1,1835
7341,"1836-03-20 12:38:20",0,1,0,0,2,1836
7342,"1836-06-21 09:40:29",0,0,0,1,3,1836
7343,"1836-09-22 23:37:21",1,0,0,0,4,1836
7344,"1836-12-21 17:01:46",0,0,1,0,1,1836
7345,"1837-03-20 18:22:39",0,1,0,0,2,1837
7346,"1837-06-21 15:36:17",0,0,0,1,3,1837
7347,"1837-09-23 05:30:41",1,0,0,0,4,1837
7348,"1837-12-21 22:52:41",0,0,1,0,1,1837
7349,"1838-03-21 00:16:19",0,1,0,0,2,1838
7350,"1838-06-21 21:18:00",0,0,0,1,3,1838
7351,"1838-09-23 11:06:24",1,0,0,0,4,1838
7352,"1838-12-22 04:32:42",0,0,1,0,1,1838
7353,"1839-03-21 05:58:45",0,1,0,0,2,1839
7354,"1839-06-22 02:59:51",0,0,0,1,3,1839
7355,"1839-09-23 16:58:29",1,0,0,0,4,1839
7356,"1839-12-22 10:21:23",0,0,1,0,1,1839
7357,"1840-03-20 11:40:01",0,1,0,0,2,1840
7358,"1840-06-21 08:47:05",0,0,0,1,3,1840
7359,"1840-09-22 22:52:13",1,0,0,0,4,1840
7360,"1840-12-21 16:11:56",0,0,1,0,1,1840
7361,"1841-03-20 17:27:33",0,1,0,0,2,1841
7362,"1841-06-21 14:32:39",0,0,0,1,3,1841
7363,"1841-09-23 04:33:05",1,0,0,0,4,1841
7364,"1841-12-21 21:54:57",0,0,1,0,1,1841
7365,"1842-03-20 23:12:22",0,1,0,0,2,1842
7366,"1842-06-21 20:21:18",0,0,0,1,3,1842
7367,"1842-09-23 10:24:53",1,0,0,0,4,1842
7368,"1842-12-22 03:54:49",0,0,1,0,1,1842
7369,"1843-03-21 05:03:49",0,1,0,0,2,1843
7370,"1843-06-22 02:01:48",0,0,0,1,3,1843
7371,"1843-09-23 16:08:35",1,0,0,0,4,1843
7372,"1843-12-22 09:46:57",0,0,1,0,1,1843
7373,"1844-03-20 10:53:08",0,1,0,0,2,1844
7374,"1844-06-21 07:45:19",0,0,0,1,3,1844
7375,"1844-09-22 21:56:38",1,0,0,0,4,1844
7376,"1844-12-21 15:30:21",0,0,1,0,1,1844
7377,"1845-03-20 16:42:58",0,1,0,0,2,1845
7378,"1845-06-21 13:41:30",0,0,0,1,3,1845
7379,"1845-09-23 03:53:02",1,0,0,0,4,1845
7380,"1845-12-21 21:26:10",0,0,1,0,1,1845
7381,"1846-03-20 22:44:56",0,1,0,0,2,1846
7382,"1846-06-21 19:30:01",0,0,0,1,3,1846
7383,"1846-09-23 09:30:29",1,0,0,0,4,1846
7384,"1846-12-22 03:11:33",0,0,1,0,1,1846
7385,"1847-03-21 04:31:29",0,1,0,0,2,1847
7386,"1847-06-22 01:17:32",0,0,0,1,3,1847
7387,"1847-09-23 15:21:43",1,0,0,0,4,1847
7388,"1847-12-22 09:04:20",0,0,1,0,1,1847
7389,"1848-03-20 10:17:12",0,1,0,0,2,1848
7390,"1848-06-21 07:13:34",0,0,0,1,3,1848
7391,"1848-09-22 21:19:22",1,0,0,0,4,1848
7392,"1848-12-21 14:59:11",0,0,1,0,1,1848
7393,"1849-03-20 16:12:04",0,1,0,0,2,1849
7394,"1849-06-21 13:06:24",0,0,0,1,3,1849
7395,"1849-09-23 03:02:56",1,0,0,0,4,1849
7396,"1849-12-21 20:40:09",0,0,1,0,1,1849
7397,"1850-03-20 22:01:19",0,1,0,0,2,1850
7398,"1850-06-21 18:58:10",0,0,0,1,3,1850
7399,"1850-09-23 08:59:35",1,0,0,0,4,1850
7400,"1850-12-22 02:36:53",0,0,1,0,1,1850
7401,"1851-03-21 03:53:29",0,1,0,0,2,1851
7402,"1851-06-22 00:42:11",0,0,0,1,3,1851
7403,"1851-09-23 14:49:55",1,0,0,0,4,1851
7404,"1851-12-22 08:28:02",0,0,1,0,1,1851
7405,"1852-03-20 09:40:36",0,1,0,0,2,1852
7406,"1852-06-21 06:27:46",0,0,0,1,3,1852
7407,"1852-09-22 20:39:43",1,0,0,0,4,1852
7408,"1852-12-21 14:11:54",0,0,1,0,1,1852
7409,"1853-03-20 15:23:16",0,1,0,0,2,1853
7410,"1853-06-21 12:21:33",0,0,0,1,3,1853
7411,"1853-09-23 02:35:35",1,0,0,0,4,1853
7412,"1853-12-21 20:10:10",0,0,1,0,1,1853
7413,"1854-03-20 21:19:11",0,1,0,0,2,1854
7414,"1854-06-21 18:06:37",0,0,0,1,3,1854
7415,"1854-09-23 08:11:20",1,0,0,0,4,1854
7416,"1854-12-22 01:57:39",0,0,1,0,1,1854
7417,"1855-03-21 03:04:34",0,1,0,0,2,1855
7418,"1855-06-21 23:47:00",0,0,0,1,3,1855
7419,"1855-09-23 13:57:43",1,0,0,0,4,1855
7420,"1855-12-22 07:46:43",0,0,1,0,1,1855
7421,"1856-03-20 08:48:27",0,1,0,0,2,1856
7422,"1856-06-21 05:35:09",0,0,0,1,3,1856
7423,"1856-09-22 19:52:46",1,0,0,0,4,1856
7424,"1856-12-21 13:37:57",0,0,1,0,1,1856
7425,"1857-03-20 14:44:31",0,1,0,0,2,1857
7426,"1857-06-21 11:24:23",0,0,0,1,3,1857
7427,"1857-09-23 01:31:51",1,0,0,0,4,1857
7428,"1857-12-21 19:14:59",0,0,1,0,1,1857
7429,"1858-03-20 20:31:09",0,1,0,0,2,1858
7430,"1858-06-21 17:11:52",0,0,0,1,3,1858
7431,"1858-09-23 07:21:27",1,0,0,0,4,1858
7432,"1858-12-22 01:09:15",0,0,1,0,1,1858
7433,"1859-03-21 02:17:47",0,1,0,0,2,1859
7434,"1859-06-21 22:55:15",0,0,0,1,3,1859
7435,"1859-09-23 13:07:12",1,0,0,0,4,1859
7436,"1859-12-22 07:00:15",0,0,1,0,1,1859
7437,"1860-03-20 08:03:56",0,1,0,0,2,1860
7438,"1860-06-21 04:41:24",0,0,0,1,3,1860
7439,"1860-09-22 18:52:04",1,0,0,0,4,1860
7440,"1860-12-21 12:40:39",0,0,1,0,1,1860
7441,"1861-03-20 13:45:53",0,1,0,0,2,1861
7442,"1861-06-21 10:33:03",0,0,0,1,3,1861
7443,"1861-09-23 00:46:10",1,0,0,0,4,1861
7444,"1861-12-21 18:33:14",0,0,1,0,1,1861
7445,"1862-03-20 19:42:02",0,1,0,0,2,1862
7446,"1862-06-21 16:18:52",0,0,0,1,3,1862
7447,"1862-09-23 06:25:37",1,0,0,0,4,1862
7448,"1862-12-22 00:18:05",0,0,1,0,1,1862
7449,"1863-03-21 01:29:21",0,1,0,0,2,1863
7450,"1863-06-21 22:01:17",0,0,0,1,3,1863
7451,"1863-09-23 12:15:44",1,0,0,0,4,1863
7452,"1863-12-22 06:05:22",0,0,1,0,1,1863
7453,"1864-03-20 07:09:25",0,1,0,0,2,1864
7454,"1864-06-21 03:51:14",0,0,0,1,3,1864
7455,"1864-09-22 18:15:38",1,0,0,0,4,1864
7456,"1864-12-21 12:02:55",0,0,1,0,1,1864
7457,"1865-03-20 13:05:18",0,1,0,0,2,1865
7458,"1865-06-21 09:45:28",0,0,0,1,3,1865
7459,"1865-09-22 23:58:52",1,0,0,0,4,1865
7460,"1865-12-21 17:48:57",0,0,1,0,1,1865
7461,"1866-03-20 18:54:02",0,1,0,0,2,1866
7462,"1866-06-21 15:33:22",0,0,0,1,3,1866
7463,"1866-09-23 05:49:54",1,0,0,0,4,1866
7464,"1866-12-21 23:48:47",0,0,1,0,1,1866
7465,"1867-03-21 00:45:47",0,1,0,0,2,1867
7466,"1867-06-21 21:19:10",0,0,0,1,3,1867
7467,"1867-09-23 11:42:02",1,0,0,0,4,1867
7468,"1867-12-22 05:46:20",0,0,1,0,1,1867
7469,"1868-03-20 06:43:04",0,1,0,0,2,1868
7470,"1868-06-21 03:09:18",0,0,0,1,3,1868
7471,"1868-09-22 17:30:35",1,0,0,0,4,1868
7472,"1868-12-21 11:27:22",0,0,1,0,1,1868
7473,"1869-03-20 12:31:28",0,1,0,0,2,1869
7474,"1869-06-21 09:03:43",0,0,0,1,3,1869
7475,"1869-09-22 23:27:20",1,0,0,0,4,1869
7476,"1869-12-21 17:22:53",0,0,1,0,1,1869
7477,"1870-03-20 18:31:22",0,1,0,0,2,1870
7478,"1870-06-21 14:55:37",0,0,0,1,3,1870
7479,"1870-09-23 05:08:54",1,0,0,0,4,1870
7480,"1870-12-21 23:12:30",0,0,1,0,1,1870
7481,"1871-03-21 00:19:06",0,1,0,0,2,1871
7482,"1871-06-21 20:41:12",0,0,0,1,3,1871
7483,"1871-09-23 10:55:29",1,0,0,0,4,1871
7484,"1871-12-22 04:58:29",0,0,1,0,1,1871
7485,"1872-03-20 05:56:42",0,1,0,0,2,1872
7486,"1872-06-21 02:31:14",0,0,0,1,3,1872
7487,"1872-09-22 16:52:49",1,0,0,0,4,1872
7488,"1872-12-21 10:52:52",0,0,1,0,1,1872
7489,"1873-03-20 11:51:45",0,1,0,0,2,1873
7490,"1873-06-21 08:24:23",0,0,0,1,3,1873
7491,"1873-09-22 22:34:30",1,0,0,0,4,1873
7492,"1873-12-21 16:31:55",0,0,1,0,1,1873
7493,"1874-03-20 17:37:18",0,1,0,0,2,1874
7494,"1874-06-21 14:06:31",0,0,0,1,3,1874
7495,"1874-09-23 04:22:14",1,0,0,0,4,1874
7496,"1874-12-21 22:21:27",0,0,1,0,1,1874
7497,"1875-03-20 23:20:35",0,1,0,0,2,1875
7498,"1875-06-21 19:46:20",0,0,0,1,3,1875
7499,"1875-09-23 10:14:20",1,0,0,0,4,1875
7500,"1875-12-22 04:15:13",0,0,1,0,1,1875
7501,"1876-03-20 05:09:17",0,1,0,0,2,1876
7502,"1876-06-21 01:31:33",0,0,0,1,3,1876
7503,"1876-09-22 15:58:03",1,0,0,0,4,1876
7504,"1876-12-21 09:53:42",0,0,1,0,1,1876
7505,"1877-03-20 10:47:14",0,1,0,0,2,1877
7506,"1877-06-21 07:17:19",0,0,0,1,3,1877
7507,"1877-09-22 21:47:30",1,0,0,0,4,1877
7508,"1877-12-21 15:49:39",0,0,1,0,1,1877
7509,"1878-03-20 16:41:58",0,1,0,0,2,1878
7510,"1878-06-21 13:03:05",0,0,0,1,3,1878
7511,"1878-09-23 03:25:55",1,0,0,0,4,1878
7512,"1878-12-21 21:40:38",0,0,1,0,1,1878
7513,"1879-03-20 22:31:16",0,1,0,0,2,1879
7514,"1879-06-21 18:43:43",0,0,0,1,3,1879
7515,"1879-09-23 09:08:39",1,0,0,0,4,1879
7516,"1879-12-22 03:23:48",0,0,1,0,1,1879
7517,"1880-03-20 04:12:57",0,1,0,0,2,1880
7518,"1880-06-21 00:31:03",0,0,0,1,3,1880
7519,"1880-09-22 15:06:05",1,0,0,0,4,1880
7520,"1880-12-21 09:17:38",0,0,1,0,1,1880
7521,"1881-03-20 10:13:14",0,1,0,0,2,1881
7522,"1881-06-21 06:27:31",0,0,0,1,3,1881
7523,"1881-09-22 20:49:29",1,0,0,0,4,1881
7524,"1881-12-21 14:59:53",0,0,1,0,1,1881
7525,"1882-03-20 16:03:58",0,1,0,0,2,1882
7526,"1882-06-21 12:16:00",0,0,0,1,3,1882
7527,"1882-09-23 02:37:04",1,0,0,0,4,1882
7528,"1882-12-21 20:53:00",0,0,1,0,1,1882
7529,"1883-03-20 21:49:08",0,1,0,0,2,1883
7530,"1883-06-21 18:02:50",0,0,0,1,3,1883
7531,"1883-09-23 08:31:39",1,0,0,0,4,1883
7532,"1883-12-22 02:51:26",0,0,1,0,1,1883
7533,"1884-03-20 03:43:53",0,1,0,0,2,1884
7534,"1884-06-20 23:58:26",0,0,0,1,3,1884
7535,"1884-09-22 14:20:37",1,0,0,0,4,1884
7536,"1884-12-21 08:32:55",0,0,1,0,1,1884
7537,"1885-03-20 09:28:59",0,1,0,0,2,1885
7538,"1885-06-21 05:50:14",0,0,0,1,3,1885
7539,"1885-09-22 20:15:32",1,0,0,0,4,1885
7540,"1885-12-21 14:26:52",0,0,1,0,1,1885
7541,"1886-03-20 15:25:46",0,1,0,0,2,1886
7542,"1886-06-21 11:40:35",0,0,0,1,3,1886
7543,"1886-09-23 02:03:55",1,0,0,0,4,1886
7544,"1886-12-21 20:19:16",0,0,1,0,1,1886
7545,"1887-03-20 21:17:52",0,1,0,0,2,1887
7546,"1887-06-21 17:26:44",0,0,0,1,3,1887
7547,"1887-09-23 07:53:39",1,0,0,0,4,1887
7548,"1887-12-22 02:04:16",0,0,1,0,1,1887
7549,"1888-03-20 02:55:20",0,1,0,0,2,1888
7550,"1888-06-20 23:13:47",0,0,0,1,3,1888
7551,"1888-09-22 13:53:09",1,0,0,0,4,1888
7552,"1888-12-21 08:02:36",0,0,1,0,1,1888
7553,"1889-03-20 08:50:15",0,1,0,0,2,1889
7554,"1889-06-21 05:09:24",0,0,0,1,3,1889
7555,"1889-09-22 19:37:34",1,0,0,0,4,1889
7556,"1889-12-21 13:51:19",0,0,1,0,1,1889
7557,"1890-03-20 14:40:26",0,1,0,0,2,1890
7558,"1890-06-21 10:53:19",0,0,0,1,3,1890
7559,"1890-09-23 01:21:59",1,0,0,0,4,1890
7560,"1890-12-21 19:44:20",0,0,1,0,1,1890
7561,"1891-03-20 20:24:17",0,1,0,0,2,1891
7562,"1891-06-21 16:31:59",0,0,0,1,3,1891
7563,"1891-09-23 07:13:13",1,0,0,0,4,1891
7564,"1891-12-22 01:39:56",0,0,1,0,1,1891
7565,"1892-03-20 02:21:24",0,1,0,0,2,1892
7566,"1892-06-20 22:22:53",0,0,0,1,3,1892
7567,"1892-09-22 12:58:59",1,0,0,0,4,1892
7568,"1892-12-21 07:18:44",0,0,1,0,1,1892
7569,"1893-03-20 08:07:49",0,1,0,0,2,1893
7570,"1893-06-21 04:09:26",0,0,0,1,3,1893
7571,"1893-09-22 18:45:41",1,0,0,0,4,1893
7572,"1893-12-21 13:06:47",0,0,1,0,1,1893
7573,"1894-03-20 13:58:43",0,1,0,0,2,1894
7574,"1894-06-21 09:56:14",0,0,0,1,3,1894
7575,"1894-09-23 00:26:54",1,0,0,0,4,1894
7576,"1894-12-21 18:57:40",0,0,1,0,1,1894
7577,"1895-03-20 19:48:39",0,1,0,0,2,1895
7578,"1895-06-21 15:43:29",0,0,0,1,3,1895
7579,"1895-09-23 06:09:52",1,0,0,0,4,1895
7580,"1895-12-22 00:38:06",0,0,1,0,1,1895
7581,"1896-03-20 01:22:47",0,1,0,0,2,1896
7582,"1896-06-20 21:27:37",0,0,0,1,3,1896
7583,"1896-09-22 12:02:57",1,0,0,0,4,1896
7584,"1896-12-21 06:28:46",0,0,1,0,1,1896
7585,"1897-03-20 07:15:35",0,1,0,0,2,1897
7586,"1897-06-21 03:22:47",0,0,0,1,3,1897
7587,"1897-09-22 17:48:22",1,0,0,0,4,1897
7588,"1897-12-21 12:12:11",0,0,1,0,1,1897
7589,"1898-03-20 13:05:54",0,1,0,0,2,1898
7590,"1898-06-21 09:06:32",0,0,0,1,3,1898
7591,"1898-09-22 23:33:59",1,0,0,0,4,1898
7592,"1898-12-21 17:58:34",0,0,1,0,1,1898
7593,"1899-03-20 18:45:08",0,1,0,0,2,1899
7594,"1899-06-21 14:45:00",0,0,0,1,3,1899
7595,"1899-09-23 05:29:32",1,0,0,0,4,1899
7596,"1899-12-21 23:55:36",0,0,1,0,1,1899
7597,"1900-03-21 01:53:10",0,1,0,0,2,1900
7598,"1900-06-21 21:53:56",0,0,0,1,3,1900
7599,"1900-09-23 12:34:20",1,0,0,0,4,1900
7600,"1900-12-22 06:55:44",0,0,1,0,1,1900
7601,"1901-03-21 07:23:01",0,1,0,0,2,1901
7602,"1901-06-22 03:27:14",0,0,0,1,3,1901
7603,"1901-09-23 18:08:23",1,0,0,0,4,1901
7604,"1901-12-22 12:36:03",0,0,1,0,1,1901
7605,"1902-03-21 13:16:01",0,1,0,0,2,1902
7606,"1902-06-22 09:14:35",0,0,0,1,3,1902
7607,"1902-09-23 23:54:48",1,0,0,0,4,1902
7608,"1902-12-22 18:35:00",0,0,1,0,1,1902
7609,"1903-03-21 19:14:15",0,1,0,0,2,1903
7610,"1903-06-22 15:04:25",0,0,0,1,3,1903
7611,"1903-09-24 05:43:10",1,0,0,0,4,1903
7612,"1903-12-23 00:19:55",0,0,1,0,1,1903
7613,"1904-03-21 00:58:03",0,1,0,0,2,1904
7614,"1904-06-21 20:50:51",0,0,0,1,3,1904
7615,"1904-09-23 11:39:43",1,0,0,0,4,1904
7616,"1904-12-22 06:13:27",0,0,1,0,1,1904
7617,"1905-03-21 06:57:02",0,1,0,0,2,1905
7618,"1905-06-22 02:50:53",0,0,0,1,3,1905
7619,"1905-09-23 17:29:29",1,0,0,0,4,1905
7620,"1905-12-22 12:03:14",0,0,1,0,1,1905
7621,"1906-03-21 12:52:20",0,1,0,0,2,1906
7622,"1906-06-22 08:41:21",0,0,0,1,3,1906
7623,"1906-09-23 23:14:32",1,0,0,0,4,1906
7624,"1906-12-22 17:52:51",0,0,1,0,1,1906
7625,"1907-03-21 18:32:33",0,1,0,0,2,1907
7626,"1907-06-22 14:22:34",0,0,0,1,3,1907
7627,"1907-09-24 05:08:28",1,0,0,0,4,1907
7628,"1907-12-22 23:51:07",0,0,1,0,1,1907
7629,"1908-03-21 00:26:49",0,1,0,0,2,1908
7630,"1908-06-21 20:18:38",0,0,0,1,3,1908
7631,"1908-09-23 10:57:52",1,0,0,0,4,1908
7632,"1908-12-22 05:33:01",0,0,1,0,1,1908
7633,"1909-03-21 06:12:33",0,1,0,0,2,1909
7634,"1909-06-22 02:05:09",0,0,0,1,3,1909
7635,"1909-09-23 16:44:08",1,0,0,0,4,1909
7636,"1909-12-22 11:19:25",0,0,1,0,1,1909
7637,"1910-03-21 12:02:30",0,1,0,0,2,1910
7638,"1910-06-22 07:48:19",0,0,0,1,3,1910
7639,"1910-09-23 22:30:22",1,0,0,0,4,1910
7640,"1910-12-22 17:11:22",0,0,1,0,1,1910
7641,"1911-03-21 17:54:00",0,1,0,0,2,1911
7642,"1911-06-22 13:35:10",0,0,0,1,3,1911
7643,"1911-09-24 04:17:11",1,0,0,0,4,1911
7644,"1911-12-22 22:52:50",0,0,1,0,1,1911
7645,"1912-03-20 23:29:00",0,1,0,0,2,1912
7646,"1912-06-21 19:16:32",0,0,0,1,3,1912
7647,"1912-09-23 10:07:40",1,0,0,0,4,1912
7648,"1912-12-22 04:44:21",0,0,1,0,1,1912
7649,"1913-03-21 05:17:37",0,1,0,0,2,1913
7650,"1913-06-22 01:09:09",0,0,0,1,3,1913
7651,"1913-09-23 15:52:26",1,0,0,0,4,1913
7652,"1913-12-22 10:34:34",0,0,1,0,1,1913
7653,"1914-03-21 11:10:25",0,1,0,0,2,1914
7654,"1914-06-22 06:54:44",0,0,0,1,3,1914
7655,"1914-09-23 21:33:29",1,0,0,0,4,1914
7656,"1914-12-22 16:22:07",0,0,1,0,1,1914
7657,"1915-03-21 16:50:59",0,1,0,0,2,1915
7658,"1915-06-22 12:29:05",0,0,0,1,3,1915
7659,"1915-09-24 03:23:30",1,0,0,0,4,1915
7660,"1915-12-22 22:15:30",0,0,1,0,1,1915
7661,"1916-03-20 22:46:36",0,1,0,0,2,1916
7662,"1916-06-21 18:24:08",0,0,0,1,3,1916
7663,"1916-09-23 09:14:29",1,0,0,0,4,1916
7664,"1916-12-22 03:58:17",0,0,1,0,1,1916
7665,"1917-03-21 04:36:58",0,1,0,0,2,1917
7666,"1917-06-22 00:14:03",0,0,0,1,3,1917
7667,"1917-09-23 14:59:54",1,0,0,0,4,1917
7668,"1917-12-22 09:45:26",0,0,1,0,1,1917
7669,"1918-03-21 10:25:23",0,1,0,0,2,1918
7670,"1918-06-22 04:59:22",0,0,0,1,3,1918
7671,"1918-09-23 19:45:24",1,0,0,0,4,1918
7672,"1918-12-22 15:41:16",0,0,1,0,1,1918
7673,"1919-03-21 16:18:53",0,1,0,0,2,1919
7674,"1919-06-22 10:53:20",0,0,0,1,3,1919
7675,"1919-09-24 01:35:08",1,0,0,0,4,1919
7676,"1919-12-22 21:26:51",0,0,1,0,1,1919
7677,"1920-03-20 21:59:04",0,1,0,0,2,1920
7678,"1920-06-21 17:39:35",0,0,0,1,3,1920
7679,"1920-09-23 08:27:54",1,0,0,0,4,1920
7680,"1920-12-22 03:16:46",0,0,1,0,1,1920
7681,"1921-03-21 03:50:49",0,1,0,0,2,1921
7682,"1921-06-21 23:35:26",0,0,0,1,3,1921
7683,"1921-09-23 14:19:32",1,0,0,0,4,1921
7684,"1921-12-22 09:07:13",0,0,1,0,1,1921
7685,"1922-03-21 09:48:23",0,1,0,0,2,1922
7686,"1922-06-22 05:26:29",0,0,0,1,3,1922
7687,"1922-09-23 20:09:21",1,0,0,0,4,1922
7688,"1922-12-22 14:56:43",0,0,1,0,1,1922
7689,"1923-03-21 15:28:33",0,1,0,0,2,1923
7690,"1923-06-22 11:02:33",0,0,0,1,3,1923
7691,"1923-09-24 02:03:21",1,0,0,0,4,1923
7692,"1923-12-22 20:53:04",0,0,1,0,1,1923
7693,"1924-03-20 21:19:55",0,1,0,0,2,1924
7694,"1924-06-21 15:59:10",0,0,0,1,3,1924
7695,"1924-09-23 06:58:04",1,0,0,0,4,1924
7696,"1924-12-22 02:45:16",0,0,1,0,1,1924
7697,"1925-03-21 03:11:59",0,1,0,0,2,1925
7698,"1925-06-21 22:49:46",0,0,0,1,3,1925
7699,"1925-09-23 13:43:11",1,0,0,0,4,1925
7700,"1925-12-22 08:36:27",0,0,1,0,1,1925
7701,"1926-03-21 09:00:58",0,1,0,0,2,1926
7702,"1926-06-22 03:29:49",0,0,0,1,3,1926
7703,"1926-09-23 18:26:25",1,0,0,0,4,1926
7704,"1926-12-22 14:33:09",0,0,1,0,1,1926
7705,"1927-03-21 14:58:54",0,1,0,0,2,1927
7706,"1927-06-22 09:21:59",0,0,0,1,3,1927
7707,"1927-09-24 00:16:44",1,0,0,0,4,1927
7708,"1927-12-22 20:18:18",0,0,1,0,1,1927
7709,"1928-03-20 20:44:03",0,1,0,0,2,1928
7710,"1928-06-21 15:06:14",0,0,0,1,3,1928
7711,"1928-09-23 06:05:18",1,0,0,0,4,1928
7712,"1928-12-22 02:03:28",0,0,1,0,1,1928
7713,"1929-03-21 02:34:38",0,1,0,0,2,1929
7714,"1929-06-21 21:00:25",0,0,0,1,3,1929
7715,"1929-09-23 11:52:07",1,0,0,0,4,1929
7716,"1929-12-22 07:52:33",0,0,1,0,1,1929
7717,"1930-03-21 08:29:34",0,1,0,0,2,1930
7718,"1930-06-22 03:52:38",0,0,0,1,3,1930
7719,"1930-09-23 18:35:45",1,0,0,0,4,1930
7720,"1930-12-22 13:39:21",0,0,1,0,1,1930
7721,"1931-03-21 14:06:06",0,1,0,0,2,1931
7722,"1931-06-22 09:27:52",0,0,0,1,3,1931
7723,"1931-09-24 00:23:06",1,0,0,0,4,1931
7724,"1931-12-22 19:29:23",0,0,1,0,1,1931
7725,"1932-03-20 19:53:23",0,1,0,0,2,1932
7726,"1932-06-21 15:22:26",0,0,0,1,3,1932
7727,"1932-09-23 06:15:41",1,0,0,0,4,1932
7728,"1932-12-22 01:14:03",0,0,1,0,1,1932
7729,"1933-03-21 01:42:54",0,1,0,0,2,1933
7730,"1933-06-21 21:11:37",0,0,0,1,3,1933
7731,"1933-09-23 12:00:57",1,0,0,0,4,1933
7732,"1933-12-22 06:57:18",0,0,1,0,1,1933
7733,"1934-03-21 07:27:43",0,1,0,0,2,1934
7734,"1934-06-22 02:47:43",0,0,0,1,3,1934
7735,"1934-09-23 17:44:59",1,0,0,0,4,1934
7736,"1934-12-22 12:49:14",0,0,1,0,1,1934
7737,"1935-03-21 13:17:33",0,1,0,0,2,1935
7738,"1935-06-22 08:37:43",0,0,0,1,3,1935
7739,"1935-09-23 23:37:58",1,0,0,0,4,1935
7740,"1935-12-22 18:36:55",0,0,1,0,1,1935
7741,"1936-03-20 18:57:39",0,1,0,0,2,1936
7742,"1936-06-21 14:21:26",0,0,0,1,3,1936
7743,"1936-09-23 05:25:46",1,0,0,0,4,1936
7744,"1936-12-22 00:26:30",0,0,1,0,1,1936
7745,"1937-03-21 00:44:52",0,1,0,0,2,1937
7746,"1937-06-21 19:11:48",0,0,0,1,3,1937
7747,"1937-09-23 10:12:44",1,0,0,0,4,1937
7748,"1937-12-22 06:21:28",0,0,1,0,1,1937
7749,"1938-03-21 06:42:53",0,1,0,0,2,1938
7750,"1938-06-22 00:03:24",0,0,0,1,3,1938
7751,"1938-09-23 14:59:19",1,0,0,0,4,1938
7752,"1938-12-22 11:13:13",0,0,1,0,1,1938
7753,"1939-03-21 11:28:16",0,1,0,0,2,1939
7754,"1939-06-22 06:39:15",0,0,0,1,3,1939
7755,"1939-09-23 21:49:15",1,0,0,0,4,1939
7756,"1939-12-22 18:05:48",0,0,1,0,1,1939
7757,"1940-03-20 17:23:33",0,1,0,0,2,1940
7758,"1940-06-21 12:36:14",0,0,0,1,3,1940
7759,"1940-09-23 03:45:24",1,0,0,0,4,1940
7760,"1940-12-21 22:54:34",0,0,1,0,1,1940
7761,"1941-03-20 23:20:12",0,1,0,0,2,1941
7762,"1941-06-21 18:33:08",0,0,0,1,3,1941
7763,"1941-09-23 09:32:35",1,0,0,0,4,1941
7764,"1941-12-22 04:43:59",0,0,1,0,1,1941
7765,"1942-03-21 05:10:28",0,1,0,0,2,1942
7766,"1942-06-21 23:16:05",0,0,0,1,3,1942
7767,"1942-09-23 15:16:18",1,0,0,0,4,1942
7768,"1942-12-22 10:39:24",0,0,1,0,1,1942
7769,"1943-03-21 11:02:27",0,1,0,0,2,1943
7770,"1943-06-22 05:12:10",0,0,0,1,3,1943
7771,"1943-09-23 20:11:35",1,0,0,0,4,1943
7772,"1943-12-22 16:28:57",0,0,1,0,1,1943
7773,"1944-03-20 16:48:27",0,1,0,0,2,1944
7774,"1944-06-21 11:02:09",0,0,0,1,3,1944
7775,"1944-09-23 02:01:29",1,0,0,0,4,1944
7776,"1944-12-21 22:14:40",0,0,1,0,1,1944
7777,"1945-03-20 22:37:04",0,1,0,0,2,1945
7778,"1945-06-21 16:51:55",0,0,0,1,3,1945
7779,"1945-09-23 07:49:39",1,0,0,0,4,1945
7780,"1945-12-22 04:03:26",0,0,1,0,1,1945
7781,"1946-03-21 04:32:33",0,1,0,0,2,1946
7782,"1946-06-21 22:44:12",0,0,0,1,3,1946
7783,"1946-09-23 13:40:30",1,0,0,0,4,1946
7784,"1946-12-22 09:53:13",0,0,1,0,1,1946
7785,"1947-03-21 10:12:33",0,1,0,0,2,1947
7786,"1947-06-22 05:18:42",0,0,0,1,3,1947
7787,"1947-09-23 20:28:30",1,0,0,0,4,1947
7788,"1947-12-22 15:42:39",0,0,1,0,1,1947
7789,"1948-03-20 15:56:40",0,1,0,0,2,1948
7790,"1948-06-21 11:10:28",0,0,0,1,3,1948
7791,"1948-09-23 02:21:35",1,0,0,0,4,1948
7792,"1948-12-21 21:33:10",0,0,1,0,1,1948
7793,"1949-03-20 21:47:56",0,1,0,0,2,1949
7794,"1949-06-21 16:02:39",0,0,0,1,3,1949
7795,"1949-09-23 07:05:44",1,0,0,0,4,1949
7796,"1949-12-22 03:22:47",0,0,1,0,1,1949
7797,"1950-03-21 03:35:03",0,1,0,0,2,1950
7798,"1950-06-21 22:35:57",0,0,0,1,3,1950
7799,"1950-09-23 13:43:28",1,0,0,0,4,1950
7800,"1950-12-22 09:13:15",0,0,1,0,1,1950
7801,"1951-03-21 09:25:38",0,1,0,0,2,1951
7802,"1951-06-22 04:24:44",0,0,0,1,3,1951
7803,"1951-09-23 19:36:46",1,0,0,0,4,1951
7804,"1951-12-22 14:59:59",0,0,1,0,1,1951
7805,"1952-03-20 15:13:40",0,1,0,0,2,1952
7806,"1952-06-21 10:12:28",0,0,0,1,3,1952
7807,"1952-09-23 01:23:36",1,0,0,0,4,1952
7808,"1952-12-21 20:43:04",0,0,1,0,1,1952
7809,"1953-03-20 21:00:25",0,1,0,0,2,1953
7810,"1953-06-21 15:59:52",0,0,0,1,3,1953
7811,"1953-09-23 07:05:49",1,0,0,0,4,1953
7812,"1953-12-22 02:31:23",0,0,1,0,1,1953
7813,"1954-03-21 02:53:20",0,1,0,0,2,1954
7814,"1954-06-21 21:53:58",0,0,0,1,3,1954
7815,"1954-09-23 12:55:12",1,0,0,0,4,1954
7816,"1954-12-22 08:24:17",0,0,1,0,1,1954
7817,"1955-03-21 08:35:02",0,1,0,0,2,1955
7818,"1955-06-22 03:31:19",0,0,0,1,3,1955
7819,"1955-09-23 18:40:49",1,0,0,0,4,1955
7820,"1955-12-22 14:10:51",0,0,1,0,1,1955
7821,"1956-03-20 14:20:14",0,1,0,0,2,1956
7822,"1956-06-21 09:23:41",0,0,0,1,3,1956
7823,"1956-09-23 00:35:00",1,0,0,0,4,1956
7824,"1956-12-21 19:59:26",0,0,1,0,1,1956
7825,"1957-03-20 20:16:26",0,1,0,0,2,1957
7826,"1957-06-21 15:20:28",0,0,0,1,3,1957
7827,"1957-09-23 06:26:02",1,0,0,0,4,1957
7828,"1957-12-22 01:48:35",0,0,1,0,1,1957
7829,"1958-03-21 02:05:46",0,1,0,0,2,1958
7830,"1958-06-21 20:56:52",0,0,0,1,3,1958
7831,"1958-09-23 12:08:49",1,0,0,0,4,1958
7832,"1958-12-22 07:39:40",0,0,1,0,1,1958
7833,"1959-03-21 07:54:30",0,1,0,0,2,1959
7834,"1959-06-22 02:49:44",0,0,0,1,3,1959
7835,"1959-09-23 18:08:25",1,0,0,0,4,1959
7836,"1959-12-22 13:34:18",0,0,1,0,1,1959
7837,"1960-03-20 13:42:37",0,1,0,0,2,1960
7838,"1960-06-21 08:42:15",0,0,0,1,3,1960
7839,"1960-09-22 23:58:49",1,0,0,0,4,1960
7840,"1960-12-21 19:25:54",0,0,1,0,1,1960
7841,"1961-03-20 19:32:05",0,1,0,0,2,1961
7842,"1961-06-21 14:30:04",0,0,0,1,3,1961
7843,"1961-09-23 05:42:24",1,0,0,0,4,1961
7844,"1961-12-22 01:19:26",0,0,1,0,1,1961
7845,"1962-03-21 01:29:31",0,1,0,0,2,1962
7846,"1962-06-21 20:24:05",0,0,0,1,3,1962
7847,"1962-09-23 11:35:11",1,0,0,0,4,1962
7848,"1962-12-22 07:15:14",0,0,1,0,1,1962
7849,"1963-03-21 07:19:39",0,1,0,0,2,1963
7850,"1963-06-22 02:04:00",0,0,0,1,3,1963
7851,"1963-09-23 17:23:28",1,0,0,0,4,1963
7852,"1963-12-22 13:01:52",0,0,1,0,1,1963
7853,"1964-03-20 13:09:50",0,1,0,0,2,1964
7854,"1964-06-21 07:56:47",0,0,0,1,3,1964
7855,"1964-09-22 23:16:38",1,0,0,0,4,1964
7856,"1964-12-21 18:49:31",0,0,1,0,1,1964
7857,"1965-03-20 19:04:44",0,1,0,0,2,1965
7858,"1965-06-21 13:55:40",0,0,0,1,3,1965
7859,"1965-09-23 05:05:58",1,0,0,0,4,1965
7860,"1965-12-22 00:40:24",0,0,1,0,1,1965
7861,"1966-03-21 00:52:53",0,1,0,0,2,1966
7862,"1966-06-21 19:33:21",0,0,0,1,3,1966
7863,"1966-09-23 10:43:07",1,0,0,0,4,1966
7864,"1966-12-22 06:28:08",0,0,1,0,1,1966
7865,"1967-03-21 06:36:47",0,1,0,0,2,1967
7866,"1967-06-22 01:22:49",0,0,0,1,3,1967
7867,"1967-09-23 16:38:01",1,0,0,0,4,1967
7868,"1967-12-22 12:16:17",0,0,1,0,1,1967
7869,"1968-03-20 12:21:59",0,1,0,0,2,1968
7870,"1968-06-21 07:13:15",0,0,0,1,3,1968
7871,"1968-09-22 22:26:10",1,0,0,0,4,1968
7872,"1968-12-21 17:59:44",0,0,1,0,1,1968
7873,"1969-03-20 18:08:04",0,1,0,0,2,1969
7874,"1969-06-21 12:55:01",0,0,0,1,3,1969
7875,"1969-09-23 04:06:52",1,0,0,0,4,1969
7876,"1969-12-21 23:43:41",0,0,1,0,1,1969
7877,"1970-03-20 23:56:18",0,1,0,0,2,1970
7878,"1970-06-21 18:42:37",0,0,0,1,3,1970
7879,"1970-09-23 09:58:56",1,0,0,0,4,1970
7880,"1970-12-22 05:35:39",0,0,1,0,1,1970
7881,"1971-03-21 05:38:07",0,1,0,0,2,1971
7882,"1971-06-22 00:19:34",0,0,0,1,3,1971
7883,"1971-09-23 15:44:52",1,0,0,0,4,1971
7884,"1971-12-22 11:23:53",0,0,1,0,1,1971
7885,"1972-03-20 11:21:24",0,1,0,0,2,1972
7886,"1972-06-21 06:06:10",0,0,0,1,3,1972
7887,"1972-09-22 21:32:43",1,0,0,0,4,1972
7888,"1972-12-21 17:12:53",0,0,1,0,1,1972
7889,"1973-03-20 17:12:25",0,1,0,0,2,1973
7890,"1973-06-21 12:00:34",0,0,0,1,3,1973
7891,"1973-09-23 03:21:06",1,0,0,0,4,1973
7892,"1973-12-21 23:07:42",0,0,1,0,1,1973
7893,"1974-03-20 23:06:36",0,1,0,0,2,1974
7894,"1974-06-21 16:37:35",0,0,0,1,3,1974
7895,"1974-09-23 07:58:24",1,0,0,0,4,1974
7896,"1974-12-22 04:55:56",0,0,1,0,1,1974
7897,"1975-03-21 04:56:39",0,1,0,0,2,1975
7898,"1975-06-21 22:26:25",0,0,0,1,3,1975
7899,"1975-09-23 13:55:11",1,0,0,0,4,1975
7900,"1975-12-22 10:45:33",0,0,1,0,1,1975
7901,"1976-03-20 10:49:34",0,1,0,0,2,1976
7902,"1976-06-21 04:24:11",0,0,0,1,3,1976
7903,"1976-09-22 19:48:10",1,0,0,0,4,1976
7904,"1976-12-21 16:35:07",0,0,1,0,1,1976
7905,"1977-03-20 16:42:15",0,1,0,0,2,1977
7906,"1977-06-21 10:13:45",0,0,0,1,3,1977
7907,"1977-09-23 01:29:14",1,0,0,0,4,1977
7908,"1977-12-21 22:23:08",0,0,1,0,1,1977
7909,"1978-03-20 22:33:32",0,1,0,0,2,1978
7910,"1978-06-21 16:09:33",0,0,0,1,3,1978
7911,"1978-09-23 07:25:24",1,0,0,0,4,1978
7912,"1978-12-22 04:20:58",0,0,1,0,1,1978
7913,"1979-03-21 04:21:55",0,1,0,0,2,1979
7914,"1979-06-21 21:56:10",0,0,0,1,3,1979
7915,"1979-09-23 13:16:23",1,0,0,0,4,1979
7916,"1979-12-22 10:09:45",0,0,1,0,1,1979
7917,"1980-03-20 10:09:40",0,1,0,0,2,1980
7918,"1980-06-21 03:47:00",0,0,0,1,3,1980
7919,"1980-09-22 19:08:40",1,0,0,0,4,1980
7920,"1980-12-21 15:56:05",0,0,1,0,1,1980
7921,"1981-03-20 16:02:51",0,1,0,0,2,1981
7922,"1981-06-21 09:44:41",0,0,0,1,3,1981
7923,"1981-09-23 01:05:11",1,0,0,0,4,1981
7924,"1981-12-21 21:50:32",0,0,1,0,1,1981
7925,"1982-03-20 21:55:50",0,1,0,0,2,1982
7926,"1982-06-21 15:23:00",0,0,0,1,3,1982
7927,"1982-09-23 06:46:11",1,0,0,0,4,1982
7928,"1982-12-22 03:38:08",0,0,1,0,1,1982
7929,"1983-03-21 03:38:44",0,1,0,0,2,1983
7930,"1983-06-21 21:08:40",0,0,0,1,3,1983
7931,"1983-09-23 12:41:35",1,0,0,0,4,1983
7932,"1983-12-22 09:29:55",0,0,1,0,1,1983
7933,"1984-03-20 09:24:19",0,1,0,0,2,1984
7934,"1984-06-21 03:02:13",0,0,0,1,3,1984
7935,"1984-09-22 18:32:53",1,0,0,0,4,1984
7936,"1984-12-21 15:22:49",0,0,1,0,1,1984
7937,"1985-03-20 15:13:44",0,1,0,0,2,1985
7938,"1985-06-21 08:44:08",0,0,0,1,3,1985
7939,"1985-09-23 00:07:26",1,0,0,0,4,1985
7940,"1985-12-21 21:07:39",0,0,1,0,1,1985
7941,"1986-03-20 21:02:41",0,1,0,0,2,1986
7942,"1986-06-21 14:29:57",0,0,0,1,3,1986
7943,"1986-09-23 05:58:52",1,0,0,0,4,1986
7944,"1986-12-22 03:02:07",0,0,1,0,1,1986
7945,"1987-03-21 02:51:58",0,1,0,0,2,1987
7946,"1987-06-21 20:10:45",0,0,0,1,3,1987
7947,"1987-09-23 11:45:16",1,0,0,0,4,1987
7948,"1987-12-22 08:45:53",0,0,1,0,1,1987
7949,"1988-03-20 08:38:36",0,1,0,0,2,1988
7950,"1988-06-21 01:56:31",0,0,0,1,3,1988
7951,"1988-09-22 17:28:50",1,0,0,0,4,1988
7952,"1988-12-21 14:27:53",0,0,1,0,1,1988
7953,"1989-03-20 14:28:15",0,1,0,0,2,1989
7954,"1989-06-21 07:53:01",0,0,0,1,3,1989
7955,"1989-09-22 23:19:36",1,0,0,0,4,1989
7956,"1989-12-21 20:22:01",0,0,1,0,1,1989
7957,"1990-03-20 20:19:15",0,1,0,0,2,1990
7958,"1990-06-21 13:32:47",0,0,0,1,3,1990
7959,"1990-09-23 04:55:30",1,0,0,0,4,1990
7960,"1990-12-22 02:06:59",0,0,1,0,1,1990
7961,"1991-03-21 02:01:55",0,1,0,0,2,1991
7962,"1991-06-21 19:18:46",0,0,0,1,3,1991
7963,"1991-09-23 10:48:05",1,0,0,0,4,1991
7964,"1991-12-22 07:53:38",0,0,1,0,1,1991
7965,"1992-03-20 07:48:03",0,1,0,0,2,1992
7966,"1992-06-21 01:14:09",0,0,0,1,3,1992
7967,"1992-09-22 16:42:46",1,0,0,0,4,1992
7968,"1992-12-21 13:43:13",0,0,1,0,1,1992
7969,"1993-03-20 13:40:38",0,1,0,0,2,1993
7970,"1993-06-21 06:59:44",0,0,0,1,3,1993
7971,"1993-09-22 22:22:28",1,0,0,0,4,1993
7972,"1993-12-21 19:25:48",0,0,1,0,1,1993
7973,"1994-03-20 19:28:00",0,1,0,0,2,1994
7974,"1994-06-21 12:47:32",0,0,0,1,3,1994
7975,"1994-09-23 04:19:12",1,0,0,0,4,1994
7976,"1994-12-22 01:22:42",0,0,1,0,1,1994
7977,"1995-03-21 01:14:25",0,1,0,0,2,1995
7978,"1995-06-21 18:34:22",0,0,0,1,3,1995
7979,"1995-09-23 10:12:59",1,0,0,0,4,1995
7980,"1995-12-22 07:16:48",0,0,1,0,1,1995
7981,"1996-03-20 07:03:04",0,1,0,0,2,1996
7982,"1996-06-21 00:23:43",0,0,0,1,3,1996
7983,"1996-09-22 16:00:06",1,0,0,0,4,1996
7984,"1996-12-21 13:05:53",0,0,1,0,1,1996
7985,"1997-03-20 12:54:39",0,1,0,0,2,1997
7986,"1997-06-21 06:19:56",0,0,0,1,3,1997
7987,"1997-09-22 21:55:46",1,0,0,0,4,1997
7988,"1997-12-21 19:07:02",0,0,1,0,1,1997
7989,"1998-03-20 18:54:31",0,1,0,0,2,1998
7990,"1998-06-21 12:02:34",0,0,0,1,3,1998
7991,"1998-09-23 03:37:11",1,0,0,0,4,1998
7992,"1998-12-22 00:56:28",0,0,1,0,1,1998
7993,"1999-03-21 00:45:48",0,1,0,0,2,1999
7994,"1999-06-21 17:49:06",0,0,0,1,3,1999
7995,"1999-09-23 09:31:30",1,0,0,0,4,1999
7996,"1999-12-22 06:43:48",0,0,1,0,1,1999
7997,"2000-03-20 06:35:14",0,1,0,0,2,2000
7998,"2000-06-20 23:47:42",0,0,0,1,3,2000
7999,"2000-09-22 15:27:35",1,0,0,0,4,2000
8000,"2000-12-21 12:37:25",0,0,1,0,1,2000
8001,"2001-03-20 12:30:42",0,1,0,0,2,2001
8002,"2001-06-21 05:37:43",0,0,0,1,3,2001
8003,"2001-09-22 21:04:28",1,0,0,0,4,2001
8004,"2001-12-21 18:21:29",0,0,1,0,1,2001
8005,"2002-03-20 18:16:08",0,1,0,0,2,2002
8006,"2002-06-21 11:24:24",0,0,0,1,3,2002
8007,"2002-09-23 02:55:24",1,0,0,0,4,2002
8008,"2002-12-22 00:14:22",0,0,1,0,1,2002
8009,"2003-03-20 23:59:46",0,1,0,0,2,2003
8010,"2003-06-21 17:10:28",0,0,0,1,3,2003
8011,"2003-09-23 08:46:49",1,0,0,0,4,2003
8012,"2003-12-22 06:03:49",0,0,1,0,1,2003
8013,"2004-03-20 05:48:38",0,1,0,0,2,2004
8014,"2004-06-20 22:56:52",0,0,0,1,3,2004
8015,"2004-09-22 14:29:50",1,0,0,0,4,2004
8016,"2004-12-21 11:41:36",0,0,1,0,1,2004
8017,"2005-03-20 11:33:25",0,1,0,0,2,2005
8018,"2005-06-21 04:46:08",0,0,0,1,3,2005
8019,"2005-09-22 20:23:10",1,0,0,0,4,2005
8020,"2005-12-21 17:34:57",0,0,1,0,1,2005
8021,"2006-03-20 17:25:34",0,1,0,0,2,2006
8022,"2006-06-21 10:25:51",0,0,0,1,3,2006
8023,"2006-09-23 02:03:22",1,0,0,0,4,2006
8024,"2006-12-21 23:22:05",0,0,1,0,1,2006
8025,"2007-03-20 23:07:25",0,1,0,0,2,2007
8026,"2007-06-21 16:06:25",0,0,0,1,3,2007
8027,"2007-09-23 07:51:13",1,0,0,0,4,2007
8028,"2007-12-22 05:07:49",0,0,1,0,1,2007
8029,"2008-03-20 04:48:17",0,1,0,0,2,2008
8030,"2008-06-20 21:59:22",0,0,0,1,3,2008
8031,"2008-09-22 13:44:29",1,0,0,0,4,2008
8032,"2008-12-21 11:03:46",0,0,1,0,1,2008
8033,"2009-03-20 10:43:37",0,1,0,0,2,2009
8034,"2009-06-21 03:45:31",0,0,0,1,3,2009
8035,"2009-09-22 19:18:35",1,0,0,0,4,2009
8036,"2009-12-21 16:46:47",0,0,1,0,1,2009
8037,"2010-03-20 16:32:12",0,1,0,0,2,2010
8038,"2010-06-21 09:28:25",0,0,0,1,3,2010
8039,"2010-09-23 01:09:02",1,0,0,0,4,2010
8040,"2010-12-21 22:38:27",0,0,1,0,1,2010
8041,"2011-03-20 22:20:43",0,1,0,0,2,2011
8042,"2011-06-21 15:16:30",0,0,0,1,3,2011
8043,"2011-09-23 07:04:38",1,0,0,0,4,2011
8044,"2011-12-22 04:30:03",0,0,1,0,1,2011
8045,"2012-03-20 04:14:26",0,1,0,0,2,2012
8046,"2012-06-20 21:08:49",0,0,0,1,3,2012
8047,"2012-09-22 12:48:58",1,0,0,0,4,2012
8048,"2012-12-21 10:11:37",0,0,1,0,1,2012
8049,"2013-03-20 10:01:55",0,1,0,0,2,2013
8050,"2013-06-21 03:03:57",0,0,0,1,3,2013
8051,"2013-09-22 18:44:08",1,0,0,0,4,2013
8052,"2013-12-21 16:11:00",0,0,1,0,1,2013
8053,"2014-03-20 15:57:06",0,1,0,0,2,2014
8054,"2014-06-21 08:51:14",0,0,0,1,3,2014
8055,"2014-09-23 00:29:05",1,0,0,0,4,2014
8056,"2014-12-21 22:03:02",0,0,1,0,1,2014
8057,"2015-03-20 21:45:09",0,1,0,0,2,2015
8058,"2015-06-21 14:37:56",0,0,0,1,3,2015
8059,"2015-09-23 06:20:33",1,0,0,0,4,2015
8060,"2015-12-22 03:47:57",0,0,1,0,1,2015
8061,"2016-03-20 03:30:11",0,1,0,0,2,2016
8062,"2016-06-20 20:34:11",0,0,0,1,3,2016
8063,"2016-09-22 12:21:08",1,0,0,0,4,2016
8064,"2016-12-21 09:44:11",0,0,1,0,1,2016
8065,"2017-03-20 09:28:38",0,1,0,0,2,2017
8066,"2017-06-21 02:24:09",0,0,0,1,3,2017
8067,"2017-09-22 18:01:48",1,0,0,0,4,2017
8068,"2017-12-21 15:27:57",0,0,1,0,1,2017
8069,"2018-03-20 15:15:27",0,1,0,0,2,2018
8070,"2018-06-21 08:07:18",0,0,0,1,3,2018
8071,"2018-09-22 23:54:06",1,0,0,0,4,2018
8072,"2018-12-21 21:22:44",0,0,1,0,1,2018
8073,"2019-03-20 20:58:26",0,1,0,0,2,2019
8074,"2019-06-21 13:54:15",0,0,0,1,3,2019
8075,"2019-09-23 05:50:11",1,0,0,0,4,2019
8076,"2019-12-22 03:19:26",0,0,1,0,1,2019
8077,"2020-03-20 02:49:37",0,1,0,0,2,2020
8078,"2020-06-20 19:43:41",0,0,0,1,3,2020
8079,"2020-09-22 11:30:39",1,0,0,0,4,2020
8080,"2020-12-21 09:02:20",0,0,1,0,1,2020
8081,"2021-03-20 08:37:29",0,1,0,0,2,2021
8082,"2021-06-21 01:32:10",0,0,0,1,3,2021
8083,"2021-09-22 17:21:06",1,0,0,0,4,2021
8084,"2021-12-21 14:59:18",0,0,1,0,1,2021
8085,"2022-03-20 14:33:25",0,1,0,0,2,2022
8086,"2022-06-21 07:13:51",0,0,0,1,3,2022
8087,"2022-09-22 23:03:42",1,0,0,0,4,2022
8088,"2022-12-21 20:48:13",0,0,1,0,1,2022
8089,"2023-03-20 20:24:26",0,1,0,0,2,2023
8090,"2023-06-21 12:57:50",0,0,0,1,3,2023
8091,"2023-09-23 04:50:00",1,0,0,0,4,2023
8092,"2023-12-22 02:27:22",0,0,1,0,1,2023
8093,"2024-03-20 02:06:24",0,1,0,0,2,2024
8094,"2024-06-20 18:51:00",0,0,0,1,3,2024
8095,"2024-09-22 10:43:40",1,0,0,0,4,2024
8096,"2024-12-21 08:20:34",0,0,1,0,1,2024
8097,"2025-03-20 08:01:29",0,1,0,0,2,2025
8098,"2025-06-21 00:42:16",0,0,0,1,3,2025
8099,"2025-09-22 16:19:21",1,0,0,0,4,2025
8100,"2025-12-21 14:03:05",0,0,1,0,1,2025
8101,"2026-03-20 13:45:57",0,1,0,0,2,2026
8102,"2026-06-21 06:24:30",0,0,0,1,3,2026
8103,"2026-09-22 22:05:13",1,0,0,0,4,2026
8104,"2026-12-21 19:50:14",0,0,1,0,1,2026
8105,"2027-03-20 19:24:41",0,1,0,0,2,2027
8106,"2027-06-21 12:10:50",0,0,0,1,3,2027
8107,"2027-09-23 04:01:43",1,0,0,0,4,2027
8108,"2027-12-22 01:42:10",0,0,1,0,1,2027
8109,"2028-03-20 01:17:08",0,1,0,0,2,2028
8110,"2028-06-20 18:02:00",0,0,0,1,3,2028
8111,"2028-09-22 09:45:18",1,0,0,0,4,2028
8112,"2028-12-21 07:19:40",0,0,1,0,1,2028
8113,"2029-03-20 07:01:59",0,1,0,0,2,2029
8114,"2029-06-20 23:48:18",0,0,0,1,3,2029
8115,"2029-09-22 15:38:30",1,0,0,0,4,2029
8116,"2029-12-21 13:14:06",0,0,1,0,1,2029
8117,"2030-03-20 12:52:06",0,1,0,0,2,2030
8118,"2030-06-21 05:31:19",0,0,0,1,3,2030
8119,"2030-09-22 21:26:53",1,0,0,0,4,2030
8120,"2030-12-21 19:09:38",0,0,1,0,1,2030
8121,"2031-03-20 18:40:58",0,1,0,0,2,2031
8122,"2031-06-21 11:17:08",0,0,0,1,3,2031
8123,"2031-09-23 03:15:18",1,0,0,0,4,2031
8124,"2031-12-22 00:55:34",0,0,1,0,1,2031
8125,"2032-03-20 00:21:54",0,1,0,0,2,2032
8126,"2032-06-20 17:08:46",0,0,0,1,3,2032
8127,"2032-09-22 09:10:53",1,0,0,0,4,2032
8128,"2032-12-21 06:55:57",0,0,1,0,1,2032
8129,"2033-03-20 06:22:44",0,1,0,0,2,2033
8130,"2033-06-20 23:01:09",0,0,0,1,3,2033
8131,"2033-09-22 14:51:41",1,0,0,0,4,2033
8132,"2033-12-21 12:46:00",0,0,1,0,1,2033
8133,"2034-03-20 12:17:30",0,1,0,0,2,2034
8134,"2034-06-21 04:44:12",0,0,0,1,3,2034
8135,"2034-09-22 20:39:35",1,0,0,0,4,2034
8136,"2034-12-21 18:34:01",0,0,1,0,1,2034
8137,"2035-03-20 18:02:45",0,1,0,0,2,2035
8138,"2035-06-21 10:33:09",0,0,0,1,3,2035
8139,"2035-09-23 02:38:57",1,0,0,0,4,2035
8140,"2035-12-22 00:30:53",0,0,1,0,1,2035
8141,"2036-03-20 00:02:51",0,1,0,0,2,2036
8142,"2036-06-20 16:32:15",0,0,0,1,3,2036
8143,"2036-09-22 08:23:20",1,0,0,0,4,2036
8144,"2036-12-21 06:12:54",0,0,1,0,1,2036
8145,"2037-03-20 05:50:17",0,1,0,0,2,2037
8146,"2037-06-20 22:22:28",0,0,0,1,3,2037
8147,"2037-09-22 14:13:07",1,0,0,0,4,2037
8148,"2037-12-21 12:07:46",0,0,1,0,1,2037
8149,"2038-03-20 11:40:39",0,1,0,0,2,2038
8150,"2038-06-21 04:09:25",0,0,0,1,3,2038
8151,"2038-09-22 20:02:18",1,0,0,0,4,2038
8152,"2038-12-21 18:02:21",0,0,1,0,1,2038
8153,"2039-03-20 17:32:04",0,1,0,0,2,2039
8154,"2039-06-21 09:57:27",0,0,0,1,3,2039
8155,"2039-09-23 01:49:39",1,0,0,0,4,2039
8156,"2039-12-21 23:40:38",0,0,1,0,1,2039
8157,"2040-03-19 23:11:44",0,1,0,0,2,2040
8158,"2040-06-20 15:46:26",0,0,0,1,3,2040
8159,"2040-09-22 07:44:57",1,0,0,0,4,2040
8160,"2040-12-21 05:32:53",0,0,1,0,1,2040
8161,"2041-03-20 05:06:51",0,1,0,0,2,2041
8162,"2041-06-20 21:35:55",0,0,0,1,3,2041
8163,"2041-09-22 13:26:36",1,0,0,0,4,2041
8164,"2041-12-21 11:18:23",0,0,1,0,1,2041
8165,"2042-03-20 10:53:22",0,1,0,0,2,2042
8166,"2042-06-21 03:15:54",0,0,0,1,3,2042
8167,"2042-09-22 19:11:37",1,0,0,0,4,2042
8168,"2042-12-21 17:04:07",0,0,1,0,1,2042
8169,"2043-03-20 16:27:51",0,1,0,0,2,2043
8170,"2043-06-21 08:58:26",0,0,0,1,3,2043
8171,"2043-09-23 01:07:00",1,0,0,0,4,2043
8172,"2043-12-21 23:01:18",0,0,1,0,1,2043
8173,"2044-03-19 22:20:38",0,1,0,0,2,2044
8174,"2044-06-20 14:51:13",0,0,0,1,3,2044
8175,"2044-09-22 06:47:57",1,0,0,0,4,2044
8176,"2044-12-21 04:43:40",0,0,1,0,1,2044
8177,"2045-03-20 04:07:42",0,1,0,0,2,2045
8178,"2045-06-20 20:34:00",0,0,0,1,3,2045
8179,"2045-09-22 12:33:01",1,0,0,0,4,2045
8180,"2045-12-21 10:35:13",0,0,1,0,1,2045
8181,"2046-03-20 09:57:58",0,1,0,0,2,2046
8182,"2046-06-21 02:14:45",0,0,0,1,3,2046
8183,"2046-09-22 18:21:50",1,0,0,0,4,2046
8184,"2046-12-21 16:28:36",0,0,1,0,1,2046
8185,"2047-03-20 15:52:46",0,1,0,0,2,2047
8186,"2047-06-21 08:03:37",0,0,0,1,3,2047
8187,"2047-09-23 00:08:12",1,0,0,0,4,2047
8188,"2047-12-21 22:07:22",0,0,1,0,1,2047
8189,"2048-03-19 21:33:58",0,1,0,0,2,2048
8190,"2048-06-20 13:54:04",0,0,0,1,3,2048
8191,"2048-09-22 06:00:47",1,0,0,0,4,2048
8192,"2048-12-21 04:02:24",0,0,1,0,1,2048
8193,"2049-03-20 03:28:46",0,1,0,0,2,2049
8194,"2049-06-20 19:47:28",0,0,0,1,3,2049
8195,"2049-09-22 11:42:46",1,0,0,0,4,2049
8196,"2049-12-21 09:52:20",0,0,1,0,1,2049
8197,"2050-03-20 09:19:45",0,1,0,0,2,2050
8198,"2050-06-21 01:33:12",0,0,0,1,3,2050
8199,"2050-09-22 17:28:42",1,0,0,0,4,2050
8200,"2050-12-21 15:38:54",0,0,1,0,1,2050
8201,"2051-03-20 14:59:22",0,1,0,0,2,2051
8202,"2051-06-21 07:18:51",0,0,0,1,3,2051
8203,"2051-09-22 23:27:34",1,0,0,0,4,2051
8204,"2051-12-21 21:34:20",0,0,1,0,1,2051
8205,"2052-03-19 20:56:19",0,1,0,0,2,2052
8206,"2052-06-20 13:16:27",0,0,0,1,3,2052
8207,"2052-09-22 05:15:57",1,0,0,0,4,2052
8208,"2052-12-21 03:17:27",0,0,1,0,1,2052
8209,"2053-03-20 02:47:38",0,1,0,0,2,2053
8210,"2053-06-20 19:04:24",0,0,0,1,3,2053
8211,"2053-09-22 11:06:34",1,0,0,0,4,2053
8212,"2053-12-21 09:10:12",0,0,1,0,1,2053
8213,"2054-03-20 08:34:46",0,1,0,0,2,2054
8214,"2054-06-21 00:47:29",0,0,0,1,3,2054
8215,"2054-09-22 16:59:48",1,0,0,0,4,2054
8216,"2054-12-21 15:10:16",0,0,1,0,1,2054
8217,"2055-03-20 14:28:57",0,1,0,0,2,2055
8218,"2055-06-21 06:40:13",0,0,0,1,3,2055
8219,"2055-09-22 22:49:06",1,0,0,0,4,2055
8220,"2055-12-21 20:55:58",0,0,1,0,1,2055
8221,"2056-03-19 20:11:27",0,1,0,0,2,2056
8222,"2056-06-20 12:28:35",0,0,0,1,3,2056
8223,"2056-09-22 04:39:53",1,0,0,0,4,2056
8224,"2056-12-21 02:52:00",0,0,1,0,1,2056
8225,"2057-03-20 02:08:19",0,1,0,0,2,2057
8226,"2057-06-20 18:19:28",0,0,0,1,3,2057
8227,"2057-09-22 10:23:41",1,0,0,0,4,2057
8228,"2057-12-21 08:43:16",0,0,1,0,1,2057
8229,"2058-03-20 08:05:27",0,1,0,0,2,2058
8230,"2058-06-21 00:04:30",0,0,0,1,3,2058
8231,"2058-09-22 16:08:51",1,0,0,0,4,2058
8232,"2058-12-21 14:25:25",0,0,1,0,1,2058
8233,"2059-03-20 13:44:42",0,1,0,0,2,2059
8234,"2059-06-21 05:47:44",0,0,0,1,3,2059
8235,"2059-09-22 22:04:00",1,0,0,0,4,2059
8236,"2059-12-21 20:18:26",0,0,1,0,1,2059
8237,"2060-03-19 19:38:59",0,1,0,0,2,2060
8238,"2060-06-20 11:46:08",0,0,0,1,3,2060
8239,"2060-09-22 03:48:42",1,0,0,0,4,2060
8240,"2060-12-21 02:01:56",0,0,1,0,1,2060
8241,"2061-03-20 01:26:46",0,1,0,0,2,2061
8242,"2061-06-20 17:32:45",0,0,0,1,3,2061
8243,"2061-09-22 09:31:55",1,0,0,0,4,2061
8244,"2061-12-21 07:49:22",0,0,1,0,1,2061
8245,"2062-03-20 07:08:02",0,1,0,0,2,2062
8246,"2062-06-20 23:11:56",0,0,0,1,3,2062
8247,"2062-09-22 15:20:28",1,0,0,0,4,2062
8248,"2062-12-21 13:43:14",0,0,1,0,1,2062
8249,"2063-03-20 12:59:46",0,1,0,0,2,2063
8250,"2063-06-21 05:02:30",0,0,0,1,3,2063
8251,"2063-09-22 21:08:49",1,0,0,0,4,2063
8252,"2063-12-21 19:21:43",0,0,1,0,1,2063
8253,"2064-03-19 18:39:14",0,1,0,0,2,2064
8254,"2064-06-20 10:46:17",0,0,0,1,3,2064
8255,"2064-09-22 02:57:41",1,0,0,0,4,2064
8256,"2064-12-21 01:09:24",0,0,1,0,1,2064
8257,"2065-03-20 00:28:49",0,1,0,0,2,2065
8258,"2065-06-20 16:33:08",0,0,0,1,3,2065
8259,"2065-09-22 08:43:16",1,0,0,0,4,2065
8260,"2065-12-21 07:01:26",0,0,1,0,1,2065
8261,"2066-03-20 06:20:29",0,1,0,0,2,2066
8262,"2066-06-20 22:17:05",0,0,0,1,3,2066
8263,"2066-09-22 14:27:42",1,0,0,0,4,2066
8264,"2066-12-21 12:46:14",0,0,1,0,1,2066
8265,"2067-03-20 11:54:20",0,1,0,0,2,2067
8266,"2067-06-21 03:56:43",0,0,0,1,3,2067
8267,"2067-09-22 20:20:22",1,0,0,0,4,2067
8268,"2067-12-21 18:43:50",0,0,1,0,1,2067
8269,"2068-03-19 17:49:43",0,1,0,0,2,2068
8270,"2068-06-20 09:54:32",0,0,0,1,3,2068
8271,"2068-09-22 02:07:31",1,0,0,0,4,2068
8272,"2068-12-21 00:33:26",0,0,1,0,1,2068
8273,"2069-03-19 23:45:49",0,1,0,0,2,2069
8274,"2069-06-20 15:42:04",0,0,0,1,3,2069
8275,"2069-09-22 07:52:40",1,0,0,0,4,2069
8276,"2069-12-21 06:22:51",0,0,1,0,1,2069
8277,"2070-03-20 05:35:42",0,1,0,0,2,2070
8278,"2070-06-20 21:23:24",0,0,0,1,3,2070
8279,"2070-09-22 13:45:38",1,0,0,0,4,2070
8280,"2070-12-21 12:20:09",0,0,1,0,1,2070
8281,"2071-03-20 11:35:30",0,1,0,0,2,2071
8282,"2071-06-21 03:21:40",0,0,0,1,3,2071
8283,"2071-09-22 19:38:35",1,0,0,0,4,2071
8284,"2071-12-21 18:04:43",0,0,1,0,1,2071
8285,"2072-03-19 17:21:54",0,1,0,0,2,2072
8286,"2072-06-20 09:14:40",0,0,0,1,3,2072
8287,"2072-09-22 01:28:42",1,0,0,0,4,2072
8288,"2072-12-20 23:56:54",0,0,1,0,1,2072
8289,"2073-03-19 23:14:14",0,1,0,0,2,2073
8290,"2073-06-20 15:07:54",0,0,0,1,3,2073
8291,"2073-09-22 07:16:12",1,0,0,0,4,2073
8292,"2073-12-21 05:51:37",0,0,1,0,1,2073
8293,"2074-03-20 05:09:47",0,1,0,0,2,2074
8294,"2074-06-20 20:59:23",0,0,0,1,3,2074
8295,"2074-09-22 13:04:44",1,0,0,0,4,2074
8296,"2074-12-21 11:36:11",0,0,1,0,1,2074
8297,"2075-03-20 10:47:32",0,1,0,0,2,2075
8298,"2075-06-21 02:41:24",0,0,0,1,3,2075
8299,"2075-09-22 18:59:48",1,0,0,0,4,2075
8300,"2075-12-21 17:28:04",0,0,1,0,1,2075
8301,"2076-03-19 16:39:50",0,1,0,0,2,2076
8302,"2076-06-20 08:37:47",0,0,0,1,3,2076
8303,"2076-09-22 00:51:16",1,0,0,0,4,2076
8304,"2076-12-20 23:14:24",0,0,1,0,1,2076
8305,"2077-03-19 22:32:08",0,1,0,0,2,2077
8306,"2077-06-20 14:24:30",0,0,0,1,3,2077
8307,"2077-09-22 06:36:55",1,0,0,0,4,2077
8308,"2077-12-21 05:01:53",0,0,1,0,1,2077
8309,"2078-03-20 04:11:54",0,1,0,0,2,2078
8310,"2078-06-20 19:59:02",0,0,0,1,3,2078
8311,"2078-09-22 12:25:37",1,0,0,0,4,2078
8312,"2078-12-21 10:59:04",0,0,1,0,1,2078
8313,"2079-03-20 10:01:47",0,1,0,0,2,2079
8314,"2079-06-21 01:50:27",0,0,0,1,3,2079
8315,"2079-09-22 18:14:18",1,0,0,0,4,2079
8316,"2079-12-21 16:45:09",0,0,1,0,1,2079
8317,"2080-03-19 15:45:16",0,1,0,0,2,2080
8318,"2080-06-20 07:35:16",0,0,0,1,3,2080
8319,"2080-09-21 23:57:36",1,0,0,0,4,2080
8320,"2080-12-20 22:34:00",0,0,1,0,1,2080
8321,"2081-03-19 21:35:28",0,1,0,0,2,2081
8322,"2081-06-20 13:17:36",0,0,0,1,3,2081
8323,"2081-09-22 05:39:02",1,0,0,0,4,2081
8324,"2081-12-21 04:23:45",0,0,1,0,1,2081
8325,"2082-03-20 03:31:51",0,1,0,0,2,2082
8326,"2082-06-20 19:04:32",0,0,0,1,3,2082
8327,"2082-09-22 11:24:13",1,0,0,0,4,2082
8328,"2082-12-21 10:05:56",0,0,1,0,1,2082
8329,"2083-03-20 09:11:48",0,1,0,0,2,2083
8330,"2083-06-21 00:45:11",0,0,0,1,3,2083
8331,"2083-09-22 17:12:56",1,0,0,0,4,2083
8332,"2083-12-21 15:54:41",0,0,1,0,1,2083
8333,"2084-03-19 15:00:47",0,1,0,0,2,2084
8334,"2084-06-20 06:41:55",0,0,0,1,3,2084
8335,"2084-09-21 23:00:27",1,0,0,0,4,2084
8336,"2084-12-20 21:42:38",0,0,1,0,1,2084
8337,"2085-03-19 20:54:54",0,1,0,0,2,2085
8338,"2085-06-20 12:34:13",0,0,0,1,3,2085
8339,"2085-09-22 04:44:54",1,0,0,0,4,2085
8340,"2085-12-21 03:30:08",0,0,1,0,1,2085
8341,"2086-03-20 02:36:42",0,1,0,0,2,2086
8342,"2086-06-20 18:11:02",0,0,0,1,3,2086
8343,"2086-09-22 10:33:40",1,0,0,0,4,2086
8344,"2086-12-21 09:24:07",0,0,1,0,1,2086
8345,"2087-03-20 08:29:47",0,1,0,0,2,2087
8346,"2087-06-21 00:07:28",0,0,0,1,3,2087
8347,"2087-09-22 16:29:49",1,0,0,0,4,2087
8348,"2087-12-21 15:10:00",0,0,1,0,1,2087
8349,"2088-03-19 14:18:33",0,1,0,0,2,2088
8350,"2088-06-20 05:58:15",0,0,0,1,3,2088
8351,"2088-09-21 22:19:50",1,0,0,0,4,2088
8352,"2088-12-20 20:57:45",0,0,1,0,1,2088
8353,"2089-03-19 20:08:10",0,1,0,0,2,2089
8354,"2089-06-20 11:44:33",0,0,0,1,3,2089
8355,"2089-09-22 04:08:31",1,0,0,0,4,2089
8356,"2089-12-21 02:53:39",0,0,1,0,1,2089
8357,"2090-03-20 02:03:32",0,1,0,0,2,2090
8358,"2090-06-20 17:37:33",0,0,0,1,3,2090
8359,"2090-09-22 10:01:00",1,0,0,0,4,2090
8360,"2090-12-21 08:45:15",0,0,1,0,1,2090
8361,"2091-03-20 07:43:33",0,1,0,0,2,2091
8362,"2091-06-20 23:20:38",0,0,0,1,3,2091
8363,"2091-09-22 15:52:34",1,0,0,0,4,2091
8364,"2091-12-21 14:40:15",0,0,1,0,1,2091
8365,"2092-03-19 13:35:18",0,1,0,0,2,2092
8366,"2092-06-20 05:16:43",0,0,0,1,3,2092
8367,"2092-09-21 21:43:33",1,0,0,0,4,2092
8368,"2092-12-20 20:33:40",0,0,1,0,1,2092
8369,"2093-03-19 19:36:17",0,1,0,0,2,2093
8370,"2093-06-20 11:08:51",0,0,0,1,3,2093
8371,"2093-09-22 03:30:42",1,0,0,0,4,2093
8372,"2093-12-21 02:22:32",0,0,1,0,1,2093
8373,"2094-03-20 01:23:22",0,1,0,0,2,2094
8374,"2094-06-20 16:44:07",0,0,0,1,3,2094
8375,"2094-09-22 09:18:22",1,0,0,0,4,2094
8376,"2094-12-21 08:15:08",0,0,1,0,1,2094
8377,"2095-03-20 07:16:47",0,1,0,0,2,2095
8378,"2095-06-20 22:40:41",0,0,0,1,3,2095
8379,"2095-09-22 15:12:57",1,0,0,0,4,2095
8380,"2095-12-21 14:02:40",0,0,1,0,1,2095
8381,"2096-03-19 13:04:46",0,1,0,0,2,2096
8382,"2096-06-20 04:32:39",0,0,0,1,3,2096
8383,"2096-09-21 20:56:36",1,0,0,0,4,2096
8384,"2096-12-20 19:48:04",0,0,1,0,1,2096
8385,"2097-03-19 18:50:16",0,1,0,0,2,2097
8386,"2097-06-20 10:15:16",0,0,0,1,3,2097
8387,"2097-09-22 02:37:44",1,0,0,0,4,2097
8388,"2097-12-21 01:39:19",0,0,1,0,1,2097
8389,"2098-03-20 00:42:20",0,1,0,0,2,2098
8390,"2098-06-20 16:04:53",0,0,0,1,3,2098
8391,"2098-09-22 08:26:07",1,0,0,0,4,2098
8392,"2098-12-21 07:22:44",0,0,1,0,1,2098
8393,"2099-03-20 06:19:37",0,1,0,0,2,2099
8394,"2099-06-20 21:43:34",0,0,0,1,3,2099
8395,"2099-09-22 14:13:01",1,0,0,0,4,2099
8396,"2099-12-21 13:06:16",0,0,1,0,1,2099
